reading data...
done.
creating training artifacts...
Using cached encoded data file: train_5_error.pkl
Using cached encoded data file: test_5_error.pkl
done.
training bert model...
run 1 start -- seed=0
initialized continuityBERT with 527361 parameters.
/home/azureuser/.local/lib/python3.8/site-packages/sklearn/metrics/_classification.py:1344: UndefinedMetricWarning: Precision and F-score are ill-defined and being set to 0.0 in labels with no predicted samples. Use `zero_division` parameter to control this behavior.
  _warn_prf(average, modifier, msg_start, len(result))
epoch 1 time: 1.27e+02s, train loss: 24.7, metrics: {'f1': 0.0, 'f1_macro': 0.4892446120689655, 'prec_macro': 0.5, 'rec_macro': 0.49456383800335285, 'f1_micro': 0.978489224137931, 'prec_micro': 0.978489224137931, 'rec_micro': 0.978489224137931}
epoch 2 time: 1.21e+02s, train loss: 24.57, metrics: {'f1': 0.11281324714424865, 'f1_macro': 0.732661629224097, 'prec_macro': 0.5311672692367104, 'rec_macro': 0.5509419549266357, 'f1_micro': 0.9784073275862069, 'prec_micro': 0.9784073275862069, 'rec_micro': 0.9784073275862069}
epoch 3 time: 1.2e+02s, train loss: 24.36, metrics: {'f1': 0.19212906379858224, 'f1_macro': 0.7476669543003926, 'prec_macro': 0.557836498586134, 'rec_macro': 0.5906508005142823, 'f1_micro': 0.9786314655172413, 'prec_micro': 0.9786314655172413, 'rec_micro': 0.9786314655172412}
epoch 4 time: 1.21e+02s, train loss: 24.27, metrics: {'f1': 0.23107761385503525, 'f1_macro': 0.7799890112977517, 'prec_macro': 0.5710308163234867, 'rec_macro': 0.61030139201503, 'f1_micro': 0.9793318965517241, 'prec_micro': 0.9793318965517241, 'rec_micro': 0.9793318965517241}
epoch 5 time: 1.21e+02s, train loss: 24.24, metrics: {'f1': 0.18462065422161328, 'f1_macro': 0.8079903619422645, 'prec_macro': 0.553320915416587, 'rec_macro': 0.5871145553187946, 'f1_micro': 0.9794784482758621, 'prec_micro': 0.9794784482758621, 'rec_micro': 0.9794784482758621}
epoch 6 time: 1.19e+02s, train loss: 24.2, metrics: {'f1': 0.22788556395922394, 'f1_macro': 0.8081474122167547, 'prec_macro': 0.5685542040779007, 'rec_macro': 0.6088152263910568, 'f1_micro': 0.9797586206896551, 'prec_micro': 0.9797586206896551, 'rec_micro': 0.9797586206896551}
epoch 7 time: 1.2e+02s, train loss: 24.16, metrics: {'f1': 0.22299134734239803, 'f1_macro': 0.804726076438049, 'prec_macro': 0.5668966580080727, 'rec_macro': 0.6063480809582992, 'f1_micro': 0.9796788793103448, 'prec_micro': 0.9796788793103448, 'rec_micro': 0.9796788793103448}
epoch 8 time: 1.2e+02s, train loss: 24.13, metrics: {'f1': 0.2344196683819326, 'f1_macro': 0.8079430048631198, 'prec_macro': 0.5709758296743187, 'rec_macro': 0.6120922101924601, 'f1_micro': 0.9797995689655172, 'prec_micro': 0.9797995689655172, 'rec_micro': 0.9797995689655172}
epoch 9 time: 1.21e+02s, train loss: 24.11, metrics: {'f1': 0.2407302690039583, 'f1_macro': 0.8014782457998046, 'prec_macro': 0.5736418613054372, 'rec_macro': 0.6152325523528148, 'f1_micro': 0.9797435344827586, 'prec_micro': 0.9797435344827586, 'rec_micro': 0.9797435344827586}
epoch 10 time: 1.21e+02s, train loss: 24.1, metrics: {'f1': 0.23198882773350857, 'f1_macro': 0.8128026267939328, 'prec_macro': 0.569875400463288, 'rec_macro': 0.6108902839382853, 'f1_micro': 0.9798512931034483, 'prec_micro': 0.9798512931034483, 'rec_micro': 0.9798512931034483}
epoch 11 time: 1.2e+02s, train loss: 24.09, metrics: {'f1': 0.22716375960982063, 'f1_macro': 0.8153519126783755, 'prec_macro': 0.5680136320601279, 'rec_macro': 0.6084781734080539, 'f1_micro': 0.9798512931034483, 'prec_micro': 0.9798512931034483, 'rec_micro': 0.9798512931034483}
epoch 12 time: 1.2e+02s, train loss: 24.08, metrics: {'f1': 0.2607374230184756, 'f1_macro': 0.8141081232500564, 'prec_macro': 0.580672807031498, 'rec_macro': 0.6253206337984425, 'f1_micro': 0.9800797413793103, 'prec_micro': 0.9800797413793103, 'rec_micro': 0.9800797413793103}
epoch 13 time: 1.2e+02s, train loss: 24.07, metrics: {'f1': 0.23640390451972765, 'f1_macro': 0.8167714722926985, 'prec_macro': 0.5713402747382227, 'rec_macro': 0.6131195606258004, 'f1_micro': 0.9799375, 'prec_micro': 0.9799375, 'rec_micro': 0.9799375}
epoch 14 time: 1.2e+02s, train loss: 24.06, metrics: {'f1': 0.23078189300411522, 'f1_macro': 0.8139023807234371, 'prec_macro': 0.5693887652363167, 'rec_macro': 0.6102885825778342, 'f1_micro': 0.9798577586206897, 'prec_micro': 0.9798577586206897, 'rec_micro': 0.9798577586206897}
epoch 15 time: 1.2e+02s, train loss: 24.07, metrics: {'f1': 0.2441869885765211, 'f1_macro': 0.8098311269029397, 'prec_macro': 0.5745518469811343, 'rec_macro': 0.6169993378519532, 'f1_micro': 0.9798943965517242, 'prec_micro': 0.9798943965517242, 'rec_micro': 0.9798943965517242}
epoch 16 time: 1.19e+02s, train loss: 24.05, metrics: {'f1': 0.2381536950650626, 'f1_macro': 0.8158349955078816, 'prec_macro': 0.5720261894130712, 'rec_macro': 0.6139943005043663, 'f1_micro': 0.9799375, 'prec_micro': 0.9799375, 'rec_micro': 0.9799375}
epoch 17 time: 1.2e+02s, train loss: 24.05, metrics: {'f1': 0.23497492394968347, 'f1_macro': 0.8181928202466735, 'prec_macro': 0.570756752976056, 'rec_macro': 0.6124074095200928, 'f1_micro': 0.9799461206896551, 'prec_micro': 0.9799461206896551, 'rec_micro': 0.9799461206896551}
epoch 18 time: 1.21e+02s, train loss: 24.04, metrics: {'f1': 0.2327494037338597, 'f1_macro': 0.8155651661895311, 'prec_macro': 0.5700444076892727, 'rec_macro': 0.6112815688886072, 'f1_micro': 0.9798943965517242, 'prec_micro': 0.9798943965517242, 'rec_micro': 0.9798943965517242}
epoch 19 time: 1.2e+02s, train loss: 24.03, metrics: {'f1': 0.23486842105263156, 'f1_macro': 0.8184131633207126, 'prec_macro': 0.5707088603462068, 'rec_macro': 0.6123547206590901, 'f1_micro': 0.979948275862069, 'prec_micro': 0.979948275862069, 'rec_micro': 0.979948275862069}
epoch 20 time: 1.2e+02s, train loss: 24.03, metrics: {'f1': 0.2396734693877551, 'f1_macro': 0.8142719534739777, 'prec_macro': 0.572657603805087, 'rec_macro': 0.6147512856084284, 'f1_micro': 0.979926724137931, 'prec_micro': 0.979926724137931, 'rec_micro': 0.979926724137931}
epoch 21 time: 1.2e+02s, train loss: 24.03, metrics: {'f1': 0.23701752942144683, 'f1_macro': 0.8225503259872491, 'prec_macro': 0.571333129301773, 'rec_macro': 0.6134473408297125, 'f1_micro': 0.9800193965517241, 'prec_micro': 0.9800193965517241, 'rec_micro': 0.9800193965517241}
epoch 22 time: 1.2e+02s, train loss: 24.02, metrics: {'f1': 0.24747310074991852, 'f1_macro': 0.8227110356672193, 'prec_macro': 0.5751976036631801, 'rec_macro': 0.6186957742526876, 'f1_micro': 0.980103448275862, 'prec_micro': 0.980103448275862, 'rec_micro': 0.980103448275862}
epoch 23 time: 1.21e+02s, train loss: 24.02, metrics: {'f1': 0.24555131226131469, 'f1_macro': 0.8156333953356947, 'prec_macro': 0.5747962787243999, 'rec_macro': 0.6177057254879638, 'f1_micro': 0.979989224137931, 'prec_micro': 0.979989224137931, 'rec_micro': 0.979989224137931}
epoch 24 time: 1.2e+02s, train loss: 24.02, metrics: {'f1': 0.2387272277635809, 'f1_macro': 0.827506338260434, 'prec_macro': 0.5717647264624457, 'rec_macro': 0.6143219539937497, 'f1_micro': 0.9800969827586207, 'prec_micro': 0.9800969827586207, 'rec_micro': 0.9800969827586208}
epoch 25 time: 1.2e+02s, train loss: 24.02, metrics: {'f1': 0.2522228566767273, 'f1_macro': 0.8301984637582929, 'prec_macro': 0.5766410159202003, 'rec_macro': 0.6211061921416661, 'f1_micro': 0.9802435344827586, 'prec_micro': 0.9802435344827586, 'rec_micro': 0.9802435344827586}
epoch 26 time: 1.21e+02s, train loss: 24.01, metrics: {'f1': 0.27404037985795227, 'f1_macro': 0.827712283743273, 'prec_macro': 0.585096063019231, 'rec_macro': 0.6320516983689124, 'f1_micro': 0.9803943965517241, 'prec_micro': 0.9803943965517241, 'rec_micro': 0.9803943965517241}
epoch 27 time: 1.21e+02s, train loss: 24.01, metrics: {'f1': 0.2526899250081513, 'f1_macro': 0.8297417539426626, 'prec_macro': 0.5768358902660883, 'rec_macro': 0.6213391311036222, 'f1_micro': 0.9802413793103448, 'prec_micro': 0.9802413793103448, 'rec_micro': 0.9802413793103448}
epoch 28 time: 1.21e+02s, train loss: 24.0, metrics: {'f1': 0.25794392523364484, 'f1_macro': 0.8323463863362521, 'prec_macro': 0.5786894119573016, 'rec_macro': 0.623986132182016, 'f1_micro': 0.9803211206896552, 'prec_micro': 0.9803211206896552, 'rec_micro': 0.9803211206896552}
epoch 29 time: 1.21e+02s, train loss: 24.01, metrics: {'f1': 0.2555051813471503, 'f1_macro': 0.8236695181116899, 'prec_macro': 0.5781768839018615, 'rec_macro': 0.6227310103282896, 'f1_micro': 0.9801810344827586, 'prec_micro': 0.9801810344827586, 'rec_micro': 0.9801810344827586}
epoch 30 time: 1.21e+02s, train loss: 24.01, metrics: {'f1': 0.23638164410696602, 'f1_macro': 0.8261081288111223, 'prec_macro': 0.5709621022934508, 'rec_macro': 0.6131399640845699, 'f1_micro': 0.9800603448275862, 'prec_micro': 0.9800603448275862, 'rec_micro': 0.9800603448275862}
epoch 31 time: 1.2e+02s, train loss: 24.02, metrics: {'f1': 0.23103676714143756, 'f1_macro': 0.8236414419386313, 'prec_macro': 0.5691118844287293, 'rec_macro': 0.6104491856896719, 'f1_micro': 0.9799870689655172, 'prec_micro': 0.9799870689655172, 'rec_micro': 0.9799870689655172}
epoch 32 time: 1.22e+02s, train loss: 24.0, metrics: {'f1': 0.23874948580830932, 'f1_macro': 0.8244815714553777, 'prec_macro': 0.5718918852195336, 'rec_macro': 0.6143231239074903, 'f1_micro': 0.9800581896551724, 'prec_micro': 0.9800581896551724, 'rec_micro': 0.9800581896551724}
epoch 33 time: 1.21e+02s, train loss: 24.0, metrics: {'f1': 0.2438705459300425, 'f1_macro': 0.8216280960020576, 'prec_macro': 0.57390173661423, 'rec_macro': 0.6168837531411364, 'f1_micro': 0.9800603448275862, 'prec_micro': 0.9800603448275862, 'rec_micro': 0.9800603448275862}
epoch 34 time: 1.21e+02s, train loss: 24.0, metrics: {'f1': 0.24979551774905934, 'f1_macro': 0.8309348817076054, 'prec_macro': 0.5757046253411339, 'rec_macro': 0.6198899731107932, 'f1_micro': 0.9802327586206897, 'prec_micro': 0.9802327586206897, 'rec_micro': 0.9802327586206897}
epoch 35 time: 1.22e+02s, train loss: 24.01, metrics: {'f1': 0.2479447550147978, 'f1_macro': 0.8362226966036685, 'prec_macro': 0.5748001717514885, 'rec_macro': 0.6189780335418855, 'f1_micro': 0.9802844827586207, 'prec_micro': 0.9802844827586207, 'rec_micro': 0.9802844827586207}
epoch 36 time: 1.21e+02s, train loss: 24.0, metrics: {'f1': 0.258043389275481, 'f1_macro': 0.8436295982923152, 'prec_macro': 0.5782253657323072, 'rec_macro': 0.624073480810259, 'f1_micro': 0.9804676724137931, 'prec_micro': 0.9804676724137931, 'rec_micro': 0.9804676724137931}
epoch 37 time: 1.21e+02s, train loss: 23.99, metrics: {'f1': 0.2715870718765075, 'f1_macro': 0.8347289320438085, 'prec_macro': 0.5837649808629334, 'rec_macro': 0.6308457552308849, 'f1_micro': 0.9804741379310344, 'prec_micro': 0.9804741379310344, 'rec_micro': 0.9804741379310344}
epoch 38 time: 1.21e+02s, train loss: 24.01, metrics: {'f1': 0.2778174886823922, 'f1_macro': 0.8261366017179971, 'prec_macro': 0.5866682730923025, 'rec_macro': 0.6339421119397232, 'f1_micro': 0.9804030172413793, 'prec_micro': 0.9804030172413793, 'rec_micro': 0.9804030172413793}
epoch 39 time: 1.22e+02s, train loss: 24.0, metrics: {'f1': 0.2561882199166735, 'f1_macro': 0.8377925496132176, 'prec_macro': 0.5777871609186509, 'rec_macro': 0.6231228238448505, 'f1_micro': 0.9803771551724138, 'prec_micro': 0.9803771551724138, 'rec_micro': 0.9803771551724138}
epoch 40 time: 1.2e+02s, train loss: 23.99, metrics: {'f1': 0.240019754712322, 'f1_macro': 0.8270272311606865, 'prec_macro': 0.5722568680669035, 'rec_macro': 0.6149692102607491, 'f1_micro': 0.9801012931034483, 'prec_micro': 0.9801012931034483, 'rec_micro': 0.9801012931034483}
epoch 41 time: 1.2e+02s, train loss: 24.0, metrics: {'f1': 0.23923759447913243, 'f1_macro': 0.8230383642624144, 'prec_macro': 0.5721291458177843, 'rec_macro': 0.6145632627942337, 'f1_micro': 0.9800431034482758, 'prec_micro': 0.9800431034482758, 'rec_micro': 0.9800431034482758}
epoch 42 time: 1.2e+02s, train loss: 23.99, metrics: {'f1': 0.24237942650562813, 'f1_macro': 0.8275485757401466, 'prec_macro': 0.5731029797637583, 'rec_macro': 0.6161554765121124, 'f1_micro': 0.9801271551724138, 'prec_micro': 0.9801271551724138, 'rec_micro': 0.9801271551724138}
epoch 43 time: 1.21e+02s, train loss: 24.0, metrics: {'f1': 0.24893617021276596, 'f1_macro': 0.8304999796790329, 'prec_macro': 0.5754040542560722, 'rec_macro': 0.6194570562566593, 'f1_micro': 0.9802198275862068, 'prec_micro': 0.9802198275862068, 'rec_micro': 0.9802198275862068}
epoch 44 time: 1.23e+02s, train loss: 24.01, metrics: {'f1': 0.2511013215859031, 'f1_macro': 0.828802819245894, 'prec_macro': 0.5762837420013115, 'rec_macro': 0.6205383319929184, 'f1_micro': 0.9802155172413793, 'prec_micro': 0.9802155172413793, 'rec_micro': 0.9802155172413793}
epoch 45 time: 1.22e+02s, train loss: 24.0, metrics: {'f1': 0.2525474851226869, 'f1_macro': 0.8296702060557188, 'prec_macro': 0.5767857950852447, 'rec_macro': 0.6212673706166827, 'f1_micro': 0.9802392241379311, 'prec_micro': 0.9802392241379311, 'rec_micro': 0.9802392241379311}
epoch 46 time: 1.21e+02s, train loss: 23.99, metrics: {'f1': 0.24939034303365307, 'f1_macro': 0.8213128771253679, 'prec_macro': 0.5759793035977266, 'rec_macro': 0.6196531161667002, 'f1_micro': 0.9800991379310345, 'prec_micro': 0.9800991379310345, 'rec_micro': 0.9800991379310345}
epoch 47 time: 1.22e+02s, train loss: 23.99, metrics: {'f1': 0.24234506409732998, 'f1_macro': 0.8182480646814334, 'prec_macro': 0.5734800509330329, 'rec_macro': 0.6161062095796149, 'f1_micro': 0.9800021551724138, 'prec_micro': 0.9800021551724138, 'rec_micro': 0.9800021551724138}
epoch 48 time: 1.22e+02s, train loss: 24.0, metrics: {'f1': 0.23463131731565864, 'f1_macro': 0.8296468761092977, 'prec_macro': 0.5701936176648715, 'rec_macro': 0.6122726968594385, 'f1_micro': 0.9800905172413793, 'prec_micro': 0.9800905172413793, 'rec_micro': 0.9800905172413793}
epoch 49 time: 1.21e+02s, train loss: 23.99, metrics: {'f1': 0.2411522633744856, 'f1_macro': 0.8284934090684772, 'prec_macro': 0.5726141419857924, 'rec_macro': 0.6155425563200976, 'f1_micro': 0.9801293103448275, 'prec_micro': 0.9801293103448275, 'rec_micro': 0.9801293103448275}
epoch 50 time: 1.22e+02s, train loss: 23.99, metrics: {'f1': 0.2593424218123497, 'f1_macro': 0.8157677095326746, 'prec_macro': 0.5800435951904769, 'rec_macro': 0.6246271380740449, 'f1_micro': 0.9800948275862069, 'prec_micro': 0.9800948275862069, 'rec_micro': 0.9800948275862069}
epoch 51 time: 1.22e+02s, train loss: 24.0, metrics: {'f1': 0.2466650298715116, 'f1_macro': 0.8275088172092755, 'prec_macro': 0.5746884051427972, 'rec_macro': 0.618306750042184, 'f1_micro': 0.9801616379310345, 'prec_micro': 0.9801616379310345, 'rec_micro': 0.9801616379310345}
epoch 52 time: 1.22e+02s, train loss: 23.99, metrics: {'f1': 0.24052827073875366, 'f1_macro': 0.8321499097883407, 'prec_macro': 0.5722431149774702, 'rec_macro': 0.6152411248385787, 'f1_micro': 0.9801702586206896, 'prec_micro': 0.9801702586206896, 'rec_micro': 0.9801702586206896}
epoch 53 time: 1.21e+02s, train loss: 23.99, metrics: {'f1': 0.23931199867692057, 'f1_macro': 0.8333281175864227, 'prec_macro': 0.5717553784750015, 'rec_macro': 0.6146342012738096, 'f1_micro': 0.9801745689655172, 'prec_micro': 0.9801745689655172, 'rec_micro': 0.9801745689655172}
epoch 54 time: 1.22e+02s, train loss: 23.99, metrics: {'f1': 0.24599720830938498, 'f1_macro': 0.8315796589913613, 'prec_macro': 0.5742716880556203, 'rec_macro': 0.6179850698504998, 'f1_micro': 0.980209051724138, 'prec_micro': 0.980209051724138, 'rec_micro': 0.980209051724138}
epoch 55 time: 1.22e+02s, train loss: 24.0, metrics: {'f1': 0.2511422976501306, 'f1_macro': 0.829099953054688, 'prec_macro': 0.576285944552306, 'rec_macro': 0.6205599229802877, 'f1_micro': 0.9802198275862068, 'prec_micro': 0.9802198275862068, 'rec_micro': 0.9802198275862068}
epoch 56 time: 1.21e+02s, train loss: 24.01, metrics: {'f1': 0.2605129854466511, 'f1_macro': 0.820746918952282, 'prec_macro': 0.5802335266509098, 'rec_macro': 0.6252339000672222, 'f1_micro': 0.9801788793103449, 'prec_micro': 0.9801788793103449, 'rec_micro': 0.9801788793103449}
epoch 57 time: 1.21e+02s, train loss: 24.0, metrics: {'f1': 0.2557856272838002, 'f1_macro': 0.8282996147060411, 'prec_macro': 0.5780640417262383, 'rec_macro': 0.6228883634215733, 'f1_micro': 0.9802478448275862, 'prec_micro': 0.9802478448275862, 'rec_micro': 0.9802478448275862}
epoch 58 time: 1.23e+02s, train loss: 24.0, metrics: {'f1': 0.24184292506968352, 'f1_macro': 0.8234467897539437, 'prec_macro': 0.5730732453253318, 'rec_macro': 0.6158723361953055, 'f1_micro': 0.9800689655172414, 'prec_micro': 0.9800689655172414, 'rec_micro': 0.9800689655172414}
epoch 59 time: 1.23e+02s, train loss: 24.02, metrics: {'f1': 0.23403378656777915, 'f1_macro': 0.8203510719774265, 'prec_macro': 0.5703268205829118, 'rec_macro': 0.611942455457354, 'f1_micro': 0.9799676724137931, 'prec_micro': 0.9799676724137931, 'rec_micro': 0.9799676724137931}
epoch 60 time: 1.22e+02s, train loss: 24.03, metrics: {'f1': 0.23551741211421026, 'f1_macro': 0.8246189482209471, 'prec_macro': 0.5707039174607518, 'rec_macro': 0.6127012859964422, 'f1_micro': 0.9800344827586207, 'prec_micro': 0.9800344827586207, 'rec_micro': 0.9800344827586207}
epoch 61 time: 1.23e+02s, train loss: 24.03, metrics: {'f1': 0.23186015831134563, 'f1_macro': 0.8181503715247558, 'prec_macro': 0.5696177791226203, 'rec_macro': 0.6108442156288918, 'f1_micro': 0.9799224137931034, 'prec_micro': 0.9799224137931034, 'rec_micro': 0.9799224137931034}
epoch 62 time: 1.22e+02s, train loss: 24.04, metrics: {'f1': 0.23518747424804282, 'f1_macro': 0.8219835341979584, 'prec_macro': 0.570685195777298, 'rec_macro': 0.612526942345315, 'f1_micro': 0.9799978448275862, 'prec_micro': 0.9799978448275862, 'rec_micro': 0.9799978448275862}
epoch 63 time: 1.22e+02s, train loss: 24.04, metrics: {'f1': 0.23394797497530462, 'f1_macro': 0.8186052158039043, 'prec_macro': 0.5703637004577881, 'rec_macro': 0.6118934722952414, 'f1_micro': 0.9799439655172414, 'prec_micro': 0.9799439655172414, 'rec_micro': 0.9799439655172414}
epoch 64 time: 1.23e+02s, train loss: 24.04, metrics: {'f1': 0.2381342062193126, 'f1_macro': 0.8156897914932975, 'prec_macro': 0.5720250881375739, 'rec_macro': 0.6139840045488666, 'f1_micro': 0.9799353448275862, 'prec_micro': 0.9799353448275862, 'rec_micro': 0.9799353448275863}
epoch 65 time: 1.22e+02s, train loss: 24.02, metrics: {'f1': 0.24406170924822465, 'f1_macro': 0.8201058010998856, 'prec_macro': 0.5740388068507936, 'rec_macro': 0.6169743380458796, 'f1_micro': 0.9800409482758621, 'prec_micro': 0.9800409482758621, 'rec_micro': 0.9800409482758621}
epoch 66 time: 1.21e+02s, train loss: 24.02, metrics: {'f1': 0.2393809680605861, 'f1_macro': 0.8262551562019658, 'prec_macro': 0.5720531835170372, 'rec_macro': 0.6146460008605232, 'f1_micro': 0.9800862068965517, 'prec_micro': 0.9800862068965517, 'rec_micro': 0.9800862068965517}
epoch 67 time: 1.2e+02s, train loss: 24.02, metrics: {'f1': 0.23975595679775744, 'f1_macro': 0.8292230639686247, 'prec_macro': 0.5720741077514856, 'rec_macro': 0.6148439725181378, 'f1_micro': 0.9801271551724138, 'prec_micro': 0.9801271551724138, 'rec_micro': 0.9801271551724138}
epoch 68 time: 1.21e+02s, train loss: 24.02, metrics: {'f1': 0.2425238251725271, 'f1_macro': 0.8276241442061202, 'prec_macro': 0.5731530749446019, 'rec_macro': 0.6162282163026819, 'f1_micro': 0.9801293103448275, 'prec_micro': 0.9801293103448275, 'rec_micro': 0.9801293103448275}
epoch 69 time: 1.21e+02s, train loss: 24.02, metrics: {'f1': 0.2361247947454844, 'f1_macro': 0.8177171479378218, 'prec_macro': 0.5711987993996701, 'rec_macro': 0.6129827965778262, 'f1_micro': 0.979948275862069, 'prec_micro': 0.979948275862069, 'rec_micro': 0.979948275862069}
epoch 70 time: 1.21e+02s, train loss: 24.02, metrics: {'f1': 0.23153921890383986, 'f1_macro': 0.810385653946043, 'prec_macro': 0.569807684874488, 'rec_macro': 0.6106561145424844, 'f1_micro': 0.9798146551724138, 'prec_micro': 0.9798146551724138, 'rec_micro': 0.9798146551724138}
epoch 71 time: 1.2e+02s, train loss: 24.02, metrics: {'f1': 0.2339777869189634, 'f1_macro': 0.8177804411384366, 'prec_macro': 0.5704071879856479, 'rec_macro': 0.6119056097160535, 'f1_micro': 0.9799331896551724, 'prec_micro': 0.9799331896551724, 'rec_micro': 0.9799331896551724}
epoch 72 time: 1.21e+02s, train loss: 24.0, metrics: {'f1': 0.2406707216833799, 'f1_macro': 0.8257902166982127, 'prec_macro': 0.5725453251214949, 'rec_macro': 0.6152918704274882, 'f1_micro': 0.9800905172413793, 'prec_micro': 0.9800905172413793, 'rec_micro': 0.9800905172413793}
epoch 73 time: 1.21e+02s, train loss: 24.0, metrics: {'f1': 0.24166391548365795, 'f1_macro': 0.8336369161675258, 'prec_macro': 0.5726003888963591, 'rec_macro': 0.6158160386953122, 'f1_micro': 0.980198275862069, 'prec_micro': 0.980198275862069, 'rec_micro': 0.980198275862069}
epoch 74 time: 1.21e+02s, train loss: 24.01, metrics: {'f1': 0.23932472691161868, 'f1_macro': 0.8345555063923153, 'prec_macro': 0.5717140934981362, 'rec_macro': 0.6146444360476191, 'f1_micro': 0.9801896551724137, 'prec_micro': 0.9801896551724137, 'rec_micro': 0.9801896551724137}
epoch 75 time: 1.2e+02s, train loss: 24.02, metrics: {'f1': 0.23897180762852405, 'f1_macro': 0.8373168416335971, 'prec_macro': 0.5714845418283664, 'rec_macro': 0.6144757503107574, 'f1_micro': 0.9802198275862068, 'prec_micro': 0.9802198275862068, 'rec_micro': 0.9802198275862068}
epoch 76 time: 1.22e+02s, train loss: 24.03, metrics: {'f1': 0.23786648997846613, 'f1_macro': 0.8337985586418148, 'prec_macro': 0.5712131416897, 'rec_macro': 0.6139099134100443, 'f1_micro': 0.9801681034482759, 'prec_micro': 0.9801681034482759, 'rec_micro': 0.9801681034482759}
epoch 77 time: 1.21e+02s, train loss: 24.05, metrics: {'f1': 0.2324001987742256, 'f1_macro': 0.8258794162385145, 'prec_macro': 0.569523658630451, 'rec_macro': 0.6111407386964021, 'f1_micro': 0.9800258620689655, 'prec_micro': 0.9800258620689655, 'rec_micro': 0.9800258620689655}
epoch 78 time: 1.22e+02s, train loss: 24.05, metrics: {'f1': 0.2337019310117181, 'f1_macro': 0.8220333384771634, 'prec_macro': 0.570140756441002, 'rec_macro': 0.6117815351643958, 'f1_micro': 0.9799870689655172, 'prec_micro': 0.9799870689655172, 'rec_micro': 0.9799870689655172}
epoch 79 time: 1.22e+02s, train loss: 24.04, metrics: {'f1': 0.22766759547615145, 'f1_macro': 0.8033938318332982, 'prec_macro': 0.5686659449780266, 'rec_macro': 0.6086885582857074, 'f1_micro': 0.9796896551724138, 'prec_micro': 0.9796896551724138, 'rec_micro': 0.9796896551724138}
epoch 80 time: 1.22e+02s, train loss: 24.06, metrics: {'f1': 0.2300653594771242, 'f1_macro': 0.8023589767840573, 'prec_macro': 0.5695968291796067, 'rec_macro': 0.6098872267814553, 'f1_micro': 0.9796896551724138, 'prec_micro': 0.9796896551724138, 'rec_micro': 0.9796896551724138}
epoch 81 time: 1.22e+02s, train loss: 24.06, metrics: {'f1': 0.2223690731868495, 'f1_macro': 0.8073581150998965, 'prec_macro': 0.5665702198031075, 'rec_macro': 0.6060452955895532, 'f1_micro': 0.9797112068965518, 'prec_micro': 0.9797112068965518, 'rec_micro': 0.9797112068965518}
epoch 82 time: 1.21e+02s, train loss: 24.05, metrics: {'f1': 0.2239522941858539, 'f1_macro': 0.8136407416152323, 'prec_macro': 0.5669126393570658, 'rec_macro': 0.6068611050480456, 'f1_micro': 0.9798060344827586, 'prec_micro': 0.9798060344827586, 'rec_micro': 0.9798060344827586}
epoch 83 time: 1.22e+02s, train loss: 24.04, metrics: {'f1': 0.23032502887312328, 'f1_macro': 0.816721918419655, 'prec_macro': 0.5691124222121953, 'rec_macro': 0.6100690412883912, 'f1_micro': 0.9798922413793103, 'prec_micro': 0.9798922413793103, 'rec_micro': 0.9798922413793103}
epoch 84 time: 1.22e+02s, train loss: 24.04, metrics: {'f1': 0.22826983341580076, 'f1_macro': 0.8133036890179284, 'prec_macro': 0.5684936596341156, 'rec_macro': 0.6090261353689825, 'f1_micro': 0.9798318965517241, 'prec_micro': 0.9798318965517241, 'rec_micro': 0.9798318965517241}
epoch 85 time: 1.22e+02s, train loss: 24.05, metrics: {'f1': 0.22940837653254342, 'f1_macro': 0.8116056429353822, 'prec_macro': 0.5689758897590977, 'rec_macro': 0.6095914347168252, 'f1_micro': 0.9798168103448276, 'prec_micro': 0.9798168103448276, 'rec_micro': 0.9798168103448276}
epoch 86 time: 1.22e+02s, train loss: 24.05, metrics: {'f1': 0.23071234902637416, 'f1_macro': 0.8112616586374104, 'prec_macro': 0.5694680313635556, 'rec_macro': 0.6102444123829204, 'f1_micro': 0.9798211206896552, 'prec_micro': 0.9798211206896552, 'rec_micro': 0.9798211206896552}
epoch 87 time: 1.21e+02s, train loss: 24.06, metrics: {'f1': 0.22512744614372635, 'f1_macro': 0.804522860009746, 'prec_macro': 0.5676860668711001, 'rec_macro': 0.6074187083421839, 'f1_micro': 0.9796896551724138, 'prec_micro': 0.9796896551724138, 'rec_micro': 0.9796896551724138}
epoch 88 time: 1.22e+02s, train loss: 24.07, metrics: {'f1': 0.22726898708137908, 'f1_macro': 0.8085989349139588, 'prec_macro': 0.5683103358266663, 'rec_macro': 0.6085075454805877, 'f1_micro': 0.979760775862069, 'prec_micro': 0.979760775862069, 'rec_micro': 0.979760775862069}
epoch 89 time: 1.22e+02s, train loss: 24.06, metrics: {'f1': 0.22667439357562713, 'f1_macro': 0.8169407839386726, 'prec_macro': 0.5677774727373744, 'rec_macro': 0.6082379578796544, 'f1_micro': 0.9798685344827586, 'prec_micro': 0.9798685344827586, 'rec_micro': 0.9798685344827586}
epoch 90 time: 1.22e+02s, train loss: 24.07, metrics: {'f1': 0.22797156554802445, 'f1_macro': 0.8163848586573501, 'prec_macro': 0.568268513066335, 'rec_macro': 0.6088869839942301, 'f1_micro': 0.9798706896551724, 'prec_micro': 0.9798706896551724, 'rec_micro': 0.9798706896551724}
epoch 91 time: 1.22e+02s, train loss: 24.07, metrics: {'f1': 0.22247933884297522, 'f1_macro': 0.8082549969338246, 'prec_macro': 0.5665768274560913, 'rec_macro': 0.6061037375511962, 'f1_micro': 0.9797241379310345, 'prec_micro': 0.9797241379310345, 'rec_micro': 0.9797241379310345}
epoch 92 time: 1.21e+02s, train loss: 24.08, metrics: {'f1': 0.22924901185770755, 'f1_macro': 0.8124765767985034, 'prec_macro': 0.5688834083258916, 'rec_macro': 0.6095145323085467, 'f1_micro': 0.9798275862068966, 'prec_micro': 0.9798275862068966, 'rec_micro': 0.9798275862068966}
epoch 93 time: 1.22e+02s, train loss: 24.09, metrics: {'f1': 0.22914787172968096, 'f1_macro': 0.806483268642832, 'prec_macro': 0.5690854281082292, 'rec_macro': 0.6094423961408594, 'f1_micro': 0.9797435344827586, 'prec_micro': 0.9797435344827586, 'rec_micro': 0.9797435344827586}
epoch 94 time: 1.22e+02s, train loss: 24.11, metrics: {'f1': 0.22673324056642385, 'f1_macro': 0.8003970451245692, 'prec_macro': 0.5684446400202039, 'rec_macro': 0.6082087389947407, 'f1_micro': 0.9796400862068966, 'prec_micro': 0.9796400862068966, 'rec_micro': 0.9796400862068966}
epoch 95 time: 1.22e+02s, train loss: 24.11, metrics: {'f1': 0.21134190570392353, 'f1_macro': 0.7885833495953074, 'prec_macro': 0.5632650134343617, 'rec_macro': 0.6004474927026826, 'f1_micro': 0.9793793103448276, 'prec_micro': 0.9793793103448276, 'rec_micro': 0.9793793103448276}
epoch 96 time: 1.22e+02s, train loss: 24.13, metrics: {'f1': 0.20698172237773754, 'f1_macro': 0.7808552993154554, 'prec_macro': 0.5619696841688777, 'rec_macro': 0.5982323811254525, 'f1_micro': 0.9792413793103448, 'prec_micro': 0.9792413793103448, 'rec_micro': 0.9792413793103448}
epoch 97 time: 1.21e+02s, train loss: 24.15, metrics: {'f1': 0.20509438628307639, 'f1_macro': 0.7798436268696924, 'prec_macro': 0.5613206493689054, 'rec_macro': 0.5972827939752818, 'f1_micro': 0.9792176724137931, 'prec_micro': 0.9792176724137931, 'rec_micro': 0.9792176724137931}
epoch 98 time: 1.22e+02s, train loss: 24.14, metrics: {'f1': 0.199867637326274, 'f1_macro': 0.777166714393162, 'prec_macro': 0.5595249317870167, 'rec_macro': 0.5946538354333071, 'f1_micro': 0.9791551724137931, 'prec_micro': 0.9791551724137931, 'rec_micro': 0.9791551724137931}
epoch 99 time: 1.22e+02s, train loss: 24.13, metrics: {'f1': 0.20320767195767198, 'f1_macro': 0.7810695154512661, 'prec_macro': 0.560591247166197, 'rec_macro': 0.596342367527994, 'f1_micro': 0.9792284482758621, 'prec_micro': 0.9792284482758621, 'rec_micro': 0.9792284482758621}
epoch 100 time: 1.22e+02s, train loss: 24.13, metrics: {'f1': 0.21161311637895433, 'f1_macro': 0.7918518375898953, 'prec_macro': 0.5632413488654529, 'rec_macro': 0.6005957966703914, 'f1_micro': 0.9794288793103448, 'prec_micro': 0.9794288793103448, 'rec_micro': 0.979428879310345}
post-training summary -- best {'f1': 0.2778174886823922, 'f1_macro': 0.8261366017179971, 'prec_macro': 0.5866682730923025, 'rec_macro': 0.6339421119397232, 'f1_micro': 0.9804030172413793, 'prec_micro': 0.9804030172413793, 'rec_micro': 0.9804030172413793}
run 2 start -- seed=1
initialized continuityBERT with 527361 parameters.
/home/azureuser/.local/lib/python3.8/site-packages/sklearn/metrics/_classification.py:1344: UndefinedMetricWarning: Precision and F-score are ill-defined and being set to 0.0 in labels with no predicted samples. Use `zero_division` parameter to control this behavior.
  _warn_prf(average, modifier, msg_start, len(result))
epoch 1 time: 1.2e+02s, train loss: 24.7, metrics: {'f1': 0.0, 'f1_macro': 0.4892446120689655, 'prec_macro': 0.5, 'rec_macro': 0.49456383800335285, 'f1_micro': 0.978489224137931, 'prec_micro': 0.978489224137931, 'rec_micro': 0.978489224137931}
epoch 2 time: 1.2e+02s, train loss: 24.54, metrics: {'f1': 0.1406169222815785, 'f1_macro': 0.7411661363778153, 'prec_macro': 0.5399867356910797, 'rec_macro': 0.5648664787620308, 'f1_micro': 0.9785043103448275, 'prec_micro': 0.9785043103448275, 'rec_micro': 0.9785043103448275}
epoch 3 time: 1.2e+02s, train loss: 24.32, metrics: {'f1': 0.21332474019173447, 'f1_macro': 0.7628261308820095, 'prec_macro': 0.5651058061859429, 'rec_macro': 0.6013297255738284, 'f1_micro': 0.9789547413793104, 'prec_micro': 0.9789547413793104, 'rec_micro': 0.9789547413793104}
epoch 4 time: 1.2e+02s, train loss: 24.24, metrics: {'f1': 0.21655737704918035, 'f1_macro': 0.7882798628827836, 'prec_macro': 0.5651867884978411, 'rec_macro': 0.6030603002302029, 'f1_micro': 0.9794008620689655, 'prec_micro': 0.9794008620689655, 'rec_micro': 0.9794008620689655}
epoch 5 time: 1.2e+02s, train loss: 24.21, metrics: {'f1': 0.2367741935483871, 'f1_macro': 0.7942096031593211, 'prec_macro': 0.5724924124804949, 'rec_macro': 0.6132189010555391, 'f1_micro': 0.9796034482758621, 'prec_micro': 0.9796034482758621, 'rec_micro': 0.9796034482758621}
epoch 6 time: 1.2e+02s, train loss: 24.19, metrics: {'f1': 0.24686998394863563, 'f1_macro': 0.8010587987240139, 'prec_macro': 0.5760100878945198, 'rec_macro': 0.6183101476201662, 'f1_micro': 0.9797758620689655, 'prec_micro': 0.9797758620689655, 'rec_micro': 0.9797758620689655}
epoch 7 time: 1.2e+02s, train loss: 24.13, metrics: {'f1': 0.22302810516772437, 'f1_macro': 0.8050180005794082, 'prec_macro': 0.5668988605590671, 'rec_macro': 0.6063675629734712, 'f1_micro': 0.9796831896551724, 'prec_micro': 0.9796831896551724, 'rec_micro': 0.9796831896551724}
epoch 8 time: 1.2e+02s, train loss: 24.11, metrics: {'f1': 0.25473650692564875, 'f1_macro': 0.8008756135293543, 'prec_macro': 0.5790719380869319, 'rec_macro': 0.6222548541938406, 'f1_micro': 0.979823275862069, 'prec_micro': 0.979823275862069, 'rec_micro': 0.979823275862069}
epoch 9 time: 1.2e+02s, train loss: 24.1, metrics: {'f1': 0.22529644268774704, 'f1_macro': 0.8069027433972545, 'prec_macro': 0.5676546933737103, 'rec_macro': 0.6075120427306417, 'f1_micro': 0.9797241379310345, 'prec_micro': 0.9797241379310345, 'rec_micro': 0.9797241379310345}
epoch 10 time: 1.2e+02s, train loss: 24.09, metrics: {'f1': 0.23036477160696678, 'f1_macro': 0.8106567584144089, 'prec_macro': 0.5693645371753765, 'rec_macro': 0.6100678883214234, 'f1_micro': 0.9798103448275862, 'prec_micro': 0.9798103448275862, 'rec_micro': 0.9798103448275862}
epoch 11 time: 1.2e+02s, train loss: 24.07, metrics: {'f1': 0.24343328214660953, 'f1_macro': 0.8056194642036252, 'prec_macro': 0.574467612259875, 'rec_macro': 0.6166048433652861, 'f1_micro': 0.9798254310344827, 'prec_micro': 0.9798254310344827, 'rec_micro': 0.9798254310344827}
epoch 12 time: 1.21e+02s, train loss: 24.07, metrics: {'f1': 0.22957294495186376, 'f1_macro': 0.8118369281677994, 'prec_macro': 0.5690270862154387, 'rec_macro': 0.6096748108119203, 'f1_micro': 0.9798211206896552, 'prec_micro': 0.9798211206896552, 'rec_micro': 0.9798211206896552}
epoch 13 time: 1.21e+02s, train loss: 24.05, metrics: {'f1': 0.23195071868583161, 'f1_macro': 0.8125089856185925, 'prec_macro': 0.5698731979122935, 'rec_macro': 0.6108701263562644, 'f1_micro': 0.9798469827586207, 'prec_micro': 0.9798469827586207, 'rec_micro': 0.9798469827586207}
epoch 14 time: 1.21e+02s, train loss: 24.04, metrics: {'f1': 0.2369885433715221, 'f1_macro': 0.8141190139584467, 'prec_macro': 0.5716667129431877, 'rec_macro': 0.6134035293677371, 'f1_micro': 0.9799051724137932, 'prec_micro': 0.9799051724137932, 'rec_micro': 0.9799051724137932}
epoch 15 time: 1.21e+02s, train loss: 24.03, metrics: {'f1': 0.22983571369602906, 'f1_macro': 0.8171559226224671, 'prec_macro': 0.5689175478663072, 'rec_macro': 0.6098249796699347, 'f1_micro': 0.9798943965517242, 'prec_micro': 0.9798943965517242, 'rec_micro': 0.9798943965517242}
epoch 16 time: 1.21e+02s, train loss: 24.03, metrics: {'f1': 0.2377839516260827, 'f1_macro': 0.8130981187442622, 'prec_macro': 0.5720052651786228, 'rec_macro': 0.6137989494590324, 'f1_micro': 0.9798965517241379, 'prec_micro': 0.9798965517241379, 'rec_micro': 0.9798965517241379}
epoch 17 time: 1.21e+02s, train loss: 24.02, metrics: {'f1': 0.24660892302663834, 'f1_macro': 0.8251193752850821, 'prec_macro': 0.5747698738210305, 'rec_macro': 0.6182704024455701, 'f1_micro': 0.9801293103448275, 'prec_micro': 0.9801293103448275, 'rec_micro': 0.9801293103448275}
epoch 18 time: 1.21e+02s, train loss: 24.02, metrics: {'f1': 0.24400656814449917, 'f1_macro': 0.8286831702170507, 'prec_macro': 0.5736562293040325, 'rec_macro': 0.6169760953233687, 'f1_micro': 0.9801551724137931, 'prec_micro': 0.9801551724137931, 'rec_micro': 0.9801551724137931}
epoch 19 time: 1.2e+02s, train loss: 24.01, metrics: {'f1': 0.23651486453100548, 'f1_macro': 0.8228488281102481, 'prec_macro': 0.5711371536803878, 'rec_macro': 0.6131960525959692, 'f1_micro': 0.9800193965517241, 'prec_micro': 0.9800193965517241, 'rec_micro': 0.9800193965517241}
epoch 20 time: 1.2e+02s, train loss: 24.01, metrics: {'f1': 0.23722355669676135, 'f1_macro': 0.8330022068576444, 'prec_macro': 0.5710094571398339, 'rec_macro': 0.6135846309883837, 'f1_micro': 0.9801530172413793, 'prec_micro': 0.9801530172413793, 'rec_micro': 0.9801530172413793}
epoch 21 time: 1.2e+02s, train loss: 24.0, metrics: {'f1': 0.24677445696553973, 'f1_macro': 0.8243821562643883, 'prec_macro': 0.574863456529734, 'rec_macro': 0.6183509414449846, 'f1_micro': 0.9801206896551724, 'prec_micro': 0.9801206896551724, 'rec_micro': 0.9801206896551724}
epoch 22 time: 1.21e+02s, train loss: 24.0, metrics: {'f1': 0.24240924092409244, 'f1_macro': 0.8341698655748049, 'prec_macro': 0.5728519660760744, 'rec_macro': 0.6161919550473631, 'f1_micro': 0.9802112068965517, 'prec_micro': 0.9802112068965517, 'rec_micro': 0.9802112068965517}
epoch 23 time: 1.21e+02s, train loss: 24.01, metrics: {'f1': 0.244817374136229, 'f1_macro': 0.8328739241054512, 'prec_macro': 0.573785052828649, 'rec_macro': 0.6173969165045688, 'f1_micro': 0.9802155172413793, 'prec_micro': 0.9802155172413793, 'rec_micro': 0.9802155172413793}
epoch 24 time: 1.2e+02s, train loss: 24.0, metrics: {'f1': 0.23923988955660222, 'f1_macro': 0.8064735216420109, 'prec_macro': 0.5728431044549653, 'rec_macro': 0.6145046541655801, 'f1_micro': 0.9798103448275862, 'prec_micro': 0.9798103448275862, 'rec_micro': 0.9798103448275862}
epoch 25 time: 1.2e+02s, train loss: 24.0, metrics: {'f1': 0.2492386204625895, 'f1_macro': 0.8400029884191687, 'prec_macro': 0.5751238696219929, 'rec_macro': 0.619639788453189, 'f1_micro': 0.9803426724137931, 'prec_micro': 0.9803426724137931, 'rec_micro': 0.9803426724137932}
epoch 26 time: 1.2e+02s, train loss: 24.01, metrics: {'f1': 0.2545425048669695, 'f1_macro': 0.825145758638316, 'prec_macro': 0.5777425464067283, 'rec_macro': 0.6222530799874559, 'f1_micro': 0.9801939655172414, 'prec_micro': 0.9801939655172414, 'rec_micro': 0.9801939655172414}
epoch 27 time: 1.21e+02s, train loss: 24.02, metrics: {'f1': 0.2550313696732665, 'f1_macro': 0.8322909010992812, 'prec_macro': 0.5775983307337152, 'rec_macro': 0.6225234764601193, 'f1_micro': 0.9802952586206897, 'prec_micro': 0.9802952586206897, 'rec_micro': 0.9802952586206897}
epoch 28 time: 1.21e+02s, train loss: 23.99, metrics: {'f1': 0.2578703327096722, 'f1_macro': 0.8336840959838124, 'prec_macro': 0.5786002343505873, 'rec_macro': 0.623953769466967, 'f1_micro': 0.9803383620689655, 'prec_micro': 0.9803383620689655, 'rec_micro': 0.9803383620689655}
epoch 29 time: 1.2e+02s, train loss: 23.99, metrics: {'f1': 0.2713215367447792, 'f1_macro': 0.8228029514926855, 'prec_macro': 0.5843115970416586, 'rec_macro': 0.6306676174330743, 'f1_micro': 0.9802974137931034, 'prec_micro': 0.9802974137931034, 'rec_micro': 0.9802974137931034}
epoch 30 time: 1.2e+02s, train loss: 23.99, metrics: {'f1': 0.2505307855626327, 'f1_macro': 0.8294843250183808, 'prec_macro': 0.5760409750255744, 'rec_macro': 0.6202542216589406, 'f1_micro': 0.9802198275862068, 'prec_micro': 0.9802198275862068, 'rec_micro': 0.9802198275862068}
epoch 31 time: 1.21e+02s, train loss: 23.99, metrics: {'f1': 0.24181276877274227, 'f1_macro': 0.8370594706066676, 'prec_macro': 0.572524426595612, 'rec_macro': 0.615901514901663, 'f1_micro': 0.9802413793103448, 'prec_micro': 0.9802413793103448, 'rec_micro': 0.9802413793103448}
epoch 32 time: 1.21e+02s, train loss: 23.99, metrics: {'f1': 0.25126945126945127, 'f1_macro': 0.8349541850432489, 'prec_macro': 0.5760806209434766, 'rec_macro': 0.6206434066642192, 'f1_micro': 0.9802974137931034, 'prec_micro': 0.9802974137931034, 'rec_micro': 0.9802974137931034}
epoch 33 time: 1.21e+02s, train loss: 23.98, metrics: {'f1': 0.2685461135722916, 'f1_macro': 0.8334341313225226, 'prec_macro': 0.5826639881598714, 'rec_macro': 0.62931393229197, 'f1_micro': 0.9804288793103448, 'prec_micro': 0.9804288793103448, 'rec_micro': 0.9804288793103448}
epoch 34 time: 1.21e+02s, train loss: 23.98, metrics: {'f1': 0.2589518229166667, 'f1_macro': 0.8357339883711064, 'prec_macro': 0.578912919466119, 'rec_macro': 0.6245038241645117, 'f1_micro': 0.980375, 'prec_micro': 0.980375, 'rec_micro': 0.980375}
epoch 35 time: 1.2e+02s, train loss: 24.0, metrics: {'f1': 0.25119498928630296, 'f1_macro': 0.8447691266924986, 'prec_macro': 0.575652353317861, 'rec_macro': 0.6206371620180732, 'f1_micro': 0.9804181034482758, 'prec_micro': 0.9804181034482758, 'rec_micro': 0.9804181034482758}
epoch 36 time: 1.21e+02s, train loss: 23.98, metrics: {'f1': 0.2564395174437561, 'f1_macro': 0.8347950827031374, 'prec_macro': 0.5780134087619286, 'rec_macro': 0.6232390438402314, 'f1_micro': 0.9803405172413793, 'prec_micro': 0.9803405172413793, 'rec_micro': 0.9803405172413793}
epoch 37 time: 1.21e+02s, train loss: 23.98, metrics: {'f1': 0.2732879455346416, 'f1_macro': 0.8316895439257941, 'prec_macro': 0.5845835606723563, 'rec_macro': 0.6316888382255601, 'f1_micro': 0.9804461206896552, 'prec_micro': 0.9804461206896552, 'rec_micro': 0.9804461206896552}
epoch 38 time: 1.21e+02s, train loss: 23.98, metrics: {'f1': 0.26637554585152834, 'f1_macro': 0.8362560158459257, 'prec_macro': 0.5816940215324206, 'rec_macro': 0.6282338284457645, 'f1_micro': 0.980448275862069, 'prec_micro': 0.980448275862069, 'rec_micro': 0.980448275862069}
epoch 39 time: 1.21e+02s, train loss: 23.98, metrics: {'f1': 0.2503891847603441, 'f1_macro': 0.8343724737821745, 'prec_macro': 0.5757789485829176, 'rec_macro': 0.6201994788449376, 'f1_micro': 0.9802823275862069, 'prec_micro': 0.9802823275862069, 'rec_micro': 0.9802823275862069}
epoch 40 time: 1.22e+02s, train loss: 23.99, metrics: {'f1': 0.2521008403361345, 'f1_macro': 0.830275920204858, 'prec_macro': 0.576592022014854, 'rec_macro': 0.6210451949029, 'f1_micro': 0.9802435344827586, 'prec_micro': 0.9802435344827586, 'rec_micro': 0.9802435344827586}
epoch 41 time: 1.22e+02s, train loss: 23.98, metrics: {'f1': 0.27633050982899154, 'f1_macro': 0.8323538561852322, 'prec_macro': 0.5857291421787754, 'rec_macro': 0.6332192480940747, 'f1_micro': 0.9804827586206897, 'prec_micro': 0.9804827586206897, 'rec_micro': 0.9804827586206897}
epoch 42 time: 1.22e+02s, train loss: 23.98, metrics: {'f1': 0.2712109061748196, 'f1_macro': 0.8307132887638367, 'prec_macro': 0.5838321329597023, 'rec_macro': 0.6306422077541056, 'f1_micro': 0.9804137931034482, 'prec_micro': 0.9804137931034482, 'rec_micro': 0.9804137931034482}
epoch 43 time: 1.21e+02s, train loss: 23.97, metrics: {'f1': 0.25905133837767474, 'f1_macro': 0.8355036441967066, 'prec_macro': 0.5789608120959681, 'rec_macro': 0.6245530195807195, 'f1_micro': 0.9803728448275862, 'prec_micro': 0.9803728448275862, 'rec_micro': 0.9803728448275862}
epoch 44 time: 1.21e+02s, train loss: 23.97, metrics: {'f1': 0.24171829822387442, 'f1_macro': 0.8351762738220524, 'prec_macro': 0.5725613064704882, 'rec_macro': 0.6158482035341144, 'f1_micro': 0.9802176724137931, 'prec_micro': 0.9802176724137931, 'rec_micro': 0.9802176724137931}
epoch 45 time: 1.22e+02s, train loss: 23.99, metrics: {'f1': 0.23840950338228015, 'f1_macro': 0.8282182157295743, 'prec_macro': 0.5716210485728985, 'rec_macro': 0.6141647791183737, 'f1_micro': 0.980103448275862, 'prec_micro': 0.980103448275862, 'rec_micro': 0.980103448275862}
epoch 46 time: 1.22e+02s, train loss: 24.0, metrics: {'f1': 0.23624515383980862, 'f1_macro': 0.8250120310340372, 'prec_macro': 0.5709543933649698, 'rec_macro': 0.6130678588737037, 'f1_micro': 0.9800452586206897, 'prec_micro': 0.9800452586206897, 'rec_micro': 0.9800452586206897}
epoch 47 time: 1.22e+02s, train loss: 23.98, metrics: {'f1': 0.2363921698191129, 'f1_macro': 0.8272917360010599, 'prec_macro': 0.5709208173165854, 'rec_macro': 0.6131490979798605, 'f1_micro': 0.9800754310344828, 'prec_micro': 0.9800754310344828, 'rec_micro': 0.9800754310344828}
epoch 48 time: 1.22e+02s, train loss: 23.98, metrics: {'f1': 0.23405839053841698, 'f1_macro': 0.8260352862989577, 'prec_macro': 0.5701192944230877, 'rec_macro': 0.6119735620130663, 'f1_micro': 0.9800409482758621, 'prec_micro': 0.9800409482758621, 'rec_micro': 0.9800409482758621}
epoch 49 time: 1.22e+02s, train loss: 24.01, metrics: {'f1': 0.237268613739202, 'f1_macro': 0.822401910322534, 'prec_macro': 0.5714311171124656, 'rec_macro': 0.6135728608825618, 'f1_micro': 0.9800193965517241, 'prec_micro': 0.9800193965517241, 'rec_micro': 0.9800193965517241}
epoch 50 time: 1.22e+02s, train loss: 24.01, metrics: {'f1': 0.2371456822676335, 'f1_macro': 0.8246270186517866, 'prec_macro': 0.5712984519778913, 'rec_macro': 0.6135185972722828, 'f1_micro': 0.9800474137931035, 'prec_micro': 0.9800474137931035, 'rec_micro': 0.9800474137931035}
epoch 51 time: 1.21e+02s, train loss: 24.01, metrics: {'f1': 0.23460264900662253, 'f1_macro': 0.8282713017379668, 'prec_macro': 0.5702338013662397, 'rec_macro': 0.6122539404523024, 'f1_micro': 0.9800732758620689, 'prec_micro': 0.9800732758620689, 'rec_micro': 0.9800732758620689}
epoch 52 time: 1.21e+02s, train loss: 24.01, metrics: {'f1': 0.2358107548264148, 'f1_macro': 0.8314930357105057, 'prec_macro': 0.570553094134755, 'rec_macro': 0.612870609510385, 'f1_micro': 0.9801228448275862, 'prec_micro': 0.9801228448275862, 'rec_micro': 0.9801228448275862}
epoch 53 time: 1.22e+02s, train loss: 24.0, metrics: {'f1': 0.23817776677395394, 'f1_macro': 0.8285379182587336, 'prec_macro': 0.5715241620377032, 'rec_macro': 0.6140494842497509, 'f1_micro': 0.9801056034482759, 'prec_micro': 0.9801056034482759, 'rec_micro': 0.9801056034482759}
epoch 54 time: 1.21e+02s, train loss: 23.99, metrics: {'f1': 0.24088252243352265, 'f1_macro': 0.828497370020321, 'prec_macro': 0.5725150528996025, 'rec_macro': 0.6154071563986301, 'f1_micro': 0.9801271551724138, 'prec_micro': 0.9801271551724138, 'rec_micro': 0.9801271551724138}
epoch 55 time: 1.22e+02s, train loss: 23.99, metrics: {'f1': 0.2422498149823205, 'f1_macro': 0.8286326556396928, 'prec_macro': 0.5730115996060494, 'rec_macro': 0.616094001403955, 'f1_micro': 0.9801400862068965, 'prec_micro': 0.9801400862068965, 'rec_micro': 0.9801400862068965}
epoch 56 time: 1.21e+02s, train loss: 24.0, metrics: {'f1': 0.24147843942505134, 'f1_macro': 0.8257896494603915, 'prec_macro': 0.5728425923800647, 'rec_macro': 0.6156973176024064, 'f1_micro': 0.9800969827586207, 'prec_micro': 0.9800969827586207, 'rec_micro': 0.9800969827586208}
epoch 57 time: 1.21e+02s, train loss: 24.0, metrics: {'f1': 0.23345724907063198, 'f1_macro': 0.8233519019192326, 'prec_macro': 0.570001483653444, 'rec_macro': 0.6116630875469057, 'f1_micro': 0.9800021551724138, 'prec_micro': 0.9800021551724138, 'rec_micro': 0.9800021551724138}
epoch 58 time: 1.22e+02s, train loss: 24.01, metrics: {'f1': 0.2383300460223537, 'f1_macro': 0.8222679213153605, 'prec_macro': 0.571826372181728, 'rec_macro': 0.6141051430331896, 'f1_micro': 0.9800258620689655, 'prec_micro': 0.9800258620689655, 'rec_micro': 0.9800258620689655}
epoch 59 time: 1.22e+02s, train loss: 24.0, metrics: {'f1': 0.2378158109209454, 'f1_macro': 0.8094694047856615, 'prec_macro': 0.5721748101880734, 'rec_macro': 0.6138015968323837, 'f1_micro': 0.979844827586207, 'prec_micro': 0.979844827586207, 'rec_micro': 0.979844827586207}
epoch 60 time: 1.22e+02s, train loss: 24.01, metrics: {'f1': 0.24602726466080505, 'f1_macro': 0.806444541732368, 'prec_macro': 0.5754139143184169, 'rec_macro': 0.6179093458656356, 'f1_micro': 0.9798556034482758, 'prec_micro': 0.9798556034482758, 'rec_micro': 0.9798556034482758}
epoch 61 time: 1.22e+02s, train loss: 24.01, metrics: {'f1': 0.2530678585940675, 'f1_macro': 0.8258595070338575, 'prec_macro': 0.5771535182670752, 'rec_macro': 0.6215153368617797, 'f1_micro': 0.9801918103448276, 'prec_micro': 0.9801918103448276, 'rec_micro': 0.9801918103448276}
epoch 62 time: 1.22e+02s, train loss: 24.01, metrics: {'f1': 0.2353135313531353, 'f1_macro': 0.8240718888727705, 'prec_macro': 0.5706505184534163, 'rec_macro': 0.6125971508798693, 'f1_micro': 0.9800258620689655, 'prec_micro': 0.9800258620689655, 'rec_micro': 0.9800258620689655}
epoch 63 time: 1.23e+02s, train loss: 24.05, metrics: {'f1': 0.23408488063660474, 'f1_macro': 0.8296587535795312, 'prec_macro': 0.5699954394924918, 'rec_macro': 0.6119984197753824, 'f1_micro': 0.9800862068965517, 'prec_micro': 0.9800862068965517, 'rec_micro': 0.9800862068965517}
epoch 64 time: 1.24e+02s, train loss: 24.04, metrics: {'f1': 0.2394539922703725, 'f1_macro': 0.8247151676315368, 'prec_macro': 0.5721412598482544, 'rec_macro': 0.6146775278334432, 'f1_micro': 0.9800668103448276, 'prec_micro': 0.9800668103448276, 'rec_micro': 0.9800668103448276}
epoch 65 time: 1.24e+02s, train loss: 24.03, metrics: {'f1': 0.24879915330131075, 'f1_macro': 0.8227310647687796, 'prec_macro': 0.5756930490941297, 'rec_macro': 0.6193614480585248, 'f1_micro': 0.980114224137931, 'prec_micro': 0.980114224137931, 'rec_micro': 0.980114224137931}
epoch 66 time: 1.26e+02s, train loss: 24.04, metrics: {'f1': 0.24252328811897372, 'f1_macro': 0.8195539787384062, 'prec_macro': 0.5734899624125085, 'rec_macro': 0.6162002853221731, 'f1_micro': 0.980021551724138, 'prec_micro': 0.980021551724138, 'rec_micro': 0.980021551724138}
epoch 67 time: 1.24e+02s, train loss: 24.03, metrics: {'f1': 0.2374601096473284, 'f1_macro': 0.8146475287100288, 'prec_macro': 0.5718192010367131, 'rec_macro': 0.613642036862999, 'f1_micro': 0.979915948275862, 'prec_micro': 0.979915948275862, 'rec_micro': 0.9799159482758619}
epoch 68 time: 1.27e+02s, train loss: 24.04, metrics: {'f1': 0.24227301996136508, 'f1_macro': 0.7988409581116782, 'prec_macro': 0.5743602507531728, 'rec_macro': 0.6159954840035927, 'f1_micro': 0.9797112068965518, 'prec_micro': 0.9797112068965518, 'rec_micro': 0.9797112068965518}
epoch 69 time: 1.25e+02s, train loss: 24.08, metrics: {'f1': 0.22761858507366037, 'f1_macro': 0.7869616716172351, 'prec_macro': 0.5693688908602349, 'rec_macro': 0.6085987635769483, 'f1_micro': 0.9794353448275862, 'prec_micro': 0.9794353448275862, 'rec_micro': 0.9794353448275862}
epoch 70 time: 1.24e+02s, train loss: 24.05, metrics: {'f1': 0.22529872270292542, 'f1_macro': 0.8079910008791131, 'prec_macro': 0.5676134083968449, 'rec_macro': 0.6075170547342211, 'f1_micro': 0.979739224137931, 'prec_micro': 0.979739224137931, 'rec_micro': 0.979739224137931}
epoch 71 time: 1.24e+02s, train loss: 24.04, metrics: {'f1': 0.22516995523130492, 'f1_macro': 0.8169515521494015, 'prec_macro': 0.5672330334010786, 'rec_macro': 0.6074831039080434, 'f1_micro': 0.9798577586206897, 'prec_micro': 0.9798577586206897, 'rec_micro': 0.9798577586206897}
epoch 72 time: 1.24e+02s, train loss: 24.04, metrics: {'f1': 0.23268103377095203, 'f1_macro': 0.8214715062700304, 'prec_macro': 0.5697900901750969, 'rec_macro': 0.6112673038651208, 'f1_micro': 0.9799719827586207, 'prec_micro': 0.9799719827586207, 'rec_micro': 0.9799719827586207}
epoch 73 time: 1.23e+02s, train loss: 24.03, metrics: {'f1': 0.24873675631621842, 'f1_macro': 0.8241771728779835, 'prec_macro': 0.5756049727629126, 'rec_macro': 0.6193352352011241, 'f1_micro': 0.9801336206896551, 'prec_micro': 0.9801336206896551, 'rec_micro': 0.9801336206896551}
epoch 74 time: 1.22e+02s, train loss: 24.04, metrics: {'f1': 0.2512279571624124, 'f1_macro': 0.8108120876729463, 'prec_macro': 0.5771815622294078, 'rec_macro': 0.6205357823320485, 'f1_micro': 0.9799590517241379, 'prec_micro': 0.9799590517241379, 'rec_micro': 0.9799590517241379}
epoch 75 time: 1.23e+02s, train loss: 24.06, metrics: {'f1': 0.2545980242550799, 'f1_macro': 0.8117543690055371, 'prec_macro': 0.5784262328220169, 'rec_macro': 0.6222304685542304, 'f1_micro': 0.9799978448275862, 'prec_micro': 0.9799978448275862, 'rec_micro': 0.9799978448275862}
epoch 76 time: 1.23e+02s, train loss: 24.05, metrics: {'f1': 0.2418210002447581, 'f1_macro': 0.8163676273315632, 'prec_macro': 0.5733666452653784, 'rec_macro': 0.6158364782625341, 'f1_micro': 0.9799719827586207, 'prec_micro': 0.9799719827586207, 'rec_micro': 0.9799719827586207}
epoch 77 time: 1.24e+02s, train loss: 24.07, metrics: {'f1': 0.22238732045567114, 'f1_macro': 0.8064056147190551, 'prec_macro': 0.5666126060554703, 'rec_macro': 0.6060510988173544, 'f1_micro': 0.9796982758620689, 'prec_micro': 0.9796982758620689, 'rec_micro': 0.9796982758620689}
epoch 78 time: 1.23e+02s, train loss: 24.07, metrics: {'f1': 0.23914649158801807, 'f1_macro': 0.8213062067506682, 'prec_macro': 0.5721660256926605, 'rec_macro': 0.614511634005602, 'f1_micro': 0.9800193965517241, 'prec_micro': 0.9800193965517241, 'rec_micro': 0.9800193965517241}
epoch 79 time: 1.22e+02s, train loss: 24.06, metrics: {'f1': 0.24358141046473836, 'f1_macro': 0.8129023704301555, 'prec_macro': 0.574180819972812, 'rec_macro': 0.6167071181747122, 'f1_micro': 0.9799353448275862, 'prec_micro': 0.9799353448275862, 'rec_micro': 0.9799353448275863}
epoch 80 time: 1.23e+02s, train loss: 24.06, metrics: {'f1': 0.24668967177594092, 'f1_macro': 0.8007309996700943, 'prec_macro': 0.5759577901626817, 'rec_macro': 0.6182183475570528, 'f1_micro': 0.9797693965517241, 'prec_micro': 0.9797693965517241, 'rec_micro': 0.9797693965517241}
epoch 81 time: 1.24e+02s, train loss: 24.07, metrics: {'f1': 0.26021658366927514, 'f1_macro': 0.7992060368365005, 'prec_macro': 0.5813289615593545, 'rec_macro': 0.6249960341056184, 'f1_micro': 0.9798297413793103, 'prec_micro': 0.9798297413793103, 'rec_micro': 0.9798297413793103}
epoch 82 time: 1.22e+02s, train loss: 24.09, metrics: {'f1': 0.2548384548542539, 'f1_macro': 0.7920879933141718, 'prec_macro': 0.5796306682961272, 'rec_macro': 0.6222665029233627, 'f1_micro': 0.9796702586206897, 'prec_micro': 0.9796702586206897, 'rec_micro': 0.9796702586206897}
epoch 83 time: 1.22e+02s, train loss: 24.09, metrics: {'f1': 0.25863708399366087, 'f1_macro': 0.8001598043018969, 'prec_macro': 0.5806463507109979, 'rec_macro': 0.6242080960618089, 'f1_micro': 0.9798362068965517, 'prec_micro': 0.9798362068965517, 'rec_micro': 0.9798362068965517}
epoch 84 time: 1.22e+02s, train loss: 24.06, metrics: {'f1': 0.25318702598031306, 'f1_macro': 0.8160019243004596, 'prec_macro': 0.5776698622239078, 'rec_macro': 0.6215389371136333, 'f1_micro': 0.9800517241379311, 'prec_micro': 0.9800517241379311, 'rec_micro': 0.9800517241379311}
epoch 85 time: 1.22e+02s, train loss: 24.04, metrics: {'f1': 0.24228496388706497, 'f1_macro': 0.8257891387137719, 'prec_macro': 0.5731398596386346, 'rec_macro': 0.616102168168713, 'f1_micro': 0.980103448275862, 'prec_micro': 0.980103448275862, 'rec_micro': 0.980103448275862}
epoch 86 time: 1.22e+02s, train loss: 24.03, metrics: {'f1': 0.23459441599207007, 'f1_macro': 0.8248499880601767, 'prec_macro': 0.570358757572333, 'rec_macro': 0.6122387623680475, 'f1_micro': 0.9800301724137931, 'prec_micro': 0.9800301724137931, 'rec_micro': 0.9800301724137931}
epoch 87 time: 1.22e+02s, train loss: 24.04, metrics: {'f1': 0.23407775020678245, 'f1_macro': 0.82619429549595, 'prec_macro': 0.5701203956985851, 'rec_macro': 0.611983793272207, 'f1_micro': 0.9800431034482758, 'prec_micro': 0.9800431034482758, 'rec_micro': 0.9800431034482758}
epoch 88 time: 1.22e+02s, train loss: 24.05, metrics: {'f1': 0.23263114415530772, 'f1_macro': 0.8221694647289506, 'prec_macro': 0.5697455013717396, 'rec_macro': 0.6112445759481848, 'f1_micro': 0.9799806034482759, 'prec_micro': 0.9799806034482759, 'rec_micro': 0.9799806034482759}
epoch 89 time: 1.22e+02s, train loss: 24.05, metrics: {'f1': 0.22567578738530214, 'f1_macro': 0.8132155159081425, 'prec_macro': 0.5675528639530599, 'rec_macro': 0.6077243609277185, 'f1_micro': 0.9798125, 'prec_micro': 0.9798125, 'rec_micro': 0.9798125}
epoch 90 time: 1.22e+02s, train loss: 24.07, metrics: {'f1': 0.22415506958250497, 'f1_macro': 0.8141899098281773, 'prec_macro': 0.5669660383644013, 'rec_macro': 0.6069646874932116, 'f1_micro': 0.9798146551724138, 'prec_micro': 0.9798146551724138, 'rec_micro': 0.9798146551724138}
epoch 91 time: 1.22e+02s, train loss: 24.07, metrics: {'f1': 0.22798442548256148, 'f1_macro': 0.8198720177784794, 'prec_macro': 0.5681446581357389, 'rec_macro': 0.6089050280359161, 'f1_micro': 0.979915948275862, 'prec_micro': 0.979915948275862, 'rec_micro': 0.9799159482758619}
epoch 92 time: 1.22e+02s, train loss: 24.05, metrics: {'f1': 0.2283347141673571, 'f1_macro': 0.8205104817538147, 'prec_macro': 0.568248152323918, 'rec_macro': 0.609082907398659, 'f1_micro': 0.979926724137931, 'prec_micro': 0.979926724137931, 'rec_micro': 0.979926724137931}
epoch 93 time: 1.22e+02s, train loss: 24.04, metrics: {'f1': 0.23036908595491706, 'f1_macro': 0.8181699655137398, 'prec_macro': 0.5690733397863245, 'rec_macro': 0.6100960442620029, 'f1_micro': 0.9799116379310345, 'prec_micro': 0.9799116379310345, 'rec_micro': 0.9799116379310345}
epoch 94 time: 1.22e+02s, train loss: 24.05, metrics: {'f1': 0.21937510332286328, 'f1_macro': 0.8040470368778383, 'prec_macro': 0.565606297336609, 'rec_macro': 0.6045319782485556, 'f1_micro': 0.979646551724138, 'prec_micro': 0.979646551724138, 'rec_micro': 0.979646551724138}
epoch 95 time: 1.22e+02s, train loss: 24.08, metrics: {'f1': 0.21701460516544266, 'f1_macro': 0.7981488120731328, 'prec_macro': 0.5649688130750755, 'rec_macro': 0.6033270444487497, 'f1_micro': 0.9795495689655173, 'prec_micro': 0.9795495689655173, 'rec_micro': 0.9795495689655173}
epoch 96 time: 1.23e+02s, train loss: 24.11, metrics: {'f1': 0.21607833456759654, 'f1_macro': 0.7928715391095911, 'prec_macro': 0.5648289767954862, 'rec_macro': 0.6028379710141156, 'f1_micro': 0.9794676724137931, 'prec_micro': 0.9794676724137931, 'rec_micro': 0.9794676724137931}
epoch 97 time: 1.24e+02s, train loss: 24.14, metrics: {'f1': 0.20689655172413793, 'f1_macro': 0.7739983375413836, 'prec_macro': 0.5622074825505943, 'rec_macro': 0.5981615892709145, 'f1_micro': 0.9791314655172414, 'prec_micro': 0.9791314655172414, 'rec_micro': 0.9791314655172414}
epoch 98 time: 1.23e+02s, train loss: 24.15, metrics: {'f1': 0.2121977037700513, 'f1_macro': 0.7738629921556441, 'prec_macro': 0.5641760489684253, 'rec_macro': 0.6008161177711763, 'f1_micro': 0.9791487068965518, 'prec_micro': 0.9791487068965518, 'rec_micro': 0.9791487068965518}
epoch 99 time: 1.24e+02s, train loss: 24.16, metrics: {'f1': 0.20587275693311582, 'f1_macro': 0.7674339736472457, 'prec_macro': 0.5621001210438921, 'rec_macro': 0.5976204591007991, 'f1_micro': 0.9790172413793103, 'prec_micro': 0.9790172413793103, 'rec_micro': 0.9790172413793103}
epoch 100 time: 1.24e+02s, train loss: 24.15, metrics: {'f1': 0.2037174721189591, 'f1_macro': 0.780784163069081, 'prec_macro': 0.560786121512085, 'rec_macro': 0.5965966699929545, 'f1_micro': 0.9792262931034483, 'prec_micro': 0.9792262931034483, 'rec_micro': 0.9792262931034483}
post-training summary -- best {'f1': 0.27633050982899154, 'f1_macro': 0.8323538561852322, 'prec_macro': 0.5857291421787754, 'rec_macro': 0.6332192480940747, 'f1_micro': 0.9804827586206897, 'prec_micro': 0.9804827586206897, 'rec_micro': 0.9804827586206897}
run 3 start -- seed=2
initialized continuityBERT with 527361 parameters.
/home/azureuser/.local/lib/python3.8/site-packages/sklearn/metrics/_classification.py:1344: UndefinedMetricWarning: Precision and F-score are ill-defined and being set to 0.0 in labels with no predicted samples. Use `zero_division` parameter to control this behavior.
  _warn_prf(average, modifier, msg_start, len(result))
epoch 1 time: 1.21e+02s, train loss: 24.69, metrics: {'f1': 0.0, 'f1_macro': 0.4892446120689655, 'prec_macro': 0.5, 'rec_macro': 0.49456383800335285, 'f1_micro': 0.978489224137931, 'prec_micro': 0.978489224137931, 'rec_micro': 0.978489224137931}
epoch 2 time: 1.21e+02s, train loss: 24.54, metrics: {'f1': 0.13161312667763445, 'f1_macro': 0.7323768242505638, 'prec_macro': 0.5371825068393351, 'rec_macro': 0.560334912372208, 'f1_micro': 0.978385775862069, 'prec_micro': 0.978385775862069, 'rec_micro': 0.978385775862069}
epoch 3 time: 1.21e+02s, train loss: 24.33, metrics: {'f1': 0.20757159035754733, 'f1_macro': 0.7600034221719756, 'prec_macro': 0.563062916526328, 'rec_macro': 0.5984365195916967, 'f1_micro': 0.9788879310344828, 'prec_micro': 0.9788879310344828, 'rec_micro': 0.9788879310344828}
epoch 4 time: 1.21e+02s, train loss: 24.23, metrics: {'f1': 0.201243265644426, 'f1_macro': 0.7817769739656864, 'prec_macro': 0.5598574398614994, 'rec_macro': 0.5953608883370695, 'f1_micro': 0.9792306034482758, 'prec_micro': 0.9792306034482758, 'rec_micro': 0.9792306034482758}
epoch 5 time: 1.2e+02s, train loss: 24.2, metrics: {'f1': 0.21706833938593592, 'f1_macro': 0.7985810000392717, 'prec_macro': 0.5649721169015673, 'rec_macro': 0.6033555662890434, 'f1_micro': 0.9795560344827586, 'prec_micro': 0.9795560344827586, 'rec_micro': 0.9795560344827586}
epoch 6 time: 1.2e+02s, train loss: 24.16, metrics: {'f1': 0.25695322376738305, 'f1_macro': 0.7948697955047199, 'prec_macro': 0.5802995260550505, 'rec_macro': 0.6233397453067543, 'f1_micro': 0.9797327586206896, 'prec_micro': 0.9797327586206896, 'rec_micro': 0.9797327586206896}
epoch 7 time: 1.2e+02s, train loss: 24.12, metrics: {'f1': 0.22468380590228984, 'f1_macro': 0.8117912513946537, 'prec_macro': 0.5672456852150146, 'rec_macro': 0.6072218192741616, 'f1_micro': 0.9797866379310345, 'prec_micro': 0.9797866379310345, 'rec_micro': 0.9797866379310345}
epoch 8 time: 1.21e+02s, train loss: 24.11, metrics: {'f1': 0.25095907928388744, 'f1_macro': 0.8010408010762264, 'prec_macro': 0.5775911081715694, 'rec_macro': 0.620360958076702, 'f1_micro': 0.979801724137931, 'prec_micro': 0.979801724137931, 'rec_micro': 0.979801724137931}
epoch 9 time: 1.21e+02s, train loss: 24.1, metrics: {'f1': 0.24678042498390215, 'f1_macro': 0.8046019492524595, 'prec_macro': 0.5757937515307174, 'rec_macro': 0.6182797683562377, 'f1_micro': 0.9798318965517241, 'prec_micro': 0.9798318965517241, 'rec_micro': 0.9798318965517241}
epoch 10 time: 1.21e+02s, train loss: 24.09, metrics: {'f1': 0.23188643636662015, 'f1_macro': 0.8109860556011774, 'prec_macro': 0.5699111790626671, 'rec_macro': 0.6108324586723618, 'f1_micro': 0.9798254310344827, 'prec_micro': 0.9798254310344827, 'rec_micro': 0.9798254310344827}
epoch 11 time: 1.21e+02s, train loss: 24.08, metrics: {'f1': 0.22682283074892773, 'f1_macro': 0.8114952093046284, 'prec_macro': 0.5680350940780421, 'rec_macro': 0.6082939103847054, 'f1_micro': 0.9797974137931035, 'prec_micro': 0.9797974137931035, 'rec_micro': 0.9797974137931035}
epoch 12 time: 1.21e+02s, train loss: 24.07, metrics: {'f1': 0.23191489361702128, 'f1_macro': 0.8071627134469648, 'prec_macro': 0.5700796227966203, 'rec_macro': 0.610832853565592, 'f1_micro': 0.9797715517241379, 'prec_micro': 0.9797715517241379, 'rec_micro': 0.9797715517241379}
epoch 13 time: 1.21e+02s, train loss: 24.07, metrics: {'f1': 0.22297745358090185, 'f1_macro': 0.8135036565161298, 'prec_macro': 0.5665652769176525, 'rec_macro': 0.6063715570318652, 'f1_micro': 0.9797974137931035, 'prec_micro': 0.9797974137931035, 'rec_micro': 0.9797974137931035}
epoch 14 time: 1.2e+02s, train loss: 24.07, metrics: {'f1': 0.25004012197079123, 'f1_macro': 0.804860994398237, 'prec_macro': 0.5770318144703429, 'rec_macro': 0.6199159582610958, 'f1_micro': 0.9798577586206897, 'prec_micro': 0.9798577586206897, 'rec_micro': 0.9798577586206897}
epoch 15 time: 1.2e+02s, train loss: 24.06, metrics: {'f1': 0.22884504251630483, 'f1_macro': 0.8157422978042459, 'prec_macro': 0.568610369128262, 'rec_macro': 0.6093230930535813, 'f1_micro': 0.9798685344827586, 'prec_micro': 0.9798685344827586, 'rec_micro': 0.9798685344827586}
epoch 16 time: 1.2e+02s, train loss: 24.06, metrics: {'f1': 0.23664682377884694, 'f1_macro': 0.8086856346243858, 'prec_macro': 0.5717729474658273, 'rec_macro': 0.6132122282198764, 'f1_micro': 0.9798254310344827, 'prec_micro': 0.9798254310344827, 'rec_micro': 0.9798254310344827}
epoch 17 time: 1.2e+02s, train loss: 24.07, metrics: {'f1': 0.25916209555608555, 'f1_macro': 0.8046532560154153, 'prec_macro': 0.5805891100937047, 'rec_macro': 0.6244910400111247, 'f1_micro': 0.979915948275862, 'prec_micro': 0.979915948275862, 'rec_micro': 0.9799159482758619}
epoch 18 time: 1.21e+02s, train loss: 24.06, metrics: {'f1': 0.2432190274497027, 'f1_macro': 0.8159386255646481, 'prec_macro': 0.5739077807751825, 'rec_macro': 0.6165364730782803, 'f1_micro': 0.9799762931034482, 'prec_micro': 0.9799762931034482, 'rec_micro': 0.9799762931034482}
epoch 19 time: 1.21e+02s, train loss: 24.05, metrics: {'f1': 0.24036095159967188, 'f1_macro': 0.8223773866985202, 'prec_macro': 0.5725700909659012, 'rec_macro': 0.6151248419893294, 'f1_micro': 0.9800431034482758, 'prec_micro': 0.9800431034482758, 'rec_micro': 0.9800431034482758}
epoch 20 time: 1.21e+02s, train loss: 24.04, metrics: {'f1': 0.25445169607606155, 'f1_macro': 0.8157955746137868, 'prec_macro': 0.5781631051038628, 'rec_macro': 0.6221728166014364, 'f1_micro': 0.9800581896551724, 'prec_micro': 0.9800581896551724, 'rec_micro': 0.9800581896551724}
epoch 21 time: 1.21e+02s, train loss: 24.04, metrics: {'f1': 0.24923027062064496, 'f1_macro': 0.8165648538138395, 'prec_macro': 0.5761400384031989, 'rec_macro': 0.619555385927911, 'f1_micro': 0.9800301724137931, 'prec_micro': 0.9800301724137931, 'rec_micro': 0.9800301724137931}
epoch 22 time: 1.21e+02s, train loss: 24.04, metrics: {'f1': 0.23771165543317443, 'f1_macro': 0.821651735239955, 'prec_macro': 0.5716237889073591, 'rec_macro': 0.6137926830855733, 'f1_micro': 0.9800129310344827, 'prec_micro': 0.9800129310344827, 'rec_micro': 0.9800129310344827}
epoch 23 time: 1.22e+02s, train loss: 24.04, metrics: {'f1': 0.24200391644908614, 'f1_macro': 0.8167316185898675, 'prec_macro': 0.5734189429972165, 'rec_macro': 0.6159295799179421, 'f1_micro': 0.9799784482758621, 'prec_micro': 0.9799784482758621, 'rec_micro': 0.9799784482758621}
epoch 24 time: 1.23e+02s, train loss: 24.03, metrics: {'f1': 0.2393986436800392, 'f1_macro': 0.8151805258339295, 'prec_macro': 0.5725161284665344, 'rec_macro': 0.6146166638102498, 'f1_micro': 0.9799375, 'prec_micro': 0.9799375, 'rec_micro': 0.9799375}
epoch 25 time: 1.24e+02s, train loss: 24.02, metrics: {'f1': 0.23405839053841698, 'f1_macro': 0.8260352862989577, 'prec_macro': 0.5701192944230877, 'rec_macro': 0.6119735620130663, 'f1_micro': 0.9800409482758621, 'prec_micro': 0.9800409482758621, 'rec_micro': 0.9800409482758621}
epoch 26 time: 1.23e+02s, train loss: 24.03, metrics: {'f1': 0.24793928017628336, 'f1_macro': 0.8251235682687155, 'prec_macro': 0.5752653192519802, 'rec_macro': 0.6189382285738261, 'f1_micro': 0.9801400862068965, 'prec_micro': 0.9801400862068965, 'rec_micro': 0.9801400862068965}
epoch 27 time: 1.23e+02s, train loss: 24.02, metrics: {'f1': 0.2774091627172196, 'f1_macro': 0.8188196122529827, 'prec_macro': 0.5869506602773763, 'rec_macro': 0.6337075310822098, 'f1_micro': 0.9802844827586207, 'prec_micro': 0.9802844827586207, 'rec_micro': 0.9802844827586207}
epoch 28 time: 1.24e+02s, train loss: 24.02, metrics: {'f1': 0.25658481238349945, 'f1_macro': 0.8265700256464406, 'prec_macro': 0.5784471827650306, 'rec_macro': 0.623283456372985, 'f1_micro': 0.9802306034482758, 'prec_micro': 0.9802306034482758, 'rec_micro': 0.9802306034482758}
epoch 29 time: 1.24e+02s, train loss: 24.02, metrics: {'f1': 0.23190315408054024, 'f1_macro': 0.8163430287890554, 'prec_macro': 0.569703652902843, 'rec_macro': 0.6108596249123724, 'f1_micro': 0.9798987068965517, 'prec_micro': 0.9798987068965517, 'rec_micro': 0.9798987068965517}
epoch 30 time: 1.26e+02s, train loss: 24.02, metrics: {'f1': 0.2391125718981101, 'f1_macro': 0.823112486795597, 'prec_macro': 0.5720801519124379, 'rec_macro': 0.6145007625440563, 'f1_micro': 0.9800431034482758, 'prec_micro': 0.9800431034482758, 'rec_micro': 0.9800431034482758}
epoch 31 time: 1.31e+02s, train loss: 24.01, metrics: {'f1': 0.23765483071841453, 'f1_macro': 0.8287049194363744, 'prec_macro': 0.5713270851408206, 'rec_macro': 0.6137875088202125, 'f1_micro': 0.980103448275862, 'prec_micro': 0.980103448275862, 'rec_micro': 0.980103448275862}
epoch 32 time: 1.24e+02s, train loss: 24.01, metrics: {'f1': 0.25846153846153846, 'f1_macro': 0.8277690629065175, 'prec_macro': 0.579100622666992, 'rec_macro': 0.6242299501405055, 'f1_micro': 0.9802629310344828, 'prec_micro': 0.9802629310344828, 'rec_micro': 0.9802629310344828}
epoch 33 time: 1.23e+02s, train loss: 24.01, metrics: {'f1': 0.26662383552842917, 'f1_macro': 0.8268817967533477, 'prec_macro': 0.5822648657720859, 'rec_macro': 0.6283247406855688, 'f1_micro': 0.9803189655172414, 'prec_micro': 0.9803189655172414, 'rec_micro': 0.9803189655172414}
epoch 34 time: 1.25e+02s, train loss: 24.01, metrics: {'f1': 0.2594629569718538, 'f1_macro': 0.8274770271934064, 'prec_macro': 0.5794947764607571, 'rec_macro': 0.6247316750705959, 'f1_micro': 0.9802672413793103, 'prec_micro': 0.9802672413793103, 'rec_micro': 0.9802672413793103}
epoch 35 time: 1.24e+02s, train loss: 24.01, metrics: {'f1': 0.2748188838468275, 'f1_macro': 0.8255509114264392, 'prec_macro': 0.5855237928613806, 'rec_macro': 0.6324342333076567, 'f1_micro': 0.9803685344827586, 'prec_micro': 0.9803685344827586, 'rec_micro': 0.9803685344827586}
epoch 36 time: 1.23e+02s, train loss: 24.0, metrics: {'f1': 0.26813222079589216, 'f1_macro': 0.8274852005749158, 'prec_macro': 0.5828148114858682, 'rec_macro': 0.6290843292336883, 'f1_micro': 0.9803405172413793, 'prec_micro': 0.9803405172413793, 'rec_micro': 0.9803405172413793}
epoch 37 time: 1.23e+02s, train loss: 24.0, metrics: {'f1': 0.26302209321077247, 'f1_macro': 0.8277992403460428, 'prec_macro': 0.5808352323130643, 'rec_macro': 0.6265197731425783, 'f1_micro': 0.980301724137931, 'prec_micro': 0.980301724137931, 'rec_micro': 0.980301724137931}
epoch 38 time: 1.25e+02s, train loss: 24.0, metrics: {'f1': 0.24727749119790385, 'f1_macro': 0.8290892937967143, 'prec_macro': 0.5748486021648035, 'rec_macro': 0.6186195653747295, 'f1_micro': 0.9801875, 'prec_micro': 0.9801875, 'rec_micro': 0.9801875}
epoch 39 time: 1.25e+02s, train loss: 23.99, metrics: {'f1': 0.23830277115368803, 'f1_macro': 0.8231020843340608, 'prec_macro': 0.5717828846538682, 'rec_macro': 0.6140942740102915, 'f1_micro': 0.9800366379310345, 'prec_micro': 0.9800366379310345, 'rec_micro': 0.9800366379310345}
epoch 40 time: 1.25e+02s, train loss: 24.0, metrics: {'f1': 0.23675755828321937, 'f1_macro': 0.8236972566704615, 'prec_macro': 0.5711927552387177, 'rec_macro': 0.613320697183758, 'f1_micro': 0.9800323275862068, 'prec_micro': 0.9800323275862068, 'rec_micro': 0.9800323275862068}
epoch 41 time: 1.22e+02s, train loss: 23.99, metrics: {'f1': 0.23847297967278136, 'f1_macro': 0.8309270508165598, 'prec_macro': 0.5715406811701624, 'rec_macro': 0.6142053619160328, 'f1_micro': 0.9801379310344828, 'prec_micro': 0.9801379310344828, 'rec_micro': 0.9801379310344828}
epoch 42 time: 1.21e+02s, train loss: 24.0, metrics: {'f1': 0.2358287886299785, 'f1_macro': 0.8271379245109045, 'prec_macro': 0.5707215378687083, 'rec_macro': 0.6128657972004634, 'f1_micro': 0.9800689655172414, 'prec_micro': 0.9800689655172414, 'rec_micro': 0.9800689655172414}
epoch 43 time: 1.22e+02s, train loss: 24.01, metrics: {'f1': 0.2395987502055583, 'f1_macro': 0.8247923674351703, 'prec_macro': 0.5721913550290979, 'rec_macro': 0.6147504472356236, 'f1_micro': 0.9800689655172414, 'prec_micro': 0.9800689655172414, 'rec_micro': 0.9800689655172414}
epoch 44 time: 1.22e+02s, train loss: 23.99, metrics: {'f1': 0.24090834293236796, 'f1_macro': 0.8276404964750383, 'prec_macro': 0.5725585404274623, 'rec_macro': 0.6154172984547825, 'f1_micro': 0.9801163793103448, 'prec_micro': 0.9801163793103448, 'rec_micro': 0.9801163793103448}
epoch 45 time: 1.22e+02s, train loss: 24.0, metrics: {'f1': 0.23567246639729528, 'f1_macro': 0.8236866769292601, 'prec_macro': 0.570796398893958, 'rec_macro': 0.6127760338041901, 'f1_micro': 0.9800237068965517, 'prec_micro': 0.9800237068965517, 'rec_micro': 0.9800237068965517}
epoch 46 time: 1.22e+02s, train loss: 23.99, metrics: {'f1': 0.23703826403842967, 'f1_macro': 0.8325986885807086, 'prec_macro': 0.5709571594079956, 'rec_macro': 0.6134903414837349, 'f1_micro': 0.9801465517241379, 'prec_micro': 0.9801465517241379, 'rec_micro': 0.9801465517241379}
epoch 47 time: 1.22e+02s, train loss: 23.99, metrics: {'f1': 0.2393077873918418, 'f1_macro': 0.8278137564141441, 'prec_macro': 0.5719651071858202, 'rec_macro': 0.6146143955166041, 'f1_micro': 0.9801056034482759, 'prec_micro': 0.9801056034482759, 'rec_micro': 0.9801056034482759}
epoch 48 time: 1.21e+02s, train loss: 24.0, metrics: {'f1': 0.23702236527193193, 'f1_macro': 0.8268917634913817, 'prec_macro': 0.571165786843317, 'rec_macro': 0.613464140601121, 'f1_micro': 0.9800754310344828, 'prec_micro': 0.9800754310344828, 'rec_micro': 0.9800754310344828}
epoch 49 time: 1.21e+02s, train loss: 23.99, metrics: {'f1': 0.23821708625670657, 'f1_macro': 0.8288545289476095, 'prec_macro': 0.5715263645886978, 'rec_macro': 0.6140702468356964, 'f1_micro': 0.9801099137931034, 'prec_micro': 0.9801099137931034, 'rec_micro': 0.9801099137931034}
epoch 50 time: 1.21e+02s, train loss: 23.99, metrics: {'f1': 0.2492038866661223, 'f1_macro': 0.8275609770102922, 'prec_macro': 0.5756303020993501, 'rec_macro': 0.6195814847596248, 'f1_micro': 0.9801831896551724, 'prec_micro': 0.9801831896551724, 'rec_micro': 0.9801831896551724}
epoch 51 time: 1.23e+02s, train loss: 24.0, metrics: {'f1': 0.24571475436725987, 'f1_macro': 0.8294226442667044, 'prec_macro': 0.5742562701986584, 'rec_macro': 0.6178361227053393, 'f1_micro': 0.9801788793103449, 'prec_micro': 0.9801788793103449, 'rec_micro': 0.9801788793103449}
epoch 52 time: 1.23e+02s, train loss: 23.98, metrics: {'f1': 0.2398946241870421, 'f1_macro': 0.8271058326285776, 'prec_macro': 0.5722078741615572, 'rec_macro': 0.614906656005699, 'f1_micro': 0.9801012931034483, 'prec_micro': 0.9801012931034483, 'rec_micro': 0.9801012931034483}
epoch 53 time: 1.24e+02s, train loss: 24.0, metrics: {'f1': 0.24908365235806795, 'f1_macro': 0.8238173328360189, 'prec_macro': 0.5757508532034543, 'rec_macro': 0.6195080987308865, 'f1_micro': 0.9801314655172414, 'prec_micro': 0.9801314655172414, 'rec_micro': 0.9801314655172414}
epoch 54 time: 1.25e+02s, train loss: 24.0, metrics: {'f1': 0.24530622284168238, 'f1_macro': 0.8283579306085938, 'prec_macro': 0.5741494721839876, 'rec_macro': 0.6176274672593786, 'f1_micro': 0.9801616379310345, 'prec_micro': 0.9801616379310345, 'rec_micro': 0.9801616379310345}
epoch 55 time: 1.24e+02s, train loss: 23.98, metrics: {'f1': 0.2578023407022107, 'f1_macro': 0.8322770652389, 'prec_macro': 0.5786393167764581, 'rec_macro': 0.6239147993284079, 'f1_micro': 0.9803189655172414, 'prec_micro': 0.9803189655172414, 'rec_micro': 0.9803189655172414}
epoch 56 time: 1.25e+02s, train loss: 23.99, metrics: {'f1': 0.26463963963963966, 'f1_macro': 0.8265468549103243, 'prec_macro': 0.5815189444369182, 'rec_macro': 0.6273272905920617, 'f1_micro': 0.9802974137931034, 'prec_micro': 0.9802974137931034, 'rec_micro': 0.9802974137931034}
epoch 57 time: 1.24e+02s, train loss: 23.99, metrics: {'f1': 0.27423954372623577, 'f1_macro': 0.8185277701618698, 'prec_macro': 0.5857103947867563, 'rec_macro': 0.6321152709804205, 'f1_micro': 0.9802543103448276, 'prec_micro': 0.9802543103448276, 'rec_micro': 0.9802543103448276}
epoch 58 time: 1.23e+02s, train loss: 23.99, metrics: {'f1': 0.2718198514732892, 'f1_macro': 0.8258052865920724, 'prec_macro': 0.5843369263780961, 'rec_macro': 0.6309294620002536, 'f1_micro': 0.9803469827586206, 'prec_micro': 0.9803469827586206, 'rec_micro': 0.9803469827586206}
epoch 59 time: 1.22e+02s, train loss: 23.98, metrics: {'f1': 0.2525318523358379, 'f1_macro': 0.832447983305477, 'prec_macro': 0.5766575350526595, 'rec_macro': 0.6212689619110645, 'f1_micro': 0.9802758620689656, 'prec_micro': 0.9802758620689656, 'rec_micro': 0.9802758620689656}
epoch 60 time: 1.22e+02s, train loss: 23.99, metrics: {'f1': 0.24252436808194286, 'f1_macro': 0.8361960678181963, 'prec_macro': 0.5728161874766954, 'rec_macro': 0.6162561462243681, 'f1_micro': 0.9802370689655172, 'prec_micro': 0.9802370689655172, 'rec_micro': 0.9802370689655172}
epoch 61 time: 1.23e+02s, train loss: 24.01, metrics: {'f1': 0.2377877131975492, 'f1_macro': 0.8331441184912668, 'prec_macro': 0.571208736587711, 'rec_macro': 0.6138683194897194, 'f1_micro': 0.9801594827586206, 'prec_micro': 0.9801594827586206, 'rec_micro': 0.9801594827586206}
epoch 62 time: 1.23e+02s, train loss: 24.0, metrics: {'f1': 0.24289363104556316, 'f1_macro': 0.832626914927896, 'prec_macro': 0.573089226674325, 'rec_macro': 0.6164302355321061, 'f1_micro': 0.9801961206896552, 'prec_micro': 0.9801961206896552, 'rec_micro': 0.9801961206896552}
epoch 63 time: 1.23e+02s, train loss: 23.99, metrics: {'f1': 0.2533420280404304, 'f1_macro': 0.830620593727093, 'prec_macro': 0.5770406760914518, 'rec_macro': 0.621669550709989, 'f1_micro': 0.9802586206896552, 'prec_micro': 0.9802586206896552, 'rec_micro': 0.9802586206896552}
epoch 64 time: 1.23e+02s, train loss: 24.0, metrics: {'f1': 0.266122579612738, 'f1_macro': 0.8213413459115932, 'prec_macro': 0.5823677964682336, 'rec_macro': 0.628052016205656, 'f1_micro': 0.9802327586206897, 'prec_micro': 0.9802327586206897, 'rec_micro': 0.9802327586206897}
epoch 65 time: 1.23e+02s, train loss: 24.02, metrics: {'f1': 0.27436651044562715, 'f1_macro': 0.8221519539910276, 'prec_macro': 0.5855441536037976, 'rec_macro': 0.6321936931572496, 'f1_micro': 0.9803125, 'prec_micro': 0.9803125, 'rec_micro': 0.9803125}
epoch 66 time: 1.23e+02s, train loss: 24.0, metrics: {'f1': 0.2563480511078764, 'f1_macro': 0.8231909567519431, 'prec_macro': 0.5785198412392857, 'rec_macro': 0.6231523684289297, 'f1_micro': 0.9801810344827586, 'prec_micro': 0.9801810344827586, 'rec_micro': 0.9801810344827586}
epoch 67 time: 1.22e+02s, train loss: 24.0, metrics: {'f1': 0.24673416067929457, 'f1_macro': 0.8240878473840318, 'prec_macro': 0.5748612539787394, 'rec_macro': 0.618329690303917, 'f1_micro': 0.9801163793103448, 'prec_micro': 0.9801163793103448, 'rec_micro': 0.9801163793103448}
epoch 68 time: 1.22e+02s, train loss: 24.03, metrics: {'f1': 0.23996717275338528, 'f1_macro': 0.822445921666938, 'prec_macro': 0.5724220079743649, 'rec_macro': 0.6149274342062215, 'f1_micro': 0.9800409482758621, 'prec_micro': 0.9800409482758621, 'rec_micro': 0.9800409482758621}
epoch 69 time: 1.22e+02s, train loss: 24.04, metrics: {'f1': 0.23510042805400064, 'f1_macro': 0.8202279304337962, 'prec_macro': 0.5707220756521743, 'rec_macro': 0.6124773419909071, 'f1_micro': 0.9799741379310345, 'prec_micro': 0.9799741379310345, 'rec_micro': 0.9799741379310345}
epoch 70 time: 1.22e+02s, train loss: 24.02, metrics: {'f1': 0.23401608756945025, 'f1_macro': 0.8302326854769955, 'prec_macro': 0.5699497494136372, 'rec_macro': 0.6119656884365094, 'f1_micro': 0.980092672413793, 'prec_micro': 0.980092672413793, 'rec_micro': 0.980092672413793}
epoch 71 time: 1.21e+02s, train loss: 24.01, metrics: {'f1': 0.23520611702127656, 'f1_macro': 0.8356820948737982, 'prec_macro': 0.5701842696774273, 'rec_macro': 0.6125799572669267, 'f1_micro': 0.9801681034482759, 'prec_micro': 0.9801681034482759, 'rec_micro': 0.9801681034482759}
epoch 72 time: 1.21e+02s, train loss: 24.0, metrics: {'f1': 0.23337743962950713, 'f1_macro': 0.8249246794012419, 'prec_macro': 0.569913407322227, 'rec_macro': 0.6116281678815899, 'f1_micro': 0.980021551724138, 'prec_micro': 0.980021551724138, 'rec_micro': 0.980021551724138}
epoch 73 time: 1.22e+02s, train loss: 24.01, metrics: {'f1': 0.23646046702171244, 'f1_macro': 0.8151707255864689, 'prec_macro': 0.5714272497939425, 'rec_macro': 0.6131423044437616, 'f1_micro': 0.979915948275862, 'prec_micro': 0.979915948275862, 'rec_micro': 0.9799159482758619}
epoch 74 time: 1.22e+02s, train loss: 24.01, metrics: {'f1': 0.23704673815175575, 'f1_macro': 0.8145529183188761, 'prec_macro': 0.5716700167696795, 'rec_macro': 0.6134342813771545, 'f1_micro': 0.9799116379310345, 'prec_micro': 0.9799116379310345, 'rec_micro': 0.9799116379310345}
epoch 75 time: 1.22e+02s, train loss: 24.01, metrics: {'f1': 0.2385230363471524, 'f1_macro': 0.8269599143611773, 'prec_macro': 0.5717113274551102, 'rec_macro': 0.6142176635527633, 'f1_micro': 0.9800883620689655, 'prec_micro': 0.9800883620689655, 'rec_micro': 0.9800883620689655}
epoch 76 time: 1.21e+02s, train loss: 24.01, metrics: {'f1': 0.23637416260028118, 'f1_macro': 0.8293679769674958, 'prec_macro': 0.5708360448118601, 'rec_macro': 0.613146733405317, 'f1_micro': 0.9801012931034483, 'prec_micro': 0.9801012931034483, 'rec_micro': 0.9801012931034483}
epoch 77 time: 1.21e+02s, train loss: 24.0, metrics: {'f1': 0.2338415644680146, 'f1_macro': 0.8287684020539358, 'prec_macro': 0.5699398379341617, 'rec_macro': 0.6118734643108427, 'f1_micro': 0.9800732758620689, 'prec_micro': 0.9800732758620689, 'rec_micro': 0.9800732758620689}
epoch 78 time: 1.21e+02s, train loss: 24.0, metrics: {'f1': 0.23764666997190545, 'f1_macro': 0.8297429488460426, 'prec_macro': 0.571284698888458, 'rec_macro': 0.6137867479424173, 'f1_micro': 0.9801163793103448, 'prec_micro': 0.9801163793103448, 'rec_micro': 0.9801163793103448}
epoch 79 time: 1.21e+02s, train loss: 24.0, metrics: {'f1': 0.23984906898531702, 'f1_macro': 0.8215453411224216, 'prec_macro': 0.5724154003213812, 'rec_macro': 0.6148650734041564, 'f1_micro': 0.9800280172413793, 'prec_micro': 0.9800280172413793, 'rec_micro': 0.9800280172413793}
epoch 80 time: 1.21e+02s, train loss: 24.0, metrics: {'f1': 0.2509123347660368, 'f1_macro': 0.8200143103714475, 'prec_macro': 0.576612920540737, 'rec_macro': 0.6204123142002634, 'f1_micro': 0.980092672413793, 'prec_micro': 0.980092672413793, 'rec_micro': 0.980092672413793}
epoch 81 time: 1.21e+02s, train loss: 24.01, metrics: {'f1': 0.25197106396813784, 'f1_macro': 0.8246331737734485, 'prec_macro': 0.5767973456236835, 'rec_macro': 0.6209603981242877, 'f1_micro': 0.9801659482758621, 'prec_micro': 0.9801659482758621, 'rec_micro': 0.9801659482758621}
epoch 82 time: 1.22e+02s, train loss: 24.01, metrics: {'f1': 0.25032467532467534, 'f1_macro': 0.820488222796685, 'prec_macro': 0.5763690522895026, 'rec_macro': 0.6201190911133249, 'f1_micro': 0.9800948275862069, 'prec_micro': 0.9800948275862069, 'rec_micro': 0.9800948275862069}
epoch 83 time: 1.21e+02s, train loss: 24.01, metrics: {'f1': 0.2509580105992662, 'f1_macro': 0.8277669483150489, 'prec_macro': 0.5762760330728305, 'rec_macro': 0.6204628161182651, 'f1_micro': 0.9802004310344827, 'prec_micro': 0.9802004310344827, 'rec_micro': 0.9802004310344827}
epoch 84 time: 1.21e+02s, train loss: 24.01, metrics: {'f1': 0.2516092234987371, 'f1_macro': 0.8276870076205852, 'prec_macro': 0.5765232051505567, 'rec_macro': 0.6207894707739469, 'f1_micro': 0.9802047413793104, 'prec_micro': 0.9802047413793104, 'rec_micro': 0.9802047413793104}
epoch 85 time: 1.21e+02s, train loss: 24.01, metrics: {'f1': 0.2539605166951011, 'f1_macro': 0.826579014100786, 'prec_macro': 0.5774562919031313, 'rec_macro': 0.6219660122754586, 'f1_micro': 0.980209051724138, 'prec_micro': 0.980209051724138, 'rec_micro': 0.980209051724138}
epoch 86 time: 1.21e+02s, train loss: 24.01, metrics: {'f1': 0.25853619346027157, 'f1_macro': 0.8171670664214096, 'prec_macro': 0.5796593528761872, 'rec_macro': 0.6242279734385294, 'f1_micro': 0.9801099137931034, 'prec_micro': 0.9801099137931034, 'rec_micro': 0.9801099137931034}
epoch 87 time: 1.22e+02s, train loss: 24.02, metrics: {'f1': 0.25560179257362353, 'f1_macro': 0.8084113109569718, 'prec_macro': 0.5789910329007298, 'rec_macro': 0.6227206344856618, 'f1_micro': 0.9799525862068965, 'prec_micro': 0.9799525862068965, 'rec_micro': 0.9799525862068965}
epoch 88 time: 1.22e+02s, train loss: 24.02, metrics: {'f1': 0.25030337351346976, 'f1_macro': 0.8158647805554352, 'prec_macro': 0.5765798822758186, 'rec_macro': 0.620091286315076, 'f1_micro': 0.9800280172413793, 'prec_micro': 0.9800280172413793, 'rec_micro': 0.9800280172413793}
epoch 89 time: 1.21e+02s, train loss: 24.01, metrics: {'f1': 0.2436940267849807, 'f1_macro': 0.8293837213291873, 'prec_macro': 0.5735125514144854, 'rec_macro': 0.616821511906951, 'f1_micro': 0.9801616379310345, 'prec_micro': 0.9801616379310345, 'rec_micro': 0.9801616379310345}
epoch 90 time: 1.22e+02s, train loss: 24.01, metrics: {'f1': 0.23171135385633895, 'f1_macro': 0.823568954727337, 'prec_macro': 0.5693590565064555, 'rec_macro': 0.6107875265737701, 'f1_micro': 0.9799913793103449, 'prec_micro': 0.9799913793103449, 'rec_micro': 0.9799913793103449}
epoch 91 time: 1.22e+02s, train loss: 24.02, metrics: {'f1': 0.23023255813953492, 'f1_macro': 0.8272680149294109, 'prec_macro': 0.5686907622395635, 'rec_macro': 0.6100571061801217, 'f1_micro': 0.9800258620689655, 'prec_micro': 0.9800258620689655, 'rec_micro': 0.9800258620689655}
epoch 92 time: 1.22e+02s, train loss: 24.03, metrics: {'f1': 0.22510390689941812, 'f1_macro': 0.8210675052116974, 'prec_macro': 0.567063488391628, 'rec_macro': 0.6074633588450823, 'f1_micro': 0.9799094827586207, 'prec_micro': 0.9799094827586207, 'rec_micro': 0.9799094827586207}
epoch 93 time: 1.22e+02s, train loss: 24.04, metrics: {'f1': 0.22288706058339566, 'f1_macro': 0.8174026840417521, 'prec_macro': 0.5663946306327047, 'rec_macro': 0.6063390887561403, 'f1_micro': 0.9798469827586207, 'prec_micro': 0.9798469827586207, 'rec_micro': 0.9798469827586207}
epoch 94 time: 1.22e+02s, train loss: 24.04, metrics: {'f1': 0.22283287534349236, 'f1_macro': 0.8205271937636837, 'prec_macro': 0.5662674718756168, 'rec_macro': 0.6063219553023779, 'f1_micro': 0.9798857758620689, 'prec_micro': 0.9798857758620689, 'rec_micro': 0.9798857758620689}
epoch 95 time: 1.21e+02s, train loss: 24.09, metrics: {'f1': 0.21234074444166876, 'f1_macro': 0.8049264634343217, 'prec_macro': 0.5630420951261411, 'rec_macro': 0.6010071118831237, 'f1_micro': 0.9796142241379311, 'prec_micro': 0.9796142241379311, 'rec_micro': 0.9796142241379311}
epoch 96 time: 1.22e+02s, train loss: 24.12, metrics: {'f1': 0.21423819028609448, 'f1_macro': 0.8058138273217983, 'prec_macro': 0.5636911299261134, 'rec_macro': 0.6019617547760507, 'f1_micro': 0.9796379310344827, 'prec_micro': 0.9796379310344827, 'rec_micro': 0.9796379310344827}
epoch 97 time: 1.21e+02s, train loss: 24.12, metrics: {'f1': 0.20406470344255498, 'f1_macro': 0.7870561510161194, 'prec_macro': 0.5606875959179264, 'rec_macro': 0.5967945918121126, 'f1_micro': 0.9793211206896552, 'prec_micro': 0.9793211206896552, 'rec_micro': 0.9793211206896552}
epoch 98 time: 1.22e+02s, train loss: 24.13, metrics: {'f1': 0.2059625072260302, 'f1_macro': 0.7835431197811273, 'prec_macro': 0.5614984667988683, 'rec_macro': 0.5977322665610624, 'f1_micro': 0.9792780172413793, 'prec_micro': 0.9792780172413793, 'rec_micro': 0.9792780172413793}
epoch 99 time: 1.22e+02s, train loss: 24.14, metrics: {'f1': 0.20608745590286326, 'f1_macro': 0.7749733960154217, 'prec_macro': 0.5618711328661538, 'rec_macro': 0.5977604325990062, 'f1_micro': 0.9791443965517241, 'prec_micro': 0.9791443965517241, 'rec_micro': 0.9791443965517241}
epoch 100 time: 1.21e+02s, train loss: 24.15, metrics: {'f1': 0.20237321196358907, 'f1_macro': 0.7585112893437376, 'prec_macro': 0.5611813251642167, 'rec_macro': 0.5958278406273538, 'f1_micro': 0.9788491379310345, 'prec_micro': 0.9788491379310345, 'rec_micro': 0.9788491379310345}
post-training summary -- best {'f1': 0.2774091627172196, 'f1_macro': 0.8188196122529827, 'prec_macro': 0.5869506602773763, 'rec_macro': 0.6337075310822098, 'f1_micro': 0.9802844827586207, 'prec_micro': 0.9802844827586207, 'rec_micro': 0.9802844827586207}
run 4 start -- seed=3
initialized continuityBERT with 527361 parameters.
/home/azureuser/.local/lib/python3.8/site-packages/sklearn/metrics/_classification.py:1344: UndefinedMetricWarning: Precision and F-score are ill-defined and being set to 0.0 in labels with no predicted samples. Use `zero_division` parameter to control this behavior.
  _warn_prf(average, modifier, msg_start, len(result))
epoch 1 time: 1.19e+02s, train loss: 24.69, metrics: {'f1': 0.0, 'f1_macro': 0.4892446120689655, 'prec_macro': 0.5, 'rec_macro': 0.49456383800335285, 'f1_micro': 0.978489224137931, 'prec_micro': 0.978489224137931, 'rec_micro': 0.978489224137931}
epoch 2 time: 1.21e+02s, train loss: 24.54, metrics: {'f1': 0.1450715080928321, 'f1_macro': 0.7398264076174332, 'prec_macro': 0.5414956352773401, 'rec_macro': 0.5670884390712381, 'f1_micro': 0.9784849137931034, 'prec_micro': 0.9784849137931034, 'rec_micro': 0.9784849137931034}
epoch 3 time: 1.19e+02s, train loss: 24.32, metrics: {'f1': 0.2141072148327287, 'f1_macro': 0.7645540717693795, 'prec_macro': 0.5653194022152846, 'rec_macro': 0.6017297469758858, 'f1_micro': 0.978989224137931, 'prec_micro': 0.978989224137931, 'rec_micro': 0.978989224137931}
epoch 4 time: 1.2e+02s, train loss: 24.22, metrics: {'f1': 0.239513288504643, 'f1_macro': 0.7886962186127555, 'prec_macro': 0.5738245959122897, 'rec_macro': 0.6145682679628734, 'f1_micro': 0.9795258620689655, 'prec_micro': 0.9795258620689655, 'rec_micro': 0.9795258620689655}
epoch 5 time: 1.21e+02s, train loss: 24.18, metrics: {'f1': 0.2466805311150216, 'f1_macro': 0.7966875914584269, 'prec_macro': 0.5761686201489975, 'rec_macro': 0.6181966169640677, 'f1_micro': 0.9797025862068965, 'prec_micro': 0.9797025862068965, 'rec_micro': 0.9797025862068965}
epoch 6 time: 1.2e+02s, train loss: 24.16, metrics: {'f1': 0.2271755222898503, 'f1_macro': 0.8078686784804641, 'prec_macro': 0.5683048294491799, 'rec_macro': 0.6084580553659807, 'f1_micro': 0.97975, 'prec_micro': 0.97975, 'rec_micro': 0.97975}
epoch 7 time: 1.2e+02s, train loss: 24.12, metrics: {'f1': 0.2346204188481676, 'f1_macro': 0.8104063002583792, 'prec_macro': 0.5709455574524263, 'rec_macro': 0.6122019733488864, 'f1_micro': 0.9798362068965517, 'prec_micro': 0.9798362068965517, 'rec_micro': 0.9798362068965517}
epoch 8 time: 1.21e+02s, train loss: 24.11, metrics: {'f1': 0.24751044008994538, 'f1_macro': 0.8026735573305207, 'prec_macro': 0.5761724874675207, 'rec_macro': 0.6186380661655475, 'f1_micro': 0.9798060344827586, 'prec_micro': 0.9798060344827586, 'rec_micro': 0.9798060344827586}
epoch 9 time: 1.2e+02s, train loss: 24.09, metrics: {'f1': 0.22743297532180043, 'f1_macro': 0.8036460472463066, 'prec_macro': 0.5685690584428312, 'rec_macro': 0.6085718222688891, 'f1_micro': 0.9796918103448276, 'prec_micro': 0.9796918103448276, 'rec_micro': 0.9796918103448276}
epoch 10 time: 1.2e+02s, train loss: 24.09, metrics: {'f1': 0.22591526120937888, 'f1_macro': 0.8064578416373983, 'prec_macro': 0.5678985616249447, 'rec_macro': 0.6078208443581083, 'f1_micro': 0.9797219827586207, 'prec_micro': 0.9797219827586207, 'rec_micro': 0.9797219827586207}
epoch 11 time: 1.2e+02s, train loss: 24.08, metrics: {'f1': 0.22617283950617287, 'f1_macro': 0.8074174792367526, 'prec_macro': 0.567955264458772, 'rec_macro': 0.6079534831368283, 'f1_micro': 0.9797370689655173, 'prec_micro': 0.9797370689655173, 'rec_micro': 0.9797370689655173}
epoch 12 time: 1.2e+02s, train loss: 24.07, metrics: {'f1': 0.227478776889475, 'f1_macro': 0.8113204651762993, 'prec_macro': 0.568281164880271, 'rec_macro': 0.6086223790973104, 'f1_micro': 0.9797995689655172, 'prec_micro': 0.9797995689655172, 'rec_micro': 0.9797995689655172}
epoch 13 time: 1.2e+02s, train loss: 24.07, metrics: {'f1': 0.23552534599950864, 'f1_macro': 0.8131712485521931, 'prec_macro': 0.5711646598592544, 'rec_macro': 0.6126659749612324, 'f1_micro': 0.9798814655172414, 'prec_micro': 0.9798814655172414, 'rec_micro': 0.9798814655172414}
epoch 14 time: 1.2e+02s, train loss: 24.05, metrics: {'f1': 0.24592159727294863, 'f1_macro': 0.8145488632437903, 'prec_macro': 0.5749856466928015, 'rec_macro': 0.6178875142213026, 'f1_micro': 0.9799762931034482, 'prec_micro': 0.9799762931034482, 'rec_micro': 0.9799762931034482}
epoch 15 time: 1.22e+02s, train loss: 24.05, metrics: {'f1': 0.25206277301407537, 'f1_macro': 0.8180501318843536, 'prec_macro': 0.577141942020071, 'rec_macro': 0.6209824479527182, 'f1_micro': 0.9800732758620689, 'prec_micro': 0.9800732758620689, 'rec_micro': 0.9800732758620689}
epoch 16 time: 1.22e+02s, train loss: 24.04, metrics: {'f1': 0.2502225459253864, 'f1_macro': 0.8162004769167741, 'prec_macro': 0.5765330909214668, 'rec_macro': 0.6200519867561696, 'f1_micro': 0.9800323275862068, 'prec_micro': 0.9800323275862068, 'rec_micro': 0.9800323275862068}
epoch 17 time: 1.23e+02s, train loss: 24.04, metrics: {'f1': 0.25192635250223055, 'f1_macro': 0.8215788968440737, 'prec_macro': 0.5769223018297769, 'rec_macro': 0.6209269787522319, 'f1_micro': 0.9801228448275862, 'prec_micro': 0.9801228448275862, 'rec_micro': 0.9801228448275862}
epoch 18 time: 1.22e+02s, train loss: 24.04, metrics: {'f1': 0.26173473481505255, 'f1_macro': 0.8195194384614226, 'prec_macro': 0.5807680545077302, 'rec_macro': 0.6258424476063604, 'f1_micro': 0.9801702586206896, 'prec_micro': 0.9801702586206896, 'rec_micro': 0.9801702586206896}
epoch 19 time: 1.23e+02s, train loss: 24.03, metrics: {'f1': 0.2463732480944185, 'f1_macro': 0.8293338175543987, 'prec_macro': 0.5745034422763846, 'rec_macro': 0.6181664176482068, 'f1_micro': 0.9801831896551724, 'prec_micro': 0.9801831896551724, 'rec_micro': 0.9801831896551724}
epoch 20 time: 1.24e+02s, train loss: 24.03, metrics: {'f1': 0.25824572666720164, 'f1_macro': 0.8153251318224772, 'prec_macro': 0.5796439350192253, 'rec_macro': 0.6240750172014317, 'f1_micro': 0.9800797413793103, 'prec_micro': 0.9800797413793103, 'rec_micro': 0.9800797413793103}
epoch 21 time: 1.23e+02s, train loss: 24.03, metrics: {'f1': 0.23996723996723998, 'f1_macro': 0.8194016799536581, 'prec_macro': 0.5725480654559555, 'rec_macro': 0.614916956228829, 'f1_micro': 0.98, 'prec_micro': 0.98, 'rec_micro': 0.98}
epoch 22 time: 1.24e+02s, train loss: 24.04, metrics: {'f1': 0.24593892137751786, 'f1_macro': 0.8155833349987603, 'prec_macro': 0.5749443617159362, 'rec_macro': 0.617900048399857, 'f1_micro': 0.9799913793103449, 'prec_micro': 0.9799913793103449, 'rec_micro': 0.9799913793103449}
epoch 23 time: 1.24e+02s, train loss: 24.03, metrics: {'f1': 0.27070164348925413, 'f1_macro': 0.8112257713585056, 'prec_macro': 0.5847536177567074, 'rec_macro': 0.630309001401674, 'f1_micro': 0.9801077586206897, 'prec_micro': 0.9801077586206897, 'rec_micro': 0.9801077586206897}
epoch 24 time: 1.24e+02s, train loss: 24.03, metrics: {'f1': 0.23588643116540112, 'f1_macro': 0.8254023049964594, 'prec_macro': 0.5708085129244281, 'rec_macro': 0.6128890820898129, 'f1_micro': 0.9800474137931035, 'prec_micro': 0.9800474137931035, 'rec_micro': 0.9800474137931035}
epoch 25 time: 1.23e+02s, train loss: 24.01, metrics: {'f1': 0.24973579383789937, 'f1_macro': 0.821888537515162, 'prec_macro': 0.5760827977859057, 'rec_macro': 0.6198285772298379, 'f1_micro': 0.9801099137931034, 'prec_micro': 0.9801099137931034, 'rec_micro': 0.9801099137931034}
epoch 26 time: 1.24e+02s, train loss: 24.02, metrics: {'f1': 0.24038067109689065, 'f1_macro': 0.8225275869228784, 'prec_macro': 0.5725711922413984, 'rec_macro': 0.615135253222507, 'f1_micro': 0.9800452586206897, 'prec_micro': 0.9800452586206897, 'rec_micro': 0.9800452586206897}
epoch 27 time: 1.23e+02s, train loss: 24.02, metrics: {'f1': 0.2377908882333661, 'f1_macro': 0.8171247138994502, 'prec_macro': 0.5718379227201669, 'rec_macro': 0.6138168021483844, 'f1_micro': 0.9799525862068965, 'prec_micro': 0.9799525862068965, 'rec_micro': 0.9799525862068965}
epoch 28 time: 1.22e+02s, train loss: 24.01, metrics: {'f1': 0.23904317195052022, 'f1_macro': 0.8184904220171942, 'prec_macro': 0.572244190544402, 'rec_macro': 0.6144500250439143, 'f1_micro': 0.9799806034482759, 'prec_micro': 0.9799806034482759, 'rec_micro': 0.9799806034482759}
epoch 29 time: 1.22e+02s, train loss: 24.01, metrics: {'f1': 0.24565696109615853, 'f1_macro': 0.8210855177665206, 'prec_macro': 0.5745909551155705, 'rec_macro': 0.6177784608372228, 'f1_micro': 0.9800668103448276, 'prec_micro': 0.9800668103448276, 'rec_micro': 0.9800668103448276}
epoch 30 time: 1.21e+02s, train loss: 24.01, metrics: {'f1': 0.26054869244344614, 'f1_macro': 0.8177066864748723, 'prec_macro': 0.5804063754868521, 'rec_macro': 0.6252401257558529, 'f1_micro': 0.9801336206896551, 'prec_micro': 0.9801336206896551, 'rec_micro': 0.9801336206896551}
epoch 31 time: 1.2e+02s, train loss: 24.02, metrics: {'f1': 0.2470749616719116, 'f1_macro': 0.8082182917286723, 'prec_macro': 0.5757254981584514, 'rec_macro': 0.6184419540433472, 'f1_micro': 0.9798900862068965, 'prec_micro': 0.9798900862068965, 'rec_micro': 0.9798900862068965}
epoch 32 time: 1.2e+02s, train loss: 24.01, metrics: {'f1': 0.2435195028211628, 'f1_macro': 0.8219878617654228, 'prec_macro': 0.5737558561736884, 'rec_macro': 0.6167088161876927, 'f1_micro': 0.9800625, 'prec_micro': 0.9800625, 'rec_micro': 0.9800625}
epoch 33 time: 1.2e+02s, train loss: 24.0, metrics: {'f1': 0.24032786885245902, 'f1_macro': 0.8211092386558494, 'prec_macro': 0.5726102746672692, 'rec_macro': 0.615103877645273, 'f1_micro': 0.9800258620689655, 'prec_micro': 0.9800258620689655, 'rec_micro': 0.9800258620689655}
epoch 34 time: 1.2e+02s, train loss: 24.0, metrics: {'f1': 0.23292843072882471, 'f1_macro': 0.8127905190631819, 'prec_macro': 0.5702216616272041, 'rec_macro': 0.6113616620130841, 'f1_micro': 0.9798577586206897, 'prec_micro': 0.9798577586206897, 'rec_micro': 0.9798577586206897}
epoch 35 time: 1.19e+02s, train loss: 24.01, metrics: {'f1': 0.23298107643155566, 'f1_macro': 0.8101394876108694, 'prec_macro': 0.5703499216597894, 'rec_macro': 0.6113785751411529, 'f1_micro': 0.9798211206896552, 'prec_micro': 0.9798211206896552, 'rec_micro': 0.9798211206896552}
epoch 36 time: 1.2e+02s, train loss: 24.0, metrics: {'f1': 0.23339940535183348, 'f1_macro': 0.8228826920003046, 'prec_macro': 0.5699981798269522, 'rec_macro': 0.6116325113476816, 'f1_micro': 0.9799956896551724, 'prec_micro': 0.9799956896551724, 'rec_micro': 0.9799956896551724}
epoch 37 time: 1.2e+02s, train loss: 23.99, metrics: {'f1': 0.2510419220397156, 'f1_macro': 0.8312808543446382, 'prec_macro': 0.5761532794177316, 'rec_macro': 0.6205169370529581, 'f1_micro': 0.9802478448275862, 'prec_micro': 0.9802478448275862, 'rec_micro': 0.9802478448275862}
epoch 38 time: 1.2e+02s, train loss: 23.99, metrics: {'f1': 0.2655448717948718, 'f1_macro': 0.8225142143851936, 'prec_macro': 0.5820804406891393, 'rec_macro': 0.6277665376101238, 'f1_micro': 0.9802456896551724, 'prec_micro': 0.9802456896551724, 'rec_micro': 0.9802456896551724}
epoch 39 time: 1.21e+02s, train loss: 23.99, metrics: {'f1': 0.2696521391443423, 'f1_macro': 0.8250061945520113, 'prec_macro': 0.583537606035593, 'rec_macro': 0.6298380576223517, 'f1_micro': 0.9803168103448275, 'prec_micro': 0.9803168103448275, 'rec_micro': 0.9803168103448275}
epoch 40 time: 1.22e+02s, train loss: 23.99, metrics: {'f1': 0.2583211560318234, 'f1_macro': 0.831306952326434, 'prec_macro': 0.5788798812012006, 'rec_macro': 0.6241719465914652, 'f1_micro': 0.9803103448275862, 'prec_micro': 0.9803103448275862, 'rec_micro': 0.9803103448275862}
epoch 41 time: 1.21e+02s, train loss: 23.99, metrics: {'f1': 0.24411451070461815, 'f1_macro': 0.8274558453877932, 'prec_macro': 0.5737465081862442, 'rec_macro': 0.6170261844630734, 'f1_micro': 0.9801400862068965, 'prec_micro': 0.9801400862068965, 'rec_micro': 0.9801400862068965}
epoch 42 time: 1.21e+02s, train loss: 23.98, metrics: {'f1': 0.23815028901734106, 'f1_macro': 0.8294127232260736, 'prec_macro': 0.5714806745098433, 'rec_macro': 0.6140385134721924, 'f1_micro': 0.9801163793103448, 'prec_micro': 0.9801163793103448, 'rec_micro': 0.9801163793103448}
epoch 43 time: 1.2e+02s, train loss: 23.98, metrics: {'f1': 0.24122011541632313, 'f1_macro': 0.8311692906980301, 'prec_macro': 0.5725337745830562, 'rec_macro': 0.6155853271241267, 'f1_micro': 0.9801637931034483, 'prec_micro': 0.9801637931034483, 'rec_micro': 0.9801637931034484}
epoch 44 time: 1.2e+02s, train loss: 23.99, metrics: {'f1': 0.24983670803396477, 'f1_macro': 0.828298982256879, 'prec_macro': 0.5758339866492163, 'rec_macro': 0.6199017119566866, 'f1_micro': 0.980198275862069, 'prec_micro': 0.980198275862069, 'rec_micro': 0.980198275862069}
epoch 45 time: 1.2e+02s, train loss: 23.99, metrics: {'f1': 0.24770418529053229, 'f1_macro': 0.8187239398012232, 'prec_macro': 0.575464035207826, 'rec_macro': 0.6187974620095196, 'f1_micro': 0.9800495689655172, 'prec_micro': 0.9800495689655172, 'rec_micro': 0.9800495689655172}
epoch 46 time: 1.2e+02s, train loss: 23.99, metrics: {'f1': 0.2464788732394366, 'f1_macro': 0.8281149448115719, 'prec_macro': 0.5745937211585963, 'rec_macro': 0.618215348075208, 'f1_micro': 0.9801681034482759, 'prec_micro': 0.9801681034482759, 'rec_micro': 0.9801681034482759}
epoch 47 time: 1.2e+02s, train loss: 24.0, metrics: {'f1': 0.24481124366726587, 'f1_macro': 0.8226706008045447, 'prec_macro': 0.5742067128012808, 'rec_macro': 0.6173595509112754, 'f1_micro': 0.9800818965517242, 'prec_micro': 0.9800818965517242, 'rec_micro': 0.9800818965517242}
epoch 48 time: 1.19e+02s, train loss: 24.0, metrics: {'f1': 0.24961227654885315, 'f1_macro': 0.8276316059378677, 'prec_macro': 0.5757794863663835, 'rec_macro': 0.6197867497738658, 'f1_micro': 0.9801875, 'prec_micro': 0.9801875, 'rec_micro': 0.9801875}
epoch 49 time: 1.2e+02s, train loss: 23.99, metrics: {'f1': 0.25419154330579863, 'f1_macro': 0.8368233639965826, 'prec_macro': 0.5770858283868404, 'rec_macro': 0.6221169177229406, 'f1_micro': 0.9803469827586206, 'prec_micro': 0.9803469827586206, 'rec_micro': 0.9803469827586206}
epoch 50 time: 1.19e+02s, train loss: 23.99, metrics: {'f1': 0.24452285221957823, 'f1_macro': 0.8285218286469045, 'prec_macro': 0.573853306200915, 'rec_macro': 0.6172347448986685, 'f1_micro': 0.9801573275862069, 'prec_micro': 0.9801573275862069, 'rec_micro': 0.9801573275862069}
epoch 51 time: 1.19e+02s, train loss: 23.99, metrics: {'f1': 0.2464806124969128, 'f1_macro': 0.8363827485735331, 'prec_macro': 0.5742557324151925, 'rec_macro': 0.6182433252919055, 'f1_micro': 0.9802737068965517, 'prec_micro': 0.9802737068965517, 'rec_micro': 0.9802737068965517}
epoch 52 time: 1.2e+02s, train loss: 23.98, metrics: {'f1': 0.24504889473251706, 'f1_macro': 0.8315300684810589, 'prec_macro': 0.573924325616207, 'rec_macro': 0.6175087839960516, 'f1_micro': 0.9802004310344827, 'prec_micro': 0.9802004310344827, 'rec_micro': 0.9802004310344827}
epoch 53 time: 1.2e+02s, train loss: 23.98, metrics: {'f1': 0.2510645266950541, 'f1_macro': 0.8344204759099791, 'prec_macro': 0.5760272219361411, 'rec_macro': 0.6205387495648612, 'f1_micro': 0.9802887931034483, 'prec_micro': 0.9802887931034483, 'rec_micro': 0.9802887931034483}
epoch 54 time: 1.19e+02s, train loss: 23.98, metrics: {'f1': 0.24468610973801283, 'f1_macro': 0.8350301636772044, 'prec_macro': 0.5736512864185774, 'rec_macro': 0.617337934010187, 'f1_micro': 0.9802413793103448, 'prec_micro': 0.9802413793103448, 'rec_micro': 0.9802413793103448}
epoch 55 time: 1.2e+02s, train loss: 23.99, metrics: {'f1': 0.24217016029593094, 'f1_macro': 0.8280138138837274, 'prec_macro': 0.5730071945040602, 'rec_macro': 0.6160519682882964, 'f1_micro': 0.9801314655172414, 'prec_micro': 0.9801314655172414, 'rec_micro': 0.9801314655172414}
epoch 56 time: 1.2e+02s, train loss: 24.0, metrics: {'f1': 0.25684516598013085, 'f1_macro': 0.8221609618717505, 'prec_macro': 0.578759304388531, 'rec_macro': 0.623398113205144, 'f1_micro': 0.9801702586206896, 'prec_micro': 0.9801702586206896, 'rec_micro': 0.9801702586206896}
epoch 57 time: 1.2e+02s, train loss: 24.0, metrics: {'f1': 0.2584541062801932, 'f1_macro': 0.8199547333749317, 'prec_macro': 0.5794843014892502, 'rec_macro': 0.6241974544157907, 'f1_micro': 0.9801508620689655, 'prec_micro': 0.9801508620689655, 'rec_micro': 0.9801508620689655}
epoch 58 time: 1.2e+02s, train loss: 24.0, metrics: {'f1': 0.24981595092024542, 'f1_macro': 0.8310864563839142, 'prec_macro': 0.5757057266166311, 'rec_macro': 0.6199007411503851, 'f1_micro': 0.9802349137931035, 'prec_micro': 0.9802349137931035, 'rec_micro': 0.9802349137931035}
epoch 59 time: 1.2e+02s, train loss: 24.01, metrics: {'f1': 0.24831994754958203, 'f1_macro': 0.8318958618116985, 'prec_macro': 0.575116698476978, 'rec_macro': 0.6191523192483562, 'f1_micro': 0.9802327586206897, 'prec_micro': 0.9802327586206897, 'rec_micro': 0.9802327586206897}
epoch 60 time: 1.2e+02s, train loss: 24.0, metrics: {'f1': 0.2528135703800359, 'f1_macro': 0.8306332497503309, 'prec_macro': 0.576842497919072, 'rec_macro': 0.6214042626344398, 'f1_micro': 0.9802543103448276, 'prec_micro': 0.9802543103448276, 'rec_micro': 0.9802543103448276}
epoch 61 time: 1.2e+02s, train loss: 23.99, metrics: {'f1': 0.2500614502253175, 'f1_macro': 0.8339206679422755, 'prec_macro': 0.5756765556702359, 'rec_macro': 0.6200334276825571, 'f1_micro': 0.9802737068965517, 'prec_micro': 0.9802737068965517, 'rec_micro': 0.9802737068965517}
epoch 62 time: 1.2e+02s, train loss: 23.99, metrics: {'f1': 0.23834282413138563, 'f1_macro': 0.828773083225498, 'prec_macro': 0.5715753584940441, 'rec_macro': 0.6141331047709838, 'f1_micro': 0.9801099137931034, 'prec_micro': 0.9801099137931034, 'rec_micro': 0.9801099137931034}
epoch 63 time: 1.19e+02s, train loss: 24.0, metrics: {'f1': 0.23140221095503286, 'f1_macro': 0.8302157344660361, 'prec_macro': 0.5690078524570843, 'rec_macro': 0.6106534455676286, 'f1_micro': 0.9800711206896552, 'prec_micro': 0.9800711206896552, 'rec_micro': 0.9800711206896552}
epoch 64 time: 1.2e+02s, train loss: 24.02, metrics: {'f1': 0.23156146179401996, 'f1_macro': 0.8292193646704045, 'prec_macro': 0.5691003338902905, 'rec_macro': 0.6107302920132159, 'f1_micro': 0.9800603448275862, 'prec_micro': 0.9800603448275862, 'rec_micro': 0.9800603448275862}
epoch 65 time: 1.2e+02s, train loss: 24.01, metrics: {'f1': 0.23719587628865976, 'f1_macro': 0.8261059239501929, 'prec_macro': 0.5712593695520205, 'rec_macro': 0.613548668320391, 'f1_micro': 0.9800668103448276, 'prec_micro': 0.9800668103448276, 'rec_micro': 0.9800668103448276}
epoch 66 time: 1.2e+02s, train loss: 24.01, metrics: {'f1': 0.2504633733580466, 'f1_macro': 0.8108878878085436, 'prec_macro': 0.5768853962463353, 'rec_macro': 0.6201524537027272, 'f1_micro': 0.9799547413793104, 'prec_micro': 0.9799547413793104, 'rec_micro': 0.9799547413793105}
epoch 67 time: 1.2e+02s, train loss: 24.02, metrics: {'f1': 0.2516087516087516, 'f1_macro': 0.8099352391048461, 'prec_macro': 0.5773720314733066, 'rec_macro': 0.6207233769053317, 'f1_micro': 0.979948275862069, 'prec_micro': 0.979948275862069, 'rec_micro': 0.979948275862069}
epoch 68 time: 1.2e+02s, train loss: 24.04, metrics: {'f1': 0.24353046158838323, 'f1_macro': 0.8107218558455762, 'prec_macro': 0.5742622886510454, 'rec_macro': 0.6166733475563982, 'f1_micro': 0.9799030172413793, 'prec_micro': 0.9799030172413793, 'rec_micro': 0.9799030172413793}
epoch 69 time: 1.2e+02s, train loss: 24.04, metrics: {'f1': 0.2713450292397661, 'f1_macro': 0.7969720187312801, 'prec_macro': 0.5859498065188707, 'rec_macro': 0.6305669337200552, 'f1_micro': 0.9798599137931034, 'prec_micro': 0.9798599137931034, 'rec_micro': 0.9798599137931034}
epoch 70 time: 1.2e+02s, train loss: 24.03, metrics: {'f1': 0.2676791646891315, 'f1_macro': 0.8089419594562706, 'prec_macro': 0.5836939100305107, 'rec_macro': 0.6287825445517022, 'f1_micro': 0.9800474137931035, 'prec_micro': 0.9800474137931035, 'rec_micro': 0.9800474137931035}
epoch 71 time: 1.2e+02s, train loss: 24.03, metrics: {'f1': 0.24987830601979558, 'f1_macro': 0.819216100670899, 'prec_macro': 0.5762600517238372, 'rec_macro': 0.6198904129561232, 'f1_micro': 0.9800732758620689, 'prec_micro': 0.9800732758620689, 'rec_micro': 0.9800732758620689}
epoch 72 time: 1.2e+02s, train loss: 24.05, metrics: {'f1': 0.24261073771155559, 'f1_macro': 0.8071126211213986, 'prec_macro': 0.5740844712210826, 'rec_macro': 0.616198073609008, 'f1_micro': 0.9798426724137931, 'prec_micro': 0.9798426724137931, 'rec_micro': 0.9798426724137931}
epoch 73 time: 1.2e+02s, train loss: 24.04, metrics: {'f1': 0.24537627551020408, 'f1_macro': 0.7910865897354662, 'prec_macro': 0.5759687772090891, 'rec_macro': 0.6175180367344085, 'f1_micro': 0.9795991379310345, 'prec_micro': 0.9795991379310345, 'rec_micro': 0.9795991379310345}
epoch 74 time: 1.2e+02s, train loss: 24.03, metrics: {'f1': 0.2473960436011304, 'f1_macro': 0.8094836649299495, 'prec_macro': 0.5757855048187706, 'rec_macro': 0.61860800033958, 'f1_micro': 0.9799116379310345, 'prec_micro': 0.9799116379310345, 'rec_micro': 0.9799116379310345}
epoch 75 time: 1.2e+02s, train loss: 24.02, metrics: {'f1': 0.2399737554334454, 'f1_macro': 0.8214733556841745, 'prec_macro': 0.5724643942267276, 'rec_macro': 0.6149274055790344, 'f1_micro': 0.9800280172413793, 'prec_micro': 0.9800280172413793, 'rec_micro': 0.9800280172413793}
epoch 76 time: 1.2e+02s, train loss: 24.03, metrics: {'f1': 0.23643538309766524, 'f1_macro': 0.8201139268734721, 'prec_macro': 0.5712164198076266, 'rec_macro': 0.6131469146848526, 'f1_micro': 0.9799827586206896, 'prec_micro': 0.9799827586206896, 'rec_micro': 0.9799827586206896}
epoch 77 time: 1.2e+02s, train loss: 24.04, metrics: {'f1': 0.2296137339055794, 'f1_macro': 0.8164618700107301, 'prec_macro': 0.5688630475834745, 'rec_macro': 0.6097112434895564, 'f1_micro': 0.9798836206896552, 'prec_micro': 0.9798836206896552, 'rec_micro': 0.9798836206896552}
epoch 78 time: 1.2e+02s, train loss: 24.04, metrics: {'f1': 0.22882615156017833, 'f1_macro': 0.8155898881113408, 'prec_macro': 0.5686092678527647, 'rec_macro': 0.6093130960882935, 'f1_micro': 0.9798663793103448, 'prec_micro': 0.9798663793103448, 'rec_micro': 0.9798663793103448}
epoch 79 time: 1.2e+02s, train loss: 24.04, metrics: {'f1': 0.22998928365344984, 'f1_macro': 0.8151233789285255, 'prec_macro': 0.5690513142763789, 'rec_macro': 0.6098951134007164, 'f1_micro': 0.9798685344827586, 'prec_micro': 0.9798685344827586, 'rec_micro': 0.9798685344827586}
epoch 80 time: 1.2e+02s, train loss: 24.04, metrics: {'f1': 0.22916150351094586, 'f1_macro': 0.8172032285297662, 'prec_macro': 0.568670375788581, 'rec_macro': 0.6094868272335572, 'f1_micro': 0.9798900862068965, 'prec_micro': 0.9798900862068965, 'rec_micro': 0.9798900862068965}
epoch 81 time: 1.2e+02s, train loss: 24.03, metrics: {'f1': 0.22833994708994712, 'f1_macro': 0.817167864720044, 'prec_macro': 0.5683731085300113, 'rec_macro': 0.609074461351556, 'f1_micro': 0.9798836206896552, 'prec_micro': 0.9798836206896552, 'rec_micro': 0.9798836206896552}
epoch 82 time: 1.2e+02s, train loss: 24.04, metrics: {'f1': 0.233520105471325, 'f1_macro': 0.8194987927845843, 'prec_macro': 0.570172129938392, 'rec_macro': 0.6116817878404379, 'f1_micro': 0.9799525862068965, 'prec_micro': 0.9799525862068965, 'rec_micro': 0.9799525862068965}
epoch 83 time: 1.21e+02s, train loss: 24.05, metrics: {'f1': 0.23326488706365503, 'f1_macro': 0.8143408013209097, 'prec_macro': 0.5702827695630206, 'rec_macro': 0.6115359458384909, 'f1_micro': 0.9798814655172414, 'prec_micro': 0.9798814655172414, 'rec_micro': 0.9798814655172414}
epoch 84 time: 1.21e+02s, train loss: 24.06, metrics: {'f1': 0.244212585588523, 'f1_macro': 0.8183168367450673, 'prec_macro': 0.5741736745363624, 'rec_macro': 0.6170436762208535, 'f1_micro': 0.9800172413793103, 'prec_micro': 0.9800172413793103, 'rec_micro': 0.9800172413793103}
epoch 85 time: 1.21e+02s, train loss: 24.06, metrics: {'f1': 0.24675745784695202, 'f1_macro': 0.8139804487133717, 'prec_macro': 0.5753275027547285, 'rec_macro': 0.6183048153481908, 'f1_micro': 0.9799741379310345, 'prec_micro': 0.9799741379310345, 'rec_micro': 0.9799741379310345}
epoch 86 time: 1.21e+02s, train loss: 24.06, metrics: {'f1': 0.24684975767366718, 'f1_macro': 0.8093098515066451, 'prec_macro': 0.5755862253708934, 'rec_macro': 0.6183332469371373, 'f1_micro': 0.9799051724137932, 'prec_micro': 0.9799051724137932, 'rec_micro': 0.9799051724137932}
epoch 87 time: 1.21e+02s, train loss: 24.06, metrics: {'f1': 0.25388933440256617, 'f1_macro': 0.8089008217778164, 'prec_macro': 0.5783029156748868, 'rec_macro': 0.6218634574102331, 'f1_micro': 0.979948275862069, 'prec_micro': 0.979948275862069, 'rec_micro': 0.979948275862069}
epoch 88 time: 1.21e+02s, train loss: 24.06, metrics: {'f1': 0.24751916095199675, 'f1_macro': 0.8085799346456324, 'prec_macro': 0.5758768849764795, 'rec_macro': 0.6186662269010398, 'f1_micro': 0.9798987068965517, 'prec_micro': 0.9798987068965517, 'rec_micro': 0.9798987068965517}
epoch 89 time: 1.21e+02s, train loss: 24.06, metrics: {'f1': 0.24622871046228714, 'f1_macro': 0.8139502046479394, 'prec_macro': 0.5751293245823487, 'rec_macro': 0.6180393828065801, 'f1_micro': 0.9799698275862069, 'prec_micro': 0.9799698275862069, 'rec_micro': 0.9799698275862069}
epoch 90 time: 1.21e+02s, train loss: 24.04, metrics: {'f1': 0.2403069137213289, 'f1_macro': 0.8150148154741921, 'prec_macro': 0.5728612883549532, 'rec_macro': 0.615071824229889, 'f1_micro': 0.9799418103448276, 'prec_micro': 0.9799418103448276, 'rec_micro': 0.9799418103448276}
epoch 91 time: 1.2e+02s, train loss: 24.04, metrics: {'f1': 0.23840195678760703, 'f1_macro': 0.8108271714294345, 'prec_macro': 0.5723339059345824, 'rec_macro': 0.6141007037510302, 'f1_micro': 0.9798685344827586, 'prec_micro': 0.9798685344827586, 'rec_micro': 0.9798685344827586}
epoch 92 time: 1.2e+02s, train loss: 24.03, metrics: {'f1': 0.24569422904252713, 'f1_macro': 0.8223192731110569, 'prec_macro': 0.5745507714142024, 'rec_macro': 0.6178015179658756, 'f1_micro': 0.9800840517241379, 'prec_micro': 0.9800840517241379, 'rec_micro': 0.9800840517241379}
epoch 93 time: 1.2e+02s, train loss: 24.04, metrics: {'f1': 0.2367473821989529, 'f1_macro': 0.8133182815184743, 'prec_macro': 0.5716111113848577, 'rec_macro': 0.6132796506354329, 'f1_micro': 0.9798922413793103, 'prec_micro': 0.9798922413793103, 'rec_micro': 0.9798922413793103}
epoch 94 time: 1.21e+02s, train loss: 24.06, metrics: {'f1': 0.2290152015862525, 'f1_macro': 0.8171204452622085, 'prec_macro': 0.5686202806077375, 'rec_macro': 0.6094131359193852, 'f1_micro': 0.9798879310344828, 'prec_micro': 0.9798879310344828, 'rec_micro': 0.9798879310344828}
epoch 95 time: 1.2e+02s, train loss: 24.07, metrics: {'f1': 0.2294865444939739, 'f1_macro': 0.8165318648695241, 'prec_macro': 0.5688140536781282, 'rec_macro': 0.6096476599109539, 'f1_micro': 0.9798836206896552, 'prec_micro': 0.9798836206896552, 'rec_micro': 0.9798836206896552}
epoch 96 time: 1.2e+02s, train loss: 24.09, metrics: {'f1': 0.22937592623085787, 'f1_macro': 0.8124113140294273, 'prec_macro': 0.5689324022312379, 'rec_macro': 0.6095779783361955, 'f1_micro': 0.9798275862068966, 'prec_micro': 0.9798275862068966, 'rec_micro': 0.9798275862068966}
epoch 97 time: 1.2e+02s, train loss: 24.11, metrics: {'f1': 0.23547675463681675, 'f1_macro': 0.8098400997395165, 'prec_macro': 0.5712874135143532, 'rec_macro': 0.612629511577238, 'f1_micro': 0.979834051724138, 'prec_micro': 0.979834051724138, 'rec_micro': 0.979834051724138}
epoch 98 time: 1.2e+02s, train loss: 24.08, metrics: {'f1': 0.24817872753763967, 'f1_macro': 0.8138586048794596, 'prec_macro': 0.5758708408155272, 'rec_macro': 0.619017534699507, 'f1_micro': 0.9799827586206896, 'prec_micro': 0.9799827586206896, 'rec_micro': 0.9799827586206896}
epoch 99 time: 1.2e+02s, train loss: 24.07, metrics: {'f1': 0.2497994545162843, 'f1_macro': 0.8041532141398274, 'prec_macro': 0.576976212912013, 'rec_macro': 0.6197923254576628, 'f1_micro': 0.979844827586207, 'prec_micro': 0.979844827586207, 'rec_micro': 0.979844827586207}
epoch 100 time: 1.21e+02s, train loss: 24.08, metrics: {'f1': 0.2536764705882353, 'f1_macro': 0.8044175768958957, 'prec_macro': 0.5784614479293645, 'rec_macro': 0.6217382230602052, 'f1_micro': 0.979875, 'prec_micro': 0.979875, 'rec_micro': 0.979875}
post-training summary -- best {'f1': 0.2713450292397661, 'f1_macro': 0.7969720187312801, 'prec_macro': 0.5859498065188707, 'rec_macro': 0.6305669337200552, 'f1_micro': 0.9798599137931034, 'prec_micro': 0.9798599137931034, 'rec_micro': 0.9798599137931034}
run 5 start -- seed=4
initialized continuityBERT with 527361 parameters.
/home/azureuser/.local/lib/python3.8/site-packages/sklearn/metrics/_classification.py:1344: UndefinedMetricWarning: Precision and F-score are ill-defined and being set to 0.0 in labels with no predicted samples. Use `zero_division` parameter to control this behavior.
  _warn_prf(average, modifier, msg_start, len(result))
epoch 1 time: 1.19e+02s, train loss: 24.7, metrics: {'f1': 0.0, 'f1_macro': 0.4892446120689655, 'prec_macro': 0.5, 'rec_macro': 0.49456383800335285, 'f1_micro': 0.978489224137931, 'prec_micro': 0.978489224137931, 'rec_micro': 0.978489224137931}
epoch 2 time: 1.19e+02s, train loss: 24.57, metrics: {'f1': 0.11648777054372693, 'f1_macro': 0.7289170794921087, 'prec_macro': 0.532366787533931, 'rec_macro': 0.5527662355228906, 'f1_micro': 0.9783577586206896, 'prec_micro': 0.9783577586206896, 'rec_micro': 0.9783577586206895}
epoch 3 time: 1.19e+02s, train loss: 24.34, metrics: {'f1': 0.19614540131739447, 'f1_macro': 0.7508594409930611, 'prec_macro': 0.5591923722954032, 'rec_macro': 0.592675208240304, 'f1_micro': 0.9786961206896552, 'prec_micro': 0.9786961206896552, 'rec_micro': 0.9786961206896552}
epoch 4 time: 1.19e+02s, train loss: 24.24, metrics: {'f1': 0.20363757163026328, 'f1_macro': 0.7880964766155063, 'prec_macro': 0.5604982279495248, 'rec_macro': 0.5965843812184193, 'f1_micro': 0.9793340517241379, 'prec_micro': 0.9793340517241379, 'rec_micro': 0.9793340517241379}
epoch 5 time: 1.19e+02s, train loss: 24.21, metrics: {'f1': 0.21494319595322997, 'f1_macro': 0.8024373682428516, 'prec_macro': 0.5640621569344356, 'rec_macro': 0.6023036886898814, 'f1_micro': 0.9795969827586207, 'prec_micro': 0.9795969827586207, 'rec_micro': 0.9795969827586207}
epoch 6 time: 1.19e+02s, train loss: 24.17, metrics: {'f1': 0.2594705975590426, 'f1_macro': 0.8013478242800531, 'prec_macro': 0.5809045355436969, 'rec_macro': 0.6246314186507881, 'f1_micro': 0.9798620689655172, 'prec_micro': 0.9798620689655172, 'rec_micro': 0.9798620689655172}
epoch 7 time: 1.19e+02s, train loss: 24.12, metrics: {'f1': 0.22339635102782132, 'f1_macro': 0.8079673613040289, 'prec_macro': 0.5669208860690128, 'rec_macro': 0.6065627166636376, 'f1_micro': 0.9797262931034483, 'prec_micro': 0.9797262931034483, 'rec_micro': 0.9797262931034483}
epoch 8 time: 1.19e+02s, train loss: 24.12, metrics: {'f1': 0.23034076015727392, 'f1_macro': 0.8063864416162172, 'prec_macro': 0.569529677082838, 'rec_macro': 0.6100403942303221, 'f1_micro': 0.97975, 'prec_micro': 0.97975, 'rec_micro': 0.97975}
epoch 9 time: 1.19e+02s, train loss: 24.1, metrics: {'f1': 0.24867809645890082, 'f1_macro': 0.801143692174592, 'prec_macro': 0.576702610222352, 'rec_macro': 0.6192173575581583, 'f1_micro': 0.9797887931034482, 'prec_micro': 0.9797887931034482, 'rec_micro': 0.9797887931034482}
epoch 10 time: 1.19e+02s, train loss: 24.08, metrics: {'f1': 0.2294920269603814, 'f1_macro': 0.8101559534114612, 'prec_macro': 0.569063966090315, 'rec_macro': 0.6096282738024762, 'f1_micro': 0.9797974137931035, 'prec_micro': 0.9797974137931035, 'rec_micro': 0.9797974137931035}
epoch 11 time: 1.19e+02s, train loss: 24.08, metrics: {'f1': 0.22855726326227072, 'f1_macro': 0.8167178271703526, 'prec_macro': 0.5684688937897094, 'rec_macro': 0.6091819942326477, 'f1_micro': 0.9798793103448276, 'prec_micro': 0.9798793103448276, 'rec_micro': 0.9798793103448276}
epoch 12 time: 1.19e+02s, train loss: 24.07, metrics: {'f1': 0.23161009287416787, 'f1_macro': 0.8129973408772189, 'prec_macro': 0.5697284187472491, 'rec_macro': 0.6107009499478768, 'f1_micro': 0.9798512931034483, 'prec_micro': 0.9798512931034483, 'rec_micro': 0.9798512931034483}
epoch 13 time: 1.19e+02s, train loss: 24.07, metrics: {'f1': 0.24132607459169575, 'f1_macro': 0.8100162429571274, 'prec_macro': 0.573465170859537, 'rec_macro': 0.6155647128574171, 'f1_micro': 0.9798771551724138, 'prec_micro': 0.9798771551724138, 'rec_micro': 0.9798771551724138}
epoch 14 time: 1.19e+02s, train loss: 24.05, metrics: {'f1': 0.2278104061543552, 'f1_macro': 0.8172990376468399, 'prec_macro': 0.5681760316331288, 'rec_macro': 0.6088091839224781, 'f1_micro': 0.9798814655172414, 'prec_micro': 0.9798814655172414, 'rec_micro': 0.9798814655172414}
epoch 15 time: 1.19e+02s, train loss: 24.05, metrics: {'f1': 0.22900008243343498, 'f1_macro': 0.8137215344758567, 'prec_macro': 0.5687441355383336, 'rec_macro': 0.6093939616354674, 'f1_micro': 0.9798426724137931, 'prec_micro': 0.9798426724137931, 'rec_micro': 0.9798426724137931}
epoch 16 time: 1.19e+02s, train loss: 24.04, metrics: {'f1': 0.22785018973766707, 'f1_macro': 0.813202643732945, 'prec_macro': 0.568344475367082, 'rec_macro': 0.6088152439934986, 'f1_micro': 0.9798275862068966, 'prec_micro': 0.9798275862068966, 'rec_micro': 0.9798275862068966}
epoch 17 time: 1.19e+02s, train loss: 24.03, metrics: {'f1': 0.22725020644095786, 'f1_macro': 0.8138410398526901, 'prec_macro': 0.568101708391345, 'rec_macro': 0.6085164111286339, 'f1_micro': 0.9798318965517241, 'prec_micro': 0.9798318965517241, 'rec_micro': 0.9798318965517241}
epoch 18 time: 1.19e+02s, train loss: 24.03, metrics: {'f1': 0.2447415620414153, 'f1_macro': 0.8192632353864981, 'prec_macro': 0.5743294664563796, 'rec_macro': 0.6173125435849457, 'f1_micro': 0.9800344827586207, 'prec_micro': 0.9800344827586207, 'rec_micro': 0.9800344827586207}
epoch 19 time: 1.19e+02s, train loss: 24.02, metrics: {'f1': 0.24321211123909822, 'f1_macro': 0.8308770066341812, 'prec_macro': 0.5732752908162347, 'rec_macro': 0.6165844690209289, 'f1_micro': 0.980176724137931, 'prec_micro': 0.980176724137931, 'rec_micro': 0.980176724137931}
epoch 20 time: 1.19e+02s, train loss: 24.02, metrics: {'f1': 0.2409005011913565, 'f1_macro': 0.8254840369524757, 'prec_macro': 0.5726422116566904, 'rec_macro': 0.6154061866929191, 'f1_micro': 0.9800883620689655, 'prec_micro': 0.9800883620689655, 'rec_micro': 0.9800883620689655}
epoch 21 time: 1.19e+02s, train loss: 24.02, metrics: {'f1': 0.24390640233994149, 'f1_macro': 0.8133342743253285, 'prec_macro': 0.5742832128854938, 'rec_macro': 0.6168717982528327, 'f1_micro': 0.9799439655172414, 'prec_micro': 0.9799439655172414, 'rec_micro': 0.9799439655172414}
epoch 22 time: 1.19e+02s, train loss: 24.01, metrics: {'f1': 0.24148403513092015, 'f1_macro': 0.8248005469078354, 'prec_macro': 0.5728849786324274, 'rec_macro': 0.6156967956488545, 'f1_micro': 0.9800840517241379, 'prec_micro': 0.9800840517241379, 'rec_micro': 0.9800840517241379}
epoch 23 time: 1.19e+02s, train loss: 24.01, metrics: {'f1': 0.2440867279894875, 'f1_macro': 0.8292989780937575, 'prec_macro': 0.5736606344060216, 'rec_macro': 0.6170183810285843, 'f1_micro': 0.9801637931034483, 'prec_micro': 0.9801637931034483, 'rec_micro': 0.9801637931034484}
epoch 24 time: 1.19e+02s, train loss: 24.01, metrics: {'f1': 0.24090834293236796, 'f1_macro': 0.8276404964750383, 'prec_macro': 0.5725585404274623, 'rec_macro': 0.6154172984547825, 'f1_micro': 0.9801163793103448, 'prec_micro': 0.9801163793103448, 'rec_micro': 0.9801163793103448}
epoch 25 time: 1.19e+02s, train loss: 24.0, metrics: {'f1': 0.234185065740511, 'f1_macro': 0.8259555445161046, 'prec_macro': 0.570168288328434, 'rec_macro': 0.6120368885744918, 'f1_micro': 0.9800409482758621, 'prec_micro': 0.9800409482758621, 'rec_micro': 0.9800409482758621}
epoch 26 time: 1.2e+02s, train loss: 24.01, metrics: {'f1': 0.2370127205580632, 'f1_macro': 0.818342947968367, 'prec_macro': 0.571500471760229, 'rec_macro': 0.6134305534839911, 'f1_micro': 0.9799633620689655, 'prec_micro': 0.9799633620689655, 'rec_micro': 0.9799633620689655}
epoch 27 time: 1.2e+02s, train loss: 24.01, metrics: {'f1': 0.23540115798180314, 'f1_macro': 0.8280995890233613, 'prec_macro': 0.5705299673493122, 'rec_macro': 0.612654231642363, 'f1_micro': 0.9800775862068966, 'prec_micro': 0.9800775862068966, 'rec_micro': 0.9800775862068966}
epoch 28 time: 1.19e+02s, train loss: 24.0, metrics: {'f1': 0.23326706428098082, 'f1_macro': 0.827401047468654, 'prec_macro': 0.56978184346315, 'rec_macro': 0.6115807332305324, 'f1_micro': 0.9800517241379311, 'prec_micro': 0.9800517241379311, 'rec_micro': 0.9800517241379311}
epoch 29 time: 1.19e+02s, train loss: 24.02, metrics: {'f1': 0.24637093504176466, 'f1_macro': 0.8140265375583879, 'prec_macro': 0.5751794197631922, 'rec_macro': 0.6181110356027983, 'f1_micro': 0.9799719827586207, 'prec_micro': 0.9799719827586207, 'rec_micro': 0.9799719827586207}
epoch 30 time: 1.2e+02s, train loss: 24.01, metrics: {'f1': 0.2533973472210921, 'f1_macro': 0.8281820609029216, 'prec_macro': 0.5771711386750317, 'rec_macro': 0.6216889052447625, 'f1_micro': 0.9802262931034482, 'prec_micro': 0.9802262931034482, 'rec_micro': 0.9802262931034482}
epoch 31 time: 1.2e+02s, train loss: 24.0, metrics: {'f1': 0.23674618952948973, 'f1_macro': 0.8324453000222904, 'prec_macro': 0.5708569690463084, 'rec_macro': 0.6133432234211458, 'f1_micro': 0.9801422413793104, 'prec_micro': 0.9801422413793104, 'rec_micro': 0.9801422413793104}
epoch 32 time: 1.2e+02s, train loss: 24.01, metrics: {'f1': 0.2332395298791591, 'f1_macro': 0.8260374311232146, 'prec_macro': 0.569822027164518, 'rec_macro': 0.6115625436599453, 'f1_micro': 0.9800344827586207, 'prec_micro': 0.9800344827586207, 'rec_micro': 0.9800344827586207}
epoch 33 time: 1.2e+02s, train loss: 24.0, metrics: {'f1': 0.2416140408431067, 'f1_macro': 0.8237445809934687, 'prec_macro': 0.5729763587901364, 'rec_macro': 0.6157584676151214, 'f1_micro': 0.9800711206896552, 'prec_micro': 0.9800711206896552, 'rec_micro': 0.9800711206896552}
epoch 34 time: 1.2e+02s, train loss: 24.0, metrics: {'f1': 0.250814332247557, 'f1_macro': 0.8257870322234375, 'prec_macro': 0.5763107103967121, 'rec_macro': 0.6203837965348211, 'f1_micro': 0.9801724137931035, 'prec_micro': 0.9801724137931035, 'rec_micro': 0.9801724137931035}
epoch 35 time: 1.2e+02s, train loss: 24.01, metrics: {'f1': 0.2573952508306994, 'f1_macro': 0.8276356616241103, 'prec_macro': 0.578703165046735, 'rec_macro': 0.623694136132744, 'f1_micro': 0.9802521551724138, 'prec_micro': 0.9802521551724138, 'rec_micro': 0.9802521551724138}
epoch 36 time: 1.2e+02s, train loss: 23.99, metrics: {'f1': 0.28193553496475804, 'f1_macro': 0.8274687960366265, 'prec_macro': 0.5882157173209678, 'rec_macro': 0.6360151416129247, 'f1_micro': 0.9804590517241379, 'prec_micro': 0.9804590517241379, 'rec_micro': 0.9804590517241379}
epoch 37 time: 1.2e+02s, train loss: 23.99, metrics: {'f1': 0.26644182124789206, 'f1_macro': 0.8265425480712191, 'prec_macro': 0.5822125680402477, 'rec_macro': 0.6282320897332654, 'f1_micro': 0.9803125, 'prec_micro': 0.9803125, 'rec_micro': 0.9803125}
epoch 38 time: 1.2e+02s, train loss: 23.99, metrics: {'f1': 0.23633653527658166, 'f1_macro': 0.8313133125996137, 'prec_macro': 0.5707501710316376, 'rec_macro': 0.6131340071537964, 'f1_micro': 0.980125, 'prec_micro': 0.980125, 'rec_micro': 0.980125}
epoch 39 time: 1.19e+02s, train loss: 24.0, metrics: {'f1': 0.23937267849773006, 'f1_macro': 0.8305022193679752, 'prec_macro': 0.571884739783084, 'rec_macro': 0.6146556858371376, 'f1_micro': 0.9801400862068965, 'prec_micro': 0.9801400862068965, 'rec_micro': 0.9801400862068965}
epoch 40 time: 1.2e+02s, train loss: 24.01, metrics: {'f1': 0.24140766321328727, 'f1_macro': 0.8273260558633482, 'prec_macro': 0.5727545160488476, 'rec_macro': 0.6156669145973036, 'f1_micro': 0.9801163793103448, 'prec_micro': 0.9801163793103448, 'rec_micro': 0.9801163793103448}
epoch 41 time: 1.2e+02s, train loss: 24.0, metrics: {'f1': 0.24131385656515636, 'f1_macro': 0.8330060526272598, 'prec_macro': 0.57249689470818, 'rec_macro': 0.6156382741531752, 'f1_micro': 0.9801875, 'prec_micro': 0.9801875, 'rec_micro': 0.9801875}
epoch 42 time: 1.2e+02s, train loss: 24.0, metrics: {'f1': 0.2362296032469146, 'f1_macro': 0.831561677640988, 'prec_macro': 0.5707022784017886, 'rec_macro': 0.6130811035230629, 'f1_micro': 0.9801271551724138, 'prec_micro': 0.9801271551724138, 'rec_micro': 0.9801271551724138}
epoch 43 time: 1.2e+02s, train loss: 24.0, metrics: {'f1': 0.2344861823597551, 'f1_macro': 0.8273090672451573, 'prec_macro': 0.5702271937132559, 'rec_macro': 0.6121923986476092, 'f1_micro': 0.9800603448275862, 'prec_micro': 0.9800603448275862, 'rec_micro': 0.9800603448275862}
epoch 44 time: 1.2e+02s, train loss: 23.99, metrics: {'f1': 0.23084577114427862, 'f1_macro': 0.825479290476552, 'prec_macro': 0.5689759154676631, 'rec_macro': 0.6103592351146857, 'f1_micro': 0.9800086206896552, 'prec_micro': 0.9800086206896552, 'rec_micro': 0.9800086206896552}
epoch 45 time: 1.2e+02s, train loss: 24.01, metrics: {'f1': 0.23266589442329969, 'f1_macro': 0.8246843331736843, 'prec_macro': 0.5696640326935062, 'rec_macro': 0.6112702448181937, 'f1_micro': 0.9800129310344827, 'prec_micro': 0.9800129310344827, 'rec_micro': 0.9800129310344827}
epoch 46 time: 1.21e+02s, train loss: 24.0, metrics: {'f1': 0.23569358178053834, 'f1_macro': 0.8305165351351314, 'prec_macro': 0.5705464864817713, 'rec_macro': 0.6128087146285666, 'f1_micro': 0.9801099137931034, 'prec_micro': 0.9801099137931034, 'rec_micro': 0.9801099137931034}
epoch 47 time: 1.2e+02s, train loss: 24.0, metrics: {'f1': 0.23957905122091594, 'f1_macro': 0.8246392672082394, 'prec_macro': 0.5721902537536007, 'rec_macro': 0.6147400462817127, 'f1_micro': 0.9800668103448276, 'prec_micro': 0.9800668103448276, 'rec_micro': 0.9800668103448276}
epoch 48 time: 1.2e+02s, train loss: 24.05, metrics: {'f1': 0.22719762062128218, 'f1_macro': 0.8145178637548804, 'prec_macro': 0.5680571195879878, 'rec_macro': 0.6084923353396836, 'f1_micro': 0.9798405172413793, 'prec_micro': 0.9798405172413793, 'rec_micro': 0.9798405172413793}
epoch 49 time: 1.2e+02s, train loss: 24.06, metrics: {'f1': 0.23561417971970322, 'f1_macro': 0.8232218261709985, 'prec_macro': 0.5707930950674662, 'rec_macro': 0.6127452361033141, 'f1_micro': 0.9800172413793103, 'prec_micro': 0.9800172413793103, 'rec_micro': 0.9800172413793103}
epoch 50 time: 1.2e+02s, train loss: 24.04, metrics: {'f1': 0.24407835423325958, 'f1_macro': 0.8261655056676496, 'prec_macro': 0.5737866918876122, 'rec_macro': 0.6170036835203276, 'f1_micro': 0.9801228448275862, 'prec_micro': 0.9801228448275862, 'rec_micro': 0.9801228448275862}
epoch 51 time: 1.2e+02s, train loss: 24.03, metrics: {'f1': 0.2475957620211899, 'f1_macro': 0.822640540390726, 'prec_macro': 0.5752465975685264, 'rec_macro': 0.6187570938790169, 'f1_micro': 0.980103448275862, 'prec_micro': 0.980103448275862, 'rec_micro': 0.980103448275862}
epoch 52 time: 1.2e+02s, train loss: 24.01, metrics: {'f1': 0.25359668373567423, 'f1_macro': 0.8267973199392984, 'prec_macro': 0.5773093101870923, 'rec_macro': 0.6217841286510197, 'f1_micro': 0.980209051724138, 'prec_micro': 0.980209051724138, 'rec_micro': 0.980209051724138}
epoch 53 time: 1.21e+02s, train loss: 24.0, metrics: {'f1': 0.24844820636839984, 'f1_macro': 0.8087204465675956, 'prec_macro': 0.5762242474158928, 'rec_macro': 0.61913287835226, 'f1_micro': 0.9799073275862069, 'prec_micro': 0.9799073275862069, 'rec_micro': 0.9799073275862069}
epoch 54 time: 1.21e+02s, train loss: 24.01, metrics: {'f1': 0.25190098689532436, 'f1_macro': 0.8178390529399449, 'prec_macro': 0.5770907455637301, 'rec_macro': 0.6209004627586782, 'f1_micro': 0.9800689655172414, 'prec_micro': 0.9800689655172414, 'rec_micro': 0.9800689655172414}
epoch 55 time: 1.21e+02s, train loss: 24.0, metrics: {'f1': 0.24147843942505134, 'f1_macro': 0.8257896494603915, 'prec_macro': 0.5728425923800647, 'rec_macro': 0.6156973176024064, 'f1_micro': 0.9800969827586207, 'prec_micro': 0.9800969827586207, 'rec_micro': 0.9800969827586208}
epoch 56 time: 1.21e+02s, train loss: 24.02, metrics: {'f1': 0.23969050950695533, 'f1_macro': 0.826563811258598, 'prec_macro': 0.5721544751542217, 'rec_macro': 0.6148024038967335, 'f1_micro': 0.980092672413793, 'prec_micro': 0.980092672413793, 'rec_micro': 0.980092672413793}
epoch 57 time: 1.21e+02s, train loss: 24.03, metrics: {'f1': 0.24339576347427824, 'f1_macro': 0.8220591101942926, 'prec_macro': 0.5737068622683421, 'rec_macro': 0.6166469575452269, 'f1_micro': 0.9800625, 'prec_micro': 0.9800625, 'rec_micro': 0.9800625}
epoch 58 time: 1.21e+02s, train loss: 24.02, metrics: {'f1': 0.2400986031224322, 'f1_macro': 0.8244894717672868, 'prec_macro': 0.5723873306504832, 'rec_macro': 0.6150003295904355, 'f1_micro': 0.9800689655172414, 'prec_micro': 0.9800689655172414, 'rec_micro': 0.9800689655172414}
epoch 59 time: 1.21e+02s, train loss: 24.01, metrics: {'f1': 0.22930676629306765, 'f1_macro': 0.8252359248262586, 'prec_macro': 0.5684292735803727, 'rec_macro': 0.6095859944647755, 'f1_micro': 0.9799935344827586, 'prec_micro': 0.9799935344827586, 'rec_micro': 0.9799935344827586}
epoch 60 time: 1.22e+02s, train loss: 24.01, metrics: {'f1': 0.2375877736472532, 'f1_macro': 0.8292640878706425, 'prec_macro': 0.5712813950619662, 'rec_macro': 0.6137556455405101, 'f1_micro': 0.9801099137931034, 'prec_micro': 0.9801099137931034, 'rec_micro': 0.9801099137931034}
epoch 61 time: 1.22e+02s, train loss: 24.02, metrics: {'f1': 0.23183874948580835, 'f1_macro': 0.8147764861687734, 'prec_macro': 0.5697416340532165, 'rec_macro': 0.6108218964578233, 'f1_micro': 0.9798771551724138, 'prec_micro': 0.9798771551724138, 'rec_micro': 0.9798771551724138}
epoch 62 time: 1.22e+02s, train loss: 24.05, metrics: {'f1': 0.2242789852078341, 'f1_macro': 0.8107114116057262, 'prec_macro': 0.5671388872003437, 'rec_macro': 0.6070150192722507, 'f1_micro': 0.9797693965517241, 'prec_micro': 0.9797693965517241, 'rec_micro': 0.9797693965517241}
epoch 63 time: 1.21e+02s, train loss: 24.05, metrics: {'f1': 0.22523117569352705, 'f1_macro': 0.8107091384182272, 'prec_macro': 0.5674851483642598, 'rec_macro': 0.6074926907239713, 'f1_micro': 0.9797758620689655, 'prec_micro': 0.9797758620689655, 'rec_micro': 0.9797758620689655}
epoch 64 time: 1.21e+02s, train loss: 24.04, metrics: {'f1': 0.2308454425363276, 'f1_macro': 0.8187234207553122, 'prec_macro': 0.5692258278798499, 'rec_macro': 0.6103369465882902, 'f1_micro': 0.9799224137931034, 'prec_micro': 0.9799224137931034, 'rec_micro': 0.9799224137931034}
epoch 65 time: 1.21e+02s, train loss: 24.05, metrics: {'f1': 0.2421582967658053, 'f1_macro': 0.8112342446363201, 'prec_macro': 0.5737222544167386, 'rec_macro': 0.6159868358854963, 'f1_micro': 0.9799008620689655, 'prec_micro': 0.9799008620689655, 'rec_micro': 0.9799008620689655}
epoch 66 time: 1.21e+02s, train loss: 24.05, metrics: {'f1': 0.25139258900460165, 'f1_macro': 0.8144411828179003, 'prec_macro': 0.5770632136762981, 'rec_macro': 0.6206324738706585, 'f1_micro': 0.9800150862068966, 'prec_micro': 0.9800150862068966, 'rec_micro': 0.9800150862068966}
epoch 67 time: 1.22e+02s, train loss: 24.04, metrics: {'f1': 0.25567176186645213, 'f1_macro': 0.8153270434900973, 'prec_macro': 0.5786541454328233, 'rec_macro': 0.6227832907435082, 'f1_micro': 0.9800603448275862, 'prec_micro': 0.9800603448275862, 'rec_micro': 0.9800603448275862}
epoch 68 time: 1.22e+02s, train loss: 24.02, metrics: {'f1': 0.2604703608247423, 'f1_macro': 0.8229723751869893, 'prec_macro': 0.58010306406733, 'rec_macro': 0.62522089444844, 'f1_micro': 0.9802112068965517, 'prec_micro': 0.9802112068965517, 'rec_micro': 0.9802112068965517}
epoch 69 time: 1.22e+02s, train loss: 24.02, metrics: {'f1': 0.25024342745861733, 'f1_macro': 0.8199253983279298, 'prec_macro': 0.5763646471875136, 'rec_macro': 0.6200762609709094, 'f1_micro': 0.9800862068965517, 'prec_micro': 0.9800862068965517, 'rec_micro': 0.9800862068965517}
epoch 70 time: 1.22e+02s, train loss: 24.03, metrics: {'f1': 0.24424981583040029, 'f1_macro': 0.8244395599148999, 'prec_macro': 0.5739226608486784, 'rec_macro': 0.617083866533126, 'f1_micro': 0.9801012931034483, 'prec_micro': 0.9801012931034483, 'rec_micro': 0.9801012931034483}
epoch 71 time: 1.22e+02s, train loss: 24.03, metrics: {'f1': 0.2359117381675006, 'f1_macro': 0.8160894910313095, 'prec_macro': 0.5711866853692, 'rec_macro': 0.6128702016574638, 'f1_micro': 0.9799245689655173, 'prec_micro': 0.9799245689655173, 'rec_micro': 0.9799245689655173}
epoch 72 time: 1.22e+02s, train loss: 24.03, metrics: {'f1': 0.23013834810703337, 'f1_macro': 0.8229961376307384, 'prec_macro': 0.5688102120681704, 'rec_macro': 0.609996182588021, 'f1_micro': 0.9799719827586207, 'prec_micro': 0.9799719827586207, 'rec_micro': 0.9799719827586207}
epoch 73 time: 1.22e+02s, train loss: 24.04, metrics: {'f1': 0.22436590436590437, 'f1_macro': 0.8206473341239927, 'prec_macro': 0.56681301248741, 'rec_macro': 0.6070916560231225, 'f1_micro': 0.9798987068965517, 'prec_micro': 0.9798987068965517, 'rec_micro': 0.9798987068965517}
epoch 74 time: 1.22e+02s, train loss: 24.07, metrics: {'f1': 0.22040952222407192, 'f1_macro': 0.8162574351075905, 'prec_macro': 0.565545215109358, 'rec_macro': 0.6050922375581825, 'f1_micro': 0.9798146551724138, 'prec_micro': 0.9798146551724138, 'rec_micro': 0.9798146551724138}
epoch 75 time: 1.22e+02s, train loss: 24.07, metrics: {'f1': 0.22026431718061676, 'f1_macro': 0.8138017523805501, 'prec_macro': 0.5655776898822451, 'rec_macro': 0.6050113521001323, 'f1_micro': 0.9797823275862069, 'prec_micro': 0.9797823275862069, 'rec_micro': 0.9797823275862069}
epoch 76 time: 1.22e+02s, train loss: 24.08, metrics: {'f1': 0.2186878727634195, 'f1_macro': 0.8062632272438912, 'prec_macro': 0.5652765553051522, 'rec_macro': 0.6041950600508191, 'f1_micro': 0.9796724137931034, 'prec_micro': 0.9796724137931034, 'rec_micro': 0.9796724137931034}
epoch 77 time: 1.21e+02s, train loss: 24.09, metrics: {'f1': 0.2176938369781312, 'f1_macro': 0.8048220122285665, 'prec_macro': 0.5649693765671069, 'rec_macro': 0.6036914914249295, 'f1_micro': 0.979646551724138, 'prec_micro': 0.979646551724138, 'rec_micro': 0.979646551724138}
epoch 78 time: 1.21e+02s, train loss: 24.08, metrics: {'f1': 0.22087620311981415, 'f1_macro': 0.8119794359420658, 'prec_macro': 0.5658617418348475, 'rec_macro': 0.6053122647220079, 'f1_micro': 0.9797629310344828, 'prec_micro': 0.9797629310344828, 'rec_micro': 0.9797629310344828}
epoch 79 time: 1.21e+02s, train loss: 24.06, metrics: {'f1': 0.22432989690721652, 'f1_macro': 0.8078311835387602, 'prec_macro': 0.5672660459574316, 'rec_macro': 0.6070305141694539, 'f1_micro': 0.9797306034482759, 'prec_micro': 0.9797306034482759, 'rec_micro': 0.9797306034482759}
epoch 80 time: 1.21e+02s, train loss: 24.06, metrics: {'f1': 0.22941128171442648, 'f1_macro': 0.8084948725548564, 'prec_macro': 0.5691008459651912, 'rec_macro': 0.609581822993242, 'f1_micro': 0.9797737068965517, 'prec_micro': 0.9797737068965517, 'rec_micro': 0.9797737068965517}
epoch 81 time: 1.21e+02s, train loss: 24.06, metrics: {'f1': 0.2292574623797385, 'f1_macro': 0.8104278584253208, 'prec_macro': 0.5689670795551196, 'rec_macro': 0.6095115653998122, 'f1_micro': 0.9797995689655172, 'prec_micro': 0.9797995689655172, 'rec_micro': 0.9797995689655172}
epoch 82 time: 1.21e+02s, train loss: 24.06, metrics: {'f1': 0.2276315789473684, 'f1_macro': 0.8082691513324303, 'prec_macro': 0.568456216267208, 'rec_macro': 0.6086882562801132, 'f1_micro': 0.9797586206896551, 'prec_micro': 0.9797586206896551, 'rec_micro': 0.9797586206896551}
epoch 83 time: 1.21e+02s, train loss: 24.07, metrics: {'f1': 0.23244711498888795, 'f1_macro': 0.8163685734126478, 'prec_macro': 0.5699018310752229, 'rec_macro': 0.6111326638883879, 'f1_micro': 0.9799030172413793, 'prec_micro': 0.9799030172413793, 'rec_micro': 0.9799030172413793}
epoch 84 time: 1.22e+02s, train loss: 24.05, metrics: {'f1': 0.23930503196197342, 'f1_macro': 0.8194544995195396, 'prec_macro': 0.5723008933782294, 'rec_macro': 0.614584804542438, 'f1_micro': 0.9799956896551724, 'prec_micro': 0.9799956896551724, 'rec_micro': 0.9799956896551724}
epoch 85 time: 1.22e+02s, train loss: 24.05, metrics: {'f1': 0.23949441891004597, 'f1_macro': 0.8219123574144731, 'prec_macro': 0.5722695198808395, 'rec_macro': 0.6146883329994903, 'f1_micro': 0.9800301724137931, 'prec_micro': 0.9800301724137931, 'rec_micro': 0.9800301724137931}
epoch 86 time: 1.22e+02s, train loss: 24.06, metrics: {'f1': 0.23374067087673253, 'f1_macro': 0.8128426995088561, 'prec_macro': 0.5705189288857739, 'rec_macro': 0.6117693698419032, 'f1_micro': 0.9798642241379311, 'prec_micro': 0.9798642241379311, 'rec_micro': 0.9798642241379311}
epoch 87 time: 1.22e+02s, train loss: 24.07, metrics: {'f1': 0.2268346923647146, 'f1_macro': 0.8094350857439806, 'prec_macro': 0.5681187653072701, 'rec_macro': 0.6082926490401116, 'f1_micro': 0.9797693965517241, 'prec_micro': 0.9797693965517241, 'rec_micro': 0.9797693965517241}
epoch 88 time: 1.22e+02s, train loss: 24.08, metrics: {'f1': 0.23276428102429414, 'f1_macro': 0.8125624731043997, 'prec_macro': 0.5701704651708633, 'rec_macro': 0.6112784952384239, 'f1_micro': 0.9798534482758621, 'prec_micro': 0.9798534482758621, 'rec_micro': 0.9798534482758621}
epoch 89 time: 1.22e+02s, train loss: 24.08, metrics: {'f1': 0.2294272547728769, 'f1_macro': 0.8117534762366092, 'prec_macro': 0.5689769910345951, 'rec_macro': 0.6096014253616483, 'f1_micro': 0.9798189655172413, 'prec_micro': 0.9798189655172413, 'rec_micro': 0.9798189655172413}
epoch 90 time: 1.22e+02s, train loss: 24.11, metrics: {'f1': 0.22145328719723184, 'f1_macro': 0.8021932306728863, 'prec_macro': 0.5664325860745129, 'rec_macro': 0.6055675694149507, 'f1_micro': 0.9796336206896552, 'prec_micro': 0.9796336206896552, 'rec_micro': 0.9796336206896552}
epoch 91 time: 1.21e+02s, train loss: 24.12, metrics: {'f1': 0.2197910668750514, 'f1_macro': 0.7976256679397091, 'prec_macro': 0.5660020901893374, 'rec_macro': 0.6047172441455838, 'f1_micro': 0.9795581896551724, 'prec_micro': 0.9795581896551724, 'rec_micro': 0.9795581896551724}
epoch 92 time: 1.21e+02s, train loss: 24.14, metrics: {'f1': 0.20999586947542337, 'f1_macro': 0.7897706857152242, 'prec_macro': 0.5627315868530386, 'rec_macro': 0.5997773581432331, 'f1_micro': 0.9793900862068966, 'prec_micro': 0.9793900862068966, 'rec_micro': 0.9793900862068966}
epoch 93 time: 1.21e+02s, train loss: 24.14, metrics: {'f1': 0.21173553719008265, 'f1_macro': 0.7928472091764198, 'prec_macro': 0.5632490577939337, 'rec_macro': 0.6006608682784129, 'f1_micro': 0.9794439655172413, 'prec_micro': 0.9794439655172413, 'rec_micro': 0.9794439655172413}
epoch 94 time: 1.21e+02s, train loss: 24.15, metrics: {'f1': 0.2125516102394715, 'f1_macro': 0.7928428607582788, 'prec_macro': 0.5635452237770063, 'rec_macro': 0.6010699397865625, 'f1_micro': 0.979448275862069, 'prec_micro': 0.979448275862069, 'rec_micro': 0.979448275862069}
epoch 95 time: 1.21e+02s, train loss: 24.12, metrics: {'f1': 0.22973971590442563, 'f1_macro': 0.8089519970387475, 'prec_macro': 0.5692032388778729, 'rec_macro': 0.6097482239211085, 'f1_micro': 0.9797823275862069, 'prec_micro': 0.9797823275862069, 'rec_micro': 0.9797823275862069}
epoch 96 time: 1.21e+02s, train loss: 24.09, metrics: {'f1': 0.23389913099975634, 'f1_macro': 0.7994977021274976, 'prec_macro': 0.5711547226712135, 'rec_macro': 0.6117987879962115, 'f1_micro': 0.9796702586206897, 'prec_micro': 0.9796702586206897, 'rec_micro': 0.9796702586206897}
epoch 97 time: 1.22e+02s, train loss: 24.08, metrics: {'f1': 0.23252775963422598, 'f1_macro': 0.8048052824399418, 'prec_macro': 0.5704071622770825, 'rec_macro': 0.6111314858938673, 'f1_micro': 0.9797413793103448, 'prec_micro': 0.9797413793103448, 'rec_micro': 0.9797413793103448}
epoch 98 time: 1.21e+02s, train loss: 24.08, metrics: {'f1': 0.2262383964511624, 'f1_macro': 0.8047811556153397, 'prec_macro': 0.5680835244913571, 'rec_macro': 0.6079768514723188, 'f1_micro': 0.9797004310344828, 'prec_micro': 0.9797004310344828, 'rec_micro': 0.9797004310344828}
epoch 99 time: 1.21e+02s, train loss: 24.08, metrics: {'f1': 0.22159795092125917, 'f1_macro': 0.8066223755942521, 'prec_macro': 0.566317541347895, 'rec_macro': 0.6056559298998296, 'f1_micro': 0.9796961206896552, 'prec_micro': 0.9796961206896552, 'rec_micro': 0.9796961206896552}
epoch 100 time: 1.21e+02s, train loss: 24.09, metrics: {'f1': 0.2173230947072909, 'f1_macro': 0.7995398426746709, 'prec_macro': 0.5650288197353946, 'rec_macro': 0.6034867936444078, 'f1_micro': 0.9795711206896551, 'prec_micro': 0.9795711206896551, 'rec_micro': 0.9795711206896551}
post-training summary -- best {'f1': 0.28193553496475804, 'f1_macro': 0.8274687960366265, 'prec_macro': 0.5882157173209678, 'rec_macro': 0.6360151416129247, 'f1_micro': 0.9804590517241379, 'prec_micro': 0.9804590517241379, 'rec_micro': 0.9804590517241379}
run 1: {'f1': 0.2778174886823922, 'f1_macro': 0.8261366017179971, 'prec_macro': 0.5866682730923025, 'rec_macro': 0.6339421119397232, 'f1_micro': 0.9804030172413793, 'prec_micro': 0.9804030172413793, 'rec_micro': 0.9804030172413793}
run 2: {'f1': 0.27633050982899154, 'f1_macro': 0.8323538561852322, 'prec_macro': 0.5857291421787754, 'rec_macro': 0.6332192480940747, 'f1_micro': 0.9804827586206897, 'prec_micro': 0.9804827586206897, 'rec_micro': 0.9804827586206897}
run 3: {'f1': 0.2774091627172196, 'f1_macro': 0.8188196122529827, 'prec_macro': 0.5869506602773763, 'rec_macro': 0.6337075310822098, 'f1_micro': 0.9802844827586207, 'prec_micro': 0.9802844827586207, 'rec_micro': 0.9802844827586207}
run 4: {'f1': 0.2713450292397661, 'f1_macro': 0.7969720187312801, 'prec_macro': 0.5859498065188707, 'rec_macro': 0.6305669337200552, 'f1_micro': 0.9798599137931034, 'prec_micro': 0.9798599137931034, 'rec_micro': 0.9798599137931034}
run 5: {'f1': 0.28193553496475804, 'f1_macro': 0.8274687960366265, 'prec_macro': 0.5882157173209678, 'rec_macro': 0.6360151416129247, 'f1_micro': 0.9804590517241379, 'prec_micro': 0.9804590517241379, 'rec_micro': 0.9804590517241379}
done.
t,p-val for human<model: -131.40391338163363,1.0058203035648846e-08, significant: True
t,p-val for random<model: 147.86241566938233,0.9999999937258102, significant: False
95% CI: 0.27696754508662547+/-0.006653433682155677
