reading data...
done.
creating training artifacts...
Using cached encoded data file: train_1_error.pkl
Using cached encoded data file: test_1_error.pkl
done.
training bert model...
run 1 start -- seed=0
initialized continuityBERT with 527361 parameters.
/home/azureuser/.local/lib/python3.8/site-packages/sklearn/metrics/_classification.py:1344: UndefinedMetricWarning: Precision and F-score are ill-defined and being set to 0.0 in labels with no predicted samples. Use `zero_division` parameter to control this behavior.
  _warn_prf(average, modifier, msg_start, len(result))
epoch 1 time: 1.27e+02s, train loss: 4.944, metrics: {'f1': 0.0, 'f1_macro': 0.4978448275862069, 'prec_macro': 0.5, 'rec_macro': 0.4989200863930886, 'f1_micro': 0.9956896551724138, 'prec_micro': 0.9956896551724138, 'rec_micro': 0.9956896551724138}
epoch 2 time: 1.22e+02s, train loss: 4.912, metrics: {'f1': 0.09074187614960146, 'f1_macro': 0.5566359516034098, 'prec_macro': 0.5357943722943723, 'rec_macro': 0.5437672405950821, 'f1_micro': 0.9936077586206896, 'prec_micro': 0.9936077586206896, 'rec_micro': 0.9936077586206896}
epoch 3 time: 1.22e+02s, train loss: 4.85, metrics: {'f1': 0.14554216867469877, 'f1_macro': 0.5683942989644781, 'prec_macro': 0.5735, 'rec_macro': 0.5708519416193757, 'f1_micro': 0.9923577586206896, 'prec_micro': 0.9923577586206896, 'rec_micro': 0.9923577586206896}
epoch 4 time: 1.21e+02s, train loss: 4.819, metrics: {'f1': 0.11640211640211641, 'f1_macro': 0.5839676354713852, 'prec_macro': 0.543082251082251, 'rec_macro': 0.5567566964014008, 'f1_micro': 0.9942413793103448, 'prec_micro': 0.9942413793103448, 'rec_micro': 0.9942413793103448}
epoch 5 time: 1.21e+02s, train loss: 4.811, metrics: {'f1': 0.16435045317220545, 'f1_macro': 0.6019494529088855, 'prec_macro': 0.5668766233766234, 'rec_macro': 0.5806795902106688, 'f1_micro': 0.9940387931034482, 'prec_micro': 0.9940387931034482, 'rec_micro': 0.9940387931034482}
epoch 6 time: 1.21e+02s, train loss: 4.776, metrics: {'f1': 0.18738574040219377, 'f1_macro': 0.5845572804569737, 'prec_macro': 0.6003722943722943, 'rec_macro': 0.5917678444330354, 'f1_micro': 0.9923362068965518, 'prec_micro': 0.9923362068965518, 'rec_micro': 0.9923362068965518}
epoch 7 time: 1.22e+02s, train loss: 4.757, metrics: {'f1': 0.19443110897743637, 'f1_macro': 0.5917634937770748, 'prec_macro': 0.5993441558441559, 'rec_macro': 0.5953992108598845, 'f1_micro': 0.9927672413793104, 'prec_micro': 0.9927672413793104, 'rec_micro': 0.9927672413793104}
epoch 8 time: 1.22e+02s, train loss: 4.74, metrics: {'f1': 0.18994413407821228, 'f1_macro': 0.587126125908021, 'prec_macro': 0.5999567099567099, 'rec_macro': 0.5930883467131142, 'f1_micro': 0.9925, 'prec_micro': 0.9925, 'rec_micro': 0.9925}
epoch 9 time: 1.21e+02s, train loss: 4.733, metrics: {'f1': 0.19517795637198623, 'f1_macro': 0.5885276894160385, 'prec_macro': 0.6041612554112554, 'rec_macro': 0.5956916041949035, 'f1_micro': 0.9924461206896552, 'prec_micro': 0.9924461206896552, 'rec_micro': 0.9924461206896552}
epoch 10 time: 1.22e+02s, train loss: 4.719, metrics: {'f1': 0.20081281377002153, 'f1_macro': 0.594487258509195, 'prec_macro': 0.6030919913419913, 'rec_macro': 0.5985970658575129, 'f1_micro': 0.9927952586206896, 'prec_micro': 0.9927952586206896, 'rec_micro': 0.9927952586206896}
epoch 11 time: 1.22e+02s, train loss: 4.714, metrics: {'f1': 0.19733978234582827, 'f1_macro': 0.5938269039603739, 'prec_macro': 0.6001309523809524, 'rec_macro': 0.59687363306161, 'f1_micro': 0.9928469827586207, 'prec_micro': 0.9928469827586207, 'rec_micro': 0.9928469827586207}
epoch 12 time: 1.23e+02s, train loss: 4.707, metrics: {'f1': 0.20721153846153845, 'f1_macro': 0.5980698782967967, 'prec_macro': 0.6058787878787879, 'rec_macro': 0.6018208281154246, 'f1_micro': 0.9928922413793103, 'prec_micro': 0.9928922413793103, 'rec_micro': 0.9928922413793103}
epoch 13 time: 1.21e+02s, train loss: 4.702, metrics: {'f1': 0.20314735336194562, 'f1_macro': 0.5953787746985557, 'prec_macro': 0.6045865800865801, 'rec_macro': 0.5997648553483553, 'f1_micro': 0.9927974137931035, 'prec_micro': 0.9927974137931035, 'rec_micro': 0.9927974137931035}
epoch 14 time: 1.22e+02s, train loss: 4.704, metrics: {'f1': 0.20565302144249512, 'f1_macro': 0.5985769943702369, 'prec_macro': 0.6036796536796537, 'rec_macro': 0.6010622428815773, 'f1_micro': 0.9929741379310345, 'prec_micro': 0.9929741379310345, 'rec_micro': 0.9929741379310345}
epoch 15 time: 1.26e+02s, train loss: 4.699, metrics: {'f1': 0.20356111645813282, 'f1_macro': 0.596391043798146, 'prec_macro': 0.6038744588744589, 'rec_macro': 0.5999891302390595, 'f1_micro': 0.9928663793103448, 'prec_micro': 0.9928663793103448, 'rec_micro': 0.9928663793103448}
epoch 16 time: 1.24e+02s, train loss: 4.688, metrics: {'f1': 0.20280735721200388, 'f1_macro': 0.596553012368681, 'prec_macro': 0.6028961038961039, 'rec_macro': 0.5996209563989334, 'f1_micro': 0.9929008620689656, 'prec_micro': 0.9929008620689656, 'rec_micro': 0.9929008620689656}
epoch 17 time: 1.24e+02s, train loss: 4.685, metrics: {'f1': 0.20361328125, 'f1_macro': 0.5977616313121737, 'prec_macro': 0.6024329004329004, 'rec_macro': 0.6000413056984275, 'f1_micro': 0.9929698275862069, 'prec_micro': 0.9929698275862069, 'rec_micro': 0.9929698275862069}
epoch 18 time: 1.24e+02s, train loss: 4.683, metrics: {'f1': 0.20735155513666353, 'f1_macro': 0.5963500118643426, 'prec_macro': 0.6080476190476191, 'rec_macro': 0.6018549504235013, 'f1_micro': 0.99275, 'prec_micro': 0.99275, 'rec_micro': 0.99275}
epoch 19 time: 1.25e+02s, train loss: 4.681, metrics: {'f1': 0.2065479056331247, 'f1_macro': 0.5978813893239407, 'prec_macro': 0.6053831168831169, 'rec_macro': 0.601490105725164, 'f1_micro': 0.9928965517241379, 'prec_micro': 0.9928965517241379, 'rec_micro': 0.9928965517241379}
epoch 20 time: 1.24e+02s, train loss: 4.679, metrics: {'f1': 0.20803897685749084, 'f1_macro': 0.5997224102021727, 'prec_macro': 0.6049339826839827, 'rec_macro': 0.6022600893628343, 'f1_micro': 0.9929935344827586, 'prec_micro': 0.9929935344827586, 'rec_micro': 0.9929935344827586}
epoch 21 time: 1.24e+02s, train loss: 4.681, metrics: {'f1': 0.21549463647199046, 'f1_macro': 0.6012852435349565, 'prec_macro': 0.6111136363636364, 'rec_macro': 0.6059660981733197, 'f1_micro': 0.9929073275862069, 'prec_micro': 0.9929073275862069, 'rec_micro': 0.9929073275862069}
epoch 22 time: 1.25e+02s, train loss: 4.675, metrics: {'f1': 0.20619531804209032, 'f1_macro': 0.5961082246987501, 'prec_macro': 0.6070595238095238, 'rec_macro': 0.6012806502602159, 'f1_micro': 0.9927650862068965, 'prec_micro': 0.9927650862068965, 'rec_micro': 0.9927650862068965}
epoch 23 time: 1.26e+02s, train loss: 4.673, metrics: {'f1': 0.2112503070498649, 'f1_macro': 0.6021151869657533, 'prec_macro': 0.605724025974026, 'rec_macro': 0.6038874658887613, 'f1_micro': 0.9930797413793103, 'prec_micro': 0.9930797413793103, 'rec_micro': 0.9930797413793103}
epoch 24 time: 1.25e+02s, train loss: 4.658, metrics: {'f1': 0.21599420149794635, 'f1_macro': 0.6028068367824903, 'prec_macro': 0.6099188311688312, 'rec_macro': 0.6062408841752678, 'f1_micro': 0.9930064655172414, 'prec_micro': 0.9930064655172414, 'rec_micro': 0.9930064655172414}
epoch 25 time: 1.23e+02s, train loss: 4.657, metrics: {'f1': 0.22180004749465687, 'f1_macro': 0.6039484730475864, 'prec_macro': 0.6148625541125541, 'rec_macro': 0.6091263503219033, 'f1_micro': 0.9929375, 'prec_micro': 0.9929375, 'rec_micro': 0.9929375}
epoch 26 time: 1.21e+02s, train loss: 4.659, metrics: {'f1': 0.22276621787025705, 'f1_macro': 0.6074403242200628, 'prec_macro': 0.6119859307359308, 'rec_macro': 0.6096648772796192, 'f1_micro': 0.9931573275862069, 'prec_micro': 0.9931573275862069, 'rec_micro': 0.9931573275862069}
epoch 27 time: 1.21e+02s, train loss: 4.652, metrics: {'f1': 0.22606191504679626, 'f1_macro': 0.6070202281000994, 'prec_macro': 0.6159145021645022, 'rec_macro': 0.6112855121885812, 'f1_micro': 0.9930495689655172, 'prec_micro': 0.9930495689655172, 'rec_micro': 0.9930495689655172}
epoch 28 time: 1.21e+02s, train loss: 4.651, metrics: {'f1': 0.2246041412911084, 'f1_macro': 0.6078352246049071, 'prec_macro': 0.6134707792207792, 'rec_macro': 0.6105794722983393, 'f1_micro': 0.9931400862068965, 'prec_micro': 0.9931400862068965, 'rec_micro': 0.9931400862068965}
epoch 29 time: 1.21e+02s, train loss: 4.652, metrics: {'f1': 0.2209082308420057, 'f1_macro': 0.6031426033794942, 'prec_macro': 0.6148441558441559, 'rec_macro': 0.6086712079503283, 'f1_micro': 0.9929008620689656, 'prec_micro': 0.9929008620689656, 'rec_micro': 0.9929008620689656}
epoch 30 time: 1.21e+02s, train loss: 4.652, metrics: {'f1': 0.22491517207949588, 'f1_macro': 0.6074623264408882, 'prec_macro': 0.6142012987012987, 'rec_macro': 0.6107268305471159, 'f1_micro': 0.9931077586206897, 'prec_micro': 0.9931077586206897, 'rec_micro': 0.9931077586206897}
epoch 31 time: 1.21e+02s, train loss: 4.653, metrics: {'f1': 0.22043404047793222, 'f1_macro': 0.6058921338392693, 'prec_macro': 0.611215367965368, 'rec_macro': 0.60848685276395, 'f1_micro': 0.9931099137931034, 'prec_micro': 0.9931099137931034, 'rec_micro': 0.9931099137931034}
epoch 32 time: 1.21e+02s, train loss: 4.651, metrics: {'f1': 0.22268422268422267, 'f1_macro': 0.6018338596153762, 'prec_macro': 0.6185010822510822, 'rec_macro': 0.6095205753190035, 'f1_micro': 0.9927478448275862, 'prec_micro': 0.9927478448275862, 'rec_micro': 0.9927478448275862}
epoch 33 time: 1.21e+02s, train loss: 4.647, metrics: {'f1': 0.2276615969581749, 'f1_macro': 0.6068223575655869, 'prec_macro': 0.6178787878787879, 'rec_macro': 0.6120717444929087, 'f1_micro': 0.9929956896551724, 'prec_micro': 0.9929956896551724, 'rec_micro': 0.9929956896551724}
epoch 34 time: 1.22e+02s, train loss: 4.647, metrics: {'f1': 0.21908471275559885, 'f1_macro': 0.6050583614747435, 'prec_macro': 0.6107056277056278, 'rec_macro': 0.6078062227171551, 'f1_micro': 0.9930862068965517, 'prec_micro': 0.9930862068965517, 'rec_micro': 0.9930862068965517}
epoch 35 time: 1.22e+02s, train loss: 4.65, metrics: {'f1': 0.22243760600920764, 'f1_macro': 0.6062302410247731, 'prec_macro': 0.6129448051948052, 'rec_macro': 0.6094820924394071, 'f1_micro': 0.9930840517241379, 'prec_micro': 0.9930840517241379, 'rec_micro': 0.9930840517241379}
epoch 36 time: 1.21e+02s, train loss: 4.644, metrics: {'f1': 0.22735001214476563, 'f1_macro': 0.6088753455591063, 'prec_macro': 0.615215367965368, 'rec_macro': 0.6119534677390657, 'f1_micro': 0.9931443965517242, 'prec_micro': 0.9931443965517242, 'rec_micro': 0.9931443965517242}
epoch 37 time: 1.21e+02s, train loss: 4.641, metrics: {'f1': 0.22786022020105312, 'f1_macro': 0.6076245774616379, 'prec_macro': 0.6171580086580086, 'rec_macro': 0.6121841027527908, 'f1_micro': 0.9930474137931035, 'prec_micro': 0.9930474137931035, 'rec_micro': 0.9930474137931035}
epoch 38 time: 1.22e+02s, train loss: 4.638, metrics: {'f1': 0.2248780487804878, 'f1_macro': 0.6080959597521624, 'prec_macro': 0.6134761904761905, 'rec_macro': 0.6107191412860118, 'f1_micro': 0.9931508620689655, 'prec_micro': 0.9931508620689655, 'rec_micro': 0.9931508620689655}
epoch 39 time: 1.22e+02s, train loss: 4.633, metrics: {'f1': 0.2148599269183922, 'f1_macro': 0.6030629808385928, 'prec_macro': 0.6084491341991342, 'rec_macro': 0.6056857176303952, 'f1_micro': 0.9930538793103448, 'prec_micro': 0.9930538793103448, 'rec_micro': 0.9930538793103448}
epoch 40 time: 1.24e+02s, train loss: 4.678, metrics: {'f1': 0.19172113289760348, 'f1_macro': 0.5911777017257018, 'prec_macro': 0.5971222943722944, 'rec_macro': 0.594053492069209, 'f1_micro': 0.9928038793103449, 'prec_micro': 0.9928038793103449, 'rec_micro': 0.9928038793103449}
epoch 41 time: 1.2e+02s, train loss: 4.668, metrics: {'f1': 0.21864951768488744, 'f1_macro': 0.6064879494121707, 'prec_macro': 0.608767316017316, 'rec_macro': 0.6076152637036006, 'f1_micro': 0.9931918103448276, 'prec_micro': 0.9931918103448276, 'rec_micro': 0.9931918103448276}
epoch 42 time: 1.22e+02s, train loss: 4.659, metrics: {'f1': 0.21880259677807165, 'f1_macro': 0.6037002042289579, 'prec_macro': 0.6119058441558441, 'rec_macro': 0.6076428789207506, 'f1_micro': 0.9929978448275862, 'prec_micro': 0.9929978448275862, 'rec_micro': 0.9929978448275862}
epoch 43 time: 1.22e+02s, train loss: 4.681, metrics: {'f1': 0.21512296023902552, 'f1_macro': 0.597872844722369, 'prec_macro': 0.6149621212121212, 'rec_macro': 0.6057128341511849, 'f1_micro': 0.9926400862068966, 'prec_micro': 0.9926400862068966, 'rec_micro': 0.9926400862068966}
epoch 44 time: 1.22e+02s, train loss: 4.683, metrics: {'f1': 0.21483491632745363, 'f1_macro': 0.5964075131788869, 'prec_macro': 0.6166428571428572, 'rec_macro': 0.605537811831744, 'f1_micro': 0.9925172413793103, 'prec_micro': 0.9925172413793103, 'rec_micro': 0.9925172413793103}
epoch 45 time: 1.22e+02s, train loss: 4.663, metrics: {'f1': 0.22629969418960244, 'f1_macro': 0.6051965708051847, 'prec_macro': 0.6183344155844156, 'rec_macro': 0.611369601595212, 'f1_micro': 0.9929116379310344, 'prec_micro': 0.9929116379310344, 'rec_micro': 0.9929116379310344}
epoch 46 time: 1.23e+02s, train loss: 4.649, metrics: {'f1': 0.21504339440694312, 'f1_macro': 0.6021351475367628, 'prec_macro': 0.6096580086580087, 'rec_macro': 0.6057595101865034, 'f1_micro': 0.9929827586206896, 'prec_micro': 0.9929827586206896, 'rec_micro': 0.9929827586206896}
epoch 47 time: 1.21e+02s, train loss: 4.657, metrics: {'f1': 0.21790620558976787, 'f1_macro': 0.6018428831176194, 'prec_macro': 0.6130930735930736, 'rec_macro': 0.6071658768596484, 'f1_micro': 0.9928836206896552, 'prec_micro': 0.9928836206896552, 'rec_micro': 0.9928836206896552}
epoch 48 time: 1.22e+02s, train loss: 4.657, metrics: {'f1': 0.2251655629139073, 'f1_macro': 0.6019826728454851, 'prec_macro': 0.6212088744588744, 'rec_macro': 0.6107459890929862, 'f1_micro': 0.9926875, 'prec_micro': 0.9926875, 'rec_micro': 0.9926875}
epoch 49 time: 1.2e+02s, train loss: 4.648, metrics: {'f1': 0.2278968923151048, 'f1_macro': 0.6082957232810446, 'prec_macro': 0.6164339826839826, 'rec_macro': 0.6122138553315625, 'f1_micro': 0.9930926724137931, 'prec_micro': 0.9930926724137931, 'rec_micro': 0.9930926724137931}
epoch 50 time: 1.2e+02s, train loss: 4.645, metrics: {'f1': 0.22466014786549007, 'f1_macro': 0.605731687434216, 'prec_macro': 0.6158863636363636, 'rec_macro': 0.6105705072700114, 'f1_micro': 0.9929935344827586, 'prec_micro': 0.9929935344827586, 'rec_micro': 0.9929935344827586}
epoch 51 time: 1.19e+02s, train loss: 4.654, metrics: {'f1': 0.23172479694218825, 'f1_macro': 0.609292940586565, 'prec_macro': 0.6194090909090909, 'rec_macro': 0.6141217883482772, 'f1_micro': 0.9930689655172413, 'prec_micro': 0.9930689655172413, 'rec_micro': 0.9930689655172413}
epoch 52 time: 1.2e+02s, train loss: 4.661, metrics: {'f1': 0.2237595419847328, 'f1_macro': 0.6053223117212929, 'prec_macro': 0.6153852813852814, 'rec_macro': 0.6101185825203029, 'f1_micro': 0.9929870689655172, 'prec_micro': 0.9929870689655172, 'rec_micro': 0.9929870689655172}
epoch 53 time: 1.2e+02s, train loss: 4.647, metrics: {'f1': 0.22513343037360506, 'f1_macro': 0.6076680432305794, 'prec_macro': 0.6142056277056277, 'rec_macro': 0.6108381319755993, 'f1_micro': 0.9931163793103448, 'prec_micro': 0.9931163793103448, 'rec_micro': 0.9931163793103448}
epoch 54 time: 1.2e+02s, train loss: 4.648, metrics: {'f1': 0.226242161119151, 'f1_macro': 0.607615615979731, 'prec_macro': 0.615435064935065, 'rec_macro': 0.6113848754882115, 'f1_micro': 0.9930862068965517, 'prec_micro': 0.9930862068965517, 'rec_micro': 0.9930862068965517}
epoch 55 time: 1.2e+02s, train loss: 4.642, metrics: {'f1': 0.21160092807424594, 'f1_macro': 0.5970291810465953, 'prec_macro': 0.6119935064935065, 'rec_macro': 0.6039611023465125, 'f1_micro': 0.9926767241379311, 'prec_micro': 0.9926767241379311, 'rec_micro': 0.9926767241379311}
epoch 56 time: 1.2e+02s, train loss: 4.669, metrics: {'f1': 0.19581428915082993, 'f1_macro': 0.5926193842476585, 'prec_macro': 0.5998560606060606, 'rec_macro': 0.5960978544687627, 'f1_micro': 0.9927952586206896, 'prec_micro': 0.9927952586206896, 'rec_micro': 0.9927952586206896}
epoch 57 time: 1.2e+02s, train loss: 4.677, metrics: {'f1': 0.2083138720224194, 'f1_macro': 0.5960384517346503, 'prec_macro': 0.6095129870129871, 'rec_macro': 0.6023219604017706, 'f1_micro': 0.9926939655172414, 'prec_micro': 0.9926939655172414, 'rec_micro': 0.9926939655172414}
epoch 58 time: 1.2e+02s, train loss: 4.667, metrics: {'f1': 0.21109543958627175, 'f1_macro': 0.5979212150619797, 'prec_macro': 0.6102965367965368, 'rec_macro': 0.6037312031316293, 'f1_micro': 0.9927672413793104, 'prec_micro': 0.9927672413793104, 'rec_micro': 0.9927672413793104}
epoch 59 time: 1.2e+02s, train loss: 4.662, metrics: {'f1': 0.21246120792551923, 'f1_macro': 0.5999609973952835, 'prec_macro': 0.6093625541125541, 'rec_macro': 0.604445065578826, 'f1_micro': 0.9928900862068966, 'prec_micro': 0.9928900862068966, 'rec_micro': 0.9928900862068966}
epoch 60 time: 1.22e+02s, train loss: 4.662, metrics: {'f1': 0.22184300341296928, 'f1_macro': 0.6065578097345327, 'prec_macro': 0.6119675324675324, 'rec_macro': 0.6091940382851979, 'f1_micro': 0.9931206896551724, 'prec_micro': 0.9931206896551724, 'rec_micro': 0.9931206896551724}
epoch 61 time: 1.24e+02s, train loss: 4.659, metrics: {'f1': 0.21430339024993814, 'f1_macro': 0.6043794152491324, 'prec_macro': 0.6065097402597402, 'rec_macro': 0.6054335452936453, 'f1_micro': 0.9931573275862069, 'prec_micro': 0.9931573275862069, 'rec_micro': 0.9931573275862069}
epoch 62 time: 1.24e+02s, train loss: 4.665, metrics: {'f1': 0.21117705242334325, 'f1_macro': 0.6027495116951778, 'prec_macro': 0.605, 'rec_macro': 0.6038622535320203, 'f1_micro': 0.993125, 'prec_micro': 0.993125, 'rec_micro': 0.993125}
epoch 63 time: 1.24e+02s, train loss: 4.668, metrics: {'f1': 0.21798365122615806, 'f1_macro': 0.6063135167618163, 'prec_macro': 0.608271645021645, 'rec_macro': 0.6072834238697191, 'f1_micro': 0.9931961206896551, 'prec_micro': 0.9931961206896551, 'rec_micro': 0.9931961206896551}
epoch 64 time: 1.24e+02s, train loss: 4.671, metrics: {'f1': 0.21651284609628338, 'f1_macro': 0.606319099071096, 'prec_macro': 0.6067954545454546, 'rec_macro': 0.606556731168026, 'f1_micro': 0.9932306034482759, 'prec_micro': 0.9932306034482759, 'rec_micro': 0.9932306034482759}
epoch 65 time: 1.24e+02s, train loss: 4.675, metrics: {'f1': 0.20328031809145125, 'f1_macro': 0.5993155984832571, 'prec_macro': 0.6005021645021645, 'rec_macro': 0.5999052654987072, 'f1_micro': 0.9930905172413793, 'prec_micro': 0.9930905172413793, 'rec_micro': 0.9930905172413793}
epoch 66 time: 1.23e+02s, train loss: 4.663, metrics: {'f1': 0.21773399014778325, 'f1_macro': 0.6055951872033144, 'prec_macro': 0.6087489177489178, 'rec_macro': 0.6071482687496714, 'f1_micro': 0.9931551724137931, 'prec_micro': 0.9931551724137931, 'rec_micro': 0.9931551724137931}
epoch 67 time: 1.23e+02s, train loss: 4.656, metrics: {'f1': 0.2074506939371804, 'f1_macro': 0.5993877416105852, 'prec_macro': 0.6046807359307359, 'rec_macro': 0.6019637793411701, 'f1_micro': 0.9929849137931035, 'prec_micro': 0.9929849137931035, 'rec_micro': 0.9929849137931035}
epoch 68 time: 1.23e+02s, train loss: 4.659, metrics: {'f1': 0.21459227467811157, 'f1_macro': 0.600874221805507, 'prec_macro': 0.6106125541125541, 'rec_macro': 0.6055132954869786, 'f1_micro': 0.9929008620689656, 'prec_micro': 0.9929008620689656, 'rec_micro': 0.9929008620689656}
epoch 69 time: 1.24e+02s, train loss: 4.665, metrics: {'f1': 0.20963447107237956, 'f1_macro': 0.5998991266219413, 'prec_macro': 0.6064123376623376, 'rec_macro': 0.6030502101245784, 'f1_micro': 0.9929633620689655, 'prec_micro': 0.9929633620689655, 'rec_micro': 0.9929633620689655}
epoch 70 time: 1.26e+02s, train loss: 4.672, metrics: {'f1': 0.21382716049382716, 'f1_macro': 0.6039136850942056, 'prec_macro': 0.6065, 'rec_macro': 0.605190543286039, 'f1_micro': 0.9931379310344828, 'prec_micro': 0.9931379310344828, 'rec_micro': 0.9931379310344828}
epoch 71 time: 1.27e+02s, train loss: 4.681, metrics: {'f1': 0.21339950372208435, 'f1_macro': 0.6042120855095724, 'prec_macro': 0.6057683982683982, 'rec_macro': 0.6049843282001007, 'f1_micro': 0.9931681034482759, 'prec_micro': 0.9931681034482759, 'rec_micro': 0.9931681034482759}
epoch 72 time: 1.27e+02s, train loss: 4.684, metrics: {'f1': 0.20776031434184677, 'f1_macro': 0.6003683135963491, 'prec_macro': 0.6039653679653679, 'rec_macro': 0.6021343501383408, 'f1_micro': 0.9930474137931035, 'prec_micro': 0.9930474137931035, 'rec_micro': 0.9930474137931035}
epoch 73 time: 1.27e+02s, train loss: 4.674, metrics: {'f1': 0.2106289614822038, 'f1_macro': 0.6010619324438111, 'prec_macro': 0.6061926406926407, 'rec_macro': 0.6035621227968266, 'f1_micro': 0.993021551724138, 'prec_micro': 0.993021551724138, 'rec_micro': 0.993021551724138}
epoch 74 time: 1.28e+02s, train loss: 4.663, metrics: {'f1': 0.20405244338498213, 'f1_macro': 0.5957922881540466, 'prec_macro': 0.6050876623376623, 'rec_macro': 0.600219022121153, 'f1_micro': 0.9928038793103449, 'prec_micro': 0.9928038793103449, 'rec_micro': 0.9928038793103449}
epoch 75 time: 1.28e+02s, train loss: 4.659, metrics: {'f1': 0.18273645546372821, 'f1_macro': 0.5827300920064541, 'prec_macro': 0.5973809523809523, 'rec_macro': 0.5894410783106585, 'f1_micro': 0.9923275862068965, 'prec_micro': 0.9923275862068965, 'rec_micro': 0.9923275862068965}
epoch 76 time: 1.29e+02s, train loss: 4.684, metrics: {'f1': 0.17249205628688152, 'f1_macro': 0.5772144547173628, 'prec_macro': 0.5928073593073593, 'rec_macro': 0.5842722171399045, 'f1_micro': 0.9921422413793104, 'prec_micro': 0.9921422413793104, 'rec_micro': 0.9921422413793104}
epoch 77 time: 1.26e+02s, train loss: 4.7, metrics: {'f1': 0.17079379773200645, 'f1_macro': 0.5777252196446236, 'prec_macro': 0.5901374458874459, 'rec_macro': 0.5834573722555683, 'f1_micro': 0.9922780172413793, 'prec_micro': 0.9922780172413793, 'rec_micro': 0.9922780172413793}
epoch 78 time: 1.26e+02s, train loss: 4.697, metrics: {'f1': 0.18134346071682886, 'f1_macro': 0.5845562890020115, 'prec_macro': 0.5935183982683983, 'rec_macro': 0.5888049580396872, 'f1_micro': 0.9925668103448276, 'prec_micro': 0.9925668103448276, 'rec_micro': 0.9925668103448276}
epoch 79 time: 1.24e+02s, train loss: 4.691, metrics: {'f1': 0.20155415250121417, 'f1_macro': 0.5962539766123915, 'prec_macro': 0.6019069264069263, 'rec_macro': 0.5989976282258592, 'f1_micro': 0.9929137931034483, 'prec_micro': 0.9929137931034483, 'rec_micro': 0.9929137931034483}
epoch 80 time: 1.26e+02s, train loss: 4.685, metrics: {'f1': 0.19950980392156864, 'f1_macro': 0.5961122139031734, 'prec_macro': 0.5999393939393939, 'rec_macro': 0.5979874329158453, 'f1_micro': 0.9929612068965518, 'prec_micro': 0.9929612068965518, 'rec_micro': 0.9929612068965518}
epoch 81 time: 1.26e+02s, train loss: 4.683, metrics: {'f1': 0.20808966861598444, 'f1_macro': 0.5997706197717972, 'prec_macro': 0.6049350649350649, 'rec_macro': 0.6022859783328609, 'f1_micro': 0.9929956896551724, 'prec_micro': 0.9929956896551724, 'rec_micro': 0.9929956896551724}
epoch 82 time: 1.24e+02s, train loss: 4.674, metrics: {'f1': 0.20679681851048443, 'f1_macro': 0.5981131019495198, 'prec_macro': 0.6053885281385282, 'rec_macro': 0.601617277882326, 'f1_micro': 0.9929073275862069, 'prec_micro': 0.9929073275862069, 'rec_micro': 0.9929073275862069}
epoch 83 time: 1.25e+02s, train loss: 4.672, metrics: {'f1': 0.1970490242741552, 'f1_macro': 0.5922882485639916, 'prec_macro': 0.601564935064935, 'rec_macro': 0.5966983553365649, 'f1_micro': 0.992728448275862, 'prec_micro': 0.992728448275862, 'rec_micro': 0.992728448275862}
epoch 84 time: 1.24e+02s, train loss: 4.68, metrics: {'f1': 0.19074598677998109, 'f1_macro': 0.5886117371574656, 'prec_macro': 0.599017316017316, 'rec_macro': 0.5935175411316215, 'f1_micro': 0.9926120689655172, 'prec_micro': 0.9926120689655172, 'rec_micro': 0.9926120689655172}
epoch 85 time: 1.25e+02s, train loss: 4.689, metrics: {'f1': 0.1821207798383262, 'f1_macro': 0.5850579228846986, 'prec_macro': 0.5937770562770563, 'rec_macro': 0.5891985029616813, 'f1_micro': 0.9925862068965517, 'prec_micro': 0.9925862068965517, 'rec_micro': 0.9925862068965517}
epoch 86 time: 1.25e+02s, train loss: 4.681, metrics: {'f1': 0.18978805394990367, 'f1_macro': 0.5898040836622152, 'prec_macro': 0.5965974025974026, 'rec_macro': 0.5930733811544272, 'f1_micro': 0.99275, 'prec_micro': 0.99275, 'rec_micro': 0.99275}
epoch 87 time: 1.24e+02s, train loss: 4.679, metrics: {'f1': 0.20477815699658705, 'f1_macro': 0.5981945182051739, 'prec_macro': 0.6031796536796536, 'rec_macro': 0.6006237321072417, 'f1_micro': 0.9929698275862069, 'prec_micro': 0.9929698275862069, 'rec_micro': 0.9929698275862069}
epoch 88 time: 1.26e+02s, train loss: 4.687, metrics: {'f1': 0.21001221001221, 'f1_macro': 0.6009258146692956, 'prec_macro': 0.6056980519480519, 'rec_macro': 0.6032553838821799, 'f1_micro': 0.9930280172413793, 'prec_micro': 0.9930280172413793, 'rec_micro': 0.9930280172413793}
epoch 89 time: 1.25e+02s, train loss: 4.698, metrics: {'f1': 0.1994609164420485, 'f1_macro': 0.5960651959758554, 'prec_macro': 0.5999383116883117, 'rec_macro': 0.5979624460900906, 'f1_micro': 0.9929590517241379, 'prec_micro': 0.9929590517241379, 'rec_micro': 0.9929590517241379}
epoch 90 time: 1.26e+02s, train loss: 4.69, metrics: {'f1': 0.2022854364211038, 'f1_macro': 0.5967235343580916, 'prec_macro': 0.6021634199134199, 'rec_macro': 0.5993670681581105, 'f1_micro': 0.9929288793103448, 'prec_micro': 0.9929288793103448, 'rec_micro': 0.9929288793103448}
epoch 91 time: 1.27e+02s, train loss: 4.68, metrics: {'f1': 0.1943162496963809, 'f1_macro': 0.59274127092436, 'prec_macro': 0.5981417748917749, 'rec_macro': 0.5953629841214967, 'f1_micro': 0.9928512931034483, 'prec_micro': 0.9928512931034483, 'rec_micro': 0.9928512931034483}
epoch 92 time: 1.28e+02s, train loss: 4.683, metrics: {'f1': 0.20132325141776936, 'f1_macro': 0.5937257884748902, 'prec_macro': 0.6045454545454546, 'rec_macro': 0.5988321620340226, 'f1_micro': 0.9927155172413793, 'prec_micro': 0.9927155172413793, 'rec_micro': 0.9927155172413793}
epoch 93 time: 1.28e+02s, train loss: 4.699, metrics: {'f1': 0.19403335682405448, 'f1_macro': 0.5897746440535253, 'prec_macro': 0.601254329004329, 'rec_macro': 0.595159560144284, 'f1_micro': 0.9926056034482759, 'prec_micro': 0.9926056034482759, 'rec_micro': 0.9926056034482759}
epoch 94 time: 1.26e+02s, train loss: 4.705, metrics: {'f1': 0.1878845243729295, 'f1_macro': 0.5874377076621236, 'prec_macro': 0.5972705627705628, 'rec_macro': 0.5920846649819538, 'f1_micro': 0.9926034482758621, 'prec_micro': 0.9926034482758621, 'rec_micro': 0.9926034482758621}
epoch 95 time: 1.28e+02s, train loss: 4.698, metrics: {'f1': 0.1929781487846796, 'f1_macro': 0.5930507068518732, 'prec_macro': 0.5964318181818182, 'rec_macro': 0.5947102542041648, 'f1_micro': 0.992915948275862, 'prec_micro': 0.992915948275862, 'rec_micro': 0.992915948275862}
epoch 96 time: 1.28e+02s, train loss: 4.708, metrics: {'f1': 0.19356435643564357, 'f1_macro': 0.5940918405633966, 'prec_macro': 0.595965367965368, 'rec_macro': 0.5950191148817466, 'f1_micro': 0.9929784482758621, 'prec_micro': 0.9929784482758621, 'rec_micro': 0.9929784482758621}
epoch 97 time: 1.26e+02s, train loss: 4.748, metrics: {'f1': 0.16965822473567738, 'f1_macro': 0.5816628962367161, 'prec_macro': 0.5843863636363636, 'rec_macro': 0.5830015989009532, 'f1_micro': 0.9927219827586207, 'prec_micro': 0.9927219827586207, 'rec_micro': 0.9927219827586207}
epoch 98 time: 1.26e+02s, train loss: 4.772, metrics: {'f1': 0.15944540727902948, 'f1_macro': 0.5771441040153111, 'prec_macro': 0.5786417748917749, 'rec_macro': 0.5778855048832903, 'f1_micro': 0.9926831896551724, 'prec_micro': 0.9926831896551724, 'rec_micro': 0.9926831896551724}
epoch 99 time: 1.25e+02s, train loss: 4.789, metrics: {'f1': 0.16007761338830948, 'f1_macro': 0.5759123666383108, 'prec_macro': 0.5805595238095238, 'rec_macro': 0.5781646394619366, 'f1_micro': 0.9925366379310345, 'prec_micro': 0.9925366379310345, 'rec_micro': 0.9925366379310345}
epoch 100 time: 1.24e+02s, train loss: 4.779, metrics: {'f1': 0.14839476813317481, 'f1_macro': 0.5689206485222962, 'prec_macro': 0.5759512987012987, 'rec_macro': 0.5722591834917846, 'f1_micro': 0.9922823275862069, 'prec_micro': 0.9922823275862069, 'rec_micro': 0.9922823275862069}
post-training summary -- best {'f1': 0.23172479694218825, 'f1_macro': 0.609292940586565, 'prec_macro': 0.6194090909090909, 'rec_macro': 0.6141217883482772, 'f1_micro': 0.9930689655172413, 'prec_micro': 0.9930689655172413, 'rec_micro': 0.9930689655172413}
run 2 start -- seed=1
initialized continuityBERT with 527361 parameters.
/home/azureuser/.local/lib/python3.8/site-packages/sklearn/metrics/_classification.py:1344: UndefinedMetricWarning: Precision and F-score are ill-defined and being set to 0.0 in labels with no predicted samples. Use `zero_division` parameter to control this behavior.
  _warn_prf(average, modifier, msg_start, len(result))
epoch 1 time: 1.23e+02s, train loss: 4.944, metrics: {'f1': 0.0, 'f1_macro': 0.4978448275862069, 'prec_macro': 0.5, 'rec_macro': 0.4989200863930886, 'f1_micro': 0.9956896551724138, 'prec_micro': 0.9956896551724138, 'rec_micro': 0.9956896551724138}
epoch 2 time: 1.23e+02s, train loss: 4.907, metrics: {'f1': 0.11276473955352033, 'f1_macro': 0.5639812243168063, 'prec_macro': 0.5478463203463203, 'rec_macro': 0.5547057987215156, 'f1_micro': 0.9933189655172414, 'prec_micro': 0.9933189655172414, 'rec_micro': 0.9933189655172414}
epoch 3 time: 1.23e+02s, train loss: 4.838, metrics: {'f1': 0.14822601839684624, 'f1_macro': 0.5762578205724886, 'prec_macro': 0.5688517316017316, 'rec_macro': 0.5723595913591144, 'f1_micro': 0.9930150862068966, 'prec_micro': 0.9930150862068966, 'rec_micro': 0.9930150862068966}
epoch 4 time: 1.22e+02s, train loss: 4.808, metrics: {'f1': 0.18035796236805876, 'f1_macro': 0.5815928071247128, 'prec_macro': 0.5961233766233767, 'rec_macro': 0.5882453315665369, 'f1_micro': 0.992301724137931, 'prec_micro': 0.992301724137931, 'rec_micro': 0.992301724137931}
epoch 5 time: 1.25e+02s, train loss: 4.784, metrics: {'f1': 0.19672897196261682, 'f1_macro': 0.5906146506350777, 'prec_macro': 0.6032380952380952, 'rec_macro': 0.596503532445605, 'f1_micro': 0.9925905172413793, 'prec_micro': 0.9925905172413793, 'rec_micro': 0.9925905172413793}
epoch 6 time: 1.24e+02s, train loss: 4.763, metrics: {'f1': 0.19219078793546876, 'f1_macro': 0.5885296007187741, 'prec_macro': 0.6007305194805195, 'rec_macro': 0.5942252445831245, 'f1_micro': 0.9925538793103448, 'prec_micro': 0.9925538793103448, 'rec_micro': 0.9925538793103448}
epoch 7 time: 1.24e+02s, train loss: 4.742, metrics: {'f1': 0.19506407214048413, 'f1_macro': 0.5910979342758481, 'prec_macro': 0.6007987012987013, 'rec_macro': 0.5956961130317895, 'f1_micro': 0.9926896551724138, 'prec_micro': 0.9926896551724138, 'rec_micro': 0.9926896551724138}
epoch 8 time: 1.23e+02s, train loss: 4.728, metrics: {'f1': 0.19440685611186287, 'f1_macro': 0.5868377384296213, 'prec_macro': 0.605582251082251, 'rec_macro': 0.5952696193189272, 'f1_micro': 0.992301724137931, 'prec_micro': 0.992301724137931, 'rec_micro': 0.992301724137931}
epoch 9 time: 1.2e+02s, train loss: 4.714, metrics: {'f1': 0.1890595009596929, 'f1_macro': 0.5891284311689451, 'prec_macro': 0.5965800865800865, 'rec_macro': 0.5927004135441265, 'f1_micro': 0.9927155172413793, 'prec_micro': 0.9927155172413793, 'rec_micro': 0.9927155172413793}
epoch 10 time: 1.2e+02s, train loss: 4.702, metrics: {'f1': 0.1984221850346641, 'f1_macro': 0.5933366320998952, 'prec_macro': 0.60183658008658, 'rec_macro': 0.5973963391625009, 'f1_micro': 0.9927737068965518, 'prec_micro': 0.9927737068965518, 'rec_micro': 0.9927737068965518}
epoch 11 time: 1.19e+02s, train loss: 4.696, metrics: {'f1': 0.20221473278767452, 'f1_macro': 0.5957825093261139, 'prec_macro': 0.6031233766233767, 'rec_macro': 0.5993137774190515, 'f1_micro': 0.9928577586206897, 'prec_micro': 0.9928577586206897, 'rec_micro': 0.9928577586206897}
epoch 12 time: 1.19e+02s, train loss: 4.691, metrics: {'f1': 0.1981981981981982, 'f1_macro': 0.5948583938202573, 'prec_macro': 0.5999101731601731, 'rec_macro': 0.5973169663196539, 'f1_micro': 0.9929030172413793, 'prec_micro': 0.9929030172413793, 'rec_micro': 0.9929030172413793}
epoch 13 time: 1.19e+02s, train loss: 4.685, metrics: {'f1': 0.20861784789263008, 'f1_macro': 0.5968899126430489, 'prec_macro': 0.6087976190476191, 'rec_macro': 0.6024897146988214, 'f1_micro': 0.9927564655172414, 'prec_micro': 0.9927564655172414, 'rec_micro': 0.9927564655172414}
epoch 14 time: 1.19e+02s, train loss: 4.683, metrics: {'f1': 0.21744382701135537, 'f1_macro': 0.6035113467849578, 'prec_macro': 0.6106720779220779, 'rec_macro': 0.6069689441737111, 'f1_micro': 0.9930193965517241, 'prec_micro': 0.9930193965517241, 'rec_micro': 0.9930193965517241}
epoch 15 time: 1.19e+02s, train loss: 4.673, metrics: {'f1': 0.20871670702179174, 'f1_macro': 0.599475179030825, 'prec_macro': 0.6059112554112553, 'rec_macro': 0.6025897064068662, 'f1_micro': 0.9929568965517241, 'prec_micro': 0.9929568965517241, 'rec_micro': 0.9929568965517241}
epoch 16 time: 1.22e+02s, train loss: 4.67, metrics: {'f1': 0.21101364522417154, 'f1_macro': 0.6012029702536696, 'prec_macro': 0.6064415584415584, 'rec_macro': 0.603754460874401, 'f1_micro': 0.993021551724138, 'prec_micro': 0.993021551724138, 'rec_micro': 0.993021551724138}
epoch 17 time: 1.2e+02s, train loss: 4.667, metrics: {'f1': 0.2065795839380745, 'f1_macro': 0.5983439854963309, 'prec_macro': 0.6049025974025974, 'rec_macro': 0.601514642759087, 'f1_micro': 0.9929310344827587, 'prec_micro': 0.9929310344827587, 'rec_micro': 0.9929310344827587}
epoch 18 time: 1.2e+02s, train loss: 4.668, metrics: {'f1': 0.21234334358004256, 'f1_macro': 0.5990384068170788, 'prec_macro': 0.6103235930735931, 'rec_macro': 0.6043687357809887, 'f1_micro': 0.9928211206896552, 'prec_micro': 0.9928211206896552, 'rec_micro': 0.9928211206896552}
epoch 19 time: 1.2e+02s, train loss: 4.667, metrics: {'f1': 0.21980676328502416, 'f1_macro': 0.6046358264490068, 'prec_macro': 0.6119264069264069, 'rec_macro': 0.6081552812809855, 'f1_micro': 0.9930387931034482, 'prec_micro': 0.9930387931034482, 'rec_micro': 0.9930387931034482}
epoch 20 time: 1.2e+02s, train loss: 4.657, metrics: {'f1': 0.21357333981999513, 'f1_macro': 0.6022893568674399, 'prec_macro': 0.6079404761904762, 'rec_macro': 0.6050370008480215, 'f1_micro': 0.9930323275862069, 'prec_micro': 0.9930323275862069, 'rec_micro': 0.9930323275862069}
epoch 21 time: 1.21e+02s, train loss: 4.658, metrics: {'f1': 0.21850718153991053, 'f1_macro': 0.6015855492692656, 'prec_macro': 0.6140703463203463, 'rec_macro': 0.6074571148721774, 'f1_micro': 0.9928469827586207, 'prec_micro': 0.9928469827586207, 'rec_micro': 0.9928469827586207}
epoch 22 time: 1.23e+02s, train loss: 4.659, metrics: {'f1': 0.2230714115118223, 'f1_macro': 0.6051074983704388, 'prec_macro': 0.6148885281385281, 'rec_macro': 0.6097750680510943, 'f1_micro': 0.992989224137931, 'prec_micro': 0.992989224137931, 'rec_micro': 0.992989224137931}
epoch 23 time: 1.21e+02s, train loss: 4.649, metrics: {'f1': 0.21937046004842614, 'f1_macro': 0.6046633145049961, 'prec_macro': 0.6114350649350649, 'rec_macro': 0.6079403957942889, 'f1_micro': 0.9930517241379311, 'prec_micro': 0.9930517241379311, 'rec_micro': 0.9930517241379311}
epoch 24 time: 1.22e+02s, train loss: 4.658, metrics: {'f1': 0.20910871694417238, 'f1_macro': 0.6007445263581173, 'prec_macro': 0.6049567099567099, 'rec_macro': 0.6028063640656683, 'f1_micro': 0.9930387931034482, 'prec_micro': 0.9930387931034482, 'rec_micro': 0.9930387931034482}
epoch 25 time: 1.23e+02s, train loss: 4.662, metrics: {'f1': 0.21021897810218979, 'f1_macro': 0.6006722944128488, 'prec_macro': 0.6061839826839827, 'rec_macro': 0.603352786413335, 'f1_micro': 0.9930043103448276, 'prec_micro': 0.9930043103448276, 'rec_micro': 0.9930043103448276}
epoch 26 time: 1.21e+02s, train loss: 4.661, metrics: {'f1': 0.2180826896865061, 'f1_macro': 0.5982702817792236, 'prec_macro': 0.6179199134199134, 'rec_macro': 0.6071779800460144, 'f1_micro': 0.9925818965517241, 'prec_micro': 0.9925818965517241, 'rec_micro': 0.9925818965517241}
epoch 27 time: 1.22e+02s, train loss: 4.66, metrics: {'f1': 0.21057623903248757, 'f1_macro': 0.5984505439800605, 'prec_macro': 0.6090811688311688, 'rec_macro': 0.6034862894327717, 'f1_micro': 0.9928254310344827, 'prec_micro': 0.9928254310344827, 'rec_micro': 0.9928254310344827}
epoch 28 time: 1.22e+02s, train loss: 4.659, metrics: {'f1': 0.207942238267148, 'f1_macro': 0.598534479343782, 'prec_macro': 0.6061352813852814, 'rec_macro': 0.6021899761929292, 'f1_micro': 0.9929073275862069, 'prec_micro': 0.9929073275862069, 'rec_micro': 0.9929073275862069}
epoch 29 time: 1.21e+02s, train loss: 4.657, metrics: {'f1': 0.2171484090357056, 'f1_macro': 0.6038927636866112, 'prec_macro': 0.6099426406926407, 'rec_macro': 0.60682993603364, 'f1_micro': 0.9930538793103448, 'prec_micro': 0.9930538793103448, 'rec_micro': 0.9930538793103448}
epoch 30 time: 1.24e+02s, train loss: 4.652, metrics: {'f1': 0.21971153846153849, 'f1_macro': 0.6041165450917746, 'prec_macro': 0.6124069264069264, 'rec_macro': 0.6080989715168794, 'f1_micro': 0.9930043103448276, 'prec_micro': 0.9930043103448276, 'rec_micro': 0.9930043103448276}
epoch 31 time: 1.27e+02s, train loss: 4.648, metrics: {'f1': 0.2170542635658915, 'f1_macro': 0.6035830387275216, 'prec_macro': 0.6101818181818182, 'rec_macro': 0.6067779717261413, 'f1_micro': 0.9930344827586207, 'prec_micro': 0.9930344827586207, 'rec_micro': 0.9930344827586207}
epoch 32 time: 1.27e+02s, train loss: 4.642, metrics: {'f1': 0.21211384091461932, 'f1_macro': 0.601575545620062, 'prec_macro': 0.6071872294372295, 'rec_macro': 0.6043040042520079, 'f1_micro': 0.9930193965517241, 'prec_micro': 0.9930193965517241, 'rec_micro': 0.9930193965517241}
epoch 33 time: 1.27e+02s, train loss: 4.641, metrics: {'f1': 0.20363101079489695, 'f1_macro': 0.5982361802496217, 'prec_macro': 0.6019523809523809, 'rec_macro': 0.600058867405579, 'f1_micro': 0.9930043103448276, 'prec_micro': 0.9930043103448276, 'rec_micro': 0.9930043103448276}
epoch 34 time: 1.28e+02s, train loss: 4.641, metrics: {'f1': 0.21055155875299758, 'f1_macro': 0.5994620579260368, 'prec_macro': 0.6078766233766234, 'rec_macro': 0.6034940662907579, 'f1_micro': 0.9929051724137931, 'prec_micro': 0.9929051724137931, 'rec_micro': 0.9929051724137931}
epoch 35 time: 1.31e+02s, train loss: 4.638, metrics: {'f1': 0.21793635486981677, 'f1_macro': 0.6035382911687865, 'prec_macro': 0.6111645021645021, 'rec_macro': 0.6072124849646858, 'f1_micro': 0.9930086206896551, 'prec_micro': 0.9930086206896551, 'rec_micro': 0.9930086206896551}
epoch 36 time: 1.32e+02s, train loss: 4.634, metrics: {'f1': 0.21102888517545956, 'f1_macro': 0.5992725049094386, 'prec_macro': 0.6086093073593074, 'rec_macro': 0.603725656786305, 'f1_micro': 0.9928771551724138, 'prec_micro': 0.9928771551724138, 'rec_micro': 0.9928771551724138}
epoch 37 time: 1.31e+02s, train loss: 4.637, metrics: {'f1': 0.2150170648464164, 'f1_macro': 0.6032124931227891, 'prec_macro': 0.608452380952381, 'rec_macro': 0.6057659158140154, 'f1_micro': 0.9930603448275862, 'prec_micro': 0.9930603448275862, 'rec_micro': 0.9930603448275862}
epoch 38 time: 1.31e+02s, train loss: 4.635, metrics: {'f1': 0.21256750122729504, 'f1_macro': 0.6026914975769704, 'prec_macro': 0.606474025974026, 'rec_macro': 0.604547680841826, 'f1_micro': 0.9930862068965517, 'prec_micro': 0.9930862068965517, 'rec_micro': 0.9930862068965517}
epoch 39 time: 1.3e+02s, train loss: 4.647, metrics: {'f1': 0.2080078125, 'f1_macro': 0.5999183201611702, 'prec_macro': 0.6046926406926407, 'rec_macro': 0.602248312595248, 'f1_micro': 0.9930086206896551, 'prec_micro': 0.9930086206896551, 'rec_micro': 0.9930086206896551}
epoch 40 time: 1.31e+02s, train loss: 4.646, metrics: {'f1': 0.2198824681684623, 'f1_macro': 0.6060466511522173, 'prec_macro': 0.6104805194805195, 'rec_macro': 0.6082170513663218, 'f1_micro': 0.9931336206896552, 'prec_micro': 0.9931336206896552, 'rec_micro': 0.9931336206896552}
epoch 41 time: 1.31e+02s, train loss: 4.646, metrics: {'f1': 0.22145328719723184, 'f1_macro': 0.6078020949989769, 'prec_macro': 0.6102705627705628, 'rec_macro': 0.6090220132815222, 'f1_micro': 0.9932112068965517, 'prec_micro': 0.9932112068965517, 'rec_micro': 0.9932112068965517}
epoch 42 time: 1.32e+02s, train loss: 4.662, metrics: {'f1': 0.2224395013444146, 'f1_macro': 0.6071272100722948, 'prec_macro': 0.6119794372294373, 'rec_macro': 0.6094982607852163, 'f1_micro': 0.9931443965517242, 'prec_micro': 0.9931443965517242, 'rec_micro': 0.9931443965517242}
epoch 43 time: 1.32e+02s, train loss: 4.649, metrics: {'f1': 0.21790065604498596, 'f1_macro': 0.6008510078706643, 'prec_macro': 0.6142987012987013, 'rec_macro': 0.6071435269156784, 'f1_micro': 0.9928060344827586, 'prec_micro': 0.9928060344827586, 'rec_micro': 0.9928060344827586}
epoch 44 time: 1.32e+02s, train loss: 4.662, metrics: {'f1': 0.20550458715596331, 'f1_macro': 0.5932342907159295, 'prec_macro': 0.609930735930736, 'rec_macro': 0.6008771041102237, 'f1_micro': 0.9925344827586207, 'prec_micro': 0.9925344827586207, 'rec_micro': 0.9925344827586207}
epoch 45 time: 1.32e+02s, train loss: 4.671, metrics: {'f1': 0.21554855897311698, 'f1_macro': 0.602825788764772, 'prec_macro': 0.6094274891774891, 'rec_macro': 0.6060213291287705, 'f1_micro': 0.9930193965517241, 'prec_micro': 0.9930193965517241, 'rec_micro': 0.9930193965517241}
epoch 46 time: 1.32e+02s, train loss: 4.651, metrics: {'f1': 0.21724137931034482, 'f1_macro': 0.6053513863650598, 'prec_macro': 0.6084978354978355, 'rec_macro': 0.6069008810095894, 'f1_micro': 0.9931508620689655, 'prec_micro': 0.9931508620689655, 'rec_micro': 0.9931508620689655}
epoch 47 time: 1.31e+02s, train loss: 4.654, metrics: {'f1': 0.21881946159545565, 'f1_macro': 0.6064162692601078, 'prec_macro': 0.6090119047619047, 'rec_macro': 0.6076980599407236, 'f1_micro': 0.9931831896551724, 'prec_micro': 0.9931831896551724, 'rec_micro': 0.9931831896551724}
epoch 48 time: 1.31e+02s, train loss: 4.666, metrics: {'f1': 0.21668264621284755, 'f1_macro': 0.6023756167559675, 'prec_macro': 0.6111385281385282, 'rec_macro': 0.606572595594376, 'f1_micro': 0.9929568965517241, 'prec_micro': 0.9929568965517241, 'rec_micro': 0.9929568965517241}
epoch 49 time: 1.31e+02s, train loss: 4.676, metrics: {'f1': 0.21012048192771085, 'f1_macro': 0.599702158407416, 'prec_macro': 0.6071450216450217, 'rec_macro': 0.6032861434372008, 'f1_micro': 0.9929353448275862, 'prec_micro': 0.9929353448275862, 'rec_micro': 0.9929353448275862}
epoch 50 time: 1.31e+02s, train loss: 4.67, metrics: {'f1': 0.20586797066014673, 'f1_macro': 0.5990084959279232, 'prec_macro': 0.603443722943723, 'rec_macro': 0.6011762383633774, 'f1_micro': 0.993, 'prec_micro': 0.993, 'rec_micro': 0.993}
epoch 51 time: 1.31e+02s, train loss: 4.674, metrics: {'f1': 0.21698113207547168, 'f1_macro': 0.6010110385110385, 'prec_macro': 0.6130735930735931, 'rec_macro': 0.60669356248703, 'f1_micro': 0.9928448275862068, 'prec_micro': 0.9928448275862068, 'rec_micro': 0.9928448275862068}
epoch 52 time: 1.31e+02s, train loss: 4.689, metrics: {'f1': 0.20646319569120286, 'f1_macro': 0.5919798951554818, 'prec_macro': 0.6128398268398269, 'rec_macro': 0.6013172331807886, 'f1_micro': 0.9923793103448276, 'prec_micro': 0.9923793103448276, 'rec_micro': 0.9923793103448276}
epoch 53 time: 1.32e+02s, train loss: 4.693, metrics: {'f1': 0.20109439124487005, 'f1_macro': 0.590725441853312, 'prec_macro': 0.6081450216450216, 'rec_macro': 0.5986502992999453, 'f1_micro': 0.992448275862069, 'prec_micro': 0.992448275862069, 'rec_micro': 0.992448275862069}
epoch 54 time: 1.33e+02s, train loss: 4.696, metrics: {'f1': 0.19108280254777069, 'f1_macro': 0.5859346531501486, 'prec_macro': 0.6028614718614719, 'rec_macro': 0.5936163338207344, 'f1_micro': 0.9923362068965518, 'prec_micro': 0.9923362068965518, 'rec_micro': 0.9923362068965518}
epoch 55 time: 1.32e+02s, train loss: 4.699, metrics: {'f1': 0.19967494775946135, 'f1_macro': 0.5914943610259218, 'prec_macro': 0.6054686147186147, 'rec_macro': 0.5979715941989275, 'f1_micro': 0.9925711206896551, 'prec_micro': 0.9925711206896551, 'rec_micro': 0.9925711206896551}
epoch 56 time: 1.31e+02s, train loss: 4.701, metrics: {'f1': 0.19212523719165084, 'f1_macro': 0.5896538685222109, 'prec_macro': 0.5992900432900433, 'rec_macro': 0.5942191140536381, 'f1_micro': 0.9926594827586207, 'prec_micro': 0.9926594827586207, 'rec_micro': 0.9926594827586207}
epoch 57 time: 1.32e+02s, train loss: 4.708, metrics: {'f1': 0.1906596051998074, 'f1_macro': 0.5901854959985757, 'prec_macro': 0.5970974025974026, 'rec_macro': 0.5935102352694179, 'f1_micro': 0.9927543103448276, 'prec_micro': 0.9927543103448276, 'rec_micro': 0.9927543103448276}
epoch 58 time: 1.32e+02s, train loss: 4.719, metrics: {'f1': 0.18709209572153734, 'f1_macro': 0.5888013076855018, 'prec_macro': 0.5948560606060607, 'rec_macro': 0.5917259728063504, 'f1_micro': 0.9927521551724138, 'prec_micro': 0.9927521551724138, 'rec_micro': 0.9927521551724138}
epoch 59 time: 1.31e+02s, train loss: 4.733, metrics: {'f1': 0.1928294573643411, 'f1_macro': 0.5917807908762797, 'prec_macro': 0.5976277056277056, 'rec_macro': 0.5946114485741036, 'f1_micro': 0.9928189655172414, 'prec_micro': 0.9928189655172414, 'rec_micro': 0.9928189655172414}
epoch 60 time: 1.32e+02s, train loss: 4.708, metrics: {'f1': 0.20792079207920788, 'f1_macro': 0.6012310716996124, 'prec_macro': 0.6032467532467533, 'rec_macro': 0.6022287193436431, 'f1_micro': 0.993103448275862, 'prec_micro': 0.993103448275862, 'rec_micro': 0.993103448275862}
epoch 61 time: 1.31e+02s, train loss: 4.708, metrics: {'f1': 0.20463032113517549, 'f1_macro': 0.6001642258670787, 'prec_macro': 0.6010119047619047, 'rec_macro': 0.6005862326544118, 'f1_micro': 0.993114224137931, 'prec_micro': 0.993114224137931, 'rec_micro': 0.993114224137931}
epoch 62 time: 1.31e+02s, train loss: 4.718, metrics: {'f1': 0.19224116629602175, 'f1_macro': 0.5932734143112162, 'prec_macro': 0.5954556277056278, 'rec_macro': 0.5943515537709755, 'f1_micro': 0.9929547413793104, 'prec_micro': 0.9929547413793104, 'rec_micro': 0.9929547413793104}
epoch 63 time: 1.3e+02s, train loss: 4.706, metrics: {'f1': 0.1999029597282872, 'f1_macro': 0.5953591594148969, 'prec_macro': 0.6011493506493507, 'rec_macro': 0.5981666121651616, 'f1_micro': 0.9928922413793103, 'prec_micro': 0.9928922413793103, 'rec_micro': 0.9928922413793103}
epoch 64 time: 1.3e+02s, train loss: 4.703, metrics: {'f1': 0.20402157920549285, 'f1_macro': 0.5983816712027415, 'prec_macro': 0.6022012987012987, 'rec_macro': 0.6002541478083092, 'f1_micro': 0.9930043103448276, 'prec_micro': 0.9930043103448276, 'rec_micro': 0.9930043103448276}
epoch 65 time: 1.29e+02s, train loss: 4.708, metrics: {'f1': 0.19324853228962818, 'f1_macro': 0.5928507786957016, 'prec_macro': 0.5969177489177488, 'rec_macro': 0.5948394641290377, 'f1_micro': 0.9928922413793103, 'prec_micro': 0.9928922413793103, 'rec_micro': 0.9928922413793103}
epoch 66 time: 1.3e+02s, train loss: 4.739, metrics: {'f1': 0.1717343711992216, 'f1_macro': 0.5818267677759377, 'prec_macro': 0.5863474025974026, 'rec_macro': 0.5840244317622991, 'f1_micro': 0.9926616379310345, 'prec_micro': 0.9926616379310345, 'rec_micro': 0.9926616379310345}
epoch 67 time: 1.29e+02s, train loss: 4.748, metrics: {'f1': 0.1800674049109292, 'f1_macro': 0.5850549004483324, 'prec_macro': 0.591573593073593, 'rec_macro': 0.5881903216322537, 'f1_micro': 0.9926594827586207, 'prec_micro': 0.9926594827586207, 'rec_micro': 0.9926594827586207}
epoch 68 time: 1.29e+02s, train loss: 4.73, metrics: {'f1': 0.1801197604790419, 'f1_macro': 0.5846785398509536, 'prec_macro': 0.5920530303030304, 'rec_macro': 0.5882072566365659, 'f1_micro': 0.9926228448275862, 'prec_micro': 0.9926228448275862, 'rec_micro': 0.9926228448275862}
epoch 69 time: 1.29e+02s, train loss: 4.713, metrics: {'f1': 0.19799618320610687, 'f1_macro': 0.5929463276171777, 'prec_macro': 0.6018268398268398, 'rec_macro': 0.597178449426324, 'f1_micro': 0.9927543103448276, 'prec_micro': 0.9927543103448276, 'rec_micro': 0.9927543103448276}
epoch 70 time: 1.26e+02s, train loss: 4.704, metrics: {'f1': 0.20247148288973385, 'f1_macro': 0.5947631608282893, 'prec_macro': 0.6045714285714285, 'rec_macro': 0.5994193152363697, 'f1_micro': 0.9927672413793104, 'prec_micro': 0.9927672413793104, 'rec_micro': 0.9927672413793104}
epoch 71 time: 1.23e+02s, train loss: 4.712, metrics: {'f1': 0.19768813399386648, 'f1_macro': 0.5918566328246547, 'prec_macro': 0.602780303030303, 'rec_macro': 0.5970032228824923, 'f1_micro': 0.9926702586206897, 'prec_micro': 0.9926702586206897, 'rec_micro': 0.9926702586206897}
epoch 72 time: 1.21e+02s, train loss: 4.721, metrics: {'f1': 0.1859005311443747, 'f1_macro': 0.5881209081692398, 'prec_macro': 0.5943484848484848, 'rec_macro': 0.5911253097889393, 'f1_micro': 0.9927327586206897, 'prec_micro': 0.9927327586206897, 'rec_micro': 0.9927327586206897}
epoch 73 time: 1.23e+02s, train loss: 4.732, metrics: {'f1': 0.18797175553932308, 'f1_macro': 0.5898522725783161, 'prec_macro': 0.5946374458874459, 'rec_macro': 0.5921810150853464, 'f1_micro': 0.9928125, 'prec_micro': 0.9928125, 'rec_micro': 0.9928125}
epoch 74 time: 1.24e+02s, train loss: 4.744, metrics: {'f1': 0.17944377267230954, 'f1_macro': 0.5851217435795323, 'prec_macro': 0.590840909090909, 'rec_macro': 0.5878855790834717, 'f1_micro': 0.9926875, 'prec_micro': 0.9926875, 'rec_micro': 0.9926875}
epoch 75 time: 1.24e+02s, train loss: 4.751, metrics: {'f1': 0.17845117845117847, 'f1_macro': 0.5841956313558425, 'prec_macro': 0.5908160173160173, 'rec_macro': 0.5873767882401394, 'f1_micro': 0.9926379310344827, 'prec_micro': 0.9926379310344827, 'rec_micro': 0.9926379310344827}
epoch 76 time: 1.24e+02s, train loss: 4.749, metrics: {'f1': 0.18190453573972928, 'f1_macro': 0.5848615929749288, 'prec_macro': 0.593771645021645, 'rec_macro': 0.5890876645892453, 'f1_micro': 0.9925754310344828, 'prec_micro': 0.9925754310344828, 'rec_micro': 0.9925754310344828}
epoch 77 time: 1.24e+02s, train loss: 4.745, metrics: {'f1': 0.1760919540229885, 'f1_macro': 0.5797380349394287, 'prec_macro': 0.5936212121212121, 'rec_macro': 0.5861058481748136, 'f1_micro': 0.9922758620689656, 'prec_micro': 0.9922758620689656, 'rec_micro': 0.9922758620689656}
epoch 78 time: 1.23e+02s, train loss: 4.745, metrics: {'f1': 0.1890660592255125, 'f1_macro': 0.5851032664553452, 'prec_macro': 0.6016125541125541, 'rec_macro': 0.5926058092491828, 'f1_micro': 0.9923275862068965, 'prec_micro': 0.9923275862068965, 'rec_micro': 0.9923275862068965}
epoch 79 time: 1.23e+02s, train loss: 4.747, metrics: {'f1': 0.17759693633317378, 'f1_macro': 0.5834062141035588, 'prec_macro': 0.5907943722943723, 'rec_macro': 0.586938802560009, 'f1_micro': 0.9925948275862069, 'prec_micro': 0.9925948275862069, 'rec_micro': 0.9925948275862069}
epoch 80 time: 1.23e+02s, train loss: 4.769, metrics: {'f1': 0.17785571142284567, 'f1_macro': 0.5873261534997325, 'prec_macro': 0.5869783549783549, 'rec_macro': 0.5871518970617142, 'f1_micro': 0.992926724137931, 'prec_micro': 0.992926724137931, 'rec_micro': 0.992926724137931}
epoch 81 time: 1.22e+02s, train loss: 4.784, metrics: {'f1': 0.17613776137761378, 'f1_macro': 0.5849055023857297, 'prec_macro': 0.5876525974025975, 'rec_macro': 0.5862565237589363, 'f1_micro': 0.9927823275862069, 'prec_micro': 0.9927823275862069, 'rec_micro': 0.9927823275862069}
epoch 82 time: 1.24e+02s, train loss: 4.771, metrics: {'f1': 0.1710716001922153, 'f1_macro': 0.5805513299574404, 'prec_macro': 0.5870454545454545, 'rec_macro': 0.5836685896111524, 'f1_micro': 0.9925646551724138, 'prec_micro': 0.9925646551724138, 'rec_micro': 0.9925646551724138}
epoch 83 time: 1.29e+02s, train loss: 4.747, metrics: {'f1': 0.18255288804373662, 'f1_macro': 0.5852462203599774, 'prec_macro': 0.5940270562770563, 'rec_macro': 0.5894150962957003, 'f1_micro': 0.9925883620689655, 'prec_micro': 0.9925883620689655, 'rec_micro': 0.9925883620689655}
epoch 84 time: 1.31e+02s, train loss: 4.742, metrics: {'f1': 0.178579909760152, 'f1_macro': 0.5832710196355407, 'prec_macro': 0.5920140692640693, 'rec_macro': 0.5874177741115238, 'f1_micro': 0.9925452586206897, 'prec_micro': 0.9925452586206897, 'rec_micro': 0.9925452586206897}
epoch 85 time: 1.32e+02s, train loss: 4.75, metrics: {'f1': 0.1721194879089616, 'f1_macro': 0.580057996520704, 'prec_macro': 0.5887424242424242, 'rec_macro': 0.5841696876424938, 'f1_micro': 0.9924741379310345, 'prec_micro': 0.9924741379310345, 'rec_micro': 0.9924741379310345}
epoch 86 time: 1.33e+02s, train loss: 4.766, metrics: {'f1': 0.16470033034450213, 'f1_macro': 0.576183685556261, 'prec_macro': 0.5852056277056277, 'rec_macro': 0.5804340872214369, 'f1_micro': 0.9923706896551724, 'prec_micro': 0.9923706896551724, 'rec_micro': 0.9923706896551724}
epoch 87 time: 1.33e+02s, train loss: 4.765, metrics: {'f1': 0.17223959586240076, 'f1_macro': 0.5812079678135338, 'prec_macro': 0.5875530303030303, 'rec_macro': 0.5842574685094263, 'f1_micro': 0.9925840517241379, 'prec_micro': 0.9925840517241379, 'rec_micro': 0.9925840517241379}
epoch 88 time: 1.34e+02s, train loss: 4.755, metrics: {'f1': 0.1785890478539714, 'f1_macro': 0.5863478055206367, 'prec_macro': 0.5886688311688312, 'rec_macro': 0.5874924705602305, 'f1_micro': 0.992823275862069, 'prec_micro': 0.992823275862069, 'rec_micro': 0.992823275862069}
epoch 89 time: 1.32e+02s, train loss: 4.778, metrics: {'f1': 0.15724815724815724, 'f1_macro': 0.5754762286483166, 'prec_macro': 0.5781060606060606, 'rec_macro': 0.576767877396713, 'f1_micro': 0.9926077586206896, 'prec_micro': 0.9926077586206896, 'rec_micro': 0.9926077586206896}
epoch 90 time: 1.33e+02s, train loss: 4.767, metrics: {'f1': 0.17792902284880893, 'f1_macro': 0.5847969173945542, 'prec_macro': 0.5896082251082251, 'rec_macro': 0.5871341990265545, 'f1_micro': 0.9927112068965517, 'prec_micro': 0.9927112068965517, 'rec_micro': 0.9927112068965517}
epoch 91 time: 1.32e+02s, train loss: 4.744, metrics: {'f1': 0.1784439685938615, 'f1_macro': 0.5833517808916421, 'prec_macro': 0.591771645021645, 'rec_macro': 0.5873530672080033, 'f1_micro': 0.9925581896551724, 'prec_micro': 0.9925581896551724, 'rec_micro': 0.9925581896551724}
epoch 92 time: 1.33e+02s, train loss: 4.745, metrics: {'f1': 0.171273221567739, 'f1_macro': 0.5765363034495048, 'prec_macro': 0.5922965367965368, 'rec_macro': 0.5836562862661744, 'f1_micro': 0.9921163793103448, 'prec_micro': 0.9921163793103448, 'rec_micro': 0.9921163793103448}
epoch 93 time: 1.34e+02s, train loss: 4.757, metrics: {'f1': 0.1525573192239859, 'f1_macro': 0.566425543152718, 'prec_macro': 0.5841298701298702, 'rec_macro': 0.5741973657012395, 'f1_micro': 0.9917155172413793, 'prec_micro': 0.9917155172413793, 'rec_micro': 0.9917155172413793}
epoch 94 time: 1.33e+02s, train loss: 4.774, metrics: {'f1': 0.1546001336600579, 'f1_macro': 0.5679158529659313, 'prec_macro': 0.5844318181818182, 'rec_macro': 0.5752454080333281, 'f1_micro': 0.9918211206896552, 'prec_micro': 0.9918211206896552, 'rec_micro': 0.9918211206896552}
epoch 95 time: 1.31e+02s, train loss: 4.756, metrics: {'f1': 0.1681093394077449, 'f1_macro': 0.5754300098826384, 'prec_macro': 0.5900627705627706, 'rec_macro': 0.5820776447691056, 'f1_micro': 0.9921293103448275, 'prec_micro': 0.9921293103448275, 'rec_micro': 0.9921293103448275}
epoch 96 time: 1.3e+02s, train loss: 4.75, metrics: {'f1': 0.1756120527306968, 'f1_macro': 0.5812008652300547, 'prec_macro': 0.5912207792207792, 'rec_macro': 0.5859104959632491, 'f1_micro': 0.9924525862068966, 'prec_micro': 0.9924525862068966, 'rec_micro': 0.9924525862068966}
epoch 97 time: 1.32e+02s, train loss: 4.757, metrics: {'f1': 0.17403641522818633, 'f1_macro': 0.5807811182336461, 'prec_macro': 0.5899859307359308, 'rec_macro': 0.5851275875361733, 'f1_micro': 0.9924719827586207, 'prec_micro': 0.9924719827586207, 'rec_micro': 0.9924719827586207}
epoch 98 time: 1.33e+02s, train loss: 4.766, metrics: {'f1': 0.17360285374554102, 'f1_macro': 0.5809961738821638, 'prec_macro': 0.5892586580086581, 'rec_macro': 0.5849205983339714, 'f1_micro': 0.9925107758620689, 'prec_micro': 0.9925107758620689, 'rec_micro': 0.9925107758620689}
epoch 99 time: 1.32e+02s, train loss: 4.766, metrics: {'f1': 0.16754680748919823, 'f1_macro': 0.5787758114541369, 'prec_macro': 0.5852835497835498, 'rec_macro': 0.581896443165101, 'f1_micro': 0.9925258620689655, 'prec_micro': 0.9925258620689655, 'rec_micro': 0.9925258620689655}
epoch 100 time: 1.32e+02s, train loss: 4.758, metrics: {'f1': 0.17647058823529413, 'f1_macro': 0.5821722891556469, 'prec_macro': 0.591004329004329, 'rec_macro': 0.5863560669389992, 'f1_micro': 0.9925172413793103, 'prec_micro': 0.9925172413793103, 'rec_micro': 0.9925172413793103}
post-training summary -- best {'f1': 0.2230714115118223, 'f1_macro': 0.6051074983704388, 'prec_macro': 0.6148885281385281, 'rec_macro': 0.6097750680510943, 'f1_micro': 0.992989224137931, 'prec_micro': 0.992989224137931, 'rec_micro': 0.992989224137931}
run 3 start -- seed=2
initialized continuityBERT with 527361 parameters.
/home/azureuser/.local/lib/python3.8/site-packages/sklearn/metrics/_classification.py:1344: UndefinedMetricWarning: Precision and F-score are ill-defined and being set to 0.0 in labels with no predicted samples. Use `zero_division` parameter to control this behavior.
  _warn_prf(average, modifier, msg_start, len(result))
epoch 1 time: 1.3e+02s, train loss: 4.942, metrics: {'f1': 0.0, 'f1_macro': 0.4978448275862069, 'prec_macro': 0.5, 'rec_macro': 0.4989200863930886, 'f1_micro': 0.9956896551724138, 'prec_micro': 0.9956896551724138, 'rec_micro': 0.9956896551724138}
epoch 2 time: 1.3e+02s, train loss: 4.905, metrics: {'f1': 0.1110475100171723, 'f1_macro': 0.56297396505138, 'prec_macro': 0.5470930735930736, 'rec_macro': 0.5538439389771056, 'f1_micro': 0.9933060344827587, 'prec_micro': 0.9933060344827587, 'rec_micro': 0.9933060344827587}
epoch 3 time: 1.29e+02s, train loss: 4.837, metrics: {'f1': 0.1620264719306253, 'f1_macro': 0.5727354361526436, 'prec_macro': 0.5865562770562771, 'rec_macro': 0.5790254011678098, 'f1_micro': 0.9920862068965517, 'prec_micro': 0.9920862068965517, 'rec_micro': 0.9920862068965517}
epoch 4 time: 1.29e+02s, train loss: 4.806, metrics: {'f1': 0.1468151956583833, 'f1_macro': 0.5837252652057159, 'prec_macro': 0.5629036796536796, 'rec_macro': 0.5717921282613501, 'f1_micro': 0.9935625, 'prec_micro': 0.9935625, 'rec_micro': 0.9935625}
epoch 5 time: 1.29e+02s, train loss: 4.787, metrics: {'f1': 0.18066157760814247, 'f1_macro': 0.5901888785888149, 'prec_macro': 0.5870454545454545, 'rec_macro': 0.5885884965534841, 'f1_micro': 0.9930603448275862, 'prec_micro': 0.9930603448275862, 'rec_micro': 0.9930603448275862}
epoch 6 time: 1.3e+02s, train loss: 4.756, metrics: {'f1': 0.1938708976309498, 'f1_macro': 0.584052246435087, 'prec_macro': 0.6091677489177489, 'rec_macro': 0.5949271078924286, 'f1_micro': 0.9920064655172414, 'prec_micro': 0.9920064655172414, 'rec_micro': 0.9920064655172414}
epoch 7 time: 1.3e+02s, train loss: 4.736, metrics: {'f1': 0.18807561803199227, 'f1_macro': 0.5895061112458981, 'prec_macro': 0.5951190476190477, 'rec_macro': 0.5922247912235267, 'f1_micro': 0.9927801724137931, 'prec_micro': 0.9927801724137931, 'rec_micro': 0.9927801724137931}
epoch 8 time: 1.3e+02s, train loss: 4.727, metrics: {'f1': 0.19131217645734866, 'f1_macro': 0.5852770358873325, 'prec_macro': 0.6040660173160173, 'rec_macro': 0.5937108915597085, 'f1_micro': 0.9922564655172413, 'prec_micro': 0.9922564655172413, 'rec_micro': 0.9922564655172413}
epoch 9 time: 1.29e+02s, train loss: 4.724, metrics: {'f1': 0.1907663463791891, 'f1_macro': 0.588041187948499, 'prec_macro': 0.599737012987013, 'rec_macro': 0.5935141266144479, 'f1_micro': 0.9925581896551724, 'prec_micro': 0.9925581896551724, 'rec_micro': 0.9925581896551724}
epoch 10 time: 1.27e+02s, train loss: 4.713, metrics: {'f1': 0.1856115107913669, 'f1_macro': 0.5874241933338529, 'prec_macro': 0.5948203463203463, 'rec_macro': 0.5909677548977563, 'f1_micro': 0.9926810344827586, 'prec_micro': 0.9926810344827586, 'rec_micro': 0.9926810344827586}
epoch 11 time: 1.24e+02s, train loss: 4.713, metrics: {'f1': 0.1900408948761126, 'f1_macro': 0.5898247516515462, 'prec_macro': 0.5968430735930736, 'rec_macro': 0.5931981681113742, 'f1_micro': 0.9927435344827586, 'prec_micro': 0.9927435344827586, 'rec_micro': 0.9927435344827586}
epoch 12 time: 1.23e+02s, train loss: 4.707, metrics: {'f1': 0.19427498826841857, 'f1_macro': 0.5897945121725707, 'prec_macro': 0.6015, 'rec_macro': 0.5952787419772123, 'f1_micro': 0.9925991379310345, 'prec_micro': 0.9925991379310345, 'rec_micro': 0.9925991379310345}
epoch 13 time: 1.21e+02s, train loss: 4.705, metrics: {'f1': 0.19394805813676436, 'f1_macro': 0.5909015471783963, 'prec_macro': 0.5998127705627705, 'rec_macro': 0.5951430109833575, 'f1_micro': 0.9927090517241379, 'prec_micro': 0.9927090517241379, 'rec_micro': 0.9927090517241379}
epoch 14 time: 1.19e+02s, train loss: 4.699, metrics: {'f1': 0.19395103216514645, 'f1_macro': 0.5915315708784509, 'prec_macro': 0.5990930735930736, 'rec_macro': 0.5951580900081919, 'f1_micro': 0.9927629310344828, 'prec_micro': 0.9927629310344828, 'rec_micro': 0.9927629310344828}
epoch 15 time: 1.22e+02s, train loss: 4.701, metrics: {'f1': 0.20484429065743948, 'f1_macro': 0.5933897418270815, 'prec_macro': 0.6089534632034632, 'rec_macro': 0.6005562090856013, 'f1_micro': 0.9925711206896551, 'prec_micro': 0.9925711206896551, 'rec_micro': 0.9925711206896551}
epoch 16 time: 1.21e+02s, train loss: 4.696, metrics: {'f1': 0.1983992238661169, 'f1_macro': 0.5946036338273024, 'prec_macro': 0.6003950216450217, 'rec_macro': 0.5974109539190587, 'f1_micro': 0.9928771551724138, 'prec_micro': 0.9928771551724138, 'rec_micro': 0.9928771551724138}
epoch 17 time: 1.22e+02s, train loss: 4.694, metrics: {'f1': 0.20269344898425015, 'f1_macro': 0.5915527626681419, 'prec_macro': 0.6089036796536796, 'rec_macro': 0.5994557932748158, 'f1_micro': 0.9924719827586207, 'prec_micro': 0.9924719827586207, 'rec_micro': 0.9924719827586207}
epoch 18 time: 1.21e+02s, train loss: 4.691, metrics: {'f1': 0.20367682631833572, 'f1_macro': 0.5969316794217318, 'prec_macro': 0.6033961038961039, 'rec_macro': 0.6000567695008884, 'f1_micro': 0.9929051724137931, 'prec_micro': 0.9929051724137931, 'rec_micro': 0.9929051724137931}
epoch 19 time: 1.22e+02s, train loss: 4.693, metrics: {'f1': 0.2045019157088123, 'f1_macro': 0.5964127790979197, 'prec_macro': 0.6048571428571429, 'rec_macro': 0.6004529963379268, 'f1_micro': 0.9928405172413793, 'prec_micro': 0.9928405172413793, 'rec_micro': 0.9928405172413793}
epoch 20 time: 1.23e+02s, train loss: 4.689, metrics: {'f1': 0.2129920309104081, 'f1_macro': 0.6013015128282836, 'prec_macro': 0.6084101731601731, 'rec_macro': 0.6047322181657909, 'f1_micro': 0.9929762931034483, 'prec_micro': 0.9929762931034483, 'rec_micro': 0.9929762931034483}
epoch 21 time: 1.22e+02s, train loss: 4.683, metrics: {'f1': 0.2089409514702367, 'f1_macro': 0.5983993883008142, 'prec_macro': 0.6073603896103896, 'rec_macro': 0.6026795366205535, 'f1_micro': 0.9928685344827586, 'prec_micro': 0.9928685344827586, 'rec_micro': 0.9928685344827586}
epoch 22 time: 1.22e+02s, train loss: 4.685, metrics: {'f1': 0.21477162293488827, 'f1_macro': 0.602755773391265, 'prec_macro': 0.6086883116883117, 'rec_macro': 0.6056366741298563, 'f1_micro': 0.9930344827586207, 'prec_micro': 0.9930344827586207, 'rec_micro': 0.9930344827586207}
epoch 23 time: 1.22e+02s, train loss: 4.675, metrics: {'f1': 0.20770676691729326, 'f1_macro': 0.5962739108883275, 'prec_macro': 0.6085367965367966, 'rec_macro': 0.6020282024561178, 'f1_micro': 0.9927327586206897, 'prec_micro': 0.9927327586206897, 'rec_micro': 0.9927327586206897}
epoch 24 time: 1.22e+02s, train loss: 4.678, metrics: {'f1': 0.20456182472989196, 'f1_macro': 0.5966793000239455, 'prec_macro': 0.6046179653679654, 'rec_macro': 0.6004878432562848, 'f1_micro': 0.9928599137931035, 'prec_micro': 0.9928599137931035, 'rec_micro': 0.9928599137931035}
epoch 25 time: 1.22e+02s, train loss: 4.678, metrics: {'f1': 0.20664386907669763, 'f1_macro': 0.5992958080494603, 'prec_macro': 0.6039415584415584, 'rec_macro': 0.6015641799615845, 'f1_micro': 0.993, 'prec_micro': 0.993, 'rec_micro': 0.993}
epoch 26 time: 1.26e+02s, train loss: 4.673, metrics: {'f1': 0.21505376344086022, 'f1_macro': 0.5974571228471359, 'prec_macro': 0.6154426406926408, 'rec_macro': 0.6056695342356717, 'f1_micro': 0.9926056034482759, 'prec_micro': 0.9926056034482759, 'rec_micro': 0.9926056034482759}
epoch 27 time: 1.29e+02s, train loss: 4.68, metrics: {'f1': 0.21844181459566075, 'f1_macro': 0.6060481938248987, 'prec_macro': 0.609004329004329, 'rec_macro': 0.6075054353644664, 'f1_micro': 0.9931681034482759, 'prec_micro': 0.9931681034482759, 'rec_micro': 0.9931681034482759}
epoch 28 time: 1.29e+02s, train loss: 4.675, metrics: {'f1': 0.20528697308883068, 'f1_macro': 0.5963003068204604, 'prec_macro': 0.60583658008658, 'rec_macro': 0.6008373616322319, 'f1_micro': 0.9928081896551724, 'prec_micro': 0.9928081896551724, 'rec_micro': 0.9928081896551724}
epoch 29 time: 1.29e+02s, train loss: 4.683, metrics: {'f1': 0.2153846153846154, 'f1_macro': 0.5979171709845243, 'prec_macro': 0.6152088744588744, 'rec_macro': 0.6058425710510656, 'f1_micro': 0.992635775862069, 'prec_micro': 0.992635775862069, 'rec_micro': 0.992635775862069}
epoch 30 time: 1.3e+02s, train loss: 4.669, metrics: {'f1': 0.21982758620689655, 'f1_macro': 0.6038003655072062, 'prec_macro': 0.6128917748917749, 'rec_macro': 0.6081504702194358, 'f1_micro': 0.9929784482758621, 'prec_micro': 0.9929784482758621, 'rec_micro': 0.9929784482758621}
epoch 31 time: 1.3e+02s, train loss: 4.671, metrics: {'f1': 0.21819891841053374, 'f1_macro': 0.6013105642052944, 'prec_macro': 0.6140638528138528, 'rec_macro': 0.607299723996384, 'f1_micro': 0.992834051724138, 'prec_micro': 0.992834051724138, 'rec_micro': 0.992834051724138}
epoch 32 time: 1.31e+02s, train loss: 4.671, metrics: {'f1': 0.21666261841146467, 'f1_macro': 0.603655497883159, 'prec_macro': 0.6096915584415584, 'rec_macro': 0.6065859583333816, 'f1_micro': 0.9930495689655172, 'prec_micro': 0.9930495689655172, 'rec_micro': 0.9930495689655172}
epoch 33 time: 1.3e+02s, train loss: 4.663, metrics: {'f1': 0.21395348837209302, 'f1_macro': 0.6031042933532546, 'prec_macro': 0.6074664502164502, 'rec_macro': 0.6052390302188525, 'f1_micro': 0.9930797413793103, 'prec_micro': 0.9930797413793103, 'rec_micro': 0.9930797413793103}
epoch 34 time: 1.3e+02s, train loss: 4.666, metrics: {'f1': 0.2165605095541401, 'f1_macro': 0.6044614881660425, 'prec_macro': 0.6087251082251083, 'rec_macro': 0.6065495817086809, 'f1_micro': 0.9931077586206897, 'prec_micro': 0.9931077586206897, 'rec_micro': 0.9931077586206897}
epoch 35 time: 1.3e+02s, train loss: 4.655, metrics: {'f1': 0.21980619238950602, 'f1_macro': 0.6025512707844237, 'prec_macro': 0.6143387445887446, 'rec_macro': 0.6081163941079759, 'f1_micro': 0.9928857758620689, 'prec_micro': 0.9928857758620689, 'rec_micro': 0.9928857758620689}
epoch 36 time: 1.3e+02s, train loss: 4.653, metrics: {'f1': 0.2153773806724665, 'f1_macro': 0.5999725092181151, 'prec_macro': 0.6125573593073593, 'rec_macro': 0.6058824598423859, 'f1_micro': 0.9928081896551724, 'prec_micro': 0.9928081896551724, 'rec_micro': 0.9928081896551724}
epoch 37 time: 1.31e+02s, train loss: 4.654, metrics: {'f1': 0.215007215007215, 'f1_macro': 0.6018868077038443, 'prec_macro': 0.6098982683982684, 'rec_macro': 0.6057370716673931, 'f1_micro': 0.9929655172413793, 'prec_micro': 0.9929655172413793, 'rec_micro': 0.9929655172413793}
epoch 38 time: 1.31e+02s, train loss: 4.655, metrics: {'f1': 0.22133399950037472, 'f1_macro': 0.6088990479371625, 'prec_macro': 0.6090616883116883, 'rec_macro': 0.6089803059622205, 'f1_micro': 0.9932823275862069, 'prec_micro': 0.9932823275862069, 'rec_micro': 0.9932823275862069}
epoch 39 time: 1.3e+02s, train loss: 4.668, metrics: {'f1': 0.21666261841146467, 'f1_macro': 0.603655497883159, 'prec_macro': 0.6096915584415584, 'rec_macro': 0.6065859583333816, 'f1_micro': 0.9930495689655172, 'prec_micro': 0.9930495689655172, 'rec_micro': 0.9930495689655172}
epoch 40 time: 1.32e+02s, train loss: 4.655, metrics: {'f1': 0.2203309692671395, 'f1_macro': 0.602823304867768, 'prec_macro': 0.6145909090909091, 'rec_macro': 0.6083804082617457, 'f1_micro': 0.9928922413793103, 'prec_micro': 0.9928922413793103, 'rec_micro': 0.9928922413793103}
epoch 41 time: 1.31e+02s, train loss: 4.658, metrics: {'f1': 0.21284755512943432, 'f1_macro': 0.6005253348966301, 'prec_macro': 0.6091298701298702, 'rec_macro': 0.6046463904320475, 'f1_micro': 0.9929224137931034, 'prec_micro': 0.9929224137931034, 'rec_micro': 0.9929224137931034}
epoch 42 time: 1.31e+02s, train loss: 4.659, metrics: {'f1': 0.21202082347373402, 'f1_macro': 0.5989484550870579, 'prec_macro': 0.6100757575757576, 'rec_macro': 0.6042080228408816, 'f1_micro': 0.992823275862069, 'prec_micro': 0.992823275862069, 'rec_micro': 0.992823275862069}
epoch 43 time: 1.32e+02s, train loss: 4.65, metrics: {'f1': 0.22533849129593814, 'f1_macro': 0.6074217349906852, 'prec_macro': 0.6146926406926407, 'rec_macro': 0.6109352241902654, 'f1_micro': 0.9930948275862069, 'prec_micro': 0.9930948275862069, 'rec_micro': 0.9930948275862069}
epoch 44 time: 1.32e+02s, train loss: 4.663, metrics: {'f1': 0.2282453637660485, 'f1_macro': 0.6071484421760691, 'prec_macro': 0.6181320346320347, 'rec_macro': 0.612365796690005, 'f1_micro': 0.9930043103448276, 'prec_micro': 0.9930043103448276, 'rec_micro': 0.9930043103448276}
epoch 45 time: 1.3e+02s, train loss: 4.655, metrics: {'f1': 0.23445190156599552, 'f1_macro': 0.6044738451783896, 'prec_macro': 0.6288939393939394, 'rec_macro': 0.6153732768038092, 'f1_micro': 0.992625, 'prec_micro': 0.992625, 'rec_micro': 0.992625}
epoch 46 time: 1.3e+02s, train loss: 4.648, metrics: {'f1': 0.22867680958967265, 'f1_macro': 0.6044446698195972, 'prec_macro': 0.6220064935064935, 'rec_macro': 0.6125271361705993, 'f1_micro': 0.9927887931034483, 'prec_micro': 0.9927887931034483, 'rec_micro': 0.9927887931034483}
epoch 47 time: 1.3e+02s, train loss: 4.661, metrics: {'f1': 0.2157676348547718, 'f1_macro': 0.6037021491746212, 'prec_macro': 0.6087088744588744, 'rec_macro': 0.6061449985254016, 'f1_micro': 0.9930754310344828, 'prec_micro': 0.9930754310344828, 'rec_micro': 0.9930754310344829}
epoch 48 time: 1.3e+02s, train loss: 4.669, metrics: {'f1': 0.21373307543520312, 'f1_macro': 0.6017777757883362, 'prec_macro': 0.6086666666666667, 'rec_macro': 0.6051065384103442, 'f1_micro': 0.9929913793103449, 'prec_micro': 0.9929913793103449, 'rec_micro': 0.9929913793103449}
epoch 49 time: 1.3e+02s, train loss: 4.665, metrics: {'f1': 0.20716763005780348, 'f1_macro': 0.5946632499355141, 'prec_macro': 0.6099686147186147, 'rec_macro': 0.6017276426739067, 'f1_micro': 0.9926099137931035, 'prec_micro': 0.9926099137931035, 'rec_micro': 0.9926099137931035}
epoch 50 time: 1.29e+02s, train loss: 4.658, metrics: {'f1': 0.22477591358308435, 'f1_macro': 0.6023617738773456, 'prec_macro': 0.6202348484848484, 'rec_macro': 0.6105620467326345, 'f1_micro': 0.9927306034482759, 'prec_micro': 0.9927306034482759, 'rec_micro': 0.9927306034482759}
epoch 51 time: 1.3e+02s, train loss: 4.655, metrics: {'f1': 0.22159225135837465, 'f1_macro': 0.6033579115165716, 'prec_macro': 0.6153409090909091, 'rec_macro': 0.6090126672962833, 'f1_micro': 0.9928987068965517, 'prec_micro': 0.9928987068965517, 'rec_micro': 0.9928987068965517}
epoch 52 time: 1.31e+02s, train loss: 4.663, metrics: {'f1': 0.22206371849738468, 'f1_macro': 0.6041878571164009, 'prec_macro': 0.6148679653679654, 'rec_macro': 0.6092609016542503, 'f1_micro': 0.992948275862069, 'prec_micro': 0.992948275862069, 'rec_micro': 0.992948275862069}
epoch 53 time: 1.31e+02s, train loss: 4.665, metrics: {'f1': 0.22206130823075065, 'f1_macro': 0.6056589955553761, 'prec_macro': 0.6131785714285715, 'rec_macro': 0.6092863365424176, 'f1_micro': 0.9930538793103448, 'prec_micro': 0.9930538793103448, 'rec_micro': 0.9930538793103448}
epoch 54 time: 1.3e+02s, train loss: 4.665, metrics: {'f1': 0.21984435797665372, 'f1_macro': 0.605331844844454, 'prec_macro': 0.6112034632034632, 'rec_macro': 0.6081860378110413, 'f1_micro': 0.9930862068965517, 'prec_micro': 0.9930862068965517, 'rec_micro': 0.9930862068965517}
epoch 55 time: 1.3e+02s, train loss: 4.661, metrics: {'f1': 0.2179863147605083, 'f1_macro': 0.6049144051613599, 'prec_macro': 0.6097186147186148, 'rec_macro': 0.6072613832209223, 'f1_micro': 0.993103448275862, 'prec_micro': 0.993103448275862, 'rec_micro': 0.993103448275862}
epoch 56 time: 1.3e+02s, train loss: 4.656, metrics: {'f1': 0.2074145868669736, 'f1_macro': 0.5989094229658222, 'prec_macro': 0.6051612554112554, 'rec_macro': 0.6019370284728266, 'f1_micro': 0.9929504310344828, 'prec_micro': 0.9929504310344828, 'rec_micro': 0.9929504310344828}
epoch 57 time: 1.3e+02s, train loss: 4.66, metrics: {'f1': 0.21174764321972442, 'f1_macro': 0.6007891346794075, 'prec_macro': 0.6076612554112554, 'rec_macro': 0.6041089495454977, 'f1_micro': 0.9929719827586206, 'prec_micro': 0.9929719827586206, 'rec_micro': 0.9929719827586206}
epoch 58 time: 1.3e+02s, train loss: 4.657, metrics: {'f1': 0.20431933996602764, 'f1_macro': 0.5975363167111171, 'prec_macro': 0.6034101731601731, 'rec_macro': 0.6003850869477895, 'f1_micro': 0.9929331896551724, 'prec_micro': 0.9929331896551724, 'rec_micro': 0.9929331896551724}
epoch 59 time: 1.29e+02s, train loss: 4.658, metrics: {'f1': 0.21812822402358142, 'f1_macro': 0.6055103504669127, 'prec_macro': 0.6092391774891776, 'rec_macro': 0.6073415770551003, 'f1_micro': 0.9931400862068965, 'prec_micro': 0.9931400862068965, 'rec_micro': 0.9931400862068965}
epoch 60 time: 1.29e+02s, train loss: 4.65, metrics: {'f1': 0.21960206337509214, 'f1_macro': 0.6062378855028755, 'prec_macro': 0.6099924242424243, 'rec_macro': 0.6080817437336017, 'f1_micro': 0.9931530172413793, 'prec_micro': 0.9931530172413793, 'rec_micro': 0.9931530172413793}
epoch 61 time: 1.29e+02s, train loss: 4.658, metrics: {'f1': 0.22570221227939352, 'f1_macro': 0.6105363462450804, 'prec_macro': 0.6118019480519481, 'rec_macro': 0.6111654581203196, 'f1_micro': 0.9932866379310344, 'prec_micro': 0.9932866379310344, 'rec_micro': 0.9932866379310344}
epoch 62 time: 1.28e+02s, train loss: 4.658, metrics: {'f1': 0.22238768925291635, 'f1_macro': 0.6087194523151251, 'prec_macro': 0.610288961038961, 'rec_macro': 0.6094984450955205, 'f1_micro': 0.9932478448275862, 'prec_micro': 0.9932478448275862, 'rec_micro': 0.9932478448275862}
epoch 63 time: 1.29e+02s, train loss: 4.66, metrics: {'f1': 0.22173702086365843, 'f1_macro': 0.6060110781015452, 'prec_macro': 0.612448051948052, 'rec_macro': 0.6091323504626558, 'f1_micro': 0.9930862068965517, 'prec_micro': 0.9930862068965517, 'rec_micro': 0.9930862068965517}
epoch 64 time: 1.3e+02s, train loss: 4.667, metrics: {'f1': 0.2136297728371194, 'f1_macro': 0.6016809823111628, 'prec_macro': 0.6086645021645022, 'rec_macro': 0.6050538008884697, 'f1_micro': 0.9929870689655172, 'prec_micro': 0.9929870689655172, 'rec_micro': 0.9929870689655172}
epoch 65 time: 1.3e+02s, train loss: 4.663, metrics: {'f1': 0.21312666505207076, 'f1_macro': 0.6016461157819398, 'prec_macro': 0.608172077922078, 'rec_macro': 0.6048049701572631, 'f1_micro': 0.9929978448275862, 'prec_micro': 0.9929978448275862, 'rec_micro': 0.9929978448275862}
epoch 66 time: 1.31e+02s, train loss: 4.669, metrics: {'f1': 0.21192372676804247, 'f1_macro': 0.600736587890729, 'prec_macro': 0.6079058441558441, 'rec_macro': 0.6041948150204758, 'f1_micro': 0.9929633620689655, 'prec_micro': 0.9929633620689655, 'rec_micro': 0.9929633620689655}
epoch 67 time: 1.31e+02s, train loss: 4.68, metrics: {'f1': 0.20451785280544088, 'f1_macro': 0.5977238527968551, 'prec_macro': 0.6034145021645021, 'rec_macro': 0.6004865158269224, 'f1_micro': 0.9929418103448275, 'prec_micro': 0.9929418103448275, 'rec_micro': 0.9929418103448275}
epoch 68 time: 1.31e+02s, train loss: 4.691, metrics: {'f1': 0.2069135802469136, 'f1_macro': 0.6004838977927608, 'prec_macro': 0.6029848484848485, 'rec_macro': 0.6017186008274993, 'f1_micro': 0.9930775862068966, 'prec_micro': 0.9930775862068966, 'rec_micro': 0.9930775862068966}
epoch 69 time: 1.31e+02s, train loss: 4.698, metrics: {'f1': 0.21121448327885342, 'f1_macro': 0.604511676213217, 'prec_macro': 0.603314935064935, 'rec_macro': 0.6039097730699214, 'f1_micro': 0.9932392241379311, 'prec_micro': 0.9932392241379311, 'rec_micro': 0.9932392241379311}
epoch 70 time: 1.32e+02s, train loss: 4.704, metrics: {'f1': 0.20794044665012407, 'f1_macro': 0.6014908203686695, 'prec_macro': 0.6030064935064935, 'rec_macro': 0.6022428945156851, 'f1_micro': 0.9931206896551724, 'prec_micro': 0.9931206896551724, 'rec_micro': 0.9931206896551724}
epoch 71 time: 1.31e+02s, train loss: 4.689, metrics: {'f1': 0.21137440758293838, 'f1_macro': 0.5987678310212851, 'prec_macro': 0.6095800865800866, 'rec_macro': 0.6038859091109176, 'f1_micro': 0.9928275862068966, 'prec_micro': 0.9928275862068966, 'rec_micro': 0.9928275862068966}
epoch 72 time: 1.31e+02s, train loss: 4.693, metrics: {'f1': 0.19953703703703707, 'f1_macro': 0.5911887021313463, 'prec_macro': 0.6057056277056276, 'rec_macro': 0.5978966581339697, 'f1_micro': 0.9925474137931034, 'prec_micro': 0.9925474137931034, 'rec_micro': 0.9925474137931034}
epoch 73 time: 1.31e+02s, train loss: 4.703, metrics: {'f1': 0.20179584120982985, 'f1_macro': 0.5939508856066311, 'prec_macro': 0.6047965367965368, 'rec_macro': 0.5990695394529373, 'f1_micro': 0.9927198275862069, 'prec_micro': 0.9927198275862069, 'rec_micro': 0.9927198275862069}
epoch 74 time: 1.31e+02s, train loss: 4.709, metrics: {'f1': 0.18762278978389, 'f1_macro': 0.5904301119919139, 'prec_macro': 0.5936709956709957, 'rec_macro': 0.5920212121071393, 'f1_micro': 0.9928706896551724, 'prec_micro': 0.9928706896551724, 'rec_micro': 0.9928706896551724}
epoch 75 time: 1.31e+02s, train loss: 4.724, metrics: {'f1': 0.20233077113811057, 'f1_macro': 0.5986212519416335, 'prec_macro': 0.600241341991342, 'rec_macro': 0.5994245225295745, 'f1_micro': 0.9930668103448276, 'prec_micro': 0.9930668103448276, 'rec_micro': 0.9930668103448276}
epoch 76 time: 1.31e+02s, train loss: 4.714, metrics: {'f1': 0.196011673151751, 'f1_macro': 0.5936784228945965, 'prec_macro': 0.5989004329004329, 'rec_macro': 0.5962166586668648, 'f1_micro': 0.992875, 'prec_micro': 0.992875, 'rec_micro': 0.992875}
epoch 77 time: 1.32e+02s, train loss: 4.708, metrics: {'f1': 0.2009132420091324, 'f1_macro': 0.5950017659667511, 'prec_macro': 0.6026136363636364, 'rec_macro': 0.5986570650213268, 'f1_micro': 0.992834051724138, 'prec_micro': 0.992834051724138, 'rec_micro': 0.992834051724138}
epoch 78 time: 1.33e+02s, train loss: 4.701, metrics: {'f1': 0.18341648847707295, 'f1_macro': 0.5856223068088534, 'prec_macro': 0.5945270562770563, 'rec_macro': 0.5898479749784983, 'f1_micro': 0.9925926724137931, 'prec_micro': 0.9925926724137931, 'rec_micro': 0.9925926724137931}
epoch 79 time: 1.32e+02s, train loss: 4.712, metrics: {'f1': 0.17615617011387402, 'f1_macro': 0.5805284970949142, 'prec_macro': 0.592667748917749, 'rec_macro': 0.5861591657576429, 'f1_micro': 0.9923599137931034, 'prec_micro': 0.9923599137931034, 'rec_micro': 0.9923599137931034}
epoch 80 time: 1.32e+02s, train loss: 4.721, metrics: {'f1': 0.18552450755840588, 'f1_macro': 0.5838599303717025, 'prec_macro': 0.5991277056277056, 'rec_macro': 0.5908372488530093, 'f1_micro': 0.9923362068965518, 'prec_micro': 0.9923362068965518, 'rec_micro': 0.9923362068965518}
epoch 81 time: 1.32e+02s, train loss: 4.704, metrics: {'f1': 0.2030288689067676, 'f1_macro': 0.5946601374189451, 'prec_macro': 0.6053051948051947, 'rec_macro': 0.5996914777561829, 'f1_micro': 0.9927413793103448, 'prec_micro': 0.9927413793103448, 'rec_micro': 0.9927413793103448}
epoch 82 time: 1.31e+02s, train loss: 4.694, metrics: {'f1': 0.2121212121212121, 'f1_macro': 0.6004901358868968, 'prec_macro': 0.6083917748917749, 'rec_macro': 0.6042875756073467, 'f1_micro': 0.9929396551724138, 'prec_micro': 0.9929396551724138, 'rec_micro': 0.9929396551724138}
epoch 83 time: 1.31e+02s, train loss: 4.705, metrics: {'f1': 0.20840417779936846, 'f1_macro': 0.5996219792244725, 'prec_macro': 0.6054231601731601, 'rec_macro': 0.6024383374289893, 'f1_micro': 0.9929762931034483, 'prec_micro': 0.9929762931034483, 'rec_micro': 0.9929762931034483}
epoch 84 time: 1.3e+02s, train loss: 4.698, metrics: {'f1': 0.20004843787842091, 'f1_macro': 0.5952758816746466, 'prec_macro': 0.6013928571428572, 'rec_macro': 0.5982366317111235, 'f1_micro': 0.9928814655172413, 'prec_micro': 0.9928814655172413, 'rec_micro': 0.9928814655172413}
epoch 85 time: 1.26e+02s, train loss: 4.699, metrics: {'f1': 0.20687984496124032, 'f1_macro': 0.59862609463, 'prec_macro': 0.6049090909090908, 'rec_macro': 0.6016680320022855, 'f1_micro': 0.9929439655172414, 'prec_micro': 0.9929439655172414, 'rec_micro': 0.9929439655172414}
epoch 86 time: 1.22e+02s, train loss: 4.689, metrics: {'f1': 0.2167464114832536, 'f1_macro': 0.6022241875880789, 'prec_macro': 0.6113809523809524, 'rec_macro': 0.6066012155270829, 'f1_micro': 0.9929439655172414, 'prec_micro': 0.9929439655172414, 'rec_micro': 0.9929439655172414}
epoch 87 time: 1.22e+02s, train loss: 4.686, metrics: {'f1': 0.20135482363933657, 'f1_macro': 0.5927770215961892, 'prec_macro': 0.6057478354978355, 'rec_macro': 0.598826740782264, 'f1_micro': 0.9926314655172414, 'prec_micro': 0.9926314655172414, 'rec_micro': 0.9926314655172414}
epoch 88 time: 1.22e+02s, train loss: 4.695, metrics: {'f1': 0.20187793427230047, 'f1_macro': 0.5934326524025512, 'prec_macro': 0.6055194805194806, 'rec_macro': 0.5990986224504161, 'f1_micro': 0.9926724137931034, 'prec_micro': 0.9926724137931034, 'rec_micro': 0.9926724137931034}
epoch 89 time: 1.21e+02s, train loss: 4.684, metrics: {'f1': 0.2080568720379147, 'f1_macro': 0.5971836750779105, 'prec_macro': 0.6078225108225108, 'rec_macro': 0.6022195637766485, 'f1_micro': 0.9927974137931035, 'prec_micro': 0.9927974137931035, 'rec_micro': 0.9927974137931035}
epoch 90 time: 1.21e+02s, train loss: 4.69, metrics: {'f1': 0.20209723546234507, 'f1_macro': 0.5948328105005602, 'prec_macro': 0.6040822510822511, 'rec_macro': 0.5992365450404286, 'f1_micro': 0.9927844827586206, 'prec_micro': 0.9927844827586206, 'rec_micro': 0.9927844827586206}
epoch 91 time: 1.21e+02s, train loss: 4.69, metrics: {'f1': 0.19937694704049844, 'f1_macro': 0.5940052746007927, 'prec_macro': 0.6020984848484848, 'rec_macro': 0.5978802345317805, 'f1_micro': 0.9927995689655172, 'prec_micro': 0.9927995689655172, 'rec_micro': 0.9927995689655172}
epoch 92 time: 1.21e+02s, train loss: 4.689, metrics: {'f1': 0.1910675901600191, 'f1_macro': 0.5897171712636996, 'prec_macro': 0.5980660173160173, 'rec_macro': 0.593700631874902, 'f1_micro': 0.9927004310344828, 'prec_micro': 0.9927004310344828, 'rec_micro': 0.9927004310344828}
epoch 93 time: 1.21e+02s, train loss: 4.69, metrics: {'f1': 0.20090887347524516, 'f1_macro': 0.5945754803996122, 'prec_macro': 0.6030941558441558, 'rec_macro': 0.5986461820903378, 'f1_micro': 0.9927995689655172, 'prec_micro': 0.9927995689655172, 'rec_micro': 0.9927995689655172}
epoch 94 time: 1.21e+02s, train loss: 4.693, metrics: {'f1': 0.2010122921185828, 'f1_macro': 0.595308114469391, 'prec_macro': 0.6023755411255411, 'rec_macro': 0.5987120255788243, 'f1_micro': 0.9928556034482758, 'prec_micro': 0.9928556034482758, 'rec_micro': 0.9928556034482758}
epoch 95 time: 1.21e+02s, train loss: 4.68, metrics: {'f1': 0.20613082307506636, 'f1_macro': 0.5979237835109307, 'prec_macro': 0.6048928571428571, 'rec_macro': 0.6012853741507949, 'f1_micro': 0.9929116379310344, 'prec_micro': 0.9929116379310344, 'rec_micro': 0.9929116379310344}
epoch 96 time: 1.21e+02s, train loss: 4.678, metrics: {'f1': 0.19942473633748803, 'f1_macro': 0.5940493483889492, 'prec_macro': 0.6020995670995671, 'rec_macro': 0.5979046723638972, 'f1_micro': 0.992801724137931, 'prec_micro': 0.992801724137931, 'rec_micro': 0.992801724137931}
epoch 97 time: 1.23e+02s, train loss: 4.693, metrics: {'f1': 0.1974779919105401, 'f1_macro': 0.5924736192429332, 'prec_macro': 0.601814935064935, 'rec_macro': 0.5969133784224138, 'f1_micro': 0.9927306034482759, 'prec_micro': 0.9927306034482759, 'rec_micro': 0.9927306034482759}
epoch 98 time: 1.22e+02s, train loss: 4.697, metrics: {'f1': 0.18347305389221558, 'f1_macro': 0.5862953138815208, 'prec_macro': 0.5938106060606061, 'rec_macro': 0.5898914805358029, 'f1_micro': 0.9926530172413793, 'prec_micro': 0.9926530172413793, 'rec_micro': 0.9926530172413793}
epoch 99 time: 1.23e+02s, train loss: 4.697, metrics: {'f1': 0.2023552030761836, 'f1_macro': 0.5956991369429981, 'prec_macro': 0.6033668831168831, 'rec_macro': 0.5993812928739197, 'f1_micro': 0.9928469827586207, 'prec_micro': 0.9928469827586207, 'rec_micro': 0.9928469827586207}
epoch 100 time: 1.22e+02s, train loss: 4.695, metrics: {'f1': 0.20804237900313027, 'f1_macro': 0.5986275958621368, 'prec_macro': 0.6061374458874459, 'rec_macro': 0.6022411328471624, 'f1_micro': 0.9929116379310344, 'prec_micro': 0.9929116379310344, 'rec_micro': 0.9929116379310344}
post-training summary -- best {'f1': 0.23445190156599552, 'f1_macro': 0.6044738451783896, 'prec_macro': 0.6288939393939394, 'rec_macro': 0.6153732768038092, 'f1_micro': 0.992625, 'prec_micro': 0.992625, 'rec_micro': 0.992625}
run 4 start -- seed=3
initialized continuityBERT with 527361 parameters.
/home/azureuser/.local/lib/python3.8/site-packages/sklearn/metrics/_classification.py:1344: UndefinedMetricWarning: Precision and F-score are ill-defined and being set to 0.0 in labels with no predicted samples. Use `zero_division` parameter to control this behavior.
  _warn_prf(average, modifier, msg_start, len(result))
epoch 1 time: 1.2e+02s, train loss: 4.941, metrics: {'f1': 0.0, 'f1_macro': 0.4978448275862069, 'prec_macro': 0.5, 'rec_macro': 0.4989200863930886, 'f1_micro': 0.9956896551724138, 'prec_micro': 0.9956896551724138, 'rec_micro': 0.9956896551724138}
epoch 2 time: 1.2e+02s, train loss: 4.905, metrics: {'f1': 0.10641891891891893, 'f1_macro': 0.5589311172706718, 'prec_macro': 0.5457748917748918, 'rec_macro': 0.551492759331383, 'f1_micro': 0.9931594827586206, 'prec_micro': 0.9931594827586206, 'rec_micro': 0.9931594827586206}
epoch 3 time: 1.23e+02s, train loss: 4.834, metrics: {'f1': 0.16513317191283292, 'f1_macro': 0.5782509884546705, 'prec_macro': 0.5833138528138528, 'rec_macro': 0.5807005225492271, 'f1_micro': 0.9925689655172414, 'prec_micro': 0.9925689655172414, 'rec_micro': 0.9925689655172414}
epoch 4 time: 1.19e+02s, train loss: 4.79, metrics: {'f1': 0.1781029263370333, 'f1_macro': 0.5880852884582274, 'prec_macro': 0.5865064935064934, 'rec_macro': 0.5872885448406593, 'f1_micro': 0.9929784482758621, 'prec_micro': 0.9929784482758621, 'rec_micro': 0.9929784482758621}
epoch 5 time: 1.23e+02s, train loss: 4.776, metrics: {'f1': 0.198943661971831, 'f1_macro': 0.587159178309879, 'prec_macro': 0.6107359307359308, 'rec_macro': 0.5975009736846473, 'f1_micro': 0.9921551724137931, 'prec_micro': 0.9921551724137931, 'rec_micro': 0.9921551724137931}
epoch 6 time: 1.21e+02s, train loss: 4.754, metrics: {'f1': 0.18828049951969258, 'f1_macro': 0.5888321352248349, 'prec_macro': 0.5960822510822511, 'rec_macro': 0.5923109207447397, 'f1_micro': 0.9927155172413793, 'prec_micro': 0.9927155172413793, 'rec_micro': 0.9927155172413793}
epoch 7 time: 1.22e+02s, train loss: 4.734, metrics: {'f1': 0.19734840252119104, 'f1_macro': 0.5855987857713039, 'prec_macro': 0.611176406926407, 'rec_macro': 0.5966745239813263, 'f1_micro': 0.9920409482758621, 'prec_micro': 0.9920409482758621, 'rec_micro': 0.9920409482758621}
epoch 8 time: 1.23e+02s, train loss: 4.724, metrics: {'f1': 0.18513189448441247, 'f1_macro': 0.5871926959378494, 'prec_macro': 0.594569264069264, 'rec_macro': 0.5907268642940449, 'f1_micro': 0.9926767241379311, 'prec_micro': 0.9926767241379311, 'rec_micro': 0.9926767241379311}
epoch 9 time: 1.22e+02s, train loss: 4.725, metrics: {'f1': 0.18598064668397452, 'f1_macro': 0.5863253846106835, 'prec_macro': 0.5965054112554112, 'rec_macro': 0.5911235025232274, 'f1_micro': 0.9925668103448276, 'prec_micro': 0.9925668103448276, 'rec_micro': 0.9925668103448276}
epoch 10 time: 1.22e+02s, train loss: 4.717, metrics: {'f1': 0.19649122807017547, 'f1_macro': 0.5905967171601478, 'prec_macro': 0.6029924242424243, 'rec_macro': 0.5963862944323921, 'f1_micro': 0.9925969827586207, 'prec_micro': 0.9925969827586207, 'rec_micro': 0.9925969827586207}
epoch 11 time: 1.22e+02s, train loss: 4.709, metrics: {'f1': 0.1927652342801651, 'f1_macro': 0.591940966933029, 'prec_macro': 0.5973863636363637, 'rec_macro': 0.5945831429653783, 'f1_micro': 0.992834051724138, 'prec_micro': 0.992834051724138, 'rec_micro': 0.992834051724138}
epoch 12 time: 1.21e+02s, train loss: 4.706, metrics: {'f1': 0.19731977818853974, 'f1_macro': 0.590006031565291, 'prec_macro': 0.6046926406926407, 'rec_macro': 0.5967793514142277, 'f1_micro': 0.9925129310344828, 'prec_micro': 0.9925129310344828, 'rec_micro': 0.9925129310344828}
epoch 13 time: 1.22e+02s, train loss: 4.704, metrics: {'f1': 0.20105820105820107, 'f1_macro': 0.5951362272552647, 'prec_macro': 0.6026168831168831, 'rec_macro': 0.5987311740438357, 'f1_micro': 0.9928405172413793, 'prec_micro': 0.9928405172413793, 'rec_micro': 0.9928405172413793}
epoch 14 time: 1.22e+02s, train loss: 4.699, metrics: {'f1': 0.1939686369119421, 'f1_macro': 0.5919763135177064, 'prec_macro': 0.5986136363636364, 'rec_macro': 0.5951761342712234, 'f1_micro': 0.9927995689655172, 'prec_micro': 0.9927995689655172, 'rec_micro': 0.9927995689655172}
epoch 15 time: 1.21e+02s, train loss: 4.698, metrics: {'f1': 0.2014251781472684, 'f1_macro': 0.5942211984664436, 'prec_macro': 0.6040670995670996, 'rec_macro': 0.5988929114412719, 'f1_micro': 0.9927543103448276, 'prec_micro': 0.9927543103448276, 'rec_micro': 0.9927543103448276}
epoch 16 time: 1.24e+02s, train loss: 4.69, metrics: {'f1': 0.20294046758255, 'f1_macro': 0.5962431102961006, 'prec_macro': 0.6033798701298702, 'rec_macro': 0.5996804430133249, 'f1_micro': 0.9928728448275862, 'prec_micro': 0.9928728448275862, 'rec_micro': 0.9928728448275862}
epoch 17 time: 1.26e+02s, train loss: 4.694, metrics: {'f1': 0.2100646352723915, 'f1_macro': 0.5958824657746745, 'prec_macro': 0.6117186147186147, 'rec_macro': 0.6031799204545244, 'f1_micro': 0.992625, 'prec_micro': 0.992625, 'rec_micro': 0.992625}
epoch 18 time: 1.27e+02s, train loss: 4.689, metrics: {'f1': 0.20741825280624693, 'f1_macro': 0.5995820328412963, 'prec_macro': 0.6044393939393939, 'rec_macro': 0.6019513642162249, 'f1_micro': 0.993, 'prec_micro': 0.993, 'rec_micro': 0.993}
epoch 19 time: 1.29e+02s, train loss: 4.69, metrics: {'f1': 0.21025399811853246, 'f1_macro': 0.5975634622568151, 'prec_macro': 0.6097965367965368, 'rec_macro': 0.6033094037843645, 'f1_micro': 0.9927629310344828, 'prec_micro': 0.9927629310344828, 'rec_micro': 0.9927629310344828}
epoch 20 time: 1.31e+02s, train loss: 4.693, metrics: {'f1': 0.19826756496631376, 'f1_macro': 0.5938281146069304, 'prec_macro': 0.6011125541125542, 'rec_macro': 0.597330447721011, 'f1_micro': 0.9928189655172414, 'prec_micro': 0.9928189655172414, 'rec_micro': 0.9928189655172414}
epoch 21 time: 1.3e+02s, train loss: 4.69, metrics: {'f1': 0.213262084041778, 'f1_macro': 0.6019946372589939, 'prec_macro': 0.6079339826839827, 'rec_macro': 0.604878114431573, 'f1_micro': 0.9930193965517241, 'prec_micro': 0.9930193965517241, 'rec_micro': 0.9930193965517241}
epoch 22 time: 1.3e+02s, train loss: 4.684, metrics: {'f1': 0.21490803484995158, 'f1_macro': 0.6024431157779362, 'prec_macro': 0.6091731601731601, 'rec_macro': 0.6056983553606983, 'f1_micro': 0.9930086206896551, 'prec_micro': 0.9930086206896551, 'rec_micro': 0.9930086206896551}
epoch 23 time: 1.3e+02s, train loss: 4.677, metrics: {'f1': 0.2121002990568208, 'f1_macro': 0.596543645118921, 'prec_macro': 0.6132088744588744, 'rec_macro': 0.6041960982775618, 'f1_micro': 0.9926185344827586, 'prec_micro': 0.9926185344827586, 'rec_micro': 0.9926185344827586}
epoch 24 time: 1.3e+02s, train loss: 4.68, metrics: {'f1': 0.2139267767408471, 'f1_macro': 0.6008885988548561, 'prec_macro': 0.6098755411255411, 'rec_macro': 0.605185446539701, 'f1_micro': 0.9929202586206897, 'prec_micro': 0.9929202586206897, 'rec_micro': 0.9929202586206897}
epoch 25 time: 1.3e+02s, train loss: 4.671, metrics: {'f1': 0.21921776919362626, 'f1_macro': 0.6043020490301587, 'prec_macro': 0.6116731601731602, 'rec_macro': 0.6078586156160823, 'f1_micro': 0.9930301724137931, 'prec_micro': 0.9930301724137931, 'rec_micro': 0.9930301724137931}
epoch 26 time: 1.3e+02s, train loss: 4.67, metrics: {'f1': 0.21433708942699592, 'f1_macro': 0.6012665920016922, 'prec_macro': 0.6098841991341991, 'rec_macro': 0.6053949480846845, 'f1_micro': 0.9929375, 'prec_micro': 0.9929375, 'rec_micro': 0.9929375}
epoch 27 time: 1.3e+02s, train loss: 4.665, metrics: {'f1': 0.21193317422434366, 'f1_macro': 0.5996851874977939, 'prec_macro': 0.6091103896103897, 'rec_macro': 0.6041794230849369, 'f1_micro': 0.9928836206896552, 'prec_micro': 0.9928836206896552, 'rec_micro': 0.9928836206896552}
epoch 28 time: 1.31e+02s, train loss: 4.668, metrics: {'f1': 0.21857659831121834, 'f1_macro': 0.6039196375394966, 'prec_macro': 0.6114188311688311, 'rec_macro': 0.6075353184389383, 'f1_micro': 0.9930193965517241, 'prec_micro': 0.9930193965517241, 'rec_micro': 0.9930193965517241}
epoch 29 time: 1.31e+02s, train loss: 4.659, metrics: {'f1': 0.22043404047793222, 'f1_macro': 0.6058921338392693, 'prec_macro': 0.611215367965368, 'rec_macro': 0.60848685276395, 'f1_micro': 0.9931099137931034, 'prec_micro': 0.9931099137931034, 'rec_micro': 0.9931099137931034}
epoch 30 time: 1.32e+02s, train loss: 4.671, metrics: {'f1': 0.2188861985472155, 'f1_macro': 0.604427490165261, 'prec_macro': 0.6111839826839827, 'rec_macro': 0.6076971826403152, 'f1_micro': 0.9930474137931035, 'prec_micro': 0.9930474137931035, 'rec_micro': 0.9930474137931035}
epoch 31 time: 1.31e+02s, train loss: 4.66, metrics: {'f1': 0.21771913289349668, 'f1_macro': 0.6012757947538374, 'prec_macro': 0.6135714285714285, 'rec_macro': 0.6070625551147516, 'f1_micro': 0.9928448275862068, 'prec_micro': 0.9928448275862068, 'rec_micro': 0.9928448275862068}
epoch 32 time: 1.31e+02s, train loss: 4.667, metrics: {'f1': 0.2185158327290307, 'f1_macro': 0.6040799107169502, 'prec_macro': 0.611176406926407, 'rec_macro': 0.6075081980621264, 'f1_micro': 0.9930323275862069, 'prec_micro': 0.9930323275862069, 'rec_micro': 0.9930323275862069}
epoch 33 time: 1.3e+02s, train loss: 4.666, metrics: {'f1': 0.2184466019417476, 'f1_macro': 0.6044541504695331, 'prec_macro': 0.6106926406926407, 'rec_macro': 0.6074806504101948, 'f1_micro': 0.9930603448275862, 'prec_micro': 0.9930603448275862, 'rec_micro': 0.9930603448275862}
epoch 34 time: 1.29e+02s, train loss: 4.653, metrics: {'f1': 0.2206697181402072, 'f1_macro': 0.6047927338585597, 'prec_macro': 0.6126677489177489, 'rec_macro': 0.6085840318245256, 'f1_micro': 0.9930280172413793, 'prec_micro': 0.9930280172413793, 'rec_micro': 0.9930280172413793}
epoch 35 time: 1.27e+02s, train loss: 4.659, metrics: {'f1': 0.22066295669005567, 'f1_macro': 0.6052202249746844, 'prec_macro': 0.612185064935065, 'rec_macro': 0.6085882620595668, 'f1_micro': 0.9930581896551725, 'prec_micro': 0.9930581896551725, 'rec_micro': 0.9930581896551725}
epoch 36 time: 1.25e+02s, train loss: 4.656, metrics: {'f1': 0.21755253399258345, 'f1_macro': 0.6058909859524151, 'prec_macro': 0.608262987012987, 'rec_macro': 0.607063521245687, 'f1_micro': 0.9931788793103449, 'prec_micro': 0.9931788793103449, 'rec_micro': 0.9931788793103449}
epoch 37 time: 1.23e+02s, train loss: 4.655, metrics: {'f1': 0.2223308086977767, 'f1_macro': 0.6070232375969528, 'prec_macro': 0.6119772727272728, 'rec_macro': 0.6094428283753326, 'f1_micro': 0.9931400862068965, 'prec_micro': 0.9931400862068965, 'rec_micro': 0.9931400862068965}
epoch 38 time: 1.23e+02s, train loss: 4.651, metrics: {'f1': 0.2156954887218045, 'f1_macro': 0.6000600498535432, 'prec_macro': 0.6128051948051948, 'rec_macro': 0.60604096672554, 'f1_micro': 0.9928060344827586, 'prec_micro': 0.9928060344827586, 'rec_micro': 0.9928060344827586}
epoch 39 time: 1.23e+02s, train loss: 4.652, metrics: {'f1': 0.22557471264367815, 'f1_macro': 0.6065707104106887, 'prec_macro': 0.6159047619047618, 'rec_macro': 0.6110370229250016, 'f1_micro': 0.9930301724137931, 'prec_micro': 0.9930301724137931, 'rec_micro': 0.9930301724137931}
epoch 40 time: 1.23e+02s, train loss: 4.652, metrics: {'f1': 0.22000000000000003, 'f1_macro': 0.6057041825173456, 'prec_macro': 0.6109653679653679, 'rec_macro': 0.6082692932135513, 'f1_micro': 0.9931077586206897, 'prec_micro': 0.9931077586206897, 'rec_micro': 0.9931077586206897}
epoch 41 time: 1.23e+02s, train loss: 4.649, metrics: {'f1': 0.21289062500000003, 'f1_macro': 0.6023146411044997, 'prec_macro': 0.6072034632034632, 'rec_macro': 0.604700542480604, 'f1_micro': 0.9930517241379311, 'prec_micro': 0.9930517241379311, 'rec_micro': 0.9930517241379311}
epoch 42 time: 1.23e+02s, train loss: 4.652, metrics: {'f1': 0.22270955165692008, 'f1_macro': 0.6069323721811589, 'prec_macro': 0.6124675324675325, 'rec_macro': 0.6096283910405618, 'f1_micro': 0.993125, 'prec_micro': 0.993125, 'rec_micro': 0.993125}
epoch 43 time: 1.22e+02s, train loss: 4.651, metrics: {'f1': 0.2228612508986341, 'f1_macro': 0.6053330601577925, 'prec_macro': 0.6144015151515152, 'rec_macro': 0.6096754266945719, 'f1_micro': 0.993010775862069, 'prec_micro': 0.993010775862069, 'rec_micro': 0.993010775862069}
epoch 44 time: 1.21e+02s, train loss: 4.664, metrics: {'f1': 0.22120481927710844, 'f1_macro': 0.6050758954759801, 'prec_macro': 0.6129199134199134, 'rec_macro': 0.6088532079283199, 'f1_micro': 0.9930344827586207, 'prec_micro': 0.9930344827586207, 'rec_micro': 0.9930344827586207}
epoch 45 time: 1.22e+02s, train loss: 4.655, metrics: {'f1': 0.2195181309321003, 'f1_macro': 0.605245909650207, 'prec_macro': 0.6109556277056277, 'rec_macro': 0.6080234711156344, 'f1_micro': 0.9930883620689656, 'prec_micro': 0.9930883620689656, 'rec_micro': 0.9930883620689656}
epoch 46 time: 1.22e+02s, train loss: 4.653, metrics: {'f1': 0.21956574774335205, 'f1_macro': 0.6055160531415278, 'prec_macro': 0.610715367965368, 'rec_macro': 0.6080516277749622, 'f1_micro': 0.9931056034482758, 'prec_micro': 0.9931056034482758, 'rec_micro': 0.9931056034482758}
epoch 47 time: 1.21e+02s, train loss: 4.658, metrics: {'f1': 0.2217954872779645, 'f1_macro': 0.6049830989986366, 'prec_macro': 0.6136558441558442, 'rec_macro': 0.6091430994063604, 'f1_micro': 0.9930129310344827, 'prec_micro': 0.9930129310344827, 'rec_micro': 0.9930129310344827}
epoch 48 time: 1.21e+02s, train loss: 4.658, metrics: {'f1': 0.22532544378698224, 'f1_macro': 0.6053161378389081, 'prec_macro': 0.6171071428571429, 'rec_macro': 0.6108911866170439, 'f1_micro': 0.9929461206896552, 'prec_micro': 0.9929461206896552, 'rec_micro': 0.9929461206896552}
epoch 49 time: 1.21e+02s, train loss: 4.658, metrics: {'f1': 0.22186568874627546, 'f1_macro': 0.6007702051267295, 'prec_macro': 0.6189664502164502, 'rec_macro': 0.6090950011511794, 'f1_micro': 0.9926831896551724, 'prec_micro': 0.9926831896551724, 'rec_micro': 0.9926831896551724}
epoch 50 time: 1.21e+02s, train loss: 4.67, metrics: {'f1': 0.22125114995400183, 'f1_macro': 0.600782419336314, 'prec_macro': 0.6182294372294372, 'rec_macro': 0.6087926335661664, 'f1_micro': 0.9927025862068966, 'prec_micro': 0.9927025862068966, 'rec_micro': 0.9927025862068966}
epoch 51 time: 1.2e+02s, train loss: 4.668, metrics: {'f1': 0.2200193423597679, 'f1_macro': 0.6048349203562753, 'prec_macro': 0.6119307359307359, 'rec_macro': 0.6082637432078015, 'f1_micro': 0.9930474137931035, 'prec_micro': 0.9930474137931035, 'rec_micro': 0.9930474137931035}
epoch 52 time: 1.2e+02s, train loss: 4.662, metrics: {'f1': 0.21987315010570826, 'f1_macro': 0.6020185164562122, 'prec_macro': 0.6150638528138528, 'rec_macro': 0.6081389971551056, 'f1_micro': 0.9928426724137931, 'prec_micro': 0.9928426724137931, 'rec_micro': 0.9928426724137931}
epoch 53 time: 1.2e+02s, train loss: 4.662, metrics: {'f1': 0.22060549166862237, 'f1_macro': 0.602279531237618, 'prec_macro': 0.6155616883116883, 'rec_macro': 0.6085051601526413, 'f1_micro': 0.9928426724137931, 'prec_micro': 0.9928426724137931, 'rec_micro': 0.9928426724137931}
epoch 54 time: 1.21e+02s, train loss: 4.665, metrics: {'f1': 0.21418506341005167, 'f1_macro': 0.5993023842059906, 'prec_macro': 0.6120497835497836, 'rec_macro': 0.6052814199443827, 'f1_micro': 0.9927887931034483, 'prec_micro': 0.9927887931034483, 'rec_micro': 0.9927887931034483}
epoch 55 time: 1.21e+02s, train loss: 4.672, metrics: {'f1': 0.2202771699489424, 'f1_macro': 0.6055189116282942, 'prec_macro': 0.6114534632034632, 'rec_macro': 0.608402983109741, 'f1_micro': 0.9930883620689656, 'prec_micro': 0.9930883620689656, 'rec_micro': 0.9930883620689656}
epoch 56 time: 1.22e+02s, train loss: 4.69, metrics: {'f1': 0.21726479146459748, 'f1_macro': 0.6037812889801633, 'prec_macro': 0.6101861471861472, 'rec_macro': 0.60688540804131, 'f1_micro': 0.9930431034482758, 'prec_micro': 0.9930431034482758, 'rec_micro': 0.9930431034482758}
epoch 57 time: 1.22e+02s, train loss: 4.671, metrics: {'f1': 0.20606644198363022, 'f1_macro': 0.5976481804352933, 'prec_macro': 0.6051320346320347, 'rec_macro': 0.6012482914689292, 'f1_micro': 0.9928922413793103, 'prec_micro': 0.9928922413793103, 'rec_micro': 0.9928922413793103}
epoch 58 time: 1.21e+02s, train loss: 4.677, metrics: {'f1': 0.19036537118920177, 'f1_macro': 0.5873061993857759, 'prec_macro': 0.6002067099567099, 'rec_macro': 0.5932995045288254, 'f1_micro': 0.9925021551724138, 'prec_micro': 0.9925021551724138, 'rec_micro': 0.9925021551724138}
epoch 59 time: 1.21e+02s, train loss: 4.698, metrics: {'f1': 0.18749999999999997, 'f1_macro': 0.5844785369122865, 'prec_macro': 0.6006147186147186, 'rec_macro': 0.5918217094550116, 'f1_micro': 0.9923232758620689, 'prec_micro': 0.9923232758620689, 'rec_micro': 0.9923232758620688}
epoch 60 time: 1.22e+02s, train loss: 4.7, metrics: {'f1': 0.1986349729348082, 'f1_macro': 0.5921107621847653, 'prec_macro': 0.6035227272727273, 'rec_macro': 0.5974744573394247, 'f1_micro': 0.9926616379310345, 'prec_micro': 0.9926616379310345, 'rec_micro': 0.9926616379310345}
epoch 61 time: 1.21e+02s, train loss: 4.699, metrics: {'f1': 0.19941916747337854, 'f1_macro': 0.5949037834140896, 'prec_macro': 0.6011385281385282, 'rec_macro': 0.5979192846896393, 'f1_micro': 0.9928706896551724, 'prec_micro': 0.9928706896551724, 'rec_micro': 0.9928706896551724}
epoch 62 time: 1.21e+02s, train loss: 4.688, metrics: {'f1': 0.20186183243508082, 'f1_macro': 0.5972244039189077, 'prec_macro': 0.6011926406926407, 'rec_macro': 0.5991677727351101, 'f1_micro': 0.9929784482758621, 'prec_micro': 0.9929784482758621, 'rec_micro': 0.9929784482758621}
epoch 63 time: 1.2e+02s, train loss: 4.687, metrics: {'f1': 0.20687972676262503, 'f1_macro': 0.5992944831417263, 'prec_macro': 0.6041872294372295, 'rec_macro': 0.6016804757412948, 'f1_micro': 0.9929935344827586, 'prec_micro': 0.9929935344827586, 'rec_micro': 0.9929935344827586}
epoch 64 time: 1.2e+02s, train loss: 4.682, metrics: {'f1': 0.21720532319391633, 'f1_macro': 0.6018166532595388, 'prec_macro': 0.6123549783549783, 'rec_macro': 0.6068197927260435, 'f1_micro': 0.9929008620689656, 'prec_micro': 0.9929008620689656, 'rec_micro': 0.9929008620689656}
epoch 65 time: 1.21e+02s, train loss: 4.7, metrics: {'f1': 0.20069848661233994, 'f1_macro': 0.5922006452403058, 'prec_macro': 0.605732683982684, 'rec_macro': 0.5984909660423249, 'f1_micro': 0.9926012931034482, 'prec_micro': 0.9926012931034482, 'rec_micro': 0.9926012931034482}
epoch 66 time: 1.21e+02s, train loss: 4.722, metrics: {'f1': 0.18785046728971963, 'f1_macro': 0.5864274087280056, 'prec_macro': 0.5984675324675325, 'rec_macro': 0.5920437111055622, 'f1_micro': 0.9925086206896552, 'prec_micro': 0.9925086206896552, 'rec_micro': 0.9925086206896552}
epoch 67 time: 1.21e+02s, train loss: 4.716, metrics: {'f1': 0.19206085096268125, 'f1_macro': 0.589798912691676, 'prec_macro': 0.5990487012987014, 'rec_macro': 0.5941907276269512, 'f1_micro': 0.9926745689655172, 'prec_micro': 0.9926745689655172, 'rec_micro': 0.9926745689655172}
epoch 68 time: 1.21e+02s, train loss: 4.705, metrics: {'f1': 0.20472824762368996, 'f1_macro': 0.5981470086285641, 'prec_macro': 0.6031785714285715, 'rec_macro': 0.600598234324164, 'f1_micro': 0.9929676724137931, 'prec_micro': 0.9929676724137931, 'rec_micro': 0.9929676724137931}
epoch 69 time: 1.21e+02s, train loss: 4.709, metrics: {'f1': 0.18756121449559257, 'f1_macro': 0.590140276769917, 'prec_macro': 0.5939090909090909, 'rec_macro': 0.5919849894643614, 'f1_micro': 0.9928491379310345, 'prec_micro': 0.9928491379310345, 'rec_micro': 0.9928491379310345}
epoch 70 time: 1.21e+02s, train loss: 4.708, metrics: {'f1': 0.18814306712395887, 'f1_macro': 0.5904697919549152, 'prec_macro': 0.5941623376623376, 'rec_macro': 0.5922780843597775, 'f1_micro': 0.9928577586206897, 'prec_micro': 0.9928577586206897, 'rec_micro': 0.9928577586206897}
epoch 71 time: 1.21e+02s, train loss: 4.717, metrics: {'f1': 0.19226089072767094, 'f1_macro': 0.5919088549583281, 'prec_macro': 0.5968950216450217, 'rec_macro': 0.5943342378025539, 'f1_micro': 0.9928469827586207, 'prec_micro': 0.9928469827586207, 'rec_micro': 0.9928469827586207}
epoch 72 time: 1.21e+02s, train loss: 4.718, metrics: {'f1': 0.19449022839651517, 'f1_macro': 0.5901818603198823, 'prec_macro': 0.6012651515151515, 'rec_macro': 0.5953934287368842, 'f1_micro': 0.9926271551724138, 'prec_micro': 0.9926271551724138, 'rec_micro': 0.9926271551724138}
epoch 73 time: 1.21e+02s, train loss: 4.734, metrics: {'f1': 0.1851679104477612, 'f1_macro': 0.5850210623835741, 'prec_macro': 0.5972034632034632, 'rec_macro': 0.5906926730926535, 'f1_micro': 0.9924698275862069, 'prec_micro': 0.9924698275862069, 'rec_micro': 0.9924698275862069}
epoch 74 time: 1.21e+02s, train loss: 4.708, metrics: {'f1': 0.20239234449760765, 'f1_macro': 0.5953109734560389, 'prec_macro': 0.6038484848484849, 'rec_macro': 0.599391708175716, 'f1_micro': 0.9928146551724137, 'prec_micro': 0.9928146551724137, 'rec_micro': 0.9928146551724137}
epoch 75 time: 1.22e+02s, train loss: 4.706, metrics: {'f1': 0.19841840402588068, 'f1_macro': 0.5935429160066295, 'prec_macro': 0.6015963203463204, 'rec_macro': 0.5973987981169728, 'f1_micro': 0.9927909482758621, 'prec_micro': 0.9927909482758621, 'rec_micro': 0.9927909482758621}
epoch 76 time: 1.22e+02s, train loss: 4.703, metrics: {'f1': 0.20218319886093972, 'f1_macro': 0.594501709440442, 'prec_macro': 0.604564935064935, 'rec_macro': 0.5992719139188903, 'f1_micro': 0.9927543103448276, 'prec_micro': 0.9927543103448276, 'rec_micro': 0.9927543103448276}
epoch 77 time: 1.24e+02s, train loss: 4.704, metrics: {'f1': 0.2010986386434201, 'f1_macro': 0.594541005132976, 'prec_macro': 0.6033387445887446, 'rec_macro': 0.5987388879898279, 'f1_micro': 0.9927909482758621, 'prec_micro': 0.9927909482758621, 'rec_micro': 0.9927909482758621}
epoch 78 time: 1.24e+02s, train loss: 4.701, metrics: {'f1': 0.18888623896971143, 'f1_macro': 0.5885506214795904, 'prec_macro': 0.5970551948051948, 'rec_macro': 0.5926023670333155, 'f1_micro': 0.9926702586206897, 'prec_micro': 0.9926702586206897, 'rec_micro': 0.9926702586206897}
epoch 79 time: 1.24e+02s, train loss: 4.717, metrics: {'f1': 0.187192118226601, 'f1_macro': 0.5864236424016932, 'prec_macro': 0.597732683982684, 'rec_macro': 0.5917205252762885, 'f1_micro': 0.9925323275862069, 'prec_micro': 0.9925323275862069, 'rec_micro': 0.9925323275862069}
epoch 80 time: 1.26e+02s, train loss: 4.723, metrics: {'f1': 0.19972001866542227, 'f1_macro': 0.5919109457991233, 'prec_macro': 0.6049891774891775, 'rec_macro': 0.5980033740538262, 'f1_micro': 0.9926077586206896, 'prec_micro': 0.9926077586206896, 'rec_micro': 0.9926077586206896}
epoch 81 time: 1.25e+02s, train loss: 4.72, metrics: {'f1': 0.19999999999999996, 'f1_macro': 0.5927389761174277, 'prec_macro': 0.6042748917748918, 'rec_macro': 0.5981596752368065, 'f1_micro': 0.9926724137931034, 'prec_micro': 0.9926724137931034, 'rec_micro': 0.9926724137931034}
epoch 82 time: 1.26e+02s, train loss: 4.717, metrics: {'f1': 0.20104314841156948, 'f1_macro': 0.5938751721440241, 'prec_macro': 0.6040584415584416, 'rec_macro': 0.5986975507890046, 'f1_micro': 0.9927370689655173, 'prec_micro': 0.9927370689655173, 'rec_micro': 0.9927370689655173}
epoch 83 time: 1.25e+02s, train loss: 4.725, metrics: {'f1': 0.19170243204577966, 'f1_macro': 0.5898833275916044, 'prec_macro': 0.598560606060606, 'rec_macro': 0.5940164152097321, 'f1_micro': 0.9926939655172414, 'prec_micro': 0.9926939655172414, 'rec_micro': 0.9926939655172414}
epoch 84 time: 1.26e+02s, train loss: 4.726, metrics: {'f1': 0.19596401653294435, 'f1_macro': 0.5936332666685609, 'prec_macro': 0.5988993506493507, 'rec_macro': 0.5961922872291592, 'f1_micro': 0.9928728448275862, 'prec_micro': 0.9928728448275862, 'rec_micro': 0.9928728448275862}
epoch 85 time: 1.25e+02s, train loss: 4.734, metrics: {'f1': 0.18696186961869618, 'f1_macro': 0.5902561917731526, 'prec_macro': 0.5931764069264069, 'rec_macro': 0.5916923890783172, 'f1_micro': 0.9928771551724138, 'prec_micro': 0.9928771551724138, 'rec_micro': 0.9928771551724138}
epoch 86 time: 1.27e+02s, train loss: 4.749, metrics: {'f1': 0.18894570245921596, 'f1_macro': 0.5903290460299295, 'prec_macro': 0.5951396103896104, 'rec_macro': 0.5926701532981377, 'f1_micro': 0.9928211206896552, 'prec_micro': 0.9928211206896552, 'rec_micro': 0.9928211206896552}
epoch 87 time: 1.27e+02s, train loss: 4.746, metrics: {'f1': 0.18344627299128752, 'f1_macro': 0.5871288469138726, 'prec_macro': 0.5928528138528139, 'rec_macro': 0.5898971180601097, 'f1_micro': 0.992728448275862, 'prec_micro': 0.992728448275862, 'rec_micro': 0.992728448275862}
epoch 88 time: 1.27e+02s, train loss: 4.752, metrics: {'f1': 0.17901965427421263, 'f1_macro': 0.5832639839414926, 'prec_macro': 0.5925032467532467, 'rec_macro': 0.5876332919992971, 'f1_micro': 0.9925280172413793, 'prec_micro': 0.9925280172413793, 'rec_micro': 0.9925280172413793}
epoch 89 time: 1.27e+02s, train loss: 4.756, metrics: {'f1': 0.17598490209955178, 'f1_macro': 0.5815343804527786, 'prec_macro': 0.5912305194805194, 'rec_macro': 0.5861018105053061, 'f1_micro': 0.9924719827586207, 'prec_micro': 0.9924719827586207, 'rec_micro': 0.9924719827586207}
epoch 90 time: 1.27e+02s, train loss: 4.757, metrics: {'f1': 0.1880463028584928, 'f1_macro': 0.5873831377093846, 'prec_macro': 0.5975140692640692, 'rec_macro': 0.5921628338383388, 'f1_micro': 0.9925926724137931, 'prec_micro': 0.9925926724137931, 'rec_micro': 0.9925926724137931}
epoch 91 time: 1.28e+02s, train loss: 4.758, metrics: {'f1': 0.18474656560871625, 'f1_macro': 0.5860155139638543, 'prec_macro': 0.5955173160173161, 'rec_macro': 0.5905102810874954, 'f1_micro': 0.9925818965517241, 'prec_micro': 0.9925818965517241, 'rec_micro': 0.9925818965517241}
epoch 92 time: 1.28e+02s, train loss: 4.743, metrics: {'f1': 0.19013409961685823, 'f1_macro': 0.5894869168392135, 'prec_macro': 0.5973246753246753, 'rec_macro': 0.5932366145740122, 'f1_micro': 0.9927112068965517, 'prec_micro': 0.9927112068965517, 'rec_micro': 0.9927112068965517}
epoch 93 time: 1.28e+02s, train loss: 4.735, metrics: {'f1': 0.18037898776685055, 'f1_macro': 0.5849176685901857, 'prec_macro': 0.5920595238095238, 'rec_macro': 0.5883401296598821, 'f1_micro': 0.992635775862069, 'prec_micro': 0.992635775862069, 'rec_micro': 0.992635775862069}
epoch 94 time: 1.28e+02s, train loss: 4.738, metrics: {'f1': 0.1856115107913669, 'f1_macro': 0.5874241933338529, 'prec_macro': 0.5948203463203463, 'rec_macro': 0.5909677548977563, 'f1_micro': 0.9926810344827586, 'prec_micro': 0.9926810344827586, 'rec_micro': 0.9926810344827586}
epoch 95 time: 1.27e+02s, train loss: 4.739, metrics: {'f1': 0.18020182604517057, 'f1_macro': 0.5849659794968212, 'prec_macro': 0.5918160173160173, 'rec_macro': 0.5882542689139861, 'f1_micro': 0.992646551724138, 'prec_micro': 0.992646551724138, 'rec_micro': 0.992646551724138}
epoch 96 time: 1.26e+02s, train loss: 4.739, metrics: {'f1': 0.18888079630978394, 'f1_macro': 0.5900446238244252, 'prec_macro': 0.5953777056277056, 'rec_macro': 0.5926322648563395, 'f1_micro': 0.9927995689655172, 'prec_micro': 0.9927995689655172, 'rec_micro': 0.9927995689655172}
epoch 97 time: 1.28e+02s, train loss: 4.739, metrics: {'f1': 0.19273607748184018, 'f1_macro': 0.5916929758195684, 'prec_macro': 0.5976255411255411, 'rec_macro': 0.5945636723257318, 'f1_micro': 0.9928146551724137, 'prec_micro': 0.9928146551724137, 'rec_micro': 0.9928146551724137}
epoch 98 time: 1.27e+02s, train loss: 4.744, metrics: {'f1': 0.1835842642059252, 'f1_macro': 0.5874792677570064, 'prec_macro': 0.5926168831168831, 'rec_macro': 0.5899726356737649, 'f1_micro': 0.9927543103448276, 'prec_micro': 0.9927543103448276, 'rec_micro': 0.9927543103448276}
epoch 99 time: 1.26e+02s, train loss: 4.757, metrics: {'f1': 0.1769997568684658, 'f1_macro': 0.584362463599969, 'prec_macro': 0.5891071428571428, 'rec_macro': 0.5866679444423053, 'f1_micro': 0.9927047413793103, 'prec_micro': 0.9927047413793103, 'rec_micro': 0.9927047413793103}
epoch 100 time: 1.26e+02s, train loss: 4.762, metrics: {'f1': 0.18885373570211733, 'f1_macro': 0.5902417231218433, 'prec_macro': 0.5951374458874459, 'rec_macro': 0.5926230836384189, 'f1_micro': 0.9928168103448276, 'prec_micro': 0.9928168103448276, 'rec_micro': 0.9928168103448276}
post-training summary -- best {'f1': 0.22557471264367815, 'f1_macro': 0.6065707104106887, 'prec_macro': 0.6159047619047618, 'rec_macro': 0.6110370229250016, 'f1_micro': 0.9930301724137931, 'prec_micro': 0.9930301724137931, 'rec_micro': 0.9930301724137931}
run 5 start -- seed=4
initialized continuityBERT with 527361 parameters.
/home/azureuser/.local/lib/python3.8/site-packages/sklearn/metrics/_classification.py:1344: UndefinedMetricWarning: Precision and F-score are ill-defined and being set to 0.0 in labels with no predicted samples. Use `zero_division` parameter to control this behavior.
  _warn_prf(average, modifier, msg_start, len(result))
epoch 1 time: 1.21e+02s, train loss: 4.943, metrics: {'f1': 0.0, 'f1_macro': 0.4978448275862069, 'prec_macro': 0.5, 'rec_macro': 0.4989200863930886, 'f1_micro': 0.9956896551724138, 'prec_micro': 0.9956896551724138, 'rec_micro': 0.9956896551724138}
epoch 2 time: 1.22e+02s, train loss: 4.914, metrics: {'f1': 0.09801488833746899, 'f1_macro': 0.562552319952419, 'prec_macro': 0.5383463203463204, 'rec_macro': 0.5474351715319014, 'f1_micro': 0.9937327586206897, 'prec_micro': 0.9937327586206897, 'rec_micro': 0.9937327586206897}
epoch 3 time: 1.25e+02s, train loss: 4.845, metrics: {'f1': 0.13701431492842536, 'f1_macro': 0.5682095801057003, 'prec_macro': 0.5652207792207793, 'rec_macro': 0.5666804916055499, 'f1_micro': 0.9927241379310345, 'prec_micro': 0.9927241379310345, 'rec_micro': 0.9927241379310345}
epoch 4 time: 1.32e+02s, train loss: 4.807, metrics: {'f1': 0.17553310886644222, 'f1_macro': 0.5778903425819933, 'prec_macro': 0.5955162337662337, 'rec_macro': 0.585778021118656, 'f1_micro': 0.9920840517241379, 'prec_micro': 0.9920840517241379, 'rec_micro': 0.9920840517241379}
epoch 5 time: 1.26e+02s, train loss: 4.784, metrics: {'f1': 0.18536585365853658, 'f1_macro': 0.5887225641501459, 'prec_macro': 0.5931385281385282, 'rec_macro': 0.590875371899081, 'f1_micro': 0.992801724137931, 'prec_micro': 0.992801724137931, 'rec_micro': 0.992801724137931}
epoch 6 time: 1.23e+02s, train loss: 4.76, metrics: {'f1': 0.18622920517560074, 'f1_macro': 0.584825399910524, 'prec_macro': 0.5986666666666667, 'rec_macro': 0.591208081658293, 'f1_micro': 0.9924094827586207, 'prec_micro': 0.9924094827586207, 'rec_micro': 0.9924094827586207}
epoch 7 time: 1.3e+02s, train loss: 4.744, metrics: {'f1': 0.19794754846066134, 'f1_macro': 0.5892891062371919, 'prec_macro': 0.6063885281385282, 'rec_macro': 0.5970698423972618, 'f1_micro': 0.9924202586206896, 'prec_micro': 0.9924202586206896, 'rec_micro': 0.9924202586206896}
epoch 8 time: 1.31e+02s, train loss: 4.725, metrics: {'f1': 0.1923355025307303, 'f1_macro': 0.5911006332491978, 'prec_macro': 0.5978560606060606, 'rec_macro': 0.5943541471235717, 'f1_micro': 0.9927780172413793, 'prec_micro': 0.9927780172413793, 'rec_micro': 0.9927780172413793}
epoch 9 time: 1.32e+02s, train loss: 4.714, metrics: {'f1': 0.19221753398968588, 'f1_macro': 0.5887460140993287, 'prec_macro': 0.600491341991342, 'rec_macro': 0.5942435114126082, 'f1_micro': 0.992573275862069, 'prec_micro': 0.992573275862069, 'rec_micro': 0.992573275862069}
epoch 10 time: 1.33e+02s, train loss: 4.709, metrics: {'f1': 0.18994413407821226, 'f1_macro': 0.5906058786932906, 'prec_macro': 0.5958820346320346, 'rec_macro': 0.5931671848191713, 'f1_micro': 0.9928125, 'prec_micro': 0.9928125, 'rec_micro': 0.9928125}
epoch 11 time: 1.31e+02s, train loss: 4.708, metrics: {'f1': 0.18665377176015474, 'f1_macro': 0.5886085376495219, 'prec_macro': 0.5946060606060606, 'rec_macro': 0.5915062715905282, 'f1_micro': 0.99275, 'prec_micro': 0.99275, 'rec_micro': 0.99275}
epoch 12 time: 1.32e+02s, train loss: 4.704, metrics: {'f1': 0.1907910271546635, 'f1_macro': 0.5886521614335967, 'prec_macro': 0.5990183982683983, 'rec_macro': 0.5935406045907389, 'f1_micro': 0.992614224137931, 'prec_micro': 0.992614224137931, 'rec_micro': 0.992614224137931}
epoch 13 time: 1.31e+02s, train loss: 4.7, metrics: {'f1': 0.19916809395644725, 'f1_macro': 0.5957840345525586, 'prec_macro': 0.5999318181818182, 'rec_macro': 0.5978127763066344, 'f1_micro': 0.9929461206896552, 'prec_micro': 0.9929461206896552, 'rec_micro': 0.9929461206896552}
epoch 14 time: 1.3e+02s, train loss: 4.697, metrics: {'f1': 0.20905923344947736, 'f1_macro': 0.5959352855209392, 'prec_macro': 0.6104924242424242, 'rec_macro': 0.6026864758611419, 'f1_micro': 0.9926616379310345, 'prec_micro': 0.9926616379310345, 'rec_micro': 0.9926616379310345}
epoch 15 time: 1.29e+02s, train loss: 4.696, metrics: {'f1': 0.19936476911800635, 'f1_macro': 0.5957444590225554, 'prec_macro': 0.600176406926407, 'rec_macro': 0.5979089376644564, 'f1_micro': 0.9929375, 'prec_micro': 0.9929375, 'rec_micro': 0.9929375}
epoch 16 time: 1.32e+02s, train loss: 4.688, metrics: {'f1': 0.19985587316838818, 'f1_macro': 0.5944478461879371, 'prec_macro': 0.6021093073593073, 'rec_macro': 0.598125129379027, 'f1_micro': 0.9928211206896552, 'prec_micro': 0.9928211206896552, 'rec_micro': 0.9928211206896552}
epoch 17 time: 1.32e+02s, train loss: 4.685, metrics: {'f1': 0.2072665203608876, 'f1_macro': 0.5994373950094455, 'prec_macro': 0.6044361471861471, 'rec_macro': 0.6018738687318114, 'f1_micro': 0.9929935344827586, 'prec_micro': 0.9929935344827586, 'rec_micro': 0.9929935344827586}
epoch 18 time: 1.28e+02s, train loss: 4.683, metrics: {'f1': 0.20227920227920226, 'f1_macro': 0.5945887023206957, 'prec_macro': 0.6045670995670995, 'rec_macro': 0.5993210020670867, 'f1_micro': 0.9927586206896551, 'prec_micro': 0.9927586206896551, 'rec_micro': 0.9927586206896551}
epoch 19 time: 1.25e+02s, train loss: 4.676, metrics: {'f1': 0.2119617224880383, 'f1_macro': 0.5999197828773989, 'prec_macro': 0.6088701298701299, 'rec_macro': 0.6041980464099606, 'f1_micro': 0.9929008620689656, 'prec_micro': 0.9929008620689656, 'rec_micro': 0.9929008620689656}
epoch 20 time: 1.25e+02s, train loss: 4.673, metrics: {'f1': 0.20864525476937934, 'f1_macro': 0.5991899480162576, 'prec_macro': 0.6061504329004329, 'rec_macro': 0.602549088348971, 'f1_micro': 0.9929375, 'prec_micro': 0.9929375, 'rec_micro': 0.9929375}
epoch 21 time: 1.24e+02s, train loss: 4.671, metrics: {'f1': 0.218043323018329, 'f1_macro': 0.6023740590031657, 'prec_macro': 0.6126136363636364, 'rec_macro': 0.607243677337283, 'f1_micro': 0.9929202586206897, 'prec_micro': 0.9929202586206897, 'rec_micro': 0.9929202586206897}
epoch 22 time: 1.21e+02s, train loss: 4.675, metrics: {'f1': 0.22260190383207226, 'f1_macro': 0.6070554059221515, 'prec_macro': 0.612224025974026, 'rec_macro': 0.6095772861199515, 'f1_micro': 0.9931357758620689, 'prec_micro': 0.9931357758620689, 'rec_micro': 0.9931357758620689}
epoch 23 time: 1.2e+02s, train loss: 4.668, metrics: {'f1': 0.22420874607393088, 'f1_macro': 0.6067990601298062, 'prec_macro': 0.6141872294372295, 'rec_macro': 0.6103665574997796, 'f1_micro': 0.9930797413793103, 'prec_micro': 0.9930797413793103, 'rec_micro': 0.9930797413793103}
epoch 24 time: 1.19e+02s, train loss: 4.67, metrics: {'f1': 0.21453942694766753, 'f1_macro': 0.6002142877869404, 'prec_macro': 0.6113344155844156, 'rec_macro': 0.6054743667613696, 'f1_micro': 0.9928512931034483, 'prec_micro': 0.9928512931034483, 'rec_micro': 0.9928512931034483}
epoch 25 time: 1.2e+02s, train loss: 4.664, metrics: {'f1': 0.22005703422053233, 'f1_macro': 0.6031818453430066, 'prec_macro': 0.6138614718614719, 'rec_macro': 0.6082521432079158, 'f1_micro': 0.992926724137931, 'prec_micro': 0.992926724137931, 'rec_micro': 0.992926724137931}
epoch 26 time: 1.19e+02s, train loss: 4.665, metrics: {'f1': 0.21707317073170732, 'f1_macro': 0.6042691161764554, 'prec_macro': 0.6094588744588745, 'rec_macro': 0.606799384370075, 'f1_micro': 0.9930818965517242, 'prec_micro': 0.9930818965517242, 'rec_micro': 0.9930818965517242}
epoch 27 time: 1.19e+02s, train loss: 4.658, metrics: {'f1': 0.2177202831340005, 'f1_macro': 0.6046602225310584, 'prec_macro': 0.6097132034632035, 'rec_macro': 0.6071256521238444, 'f1_micro': 0.9930926724137931, 'prec_micro': 0.9930926724137931, 'rec_micro': 0.9930926724137931}
epoch 28 time: 1.19e+02s, train loss: 4.663, metrics: {'f1': 0.2122448979591837, 'f1_macro': 0.6003917723432364, 'prec_macro': 0.6086352813852814, 'rec_macro': 0.604346698980945, 'f1_micro': 0.9929288793103448, 'prec_micro': 0.9929288793103448, 'rec_micro': 0.9929288793103448}
epoch 29 time: 1.19e+02s, train loss: 4.661, metrics: {'f1': 0.2174219300305236, 'f1_macro': 0.6008146200371252, 'prec_macro': 0.613806277056277, 'rec_macro': 0.6069068878984076, 'f1_micro': 0.9928168103448276, 'prec_micro': 0.9928168103448276, 'rec_micro': 0.9928168103448276}
epoch 30 time: 1.19e+02s, train loss: 4.663, metrics: {'f1': 0.2178408271219043, 'f1_macro': 0.6032348615846679, 'prec_macro': 0.6114036796536796, 'rec_macro': 0.6071598292179754, 'f1_micro': 0.992989224137931, 'prec_micro': 0.992989224137931, 'rec_micro': 0.992989224137931}
epoch 31 time: 1.2e+02s, train loss: 4.662, metrics: {'f1': 0.2230320699708455, 'f1_macro': 0.6067911895128162, 'prec_macro': 0.6129567099567099, 'rec_macro': 0.6097852982262625, 'f1_micro': 0.9931077586206897, 'prec_micro': 0.9931077586206897, 'rec_micro': 0.9931077586206897}
epoch 32 time: 1.21e+02s, train loss: 4.669, metrics: {'f1': 0.22435282837967405, 'f1_macro': 0.6060761804746423, 'prec_macro': 0.6151558441558441, 'rec_macro': 0.6104250059190334, 'f1_micro': 0.9930258620689655, 'prec_micro': 0.9930258620689655, 'rec_micro': 0.9930258620689655}
epoch 33 time: 1.2e+02s, train loss: 4.671, metrics: {'f1': 0.21994763151630567, 'f1_macro': 0.6032870677654062, 'prec_macro': 0.6136179653679654, 'rec_macro': 0.6082001615325041, 'f1_micro': 0.9929375, 'prec_micro': 0.9929375, 'rec_micro': 0.9929375}
epoch 34 time: 1.19e+02s, train loss: 4.661, metrics: {'f1': 0.20903540903540904, 'f1_macro': 0.6004463227529843, 'prec_macro': 0.6051958874458875, 'rec_macro': 0.6027648186690512, 'f1_micro': 0.9930193965517241, 'prec_micro': 0.9930193965517241, 'rec_micro': 0.9930193965517241}
epoch 35 time: 1.19e+02s, train loss: 4.66, metrics: {'f1': 0.21303501945525294, 'f1_macro': 0.6020022957159232, 'prec_macro': 0.6076883116883117, 'rec_macro': 0.6047662151984194, 'f1_micro': 0.9930258620689655, 'prec_micro': 0.9930258620689655, 'rec_micro': 0.9930258620689655}
epoch 36 time: 1.19e+02s, train loss: 4.655, metrics: {'f1': 0.21363969689562454, 'f1_macro': 0.6028035650263206, 'prec_macro': 0.6074599567099567, 'rec_macro': 0.6050788761226157, 'f1_micro': 0.9930668103448276, 'prec_micro': 0.9930668103448276, 'rec_micro': 0.9930668103448276}
epoch 37 time: 1.19e+02s, train loss: 4.665, metrics: {'f1': 0.21607314725697785, 'f1_macro': 0.6024488764319282, 'prec_macro': 0.6104025974025974, 'rec_macro': 0.6062732889180833, 'f1_micro': 0.9929784482758621, 'prec_micro': 0.9929784482758621, 'rec_micro': 0.9929784482758621}
epoch 38 time: 1.2e+02s, train loss: 4.66, metrics: {'f1': 0.22657205774406658, 'f1_macro': 0.6092610391867447, 'prec_macro': 0.6139924242424243, 'rec_macro': 0.6115753699680023, 'f1_micro': 0.9931875, 'prec_micro': 0.9931875, 'rec_micro': 0.9931875}
epoch 39 time: 1.2e+02s, train loss: 4.647, metrics: {'f1': 0.21881091617933723, 'f1_macro': 0.6050225715386626, 'prec_macro': 0.6104588744588745, 'rec_macro': 0.6076704143185082, 'f1_micro': 0.9930905172413793, 'prec_micro': 0.9930905172413793, 'rec_micro': 0.9930905172413793}
epoch 40 time: 1.2e+02s, train loss: 4.657, metrics: {'f1': 0.21849148418491485, 'f1_macro': 0.6047191330817877, 'prec_macro': 0.610452380952381, 'rec_macro': 0.6075074399136265, 'f1_micro': 0.9930775862068966, 'prec_micro': 0.9930775862068966, 'rec_micro': 0.9930775862068966}
epoch 41 time: 1.19e+02s, train loss: 4.648, metrics: {'f1': 0.2223315297589769, 'f1_macro': 0.6077145618054312, 'prec_macro': 0.6112532467532468, 'rec_macro': 0.6094546036926505, 'f1_micro': 0.9931853448275862, 'prec_micro': 0.9931853448275862, 'rec_micro': 0.9931853448275862}
epoch 42 time: 1.19e+02s, train loss: 4.642, metrics: {'f1': 0.2270376754493967, 'f1_macro': 0.6101731087895067, 'prec_macro': 0.6135183982683983, 'rec_macro': 0.6118201325071461, 'f1_micro': 0.9932349137931035, 'prec_micro': 0.9932349137931035, 'rec_micro': 0.9932349137931035}
epoch 43 time: 1.19e+02s, train loss: 4.642, metrics: {'f1': 0.22260526963802021, 'f1_macro': 0.607979961130008, 'prec_macro': 0.611258658008658, 'rec_macro': 0.6095941886986493, 'f1_micro': 0.9931961206896551, 'prec_micro': 0.9931961206896551, 'rec_micro': 0.9931961206896551}
epoch 44 time: 1.2e+02s, train loss: 4.652, metrics: {'f1': 0.22896619787811495, 'f1_macro': 0.6113428296273734, 'prec_macro': 0.614280303030303, 'rec_macro': 0.6127919846218943, 'f1_micro': 0.9932650862068966, 'prec_micro': 0.9932650862068966, 'rec_micro': 0.9932650862068966}
epoch 45 time: 1.2e+02s, train loss: 4.654, metrics: {'f1': 0.22840265813438348, 'f1_macro': 0.6107950216640864, 'prec_macro': 0.6142694805194805, 'rec_macro': 0.612504784822292, 'f1_micro': 0.9932435344827586, 'prec_micro': 0.9932435344827586, 'rec_micro': 0.9932435344827586}
epoch 46 time: 1.2e+02s, train loss: 4.659, metrics: {'f1': 0.21664204825209257, 'f1_macro': 0.6050039932341054, 'prec_macro': 0.6082445887445888, 'rec_macro': 0.6065990471102726, 'f1_micro': 0.9931422413793104, 'prec_micro': 0.9931422413793104, 'rec_micro': 0.9931422413793104}
epoch 47 time: 1.2e+02s, train loss: 4.652, metrics: {'f1': 0.22604422604422605, 'f1_macro': 0.6094441918809247, 'prec_macro': 0.6132575757575758, 'rec_macro': 0.6113174384255526, 'f1_micro': 0.9932112068965517, 'prec_micro': 0.9932112068965517, 'rec_micro': 0.9932112068965517}
epoch 48 time: 1.19e+02s, train loss: 4.642, metrics: {'f1': 0.21600392734413354, 'f1_macro': 0.6043866348181832, 'prec_macro': 0.6082316017316017, 'rec_macro': 0.606273470264586, 'f1_micro': 0.9931163793103448, 'prec_micro': 0.9931163793103448, 'rec_micro': 0.9931163793103448}
epoch 49 time: 1.22e+02s, train loss: 4.652, metrics: {'f1': 0.22312276519666271, 'f1_macro': 0.6049472137888965, 'prec_macro': 0.6151309523809524, 'rec_macro': 0.6097974822080975, 'f1_micro': 0.9929762931034483, 'prec_micro': 0.9929762931034483, 'rec_micro': 0.9929762931034483}
epoch 50 time: 1.19e+02s, train loss: 4.649, metrics: {'f1': 0.2226910454758556, 'f1_macro': 0.6031588546082769, 'prec_macro': 0.6168116883116883, 'rec_macro': 0.6095506337330844, 'f1_micro': 0.9928534482758621, 'prec_micro': 0.9928534482758621, 'rec_micro': 0.9928534482758621}
epoch 51 time: 1.19e+02s, train loss: 4.642, metrics: {'f1': 0.23189800336781335, 'f1_macro': 0.6100858379733595, 'prec_macro': 0.6186872294372294, 'rec_macro': 0.6142208942024407, 'f1_micro': 0.9931185344827587, 'prec_micro': 0.9931185344827587, 'rec_micro': 0.9931185344827587}
epoch 52 time: 1.19e+02s, train loss: 4.654, metrics: {'f1': 0.2238372093023256, 'f1_macro': 0.6068876681258695, 'prec_macro': 0.6136969696969697, 'rec_macro': 0.6101845982087118, 'f1_micro': 0.9930948275862069, 'prec_micro': 0.9930948275862069, 'rec_micro': 0.9930948275862069}
epoch 53 time: 1.19e+02s, train loss: 4.651, metrics: {'f1': 0.2326882723245512, 'f1_macro': 0.6073740874516605, 'prec_macro': 0.6228127705627705, 'rec_macro': 0.6145627348365362, 'f1_micro': 0.9929073275862069, 'prec_micro': 0.9929073275862069, 'rec_micro': 0.9929073275862069}
epoch 54 time: 1.19e+02s, train loss: 4.645, metrics: {'f1': 0.23036187113857018, 'f1_macro': 0.6014791575716104, 'prec_macro': 0.6283246753246754, 'rec_macro': 0.613292402344528, 'f1_micro': 0.9924827586206897, 'prec_micro': 0.9924827586206897, 'rec_micro': 0.9924827586206897}
epoch 55 time: 1.2e+02s, train loss: 4.65, metrics: {'f1': 0.22325995107849678, 'f1_macro': 0.598897666719091, 'prec_macro': 0.6233409090909091, 'rec_macro': 0.6097388068045502, 'f1_micro': 0.9924719827586207, 'prec_micro': 0.9924719827586207, 'rec_micro': 0.9924719827586207}
epoch 56 time: 1.2e+02s, train loss: 4.647, metrics: {'f1': 0.23170731707317074, 'f1_macro': 0.6074681379125918, 'prec_macro': 0.6215844155844156, 'rec_macro': 0.6140804246255979, 'f1_micro': 0.9929396551724138, 'prec_micro': 0.9929396551724138, 'rec_micro': 0.9929396551724138}
epoch 57 time: 1.19e+02s, train loss: 4.648, metrics: {'f1': 0.23315814620162445, 'f1_macro': 0.6099823734599155, 'prec_macro': 0.6201623376623376, 'rec_macro': 0.6148417103849408, 'f1_micro': 0.9930818965517242, 'prec_micro': 0.9930818965517242, 'rec_micro': 0.9930818965517242}
epoch 58 time: 1.2e+02s, train loss: 4.646, metrics: {'f1': 0.22222222222222224, 'f1_macro': 0.6043320090996117, 'prec_macro': 0.6148712121212121, 'rec_macro': 0.6093417830011476, 'f1_micro': 0.9929547413793104, 'prec_micro': 0.9929547413793104, 'rec_micro': 0.9929547413793104}
epoch 59 time: 1.19e+02s, train loss: 4.649, metrics: {'f1': 0.22143195827406353, 'f1_macro': 0.6036151484030857, 'prec_macro': 0.6148549783549784, 'rec_macro': 0.6089385034988402, 'f1_micro': 0.9929224137931034, 'prec_micro': 0.9929224137931034, 'rec_micro': 0.9929224137931034}
epoch 60 time: 1.2e+02s, train loss: 4.649, metrics: {'f1': 0.22329162656400386, 'f1_macro': 0.6059437798744949, 'prec_macro': 0.6141688311688311, 'rec_macro': 0.6098987650790586, 'f1_micro': 0.9930431034482758, 'prec_micro': 0.9930431034482758, 'rec_micro': 0.9930431034482758}
epoch 61 time: 1.2e+02s, train loss: 4.646, metrics: {'f1': 0.23170140571982548, 'f1_macro': 0.6107700502925969, 'prec_macro': 0.6177164502164503, 'rec_macro': 0.6141351009488296, 'f1_micro': 0.9931681034482759, 'prec_micro': 0.9931681034482759, 'rec_micro': 0.9931681034482759}
epoch 62 time: 1.19e+02s, train loss: 4.639, metrics: {'f1': 0.2185635886423288, 'f1_macro': 0.6028489633279616, 'prec_macro': 0.6126244588744589, 'rec_macro': 0.6075092417697171, 'f1_micro': 0.9929418103448275, 'prec_micro': 0.9929418103448275, 'rec_micro': 0.9929418103448275}
epoch 63 time: 1.2e+02s, train loss: 4.632, metrics: {'f1': 0.2238372093023256, 'f1_macro': 0.6068876681258695, 'prec_macro': 0.6136969696969697, 'rec_macro': 0.6101845982087118, 'f1_micro': 0.9930948275862069, 'prec_micro': 0.9930948275862069, 'rec_micro': 0.9930948275862069}
epoch 64 time: 1.2e+02s, train loss: 4.644, metrics: {'f1': 0.21300071959702566, 'f1_macro': 0.6006667150578481, 'prec_macro': 0.6091331168831169, 'rec_macro': 0.6047246021112301, 'f1_micro': 0.9929288793103448, 'prec_micro': 0.9929288793103448, 'rec_micro': 0.9929288793103448}
epoch 65 time: 1.2e+02s, train loss: 4.655, metrics: {'f1': 0.21246120792551923, 'f1_macro': 0.5999609973952835, 'prec_macro': 0.6093625541125541, 'rec_macro': 0.604445065578826, 'f1_micro': 0.9928900862068966, 'prec_micro': 0.9928900862068966, 'rec_micro': 0.9928900862068966}
epoch 66 time: 1.2e+02s, train loss: 4.653, metrics: {'f1': 0.22173702086365843, 'f1_macro': 0.6060110781015452, 'prec_macro': 0.612448051948052, 'rec_macro': 0.6091323504626558, 'f1_micro': 0.9930862068965517, 'prec_micro': 0.9930862068965517, 'rec_micro': 0.9930862068965517}
epoch 67 time: 1.2e+02s, train loss: 4.645, metrics: {'f1': 0.2277493294318459, 'f1_macro': 0.6094780998558381, 'prec_macro': 0.6149816017316018, 'rec_macro': 0.6121607327818046, 'f1_micro': 0.9931745689655173, 'prec_micro': 0.9931745689655173, 'rec_micro': 0.9931745689655173}
epoch 68 time: 1.2e+02s, train loss: 4.649, metrics: {'f1': 0.2083231929909954, 'f1_macro': 0.5997681907588995, 'prec_macro': 0.605180735930736, 'rec_macro': 0.6024011074334763, 'f1_micro': 0.992989224137931, 'prec_micro': 0.992989224137931, 'rec_micro': 0.992989224137931}
epoch 69 time: 1.19e+02s, train loss: 4.657, metrics: {'f1': 0.22742801366520254, 'f1_macro': 0.6093976252268055, 'prec_macro': 0.6147337662337663, 'rec_macro': 0.6120006216467266, 'f1_micro': 0.993176724137931, 'prec_micro': 0.993176724137931, 'rec_micro': 0.993176724137931}
epoch 70 time: 1.19e+02s, train loss: 4.657, metrics: {'f1': 0.22222222222222227, 'f1_macro': 0.6069194636231882, 'prec_macro': 0.6119751082251083, 'rec_macro': 0.6093874490462885, 'f1_micro': 0.9931357758620689, 'prec_micro': 0.9931357758620689, 'rec_micro': 0.9931357758620689}
epoch 71 time: 1.2e+02s, train loss: 4.657, metrics: {'f1': 0.22064925555284354, 'f1_macro': 0.6060973325657142, 'prec_macro': 0.611219696969697, 'rec_macro': 0.6085966325215086, 'f1_micro': 0.9931185344827587, 'prec_micro': 0.9931185344827587, 'rec_micro': 0.9931185344827587}
epoch 72 time: 1.2e+02s, train loss: 4.667, metrics: {'f1': 0.21865108351594842, 'f1_macro': 0.60487063630414, 'prec_macro': 0.6104556277056277, 'rec_macro': 0.6075888687882689, 'f1_micro': 0.9930840517241379, 'prec_micro': 0.9930840517241379, 'rec_micro': 0.9930840517241379}
epoch 73 time: 1.2e+02s, train loss: 4.667, metrics: {'f1': 0.21445900048520136, 'f1_macro': 0.6024604385393291, 'prec_macro': 0.6086818181818182, 'rec_macro': 0.6054771043634911, 'f1_micro': 0.993021551724138, 'prec_micro': 0.993021551724138, 'rec_micro': 0.993021551724138}
epoch 74 time: 1.2e+02s, train loss: 4.662, metrics: {'f1': 0.22428991185112634, 'f1_macro': 0.6082157022043493, 'prec_macro': 0.6127402597402598, 'rec_macro': 0.6104305143529527, 'f1_micro': 0.9931724137931035, 'prec_micro': 0.9931724137931035, 'rec_micro': 0.9931724137931035}
epoch 75 time: 1.21e+02s, train loss: 4.657, metrics: {'f1': 0.2233601560594977, 'f1_macro': 0.6073265202458968, 'prec_macro': 0.6127218614718615, 'rec_macro': 0.6099564047710918, 'f1_micro': 0.9931357758620689, 'prec_micro': 0.9931357758620689, 'rec_micro': 0.9931357758620689}
epoch 76 time: 1.2e+02s, train loss: 4.658, metrics: {'f1': 0.2075973868860392, 'f1_macro': 0.5988618818569481, 'prec_macro': 0.6054058441558441, 'rec_macro': 0.602026252171711, 'f1_micro': 0.9929418103448275, 'prec_micro': 0.9929418103448275, 'rec_micro': 0.9929418103448275}
epoch 77 time: 1.2e+02s, train loss: 4.666, metrics: {'f1': 0.22067307692307692, 'f1_macro': 0.6045816733067729, 'prec_macro': 0.6129090909090908, 'rec_macro': 0.6085819056246836, 'f1_micro': 0.9930129310344827, 'prec_micro': 0.9930129310344827, 'rec_micro': 0.9930129310344827}
epoch 78 time: 1.2e+02s, train loss: 4.675, metrics: {'f1': 0.2175041283321538, 'f1_macro': 0.6012812980337592, 'prec_macro': 0.6133257575757576, 'rec_macro': 0.6069566863573146, 'f1_micro': 0.9928512931034483, 'prec_micro': 0.9928512931034483, 'rec_micro': 0.9928512931034483}
epoch 79 time: 1.2e+02s, train loss: 4.692, metrics: {'f1': 0.19815356901598738, 'f1_macro': 0.5884370723339764, 'prec_macro': 0.6078344155844156, 'rec_macro': 0.597148916337146, 'f1_micro': 0.9923254310344828, 'prec_micro': 0.9923254310344828, 'rec_micro': 0.9923254310344828}
epoch 80 time: 1.19e+02s, train loss: 4.706, metrics: {'f1': 0.19215336602764158, 'f1_macro': 0.5849855983638251, 'prec_macro': 0.605525974025974, 'rec_macro': 0.5941146120544201, 'f1_micro': 0.9921896551724138, 'prec_micro': 0.9921896551724138, 'rec_micro': 0.9921896551724138}
epoch 81 time: 1.2e+02s, train loss: 4.712, metrics: {'f1': 0.2060105528791007, 'f1_macro': 0.5934875670447585, 'prec_macro': 0.6101829004329005, 'rec_macro': 0.601131713009603, 'f1_micro': 0.992540948275862, 'prec_micro': 0.992540948275862, 'rec_micro': 0.992540948275862}
epoch 82 time: 1.21e+02s, train loss: 4.699, metrics: {'f1': 0.21027927716498473, 'f1_macro': 0.5973906043190591, 'prec_macro': 0.6100378787878789, 'rec_macro': 0.6033182366496954, 'f1_micro': 0.9927478448275862, 'prec_micro': 0.9927478448275862, 'rec_micro': 0.9927478448275862}
epoch 83 time: 1.21e+02s, train loss: 4.693, metrics: {'f1': 0.2062000939408173, 'f1_macro': 0.5955195823891147, 'prec_macro': 0.6077813852813853, 'rec_macro': 0.6012705318027536, 'f1_micro': 0.9927155172413793, 'prec_micro': 0.9927155172413793, 'rec_micro': 0.9927155172413793}
epoch 84 time: 1.19e+02s, train loss: 4.693, metrics: {'f1': 0.19766899766899768, 'f1_macro': 0.5908697202037726, 'prec_macro': 0.6039805194805195, 'rec_macro': 0.5969713599705696, 'f1_micro': 0.9925818965517241, 'prec_micro': 0.9925818965517241, 'rec_micro': 0.9925818965517241}
epoch 85 time: 1.19e+02s, train loss: 4.689, metrics: {'f1': 0.20649380985750992, 'f1_macro': 0.595200156751018, 'prec_macro': 0.6085097402597403, 'rec_macro': 0.6014081422747444, 'f1_micro': 0.9926788793103448, 'prec_micro': 0.9926788793103448, 'rec_micro': 0.9926788793103448}
epoch 86 time: 1.2e+02s, train loss: 4.697, metrics: {'f1': 0.1917550058892815, 'f1_macro': 0.588920939017425, 'prec_macro': 0.5997608225108225, 'rec_macro': 0.5940204088017133, 'f1_micro': 0.9926056034482759, 'prec_micro': 0.9926056034482759, 'rec_micro': 0.9926056034482759}
epoch 87 time: 1.2e+02s, train loss: 4.704, metrics: {'f1': 0.19114444713283327, 'f1_macro': 0.5908550794123913, 'prec_macro': 0.5968690476190477, 'rec_macro': 0.5937629804610779, 'f1_micro': 0.9927952586206896, 'prec_micro': 0.9927952586206896, 'rec_micro': 0.9927952586206896}
epoch 88 time: 1.2e+02s, train loss: 4.702, metrics: {'f1': 0.2043616760597893, 'f1_macro': 0.5984787113983995, 'prec_macro': 0.6024491341991342, 'rec_macro': 0.6004236493585934, 'f1_micro': 0.9930021551724137, 'prec_micro': 0.9930021551724137, 'rec_micro': 0.9930021551724137}
epoch 89 time: 1.19e+02s, train loss: 4.708, metrics: {'f1': 0.19597249508840867, 'f1_macro': 0.5945508297303382, 'prec_macro': 0.597939393939394, 'rec_macro': 0.5962144644615399, 'f1_micro': 0.9929439655172414, 'prec_micro': 0.9929439655172414, 'rec_micro': 0.9929439655172414}
epoch 90 time: 1.2e+02s, train loss: 4.714, metrics: {'f1': 0.19610741561961076, 'f1_macro': 0.5949148709955063, 'prec_macro': 0.5977023809523809, 'rec_macro': 0.5962879024174697, 'f1_micro': 0.9929676724137931, 'prec_micro': 0.9929676724137931, 'rec_micro': 0.9929676724137931}
epoch 91 time: 1.19e+02s, train loss: 4.717, metrics: {'f1': 0.20073260073260074, 'f1_macro': 0.5963706414643373, 'prec_macro': 0.6009274891774892, 'rec_macro': 0.5985950143574574, 'f1_micro': 0.9929461206896552, 'prec_micro': 0.9929461206896552, 'rec_micro': 0.9929461206896552}
epoch 92 time: 1.2e+02s, train loss: 4.71, metrics: {'f1': 0.20395218345938035, 'f1_macro': 0.5978587362186951, 'prec_macro': 0.6026807359307359, 'rec_macro': 0.6002102098873716, 'f1_micro': 0.9929676724137931, 'prec_micro': 0.9929676724137931, 'rec_micro': 0.9929676724137931}
epoch 93 time: 1.19e+02s, train loss: 4.703, metrics: {'f1': 0.19772231645262903, 'f1_macro': 0.5941863145406926, 'prec_macro': 0.6001396103896104, 'rec_macro': 0.5970692452685812, 'f1_micro': 0.9928642241379311, 'prec_micro': 0.9928642241379311, 'rec_micro': 0.9928642241379311}
epoch 94 time: 1.2e+02s, train loss: 4.703, metrics: {'f1': 0.17510853835021706, 'f1_macro': 0.582803750196476, 'prec_macro': 0.5888203463203463, 'rec_macro': 0.5857033273596268, 'f1_micro': 0.9926293103448276, 'prec_micro': 0.9926293103448276, 'rec_micro': 0.9926293103448276}
epoch 95 time: 1.19e+02s, train loss: 4.715, metrics: {'f1': 0.18789346246973365, 'f1_macro': 0.5893347324222179, 'prec_macro': 0.5951147186147187, 'rec_macro': 0.5921315407859942, 'f1_micro': 0.9927715517241379, 'prec_micro': 0.9927715517241379, 'rec_micro': 0.9927715517241379}
epoch 96 time: 1.19e+02s, train loss: 4.71, metrics: {'f1': 0.18934047213433927, 'f1_macro': 0.5904798848127697, 'prec_macro': 0.5953885281385282, 'rec_macro': 0.5928675342332953, 'f1_micro': 0.9928211206896552, 'prec_micro': 0.9928211206896552, 'rec_micro': 0.9928211206896552}
epoch 97 time: 1.2e+02s, train loss: 4.704, metrics: {'f1': 0.19648093841642228, 'f1_macro': 0.5943505242392139, 'prec_macro': 0.5986709956709957, 'rec_macro': 0.5964610712594975, 'f1_micro': 0.9929137931034483, 'prec_micro': 0.9929137931034483, 'rec_micro': 0.9929137931034483}
epoch 98 time: 1.2e+02s, train loss: 4.706, metrics: {'f1': 0.18300970873786407, 'f1_macro': 0.5871581444825169, 'prec_macro': 0.5923636363636364, 'rec_macro': 0.5896831892176136, 'f1_micro': 0.9927456896551724, 'prec_micro': 0.9927456896551724, 'rec_micro': 0.9927456896551724}
epoch 99 time: 1.2e+02s, train loss: 4.712, metrics: {'f1': 0.18485789347981849, 'f1_macro': 0.5867309883922428, 'prec_macro': 0.5948019480519481, 'rec_macro': 0.590581711422805, 'f1_micro': 0.9926443965517241, 'prec_micro': 0.9926443965517241, 'rec_micro': 0.9926443965517241}
epoch 100 time: 1.2e+02s, train loss: 4.738, metrics: {'f1': 0.15449046067938577, 'f1_macro': 0.570430367642749, 'prec_macro': 0.5808722943722944, 'rec_macro': 0.5752781457171632, 'f1_micro': 0.9921681034482759, 'prec_micro': 0.9921681034482759, 'rec_micro': 0.9921681034482759}
post-training summary -- best {'f1': 0.23315814620162445, 'f1_macro': 0.6099823734599155, 'prec_macro': 0.6201623376623376, 'rec_macro': 0.6148417103849408, 'f1_micro': 0.9930818965517242, 'prec_micro': 0.9930818965517242, 'rec_micro': 0.9930818965517242}
run 1: {'f1': 0.23172479694218825, 'f1_macro': 0.609292940586565, 'prec_macro': 0.6194090909090909, 'rec_macro': 0.6141217883482772, 'f1_micro': 0.9930689655172413, 'prec_micro': 0.9930689655172413, 'rec_micro': 0.9930689655172413}
run 2: {'f1': 0.2230714115118223, 'f1_macro': 0.6051074983704388, 'prec_macro': 0.6148885281385281, 'rec_macro': 0.6097750680510943, 'f1_micro': 0.992989224137931, 'prec_micro': 0.992989224137931, 'rec_micro': 0.992989224137931}
run 3: {'f1': 0.23445190156599552, 'f1_macro': 0.6044738451783896, 'prec_macro': 0.6288939393939394, 'rec_macro': 0.6153732768038092, 'f1_micro': 0.992625, 'prec_micro': 0.992625, 'rec_micro': 0.992625}
run 4: {'f1': 0.22557471264367815, 'f1_macro': 0.6065707104106887, 'prec_macro': 0.6159047619047618, 'rec_macro': 0.6110370229250016, 'f1_micro': 0.9930301724137931, 'prec_micro': 0.9930301724137931, 'rec_micro': 0.9930301724137931}
run 5: {'f1': 0.23315814620162445, 'f1_macro': 0.6099823734599155, 'prec_macro': 0.6201623376623376, 'rec_macro': 0.6148417103849408, 'f1_micro': 0.9930818965517242, 'prec_micro': 0.9930818965517242, 'rec_micro': 0.9930818965517242}
done.
t,p-val for human<model: -121.20647462572819,1.389379614050655e-08, significant: True
t,p-val for random<model: 91.2604642618786,0.9999999567841558, significant: False
95% CI: 0.22959619377306173+/-0.008745266485826807
