reading data...
done.
creating training artifacts...
Using cached encoded data file: train_2_error.pkl
Using cached encoded data file: test_2_error.pkl
done.
training bert model...
run 1 start -- seed=0
initialized continuityBERT with 527361 parameters.
/home/azureuser/.local/lib/python3.8/site-packages/sklearn/metrics/_classification.py:1344: UndefinedMetricWarning: Precision and F-score are ill-defined and being set to 0.0 in labels with no predicted samples. Use `zero_division` parameter to control this behavior.
  _warn_prf(average, modifier, msg_start, len(result))
epoch 1 time: 1.28e+02s, train loss: 9.882, metrics: {'f1': 0.0, 'f1_macro': 0.4956896551724138, 'prec_macro': 0.5, 'rec_macro': 0.49783549783549785, 'f1_micro': 0.9913793103448276, 'prec_micro': 0.9913793103448276, 'rec_micro': 0.9913793103448276}
epoch 2 time: 1.23e+02s, train loss: 9.821, metrics: {'f1': 0.11447043164099638, 'f1_macro': 0.6155424806750206, 'prec_macro': 0.5365836956521739, 'rec_macro': 0.5547117558246814, 'f1_micro': 0.9899633620689655, 'prec_micro': 0.9899633620689655, 'rec_micro': 0.9899633620689655}
epoch 3 time: 1.26e+02s, train loss: 9.705, metrics: {'f1': 0.18149058149058148, 'f1_macro': 0.6278611639096288, 'prec_macro': 0.5675641304347826, 'rec_macro': 0.5880351122542478, 'f1_micro': 0.9892306034482758, 'prec_micro': 0.9892306034482758, 'rec_micro': 0.9892306034482758}
epoch 4 time: 1.22e+02s, train loss: 9.645, metrics: {'f1': 0.20884196634774002, 'f1_macro': 0.6498473271040244, 'prec_macro': 0.5775717391304348, 'rec_macro': 0.6018199405874922, 'f1_micro': 0.9896637931034483, 'prec_micro': 0.9896637931034483, 'rec_micro': 0.9896637931034483}
epoch 5 time: 1.24e+02s, train loss: 9.627, metrics: {'f1': 0.20989668297988034, 'f1_macro': 0.687138664318287, 'prec_macro': 0.5713554347826086, 'rec_macro': 0.6025856963246634, 'f1_micro': 0.9906056034482759, 'prec_micro': 0.9906056034482759, 'rec_micro': 0.9906056034482759}
epoch 6 time: 1.25e+02s, train loss: 9.589, metrics: {'f1': 0.2580344666977177, 'f1_macro': 0.6667841935615321, 'prec_macro': 0.602125, 'rec_macro': 0.6264243445593185, 'f1_micro': 0.9897004310344828, 'prec_micro': 0.9897004310344828, 'rec_micro': 0.9897004310344828}
epoch 7 time: 1.25e+02s, train loss: 9.555, metrics: {'f1': 0.25270758122743686, 'f1_macro': 0.6803622613631999, 'prec_macro': 0.5948108695652174, 'rec_macro': 0.6238839075670738, 'f1_micro': 0.9901853448275862, 'prec_micro': 0.9901853448275862, 'rec_micro': 0.9901853448275862}
epoch 8 time: 1.23e+02s, train loss: 9.527, metrics: {'f1': 0.25765306122448983, 'f1_macro': 0.6743603209108417, 'prec_macro': 0.5994086956521739, 'rec_macro': 0.6263008397359777, 'f1_micro': 0.9899655172413793, 'prec_micro': 0.9899655172413793, 'rec_micro': 0.9899655172413793}
epoch 9 time: 1.21e+02s, train loss: 9.516, metrics: {'f1': 0.2598762494050452, 'f1_macro': 0.6743666501417959, 'prec_macro': 0.6007619565217391, 'rec_macro': 0.6274074665795168, 'f1_micro': 0.9899461206896552, 'prec_micro': 0.9899461206896552, 'rec_micro': 0.9899461206896552}
epoch 10 time: 1.22e+02s, train loss: 9.501, metrics: {'f1': 0.2575708238358841, 'f1_macro': 0.6811665113831071, 'prec_macro': 0.5974065217391304, 'rec_macro': 0.6263121459702582, 'f1_micro': 0.9901724137931035, 'prec_micro': 0.9901724137931035, 'rec_micro': 0.9901724137931035}
epoch 11 time: 1.22e+02s, train loss: 9.49, metrics: {'f1': 0.26715491163827415, 'f1_macro': 0.6804874878686455, 'prec_macro': 0.6033076086956521, 'rec_macro': 0.6310804909090072, 'f1_micro': 0.9900797413793103, 'prec_micro': 0.9900797413793103, 'rec_micro': 0.9900797413793103}
epoch 12 time: 1.21e+02s, train loss: 9.483, metrics: {'f1': 0.25677649732186336, 'f1_macro': 0.6795429672897974, 'prec_macro': 0.5973858695652174, 'rec_macro': 0.6259046262496429, 'f1_micro': 0.9901314655172414, 'prec_micro': 0.9901314655172414, 'rec_micro': 0.9901314655172414}
epoch 13 time: 1.22e+02s, train loss: 9.475, metrics: {'f1': 0.26371511068334935, 'f1_macro': 0.6805337960029991, 'prec_macro': 0.6012152173913043, 'rec_macro': 0.6293677694307168, 'f1_micro': 0.9901077586206897, 'prec_micro': 0.9901077586206897, 'rec_micro': 0.9901077586206897}
epoch 14 time: 1.21e+02s, train loss: 9.474, metrics: {'f1': 0.26570915619389585, 'f1_macro': 0.6879003182388722, 'prec_macro': 0.6003228260869565, 'rec_macro': 0.6304144372098626, 'f1_micro': 0.9903038793103448, 'prec_micro': 0.9903038793103448, 'rec_micro': 0.9903038793103448}
epoch 15 time: 1.22e+02s, train loss: 9.475, metrics: {'f1': 0.2674752633258857, 'f1_macro': 0.6814832763395969, 'prec_macro': 0.6031978260869565, 'rec_macro': 0.6312477593136534, 'f1_micro': 0.9901077586206897, 'prec_micro': 0.9901077586206897, 'rec_micro': 0.9901077586206897}
epoch 16 time: 1.22e+02s, train loss: 9.465, metrics: {'f1': 0.27567481233029867, 'f1_macro': 0.6874478182602798, 'prec_macro': 0.6063554347826087, 'rec_macro': 0.6353773822321271, 'f1_micro': 0.9902262931034482, 'prec_micro': 0.9902262931034482, 'rec_micro': 0.9902262931034482}
epoch 17 time: 1.23e+02s, train loss: 9.458, metrics: {'f1': 0.2725052905746378, 'f1_macro': 0.6918627608171471, 'prec_macro': 0.6032054347826087, 'rec_macro': 0.6338287335526355, 'f1_micro': 0.9903685344827586, 'prec_micro': 0.9903685344827586, 'rec_micro': 0.9903685344827586}
epoch 18 time: 1.22e+02s, train loss: 9.463, metrics: {'f1': 0.27502008032128517, 'f1_macro': 0.6889552952426488, 'prec_macro': 0.6055119565217392, 'rec_macro': 0.6350620458019325, 'f1_micro': 0.9902737068965517, 'prec_micro': 0.9902737068965517, 'rec_micro': 0.9902737068965517}
epoch 19 time: 1.21e+02s, train loss: 9.445, metrics: {'f1': 0.2672131147540983, 'f1_macro': 0.6905999030917844, 'prec_macro': 0.6004782608695651, 'rec_macro': 0.6311822163422297, 'f1_micro': 0.9903663793103449, 'prec_micro': 0.9903663793103449, 'rec_micro': 0.9903663793103449}
epoch 20 time: 1.21e+02s, train loss: 9.448, metrics: {'f1': 0.27732041969330107, 'f1_macro': 0.692271195730707, 'prec_macro': 0.6059228260869565, 'rec_macro': 0.636231822063985, 'f1_micro': 0.9903512931034483, 'prec_micro': 0.9903512931034483, 'rec_micro': 0.9903512931034483}
epoch 21 time: 1.21e+02s, train loss: 9.441, metrics: {'f1': 0.2775073028237585, 'f1_macro': 0.6943287064481152, 'prec_macro': 0.605454347826087, 'rec_macro': 0.6363389104270207, 'f1_micro': 0.9904051724137931, 'prec_micro': 0.9904051724137931, 'rec_micro': 0.9904051724137931}
epoch 22 time: 1.22e+02s, train loss: 9.434, metrics: {'f1': 0.2782212086659065, 'f1_macro': 0.6962202068654137, 'prec_macro': 0.6053532608695652, 'rec_macro': 0.6367073135982328, 'f1_micro': 0.9904504310344827, 'prec_micro': 0.9904504310344827, 'rec_micro': 0.9904504310344827}
epoch 23 time: 1.21e+02s, train loss: 9.434, metrics: {'f1': 0.28091901580576834, 'f1_macro': 0.6982874933212723, 'prec_macro': 0.6063641304347825, 'rec_macro': 0.6380659852210974, 'f1_micro': 0.9904892241379311, 'prec_micro': 0.9904892241379311, 'rec_micro': 0.9904892241379311}
epoch 24 time: 1.2e+02s, train loss: 9.434, metrics: {'f1': 0.2835297865562281, 'f1_macro': 0.6919789680406188, 'prec_macro': 0.609741304347826, 'rec_macro': 0.6393248951007894, 'f1_micro': 0.9903060344827587, 'prec_micro': 0.9903060344827587, 'rec_micro': 0.9903060344827587}
epoch 25 time: 1.21e+02s, train loss: 9.435, metrics: {'f1': 0.2780425802351446, 'f1_macro': 0.6873307202504961, 'prec_macro': 0.6078326086956523, 'rec_macro': 0.6365562958569295, 'f1_micro': 0.9902068965517241, 'prec_micro': 0.9902068965517241, 'rec_micro': 0.9902068965517241}
epoch 26 time: 1.2e+02s, train loss: 9.422, metrics: {'f1': 0.2804043038800131, 'f1_macro': 0.6981002770672609, 'prec_macro': 0.6061152173913044, 'rec_macro': 0.6378080946692101, 'f1_micro': 0.9904870689655172, 'prec_micro': 0.9904870689655172, 'rec_micro': 0.9904870689655172}
epoch 27 time: 1.21e+02s, train loss: 9.428, metrics: {'f1': 0.2918454935622318, 'f1_macro': 0.6970115924022614, 'prec_macro': 0.6132576086956522, 'rec_macro': 0.6435060404236863, 'f1_micro': 0.9903987068965517, 'prec_micro': 0.9903987068965517, 'rec_micro': 0.9903987068965517}
epoch 28 time: 1.2e+02s, train loss: 9.426, metrics: {'f1': 0.290241606526514, 'f1_macro': 0.6914882528108921, 'prec_macro': 0.61405, 'rec_macro': 0.6426664454217899, 'f1_micro': 0.99025, 'prec_micro': 0.99025, 'rec_micro': 0.99025}
epoch 29 time: 1.21e+02s, train loss: 9.433, metrics: {'f1': 0.270437185112953, 'f1_macro': 0.6897890572739211, 'prec_macro': 0.6025641304347826, 'rec_macro': 0.6327838067406091, 'f1_micro': 0.9903254310344828, 'prec_micro': 0.9903254310344828, 'rec_micro': 0.9903254310344828}
epoch 30 time: 1.21e+02s, train loss: 9.432, metrics: {'f1': 0.2720468597461764, 'f1_macro': 0.6913556629982167, 'prec_macro': 0.6030760869565217, 'rec_macro': 0.6335967983240576, 'f1_micro': 0.9903577586206896, 'prec_micro': 0.9903577586206896, 'rec_micro': 0.9903577586206896}
epoch 31 time: 1.2e+02s, train loss: 9.437, metrics: {'f1': 0.2791148441285737, 'f1_macro': 0.693774898802288, 'prec_macro': 0.6065576086956522, 'rec_macro': 0.6371366385831102, 'f1_micro': 0.9903814655172414, 'prec_micro': 0.9903814655172414, 'rec_micro': 0.9903814655172414}
epoch 32 time: 1.22e+02s, train loss: 9.435, metrics: {'f1': 0.2829363150218765, 'f1_macro': 0.6976739674311149, 'prec_macro': 0.6077141304347826, 'rec_macro': 0.6390680377490302, 'f1_micro': 0.9904633620689656, 'prec_micro': 0.9904633620689656, 'rec_micro': 0.9904633620689656}
epoch 33 time: 1.22e+02s, train loss: 9.421, metrics: {'f1': 0.28363518758085376, 'f1_macro': 0.6973971715167343, 'prec_macro': 0.608204347826087, 'rec_macro': 0.6394147281426187, 'f1_micro': 0.9904525862068966, 'prec_micro': 0.9904525862068966, 'rec_micro': 0.9904525862068966}
epoch 34 time: 1.2e+02s, train loss: 9.417, metrics: {'f1': 0.2804309374497508, 'f1_macro': 0.6930980162518858, 'prec_macro': 0.6075358695652174, 'rec_macro': 0.6377881025717436, 'f1_micro': 0.9903556034482759, 'prec_micro': 0.9903556034482759, 'rec_micro': 0.9903556034482759}
epoch 35 time: 1.22e+02s, train loss: 9.419, metrics: {'f1': 0.29040756237408966, 'f1_macro': 0.6876724351125392, 'prec_macro': 0.6154771739130435, 'rec_macro': 0.6427193718188845, 'f1_micro': 0.9901314655172414, 'prec_micro': 0.9901314655172414, 'rec_micro': 0.9901314655172414}
epoch 36 time: 1.21e+02s, train loss: 9.432, metrics: {'f1': 0.2831916285153695, 'f1_macro': 0.701238753242064, 'prec_macro': 0.6068913043478261, 'rec_macro': 0.639218074759006, 'f1_micro': 0.990551724137931, 'prec_micro': 0.990551724137931, 'rec_micro': 0.990551724137931}
epoch 37 time: 1.21e+02s, train loss: 9.446, metrics: {'f1': 0.2684607810961602, 'f1_macro': 0.6918755380383919, 'prec_macro': 0.6008630434782608, 'rec_macro': 0.6318125735472145, 'f1_micro': 0.9903922413793104, 'prec_micro': 0.9903922413793104, 'rec_micro': 0.9903922413793104}
epoch 38 time: 1.2e+02s, train loss: 9.438, metrics: {'f1': 0.27878395860284605, 'f1_macro': 0.6939468653484625, 'prec_macro': 0.6063130434782609, 'rec_macro': 0.6369728414257515, 'f1_micro': 0.9903879310344827, 'prec_micro': 0.9903879310344827, 'rec_micro': 0.9903879310344827}
epoch 39 time: 1.23e+02s, train loss: 9.421, metrics: {'f1': 0.2817441303306181, 'f1_macro': 0.6916700733263079, 'prec_macro': 0.6087510869565217, 'rec_macro': 0.6384326544427509, 'f1_micro': 0.9903081896551724, 'prec_micro': 0.9903081896551724, 'rec_micro': 0.9903081896551724}
epoch 40 time: 1.21e+02s, train loss: 9.423, metrics: {'f1': 0.28585255686401034, 'f1_macro': 0.6980836247805354, 'prec_macro': 0.6093228260869565, 'rec_macro': 0.6405250009328486, 'f1_micro': 0.990459051724138, 'prec_micro': 0.990459051724138, 'rec_micro': 0.990459051724138}
epoch 41 time: 1.22e+02s, train loss: 9.434, metrics: {'f1': 0.2829127149975888, 'f1_macro': 0.6947307205537142, 'prec_macro': 0.6085423913043478, 'rec_macro': 0.6390365800901097, 'f1_micro': 0.990385775862069, 'prec_micro': 0.990385775862069, 'rec_micro': 0.990385775862069}
epoch 42 time: 1.22e+02s, train loss: 9.425, metrics: {'f1': 0.28853503184713375, 'f1_macro': 0.6953336950623983, 'prec_macro': 0.6117565217391304, 'rec_macro': 0.641843786374463, 'f1_micro': 0.9903706896551724, 'prec_micro': 0.9903706896551724, 'rec_micro': 0.9903706896551724}
epoch 43 time: 1.23e+02s, train loss: 9.433, metrics: {'f1': 0.29429241594996086, 'f1_macro': 0.6931375004779887, 'prec_macro': 0.6160445652173913, 'rec_macro': 0.6446977620572607, 'f1_micro': 0.9902737068965517, 'prec_micro': 0.9902737068965517, 'rec_micro': 0.9902737068965517}
epoch 44 time: 1.22e+02s, train loss: 9.419, metrics: {'f1': 0.2918468684927118, 'f1_macro': 0.699731404294051, 'prec_macro': 0.6124271739130435, 'rec_macro': 0.6435252967762851, 'f1_micro': 0.9904719827586207, 'prec_micro': 0.9904719827586207, 'rec_micro': 0.9904719827586207}
epoch 45 time: 1.21e+02s, train loss: 9.408, metrics: {'f1': 0.2852015010605319, 'f1_macro': 0.7018766239844811, 'prec_macro': 0.6078858695652174, 'rec_macro': 0.6402246046269888, 'f1_micro': 0.9905581896551724, 'prec_micro': 0.9905581896551724, 'rec_micro': 0.9905581896551724}
epoch 46 time: 1.22e+02s, train loss: 9.417, metrics: {'f1': 0.277253498210218, 'f1_macro': 0.6951008502862552, 'prec_macro': 0.6050934782608696, 'rec_macro': 0.6362174738836531, 'f1_micro': 0.990426724137931, 'prec_micro': 0.990426724137931, 'rec_micro': 0.990426724137931}
epoch 47 time: 1.21e+02s, train loss: 9.417, metrics: {'f1': 0.2858528698464026, 'f1_macro': 0.6989146842285876, 'prec_macro': 0.6090858695652174, 'rec_macro': 0.6405306179751152, 'f1_micro': 0.9904806034482758, 'prec_micro': 0.9904806034482758, 'rec_micro': 0.9904806034482758}
epoch 48 time: 1.21e+02s, train loss: 9.407, metrics: {'f1': 0.2879767291531998, 'f1_macro': 0.700244514925714, 'prec_macro': 0.6099652173913044, 'rec_macro': 0.6415985063408642, 'f1_micro': 0.9905043103448276, 'prec_micro': 0.9905043103448276, 'rec_micro': 0.9905043103448276}
epoch 49 time: 1.21e+02s, train loss: 9.403, metrics: {'f1': 0.2901254422643937, 'f1_macro': 0.6999819423808233, 'prec_macro': 0.6113195652173913, 'rec_macro': 0.6426684456961393, 'f1_micro': 0.9904870689655172, 'prec_micro': 0.9904870689655172, 'rec_micro': 0.9904870689655172}
epoch 50 time: 1.22e+02s, train loss: 9.412, metrics: {'f1': 0.2835653704592735, 'f1_macro': 0.6936044867523476, 'prec_macro': 0.6092684782608696, 'rec_macro': 0.6393541551819341, 'f1_micro': 0.9903512931034483, 'prec_micro': 0.9903512931034483, 'rec_micro': 0.9903512931034483}
epoch 51 time: 1.21e+02s, train loss: 9.413, metrics: {'f1': 0.2748971193415638, 'f1_macro': 0.6977789384522992, 'prec_macro': 0.6030271739130435, 'rec_macro': 0.635059536702536, 'f1_micro': 0.9905064655172414, 'prec_micro': 0.9905064655172414, 'rec_micro': 0.9905064655172414}
epoch 52 time: 1.2e+02s, train loss: 9.409, metrics: {'f1': 0.29033840117704757, 'f1_macro': 0.7063619325525093, 'prec_macro': 0.6096641304347826, 'rec_macro': 0.6428147803421368, 'f1_micro': 0.9906443965517241, 'prec_micro': 0.9906443965517241, 'rec_micro': 0.9906443965517241}
epoch 53 time: 1.21e+02s, train loss: 9.404, metrics: {'f1': 0.2770520883728431, 'f1_macro': 0.6917377431444038, 'prec_macro': 0.6059163043478261, 'rec_macro': 0.6360943860917609, 'f1_micro': 0.9903383620689655, 'prec_micro': 0.9903383620689655, 'rec_micro': 0.9903383620689655}
epoch 54 time: 1.21e+02s, train loss: 9.425, metrics: {'f1': 0.2707761820235598, 'f1_macro': 0.6875197388712482, 'prec_macro': 0.6033989130434783, 'rec_macro': 0.6329369165200501, 'f1_micro': 0.990260775862069, 'prec_micro': 0.990260775862069, 'rec_micro': 0.990260775862069}
epoch 55 time: 1.21e+02s, train loss: 9.436, metrics: {'f1': 0.26865671641791045, 'f1_macro': 0.6878782650022167, 'prec_macro': 0.6020478260869565, 'rec_macro': 0.6318832378187774, 'f1_micro': 0.9902844827586207, 'prec_micro': 0.9902844827586207, 'rec_micro': 0.9902844827586207}
epoch 56 time: 1.2e+02s, train loss: 9.432, metrics: {'f1': 0.2685733070348455, 'f1_macro': 0.6925718428352479, 'prec_macro': 0.6007478260869565, 'rec_macro': 0.6318732015326431, 'f1_micro': 0.9904094827586207, 'prec_micro': 0.9904094827586207, 'rec_micro': 0.9904094827586207}
epoch 57 time: 1.21e+02s, train loss: 9.429, metrics: {'f1': 0.273207796498183, 'f1_macro': 0.6978801241710321, 'prec_macro': 0.6020413043478261, 'rec_macro': 0.6342176413533515, 'f1_micro': 0.9905172413793103, 'prec_micro': 0.9905172413793103, 'rec_micro': 0.9905172413793103}
epoch 58 time: 1.22e+02s, train loss: 9.417, metrics: {'f1': 0.27365308804204996, 'f1_macro': 0.6960450379196808, 'prec_macro': 0.6027608695652173, 'rec_macro': 0.6344282673959241, 'f1_micro': 0.9904698275862069, 'prec_micro': 0.9904698275862069, 'rec_micro': 0.9904698275862069}
epoch 59 time: 1.22e+02s, train loss: 9.429, metrics: {'f1': 0.2677702044790652, 'f1_macro': 0.6873582071754087, 'prec_macro': 0.6016717391304348, 'rec_macro': 0.6314378175756329, 'f1_micro': 0.9902758620689656, 'prec_micro': 0.9902758620689656, 'rec_micro': 0.9902758620689656}
epoch 60 time: 1.21e+02s, train loss: 9.458, metrics: {'f1': 0.25791781711872663, 'f1_macro': 0.6805810475017966, 'prec_macro': 0.5977684782608697, 'rec_macro': 0.6264807208419321, 'f1_micro': 0.9901530172413793, 'prec_micro': 0.9901530172413793, 'rec_micro': 0.9901530172413793}
epoch 61 time: 1.21e+02s, train loss: 9.447, metrics: {'f1': 0.2667752442996742, 'f1_macro': 0.6879114559535984, 'prec_macro': 0.6009391304347826, 'rec_macro': 0.6309458197069499, 'f1_micro': 0.9902974137931034, 'prec_micro': 0.9902974137931034, 'rec_micro': 0.9902974137931034}
epoch 62 time: 1.21e+02s, train loss: 9.423, metrics: {'f1': 0.278223824348681, 'f1_macro': 0.698443559974189, 'prec_macro': 0.6047619565217391, 'rec_macro': 0.6367228166463151, 'f1_micro': 0.9905064655172414, 'prec_micro': 0.9905064655172414, 'rec_micro': 0.9905064655172414}
epoch 63 time: 1.21e+02s, train loss: 9.417, metrics: {'f1': 0.27744151807623096, 'f1_macro': 0.6972504751032979, 'prec_macro': 0.604625, 'rec_macro': 0.6363251292049581, 'f1_micro': 0.9904806034482758, 'prec_micro': 0.9904806034482758, 'rec_micro': 0.9904806034482758}
epoch 64 time: 1.21e+02s, train loss: 9.429, metrics: {'f1': 0.274071639829116, 'f1_macro': 0.6964770778617501, 'prec_macro': 0.6028891304347825, 'rec_macro': 0.6346397178920266, 'f1_micro': 0.9904784482758621, 'prec_micro': 0.9904784482758621, 'rec_micro': 0.9904784482758621}
epoch 65 time: 1.2e+02s, train loss: 9.429, metrics: {'f1': 0.2703673469387755, 'f1_macro': 0.6913896999124413, 'prec_macro': 0.6020902173913043, 'rec_macro': 0.6327598090626081, 'f1_micro': 0.9903685344827586, 'prec_micro': 0.9903685344827586, 'rec_micro': 0.9903685344827586}
epoch 66 time: 1.21e+02s, train loss: 9.428, metrics: {'f1': 0.2706035042180402, 'f1_macro': 0.6892710824412004, 'prec_macro': 0.6028043478260869, 'rec_macro': 0.6328631404687717, 'f1_micro': 0.9903103448275862, 'prec_micro': 0.9903103448275862, 'rec_micro': 0.9903103448275862}
epoch 67 time: 1.21e+02s, train loss: 9.434, metrics: {'f1': 0.2745928338762215, 'f1_macro': 0.6935449144883893, 'prec_macro': 0.6039652173913044, 'rec_macro': 0.634880648817138, 'f1_micro': 0.9904008620689655, 'prec_micro': 0.9904008620689655, 'rec_micro': 0.9904008620689655}
epoch 68 time: 1.2e+02s, train loss: 9.438, metrics: {'f1': 0.26963733940478124, 'f1_macro': 0.689447484155395, 'prec_macro': 0.6021902173913043, 'rec_macro': 0.632382809677289, 'f1_micro': 0.9903211206896552, 'prec_micro': 0.9903211206896552, 'rec_micro': 0.9903211206896552}
epoch 69 time: 1.21e+02s, train loss: 9.443, metrics: {'f1': 0.2661893914741295, 'f1_macro': 0.6871423272991735, 'prec_macro': 0.6008065217391304, 'rec_macro': 0.6306485383195128, 'f1_micro': 0.9902801724137931, 'prec_micro': 0.9902801724137931, 'rec_micro': 0.9902801724137931}
epoch 70 time: 1.2e+02s, train loss: 9.437, metrics: {'f1': 0.2714007782101167, 'f1_macro': 0.6896106499390618, 'prec_macro': 0.6031782608695652, 'rec_macro': 0.6332628516795838, 'f1_micro': 0.9903146551724138, 'prec_micro': 0.9903146551724138, 'rec_micro': 0.9903146551724138}
epoch 71 time: 1.21e+02s, train loss: 9.434, metrics: {'f1': 0.27362300113067356, 'f1_macro': 0.6898769858501381, 'prec_macro': 0.6044141304347825, 'rec_macro': 0.634372275085872, 'f1_micro': 0.9903081896551724, 'prec_micro': 0.9903081896551724, 'rec_micro': 0.9903081896551724}
epoch 72 time: 1.22e+02s, train loss: 9.444, metrics: {'f1': 0.266969058804471, 'f1_macro': 0.6861611148249324, 'prec_macro': 0.601533695652174, 'rec_macro': 0.631030164320718, 'f1_micro': 0.9902478448275862, 'prec_micro': 0.9902478448275862, 'rec_micro': 0.9902478448275862}
epoch 73 time: 1.22e+02s, train loss: 9.449, metrics: {'f1': 0.2639135344410389, 'f1_macro': 0.6825484265516276, 'prec_macro': 0.6007489130434782, 'rec_macro': 0.6294817210880028, 'f1_micro': 0.990165948275862, 'prec_micro': 0.990165948275862, 'rec_micro': 0.990165948275862}
epoch 74 time: 1.21e+02s, train loss: 9.457, metrics: {'f1': 0.2709801409352979, 'f1_macro': 0.6850874501721932, 'prec_macro': 0.6042304347826086, 'rec_macro': 0.6330208703756506, 'f1_micro': 0.9901896551724138, 'prec_micro': 0.9901896551724138, 'rec_micro': 0.9901896551724138}
epoch 75 time: 1.21e+02s, train loss: 9.457, metrics: {'f1': 0.2751795690343176, 'f1_macro': 0.6868889227216733, 'prec_macro': 0.606225, 'rec_macro': 0.6351264951769471, 'f1_micro': 0.9902133620689655, 'prec_micro': 0.9902133620689655, 'rec_micro': 0.9902133620689655}
epoch 76 time: 1.21e+02s, train loss: 9.452, metrics: {'f1': 0.27408718031204765, 'f1_macro': 0.68874302877506, 'prec_macro': 0.605016304347826, 'rec_macro': 0.634595617043046, 'f1_micro': 0.9902737068965517, 'prec_micro': 0.9902737068965517, 'rec_micro': 0.9902737068965517}
epoch 77 time: 1.21e+02s, train loss: 9.452, metrics: {'f1': 0.27998057938177695, 'f1_macro': 0.6950913716265261, 'prec_macro': 0.6066967391304348, 'rec_macro': 0.6375771313879208, 'f1_micro': 0.9904116379310345, 'prec_micro': 0.9904116379310345, 'rec_micro': 0.9904116379310345}
epoch 78 time: 1.21e+02s, train loss: 9.445, metrics: {'f1': 0.28226973155441243, 'f1_macro': 0.694278307379454, 'prec_macro': 0.6082902173913043, 'rec_macro': 0.6387129186510513, 'f1_micro': 0.9903771551724138, 'prec_micro': 0.9903771551724138, 'rec_micro': 0.9903771551724138}
epoch 79 time: 1.21e+02s, train loss: 9.439, metrics: {'f1': 0.28853503184713375, 'f1_macro': 0.6953336950623983, 'prec_macro': 0.6117565217391304, 'rec_macro': 0.641843786374463, 'f1_micro': 0.9903706896551724, 'prec_micro': 0.9903706896551724, 'rec_micro': 0.9903706896551724}
epoch 80 time: 1.22e+02s, train loss: 9.446, metrics: {'f1': 0.28253865979381443, 'f1_macro': 0.6952146220043606, 'prec_macro': 0.6081782608695652, 'rec_macro': 0.6388533835662817, 'f1_micro': 0.9904008620689655, 'prec_micro': 0.9904008620689655, 'rec_micro': 0.9904008620689655}
epoch 81 time: 1.21e+02s, train loss: 9.451, metrics: {'f1': 0.27860858257477245, 'f1_macro': 0.6957144657387078, 'prec_macro': 0.6057173913043479, 'rec_macro': 0.6368971699398323, 'f1_micro': 0.9904353448275862, 'prec_micro': 0.9904353448275862, 'rec_micro': 0.9904353448275862}
epoch 82 time: 1.21e+02s, train loss: 9.446, metrics: {'f1': 0.2782495101241019, 'f1_macro': 0.6971571306858451, 'prec_macro': 0.6051173913043478, 'rec_macro': 0.6367274695269031, 'f1_micro': 0.9904741379310344, 'prec_micro': 0.9904741379310344, 'rec_micro': 0.9904741379310344}
epoch 83 time: 1.21e+02s, train loss: 9.449, metrics: {'f1': 0.26917416189697463, 'f1_macro': 0.6911234799959289, 'prec_macro': 0.601470652173913, 'rec_macro': 0.6321632428341888, 'f1_micro': 0.9903685344827586, 'prec_micro': 0.9903685344827586, 'rec_micro': 0.9903685344827586}
epoch 84 time: 1.21e+02s, train loss: 9.447, metrics: {'f1': 0.26891582050442187, 'f1_macro': 0.6914780125076572, 'prec_macro': 0.6012282608695652, 'rec_macro': 0.6320368076091739, 'f1_micro': 0.9903793103448276, 'prec_micro': 0.9903793103448276, 'rec_micro': 0.9903793103448276}
epoch 85 time: 1.21e+02s, train loss: 9.451, metrics: {'f1': 0.26327033689400164, 'f1_macro': 0.6886235726355646, 'prec_macro': 0.598729347826087, 'rec_macro': 0.6292038163158391, 'f1_micro': 0.9903383620689655, 'prec_micro': 0.9903383620689655, 'rec_micro': 0.9903383620689655}
epoch 86 time: 1.21e+02s, train loss: 9.459, metrics: {'f1': 0.2634769785351467, 'f1_macro': 0.6876958463888843, 'prec_macro': 0.5990880434782608, 'rec_macro': 0.6293005813451048, 'f1_micro': 0.9903125, 'prec_micro': 0.9903125, 'rec_micro': 0.9903125}
epoch 87 time: 1.22e+02s, train loss: 9.465, metrics: {'f1': 0.2666014031652798, 'f1_macro': 0.6884283519801954, 'prec_macro': 0.6006989130434782, 'rec_macro': 0.6308627249026055, 'f1_micro': 0.9903125, 'prec_micro': 0.9903125, 'rec_micro': 0.9903125}
epoch 88 time: 1.21e+02s, train loss: 9.47, metrics: {'f1': 0.26343210680560075, 'f1_macro': 0.6853876785642163, 'prec_macro': 0.5996760869565217, 'rec_macro': 0.629262313238914, 'f1_micro': 0.99025, 'prec_micro': 0.99025, 'rec_micro': 0.99025}
epoch 89 time: 1.23e+02s, train loss: 9.473, metrics: {'f1': 0.2601865488463427, 'f1_macro': 0.6848299358907556, 'prec_macro': 0.5979445652173914, 'rec_macro': 0.6276412438641779, 'f1_micro': 0.9902564655172413, 'prec_micro': 0.9902564655172413, 'rec_micro': 0.9902564655172413}
epoch 90 time: 1.24e+02s, train loss: 9.466, metrics: {'f1': 0.2558789672751193, 'f1_macro': 0.6834417364305523, 'prec_macro': 0.5958336956521739, 'rec_macro': 0.6254853634816675, 'f1_micro': 0.9902478448275862, 'prec_micro': 0.9902478448275862, 'rec_micro': 0.9902478448275862}
epoch 91 time: 1.25e+02s, train loss: 9.47, metrics: {'f1': 0.2636856814072004, 'f1_macro': 0.6890491408671261, 'prec_macro': 0.5988576086956522, 'rec_macro': 0.6294136632396854, 'f1_micro': 0.9903469827586207, 'prec_micro': 0.9903469827586207, 'rec_micro': 0.9903469827586207}
epoch 92 time: 1.26e+02s, train loss: 9.471, metrics: {'f1': 0.2614909858697418, 'f1_macro': 0.6831427940482329, 'prec_macro': 0.5991554347826087, 'rec_macro': 0.6282792378350329, 'f1_micro': 0.9902004310344827, 'prec_micro': 0.9902004310344827, 'rec_micro': 0.9902004310344827}
epoch 93 time: 1.24e+02s, train loss: 9.485, metrics: {'f1': 0.2639447034238868, 'f1_macro': 0.6813845319130347, 'prec_macro': 0.6011032608695652, 'rec_macro': 0.6294885676378866, 'f1_micro': 0.9901314655172414, 'prec_micro': 0.9901314655172414, 'rec_micro': 0.9901314655172414}
epoch 94 time: 1.27e+02s, train loss: 9.497, metrics: {'f1': 0.24149004495825305, 'f1_macro': 0.6652443337040698, 'prec_macro': 0.592395652173913, 'rec_macro': 0.6181825666874556, 'f1_micro': 0.9898189655172414, 'prec_micro': 0.9898189655172414, 'rec_micro': 0.9898189655172414}
epoch 95 time: 1.25e+02s, train loss: 9.504, metrics: {'f1': 0.24181847493148473, 'f1_macro': 0.666703561783284, 'prec_macro': 0.5921706521739131, 'rec_macro': 0.6183582419645638, 'f1_micro': 0.9898642241379311, 'prec_micro': 0.9898642241379311, 'rec_micro': 0.9898642241379311}
epoch 96 time: 1.25e+02s, train loss: 9.515, metrics: {'f1': 0.24243399871216997, 'f1_macro': 0.666692274079378, 'prec_macro': 0.5925391304347826, 'rec_macro': 0.6186643516757073, 'f1_micro': 0.9898577586206897, 'prec_micro': 0.9898577586206897, 'rec_micro': 0.9898577586206897}
epoch 97 time: 1.25e+02s, train loss: 9.525, metrics: {'f1': 0.2275506919858384, 'f1_macro': 0.6561002589564758, 'prec_macro': 0.5867369565217392, 'rec_macro': 0.6111717048007119, 'f1_micro': 0.9896551724137931, 'prec_micro': 0.9896551724137931, 'rec_micro': 0.9896551724137931}
epoch 98 time: 1.27e+02s, train loss: 9.533, metrics: {'f1': 0.2428708747196411, 'f1_macro': 0.6655349982533301, 'prec_macro': 0.5931369565217391, 'rec_macro': 0.6188718577651765, 'f1_micro': 0.9898146551724137, 'prec_micro': 0.9898146551724137, 'rec_micro': 0.9898146551724137}
epoch 99 time: 1.26e+02s, train loss: 9.525, metrics: {'f1': 0.24247303171791978, 'f1_macro': 0.6667692640338512, 'prec_macro': 0.5925402173913044, 'rec_macro': 0.6186844133712974, 'f1_micro': 0.9898599137931035, 'prec_micro': 0.9898599137931035, 'rec_micro': 0.9898599137931035}
epoch 100 time: 1.26e+02s, train loss: 9.519, metrics: {'f1': 0.24412238325281804, 'f1_macro': 0.6679829590912169, 'prec_macro': 0.5931717391304347, 'rec_macro': 0.6195150585592245, 'f1_micro': 0.9898836206896552, 'prec_micro': 0.9898836206896552, 'rec_micro': 0.9898836206896552}
post-training summary -- best {'f1': 0.29429241594996086, 'f1_macro': 0.6931375004779887, 'prec_macro': 0.6160445652173913, 'rec_macro': 0.6446977620572607, 'f1_micro': 0.9902737068965517, 'prec_micro': 0.9902737068965517, 'rec_micro': 0.9902737068965517}
run 2 start -- seed=1
initialized continuityBERT with 527361 parameters.
/home/azureuser/.local/lib/python3.8/site-packages/sklearn/metrics/_classification.py:1344: UndefinedMetricWarning: Precision and F-score are ill-defined and being set to 0.0 in labels with no predicted samples. Use `zero_division` parameter to control this behavior.
  _warn_prf(average, modifier, msg_start, len(result))
epoch 1 time: 1.24e+02s, train loss: 9.882, metrics: {'f1': 0.0, 'f1_macro': 0.4956896551724138, 'prec_macro': 0.5, 'rec_macro': 0.49783549783549785, 'f1_micro': 0.9913793103448276, 'prec_micro': 0.9913793103448276, 'rec_micro': 0.9913793103448276}
epoch 2 time: 1.25e+02s, train loss: 9.806, metrics: {'f1': 0.13768755516328332, 'f1_macro': 0.6132130216019603, 'prec_macro': 0.5473641304347826, 'rec_macro': 0.5661956074482303, 'f1_micro': 0.9894719827586207, 'prec_micro': 0.9894719827586207, 'rec_micro': 0.9894719827586207}
epoch 3 time: 1.25e+02s, train loss: 9.676, metrics: {'f1': 0.18569201455049367, 'f1_macro': 0.647409155721693, 'prec_macro': 0.5656554347826087, 'rec_macro': 0.5902972855397088, 'f1_micro': 0.9898685344827586, 'prec_micro': 0.9898685344827586, 'rec_micro': 0.9898685344827586}
epoch 4 time: 1.25e+02s, train loss: 9.641, metrics: {'f1': 0.24033930254476912, 'f1_macro': 0.6581613997843838, 'prec_macro': 0.5938847826086956, 'rec_macro': 0.6175460501465581, 'f1_micro': 0.9895775862068965, 'prec_micro': 0.9895775862068965, 'rec_micro': 0.9895775862068965}
epoch 5 time: 1.23e+02s, train loss: 9.599, metrics: {'f1': 0.250512699163906, 'f1_macro': 0.6662584093400187, 'prec_macro': 0.597570652173913, 'rec_macro': 0.622678937713598, 'f1_micro': 0.989760775862069, 'prec_micro': 0.989760775862069, 'rec_micro': 0.989760775862069}
epoch 6 time: 1.23e+02s, train loss: 9.571, metrics: {'f1': 0.25500158780565263, 'f1_macro': 0.6712549554463976, 'prec_macro': 0.59875, 'rec_macro': 0.6249555026915672, 'f1_micro': 0.9898879310344828, 'prec_micro': 0.9898879310344828, 'rec_micro': 0.9898879310344828}
epoch 7 time: 1.24e+02s, train loss: 9.535, metrics: {'f1': 0.2535939266677435, 'f1_macro': 0.6756610680246502, 'prec_macro': 0.5965967391304348, 'rec_macro': 0.6242904788018266, 'f1_micro': 0.9900409482758621, 'prec_micro': 0.9900409482758621, 'rec_micro': 0.9900409482758621}
epoch 8 time: 1.24e+02s, train loss: 9.513, metrics: {'f1': 0.2658108954289293, 'f1_macro': 0.674350779573108, 'prec_macro': 0.6044521739130435, 'rec_macro': 0.6303609929981633, 'f1_micro': 0.9898922413793103, 'prec_micro': 0.9898922413793103, 'rec_micro': 0.9898922413793103}
epoch 9 time: 1.25e+02s, train loss: 9.497, metrics: {'f1': 0.2604892272800908, 'f1_macro': 0.6815375288832998, 'prec_macro': 0.5990119565217391, 'rec_macro': 0.6277685525136084, 'f1_micro': 0.9901616379310345, 'prec_micro': 0.9901616379310345, 'rec_micro': 0.9901616379310345}
epoch 10 time: 1.23e+02s, train loss: 9.481, metrics: {'f1': 0.26662373208823054, 'f1_macro': 0.683811121241581, 'prec_macro': 0.6019967391304348, 'rec_macro': 0.6308411270789074, 'f1_micro': 0.9901831896551724, 'prec_micro': 0.9901831896551724, 'rec_micro': 0.9901831896551724}
epoch 11 time: 1.2e+02s, train loss: 9.474, metrics: {'f1': 0.2668607472100922, 'f1_macro': 0.6855226377904908, 'prec_macro': 0.6016489130434782, 'rec_macro': 0.630971642642176, 'f1_micro': 0.9902306034482758, 'prec_micro': 0.9902306034482758, 'rec_micro': 0.9902306034482758}
epoch 12 time: 1.2e+02s, train loss: 9.467, metrics: {'f1': 0.25919326097521467, 'f1_macro': 0.6806128116949732, 'prec_macro': 0.5985076086956522, 'rec_macro': 0.6271162301521864, 'f1_micro': 0.9901443965517241, 'prec_micro': 0.9901443965517241, 'rec_micro': 0.9901443965517241}
epoch 13 time: 1.2e+02s, train loss: 9.456, metrics: {'f1': 0.27096569250317665, 'f1_macro': 0.6823498120671729, 'prec_macro': 0.6050565217391304, 'rec_macro': 0.6329928928609119, 'f1_micro': 0.9901077586206897, 'prec_micro': 0.9901077586206897, 'rec_micro': 0.9901077586206897}
epoch 14 time: 1.2e+02s, train loss: 9.45, metrics: {'f1': 0.26735303885752243, 'f1_macro': 0.6956023794282872, 'prec_macro': 0.5993021739130435, 'rec_macro': 0.6312838376077199, 'f1_micro': 0.9904913793103448, 'prec_micro': 0.9904913793103448, 'rec_micro': 0.9904913793103448}
epoch 15 time: 1.2e+02s, train loss: 9.441, metrics: {'f1': 0.2721263904562309, 'f1_macro': 0.6881398819088183, 'prec_macro': 0.6040228260869566, 'rec_macro': 0.6336141744567308, 'f1_micro': 0.9902693965517242, 'prec_micro': 0.9902693965517242, 'rec_micro': 0.9902693965517242}
epoch 16 time: 1.2e+02s, train loss: 9.438, metrics: {'f1': 0.27652424387902064, 'f1_macro': 0.6886896016946816, 'prec_macro': 0.6064945652173913, 'rec_macro': 0.6358097242746312, 'f1_micro': 0.9902564655172413, 'prec_micro': 0.9902564655172413, 'rec_micro': 0.9902564655172413}
epoch 17 time: 1.2e+02s, train loss: 9.429, metrics: {'f1': 0.27812854136312126, 'f1_macro': 0.6938891949181313, 'prec_macro': 0.6059423913043478, 'rec_macro': 0.6366456935794489, 'f1_micro': 0.9903900862068965, 'prec_micro': 0.9903900862068965, 'rec_micro': 0.9903900862068965}
epoch 18 time: 1.2e+02s, train loss: 9.418, metrics: {'f1': 0.27513054830287204, 'f1_macro': 0.6946556947327268, 'prec_macro': 0.6039782608695652, 'rec_macro': 0.6351560459722528, 'f1_micro': 0.990426724137931, 'prec_micro': 0.990426724137931, 'rec_micro': 0.990426724137931}
epoch 19 time: 1.2e+02s, train loss: 9.411, metrics: {'f1': 0.28170850994457125, 'f1_macro': 0.699041814450327, 'prec_macro': 0.6066195652173914, 'rec_macro': 0.6384645367269007, 'f1_micro': 0.9905043103448276, 'prec_micro': 0.9905043103448276, 'rec_micro': 0.9905043103448276}
epoch 20 time: 1.2e+02s, train loss: 9.404, metrics: {'f1': 0.2741002570694087, 'f1_macro': 0.6883640864585626, 'prec_macro': 0.6051347826086957, 'rec_macro': 0.6345994246760662, 'f1_micro': 0.9902629310344827, 'prec_micro': 0.9902629310344827, 'rec_micro': 0.9902629310344827}
epoch 21 time: 1.2e+02s, train loss: 9.415, metrics: {'f1': 0.2863240847151535, 'f1_macro': 0.7051267250475329, 'prec_macro': 0.607675, 'rec_macro': 0.640804434394101, 'f1_micro': 0.9906314655172413, 'prec_micro': 0.9906314655172413, 'rec_micro': 0.9906314655172413}
epoch 22 time: 1.2e+02s, train loss: 9.428, metrics: {'f1': 0.28053403659139603, 'f1_macro': 0.7024453915684241, 'prec_macro': 0.6050532608695652, 'rec_macro': 0.6378997096084074, 'f1_micro': 0.9905926724137931, 'prec_micro': 0.9905926724137931, 'rec_micro': 0.9905926724137931}
epoch 23 time: 1.21e+02s, train loss: 9.415, metrics: {'f1': 0.2962481728114341, 'f1_macro': 0.7080616013635663, 'prec_macro': 0.6126467391304348, 'rec_macro': 0.6457739031315586, 'f1_micro': 0.9906616379310345, 'prec_micro': 0.9906616379310345, 'rec_micro': 0.9906616379310345}
epoch 24 time: 1.2e+02s, train loss: 9.406, metrics: {'f1': 0.2899772948426857, 'f1_macro': 0.7030085110385563, 'prec_macro': 0.6103673913043478, 'rec_macro': 0.6426140333368113, 'f1_micro': 0.9905646551724138, 'prec_micro': 0.9905646551724138, 'rec_micro': 0.9905646551724138}
epoch 25 time: 1.2e+02s, train loss: 9.402, metrics: {'f1': 0.282753036437247, 'f1_macro': 0.6973041736588534, 'prec_macro': 0.6077097826086957, 'rec_macro': 0.6389742184328724, 'f1_micro': 0.9904547413793103, 'prec_micro': 0.9904547413793103, 'rec_micro': 0.9904547413793103}
epoch 26 time: 1.19e+02s, train loss: 9.409, metrics: {'f1': 0.2815326426574577, 'f1_macro': 0.7022671567263958, 'prec_macro': 0.6056684782608696, 'rec_macro': 0.6383968073041778, 'f1_micro': 0.9905840517241379, 'prec_micro': 0.9905840517241379, 'rec_micro': 0.9905840517241379}
epoch 27 time: 1.2e+02s, train loss: 9.408, metrics: {'f1': 0.28902478274863214, 'f1_macro': 0.6994416627189721, 'prec_macro': 0.6108195652173913, 'rec_macro': 0.6421159566269886, 'f1_micro': 0.9904784482758621, 'prec_micro': 0.9904784482758621, 'rec_micro': 0.9904784482758621}
epoch 28 time: 1.2e+02s, train loss: 9.402, metrics: {'f1': 0.28798980567059573, 'f1_macro': 0.6950669996178257, 'prec_macro': 0.6115065217391304, 'rec_macro': 0.6415700936195039, 'f1_micro': 0.9903663793103449, 'prec_micro': 0.9903663793103449, 'rec_micro': 0.9903663793103449}
epoch 29 time: 1.2e+02s, train loss: 9.402, metrics: {'f1': 0.2746249184605349, 'f1_macro': 0.6940484412828427, 'prec_macro': 0.6038478260869565, 'rec_macro': 0.6348999663354061, 'f1_micro': 0.9904137931034482, 'prec_micro': 0.9904137931034482, 'rec_micro': 0.9904137931034482}
epoch 30 time: 1.2e+02s, train loss: 9.394, metrics: {'f1': 0.27530762920426577, 'f1_macro': 0.6968169642173215, 'prec_macro': 0.6035097826086957, 'rec_macro': 0.6352582315431409, 'f1_micro': 0.9904806034482758, 'prec_micro': 0.9904806034482758, 'rec_micro': 0.9904806034482758}
epoch 31 time: 1.19e+02s, train loss: 9.396, metrics: {'f1': 0.2731739272846381, 'f1_macro': 0.6945785047535666, 'prec_macro': 0.6028673913043479, 'rec_macro': 0.6341799624035649, 'f1_micro': 0.9904353448275862, 'prec_micro': 0.9904353448275862, 'rec_micro': 0.9904353448275862}
epoch 32 time: 1.2e+02s, train loss: 9.389, metrics: {'f1': 0.2789249426417568, 'f1_macro': 0.699017499462432, 'prec_macro': 0.6050152173913044, 'rec_macro': 0.6370760901810995, 'f1_micro': 0.9905172413793103, 'prec_micro': 0.9905172413793103, 'rec_micro': 0.9905172413793103}
epoch 33 time: 1.2e+02s, train loss: 9.405, metrics: {'f1': 0.27929110600590745, 'f1_macro': 0.6997909157525863, 'prec_macro': 0.6050239130434782, 'rec_macro': 0.6372635314085613, 'f1_micro': 0.9905344827586207, 'prec_micro': 0.9905344827586207, 'rec_micro': 0.9905344827586207}
epoch 34 time: 1.2e+02s, train loss: 9.401, metrics: {'f1': 0.2716326858243699, 'f1_macro': 0.6863560851608428, 'prec_macro': 0.6042467391304348, 'rec_macro': 0.6333553195126638, 'f1_micro': 0.9902219827586207, 'prec_micro': 0.9902219827586207, 'rec_micro': 0.9902219827586207}
epoch 35 time: 1.2e+02s, train loss: 9.412, metrics: {'f1': 0.27658884565499353, 'f1_macro': 0.693318009155771, 'prec_macro': 0.605195652173913, 'rec_macro': 0.6358742421438147, 'f1_micro': 0.9903836206896551, 'prec_micro': 0.9903836206896551, 'rec_micro': 0.9903836206896551}
epoch 36 time: 1.22e+02s, train loss: 9.402, metrics: {'f1': 0.2773603397582489, 'f1_macro': 0.6966360514334873, 'prec_macro': 0.6047413043478261, 'rec_macro': 0.6362807200603849, 'f1_micro': 0.9904655172413793, 'prec_micro': 0.9904655172413793, 'rec_micro': 0.9904655172413793}
epoch 37 time: 1.21e+02s, train loss: 9.434, metrics: {'f1': 0.2678629690048939, 'f1_macro': 0.689281560132513, 'prec_macro': 0.6012021739130434, 'rec_macro': 0.6314973018085748, 'f1_micro': 0.9903275862068965, 'prec_micro': 0.9903275862068965, 'rec_micro': 0.9903275862068965}
epoch 38 time: 1.2e+02s, train loss: 9.41, metrics: {'f1': 0.2869764397905759, 'f1_macro': 0.7042424163695987, 'prec_macro': 0.6082826086956522, 'rec_macro': 0.6411245922094952, 'f1_micro': 0.9906077586206896, 'prec_micro': 0.9906077586206896, 'rec_micro': 0.9906077586206896}
epoch 39 time: 1.21e+02s, train loss: 9.391, metrics: {'f1': 0.2913604442266863, 'f1_macro': 0.7067155432493564, 'prec_macro': 0.6101619565217391, 'rec_macro': 0.6433268712867144, 'f1_micro': 0.9906487068965517, 'prec_micro': 0.9906487068965517, 'rec_micro': 0.9906487068965517}
epoch 40 time: 1.21e+02s, train loss: 9.404, metrics: {'f1': 0.28468468468468466, 'f1_macro': 0.7030240032290811, 'prec_macro': 0.6072815217391304, 'rec_macro': 0.6399738513536724, 'f1_micro': 0.9905883620689655, 'prec_micro': 0.9905883620689655, 'rec_micro': 0.9905883620689655}
epoch 41 time: 1.23e+02s, train loss: 9.402, metrics: {'f1': 0.2821183393265773, 'f1_macro': 0.7003340449066129, 'prec_macro': 0.6065108695652174, 'rec_macro': 0.6386770860560591, 'f1_micro': 0.9905344827586207, 'prec_micro': 0.9905344827586207, 'rec_micro': 0.9905344827586207}
epoch 42 time: 1.2e+02s, train loss: 9.395, metrics: {'f1': 0.28898195876288657, 'f1_macro': 0.6997652622825861, 'prec_macro': 0.6107, 'rec_macro': 0.6420967299195257, 'f1_micro': 0.9904870689655172, 'prec_micro': 0.9904870689655172, 'rec_micro': 0.9904870689655172}
epoch 43 time: 1.22e+02s, train loss: 9.402, metrics: {'f1': 0.2771765465999031, 'f1_macro': 0.6923991648191763, 'prec_macro': 0.6058010869565217, 'rec_macro': 0.6361609808782026, 'f1_micro': 0.9903556034482759, 'prec_micro': 0.9903556034482759, 'rec_micro': 0.9903556034482759}
epoch 44 time: 1.21e+02s, train loss: 9.402, metrics: {'f1': 0.27475934083863596, 'f1_macro': 0.6943267168943559, 'prec_macro': 0.6038510869565217, 'rec_macro': 0.6349688125010192, 'f1_micro': 0.9904202586206896, 'prec_micro': 0.9904202586206896, 'rec_micro': 0.9904202586206896}
epoch 45 time: 1.21e+02s, train loss: 9.397, metrics: {'f1': 0.2731321128154379, 'f1_macro': 0.6972452547445026, 'prec_macro': 0.6021576086956522, 'rec_macro': 0.6341759798623585, 'f1_micro': 0.9905021551724138, 'prec_micro': 0.9905021551724138, 'rec_micro': 0.9905021551724138}
epoch 46 time: 1.22e+02s, train loss: 9.399, metrics: {'f1': 0.28086927889364505, 'f1_macro': 0.7022348831345456, 'prec_macro': 0.6052978260869565, 'rec_macro': 0.6380656857563962, 'f1_micro': 0.9905862068965517, 'prec_micro': 0.9905862068965517, 'rec_micro': 0.9905862068965517}
epoch 47 time: 1.22e+02s, train loss: 9.386, metrics: {'f1': 0.2854793619470482, 'f1_macro': 0.7051633752334487, 'prec_macro': 0.6071815217391304, 'rec_macro': 0.6403831832768718, 'f1_micro': 0.990635775862069, 'prec_micro': 0.990635775862069, 'rec_micro': 0.990635775862069}
epoch 48 time: 1.21e+02s, train loss: 9.386, metrics: {'f1': 0.27255029201817, 'f1_macro': 0.6906638998801841, 'prec_macro': 0.6035608695652174, 'rec_macro': 0.6338430431187662, 'f1_micro': 0.9903362068965518, 'prec_micro': 0.9903362068965518, 'rec_micro': 0.9903362068965518}
epoch 49 time: 1.21e+02s, train loss: 9.455, metrics: {'f1': 0.25035516969218624, 'f1_macro': 0.6663339827763817, 'prec_macro': 0.5974489130434782, 'rec_macro': 0.622601269156553, 'f1_micro': 0.9897650862068965, 'prec_micro': 0.9897650862068965, 'rec_micro': 0.9897650862068965}
epoch 50 time: 1.2e+02s, train loss: 9.427, metrics: {'f1': 0.28139183055975797, 'f1_macro': 0.7113027179229899, 'prec_macro': 0.6034163043478261, 'rec_macro': 0.6383777137921088, 'f1_micro': 0.9907866379310345, 'prec_micro': 0.9907866379310345, 'rec_micro': 0.9907866379310345}
epoch 51 time: 1.21e+02s, train loss: 9.43, metrics: {'f1': 0.2837133550488599, 'f1_macro': 0.7001172827789786, 'prec_macro': 0.607495652173913, 'rec_macro': 0.6394712827790239, 'f1_micro': 0.9905215517241379, 'prec_micro': 0.9905215517241379, 'rec_micro': 0.9905215517241379}
epoch 52 time: 1.21e+02s, train loss: 9.441, metrics: {'f1': 0.26599545306917827, 'f1_macro': 0.6863152176958448, 'prec_macro': 0.6009195652173913, 'rec_macro': 0.630546113351419, 'f1_micro': 0.9902586206896552, 'prec_micro': 0.9902586206896552, 'rec_micro': 0.9902586206896552}
epoch 53 time: 1.21e+02s, train loss: 9.453, metrics: {'f1': 0.26903636067177567, 'f1_macro': 0.6899524554588853, 'prec_macro': 0.6017032608695652, 'rec_macro': 0.6320867016084792, 'f1_micro': 0.9903383620689655, 'prec_micro': 0.9903383620689655, 'rec_micro': 0.9903383620689655}
epoch 54 time: 1.22e+02s, train loss: 9.434, metrics: {'f1': 0.2712842712842713, 'f1_macro': 0.6856773627923861, 'prec_macro': 0.6042380434782608, 'rec_macro': 0.6331767513730773, 'f1_micro': 0.9902047413793104, 'prec_micro': 0.9902047413793104, 'rec_micro': 0.9902047413793104}
epoch 55 time: 1.21e+02s, train loss: 9.431, metrics: {'f1': 0.2747726184777406, 'f1_macro': 0.6864993937403568, 'prec_macro': 0.6060967391304348, 'rec_macro': 0.6349208447279979, 'f1_micro': 0.9902047413793104, 'prec_micro': 0.9902047413793104, 'rec_micro': 0.9902047413793104}
epoch 56 time: 1.21e+02s, train loss: 9.419, metrics: {'f1': 0.2781735751295337, 'f1_macro': 0.6939798685722903, 'prec_macro': 0.6059434782608696, 'rec_macro': 0.6366687554892296, 'f1_micro': 0.9903922413793104, 'prec_micro': 0.9903922413793104, 'rec_micro': 0.9903922413793104}
epoch 57 time: 1.21e+02s, train loss: 9.422, metrics: {'f1': 0.27582830096295086, 'f1_macro': 0.6952211362978231, 'prec_macro': 0.6042315217391304, 'rec_macro': 0.6355076367859882, 'f1_micro': 0.9904375, 'prec_micro': 0.9904375, 'rec_micro': 0.9904375}
epoch 58 time: 1.21e+02s, train loss: 9.434, metrics: {'f1': 0.2721873968987133, 'f1_macro': 0.6966118882292218, 'prec_macro': 0.6017804347826087, 'rec_macro': 0.633700912817351, 'f1_micro': 0.9904913793103448, 'prec_micro': 0.9904913793103448, 'rec_micro': 0.9904913793103448}
epoch 59 time: 1.21e+02s, train loss: 9.443, metrics: {'f1': 0.2711753118844386, 'f1_macro': 0.6939829889395007, 'prec_macro': 0.6018739130434783, 'rec_macro': 0.6331796065490044, 'f1_micro': 0.9904310344827586, 'prec_micro': 0.9904310344827586, 'rec_micro': 0.9904310344827586}
epoch 60 time: 1.21e+02s, train loss: 9.422, metrics: {'f1': 0.2856674856674857, 'f1_macro': 0.7037398397940283, 'prec_macro': 0.6076597826086957, 'rec_macro': 0.6404685060117621, 'f1_micro': 0.9906012931034482, 'prec_micro': 0.9906012931034482, 'rec_micro': 0.9906012931034482}
epoch 61 time: 1.21e+02s, train loss: 9.412, metrics: {'f1': 0.27880372609903575, 'f1_macro': 0.69786746429201, 'prec_macro': 0.6052489130434783, 'rec_macro': 0.6370083871019715, 'f1_micro': 0.9904892241379311, 'prec_micro': 0.9904892241379311, 'rec_micro': 0.9904892241379311}
epoch 62 time: 1.21e+02s, train loss: 9.415, metrics: {'f1': 0.27952044670717685, 'f1_macro': 0.700277308844657, 'prec_macro': 0.605029347826087, 'rec_macro': 0.6373809264366409, 'f1_micro': 0.9905452586206897, 'prec_micro': 0.9905452586206897, 'rec_micro': 0.9905452586206897}
epoch 63 time: 1.22e+02s, train loss: 9.431, metrics: {'f1': 0.27102496714848884, 'f1_macro': 0.6941206694493035, 'prec_macro': 0.6017521739130435, 'rec_macro': 0.6331055293313231, 'f1_micro': 0.9904353448275862, 'prec_micro': 0.9904353448275862, 'rec_micro': 0.9904353448275862}
epoch 64 time: 1.23e+02s, train loss: 9.431, metrics: {'f1': 0.2761685319289006, 'f1_macro': 0.6986497324193444, 'prec_macro': 0.6035304347826087, 'rec_macro': 0.6356990368132405, 'f1_micro': 0.9905215517241379, 'prec_micro': 0.9905215517241379, 'rec_micro': 0.9905215517241379}
epoch 65 time: 1.23e+02s, train loss: 9.437, metrics: {'f1': 0.2737630208333333, 'f1_macro': 0.6927088342324959, 'prec_macro': 0.6037086956521739, 'rec_macro': 0.634461392741021, 'f1_micro': 0.9903836206896551, 'prec_micro': 0.9903836206896551, 'rec_micro': 0.9903836206896551}
epoch 66 time: 1.23e+02s, train loss: 9.435, metrics: {'f1': 0.27464902372115535, 'f1_macro': 0.6902637282381869, 'prec_macro': 0.6049119565217391, 'rec_macro': 0.6348863553347256, 'f1_micro': 0.9903125, 'prec_micro': 0.9903125, 'rec_micro': 0.9903125}
epoch 67 time: 1.23e+02s, train loss: 9.447, metrics: {'f1': 0.2606734332205574, 'f1_macro': 0.6798254599999367, 'prec_macro': 0.5996054347826086, 'rec_macro': 0.6278475460481242, 'f1_micro': 0.9901099137931034, 'prec_micro': 0.9901099137931034, 'rec_micro': 0.9901099137931034}
epoch 68 time: 1.23e+02s, train loss: 9.465, metrics: {'f1': 0.26095455285877184, 'f1_macro': 0.6837738634884877, 'prec_macro': 0.598670652173913, 'rec_macro': 0.6280164932961371, 'f1_micro': 0.9902219827586207, 'prec_micro': 0.9902219827586207, 'rec_micro': 0.9902219827586207}
epoch 69 time: 1.23e+02s, train loss: 9.458, metrics: {'f1': 0.2698438783894823, 'f1_macro': 0.693441384709796, 'prec_macro': 0.6012510869565217, 'rec_macro': 0.6325122810375357, 'f1_micro': 0.9904245689655172, 'prec_micro': 0.9904245689655172, 'rec_micro': 0.9904245689655172}
epoch 70 time: 1.23e+02s, train loss: 9.448, metrics: {'f1': 0.27010070992240376, 'f1_macro': 0.6953891044381304, 'prec_macro': 0.6009032608695652, 'rec_macro': 0.6326527013101627, 'f1_micro': 0.9904719827586207, 'prec_micro': 0.9904719827586207, 'rec_micro': 0.9904719827586207}
epoch 71 time: 1.24e+02s, train loss: 9.436, metrics: {'f1': 0.26975077374165174, 'f1_macro': 0.6901144535106953, 'prec_macro': 0.602075, 'rec_macro': 0.6324438923179595, 'f1_micro': 0.9903383620689655, 'prec_micro': 0.9903383620689655, 'rec_micro': 0.9903383620689655}
epoch 72 time: 1.25e+02s, train loss: 9.45, metrics: {'f1': 0.260096930533118, 'f1_macro': 0.6803307395092903, 'prec_macro': 0.5991195652173913, 'rec_macro': 0.6275642223097675, 'f1_micro': 0.9901293103448275, 'prec_micro': 0.9901293103448275, 'rec_micro': 0.9901293103448275}
epoch 73 time: 1.25e+02s, train loss: 9.461, metrics: {'f1': 0.26021228690897397, 'f1_macro': 0.6789164123321549, 'prec_macro': 0.5995934782608695, 'rec_macro': 0.6276109764844224, 'f1_micro': 0.9900862068965517, 'prec_micro': 0.9900862068965517, 'rec_micro': 0.9900862068965517}
epoch 74 time: 1.24e+02s, train loss: 9.447, metrics: {'f1': 0.26513805909898275, 'f1_macro': 0.6837445884616359, 'prec_macro': 0.6011336956521739, 'rec_macro': 0.6301005084816323, 'f1_micro': 0.9901918103448276, 'prec_micro': 0.9901918103448276, 'rec_micro': 0.9901918103448276}
epoch 75 time: 1.23e+02s, train loss: 9.452, metrics: {'f1': 0.2711089335293157, 'f1_macro': 0.6920464474807807, 'prec_macro': 0.6023445652173913, 'rec_macro': 0.6331338618466482, 'f1_micro': 0.9903814655172414, 'prec_micro': 0.9903814655172414, 'rec_micro': 0.9903814655172414}
epoch 76 time: 1.23e+02s, train loss: 9.45, metrics: {'f1': 0.2746794871794872, 'f1_macro': 0.6878913597663597, 'prec_macro': 0.6056217391304348, 'rec_macro': 0.6348846576671607, 'f1_micro': 0.9902456896551725, 'prec_micro': 0.9902456896551725, 'rec_micro': 0.9902456896551725}
epoch 77 time: 1.24e+02s, train loss: 9.454, metrics: {'f1': 0.26119993667880326, 'f1_macro': 0.674593431342957, 'prec_macro': 0.6015032608695652, 'rec_macro': 0.6280681868049696, 'f1_micro': 0.9899418103448275, 'prec_micro': 0.9899418103448275, 'rec_micro': 0.9899418103448275}
epoch 78 time: 1.27e+02s, train loss: 9.461, metrics: {'f1': 0.2568421052631579, 'f1_macro': 0.6788267561666577, 'prec_macro': 0.5976228260869565, 'rec_macro': 0.6259319684778621, 'f1_micro': 0.9901099137931034, 'prec_micro': 0.9901099137931034, 'rec_micro': 0.9901099137931034}
epoch 79 time: 1.23e+02s, train loss: 9.459, metrics: {'f1': 0.2588890709487138, 'f1_macro': 0.684352113273456, 'prec_macro': 0.5973228260869565, 'rec_macro': 0.6269914414736171, 'f1_micro': 0.9902521551724138, 'prec_micro': 0.9902521551724138, 'rec_micro': 0.9902521551724138}
epoch 80 time: 1.23e+02s, train loss: 9.473, metrics: {'f1': 0.24315012305168168, 'f1_macro': 0.6733218603180628, 'prec_macro': 0.5911532608695652, 'rec_macro': 0.6190731768414103, 'f1_micro': 0.9900581896551724, 'prec_micro': 0.9900581896551724, 'rec_micro': 0.9900581896551724}
epoch 81 time: 1.24e+02s, train loss: 9.477, metrics: {'f1': 0.24885245901639347, 'f1_macro': 0.67720595057681, 'prec_macro': 0.5934173913043478, 'rec_macro': 0.6219411443579634, 'f1_micro': 0.990125, 'prec_micro': 0.990125, 'rec_micro': 0.990125}
epoch 82 time: 1.27e+02s, train loss: 9.479, metrics: {'f1': 0.25415444770283485, 'f1_macro': 0.6789275808085722, 'prec_macro': 0.5960239130434782, 'rec_macro': 0.6245942057858068, 'f1_micro': 0.9901336206896552, 'prec_micro': 0.9901336206896552, 'rec_micro': 0.9901336206896552}
epoch 83 time: 1.26e+02s, train loss: 9.486, metrics: {'f1': 0.25081645983017636, 'f1_macro': 0.6772921858891077, 'prec_macro': 0.5945260869565218, 'rec_macro': 0.622919825834713, 'f1_micro': 0.9901120689655173, 'prec_micro': 0.9901120689655173, 'rec_micro': 0.9901120689655173}
epoch 84 time: 1.24e+02s, train loss: 9.488, metrics: {'f1': 0.2536079130857792, 'f1_macro': 0.6769498360883862, 'prec_macro': 0.5962445652173913, 'rec_macro': 0.6243073004240481, 'f1_micro': 0.9900797413793103, 'prec_micro': 0.9900797413793103, 'rec_micro': 0.9900797413793103}
epoch 85 time: 1.22e+02s, train loss: 9.488, metrics: {'f1': 0.2490208877284595, 'f1_macro': 0.6757720981707395, 'prec_macro': 0.5938913043478261, 'rec_macro': 0.622014435741627, 'f1_micro': 0.9900818965517242, 'prec_micro': 0.9900818965517242, 'rec_micro': 0.9900818965517242}
epoch 86 time: 1.22e+02s, train loss: 9.476, metrics: {'f1': 0.25330073349633253, 'f1_macro': 0.6784780983301308, 'prec_macro': 0.5956489130434782, 'rec_macro': 0.6241657296266788, 'f1_micro': 0.9901271551724138, 'prec_micro': 0.9901271551724138, 'rec_micro': 0.9901271551724138}
epoch 87 time: 1.22e+02s, train loss: 9.474, metrics: {'f1': 0.2466786944398885, 'f1_macro': 0.6757878775868145, 'prec_macro': 0.5925380434782609, 'rec_macro': 0.6208483042360294, 'f1_micro': 0.9901012931034483, 'prec_micro': 0.9901012931034483, 'rec_micro': 0.9901012931034483}
epoch 88 time: 1.23e+02s, train loss: 9.472, metrics: {'f1': 0.25049051667756705, 'f1_macro': 0.6775010113505859, 'prec_macro': 0.5942826086956522, 'rec_macro': 0.6227590453228293, 'f1_micro': 0.9901206896551724, 'prec_micro': 0.9901206896551724, 'rec_micro': 0.9901206896551724}
epoch 89 time: 1.23e+02s, train loss: 9.467, metrics: {'f1': 0.25365053322395403, 'f1_macro': 0.6809937309790453, 'prec_macro': 0.5951880434782608, 'rec_macro': 0.6243580926623835, 'f1_micro': 0.9901961206896551, 'prec_micro': 0.9901961206896551, 'rec_micro': 0.9901961206896551}
epoch 90 time: 1.23e+02s, train loss: 9.47, metrics: {'f1': 0.24597701149425286, 'f1_macro': 0.675667519066609, 'prec_macro': 0.5921673913043478, 'rec_macro': 0.620498024029822, 'f1_micro': 0.990103448275862, 'prec_micro': 0.990103448275862, 'rec_micro': 0.990103448275862}
epoch 91 time: 1.22e+02s, train loss: 9.467, metrics: {'f1': 0.2531687242798354, 'f1_macro': 0.6818038838256093, 'prec_macro': 0.5947054347826087, 'rec_macro': 0.6241237498341445, 'f1_micro': 0.9902219827586207, 'prec_micro': 0.9902219827586207, 'rec_micro': 0.9902219827586207}
epoch 92 time: 1.22e+02s, train loss: 9.457, metrics: {'f1': 0.258022050353793, 'f1_macro': 0.6852526509380328, 'prec_macro': 0.5965945652173913, 'rec_macro': 0.6265655931831183, 'f1_micro': 0.9902823275862069, 'prec_micro': 0.9902823275862069, 'rec_micro': 0.9902823275862069}
epoch 93 time: 1.22e+02s, train loss: 9.457, metrics: {'f1': 0.2572410407461954, 'f1_macro': 0.6826885021486215, 'prec_macro': 0.5968097826086957, 'rec_macro': 0.6261587272504984, 'f1_micro': 0.9902176724137931, 'prec_micro': 0.9902176724137931, 'rec_micro': 0.9902176724137931}
epoch 94 time: 1.23e+02s, train loss: 9.468, metrics: {'f1': 0.24967234600262123, 'f1_macro': 0.6775785321548854, 'prec_macro': 0.593791304347826, 'rec_macro': 0.6223521617896338, 'f1_micro': 0.9901293103448275, 'prec_micro': 0.9901293103448275, 'rec_micro': 0.9901293103448275}
epoch 95 time: 1.22e+02s, train loss: 9.48, metrics: {'f1': 0.247871643745907, 'f1_macro': 0.6760435187860521, 'prec_macro': 0.5931565217391305, 'rec_macro': 0.6214442068030754, 'f1_micro': 0.9900991379310344, 'prec_micro': 0.9900991379310344, 'rec_micro': 0.9900991379310344}
epoch 96 time: 1.23e+02s, train loss: 9.497, metrics: {'f1': 0.2343164412579436, 'f1_macro': 0.6646745666520856, 'prec_macro': 0.588333695652174, 'rec_macro': 0.6146095772839194, 'f1_micro': 0.9898728448275862, 'prec_micro': 0.9898728448275862, 'rec_micro': 0.9898728448275862}
epoch 97 time: 1.23e+02s, train loss: 9.508, metrics: {'f1': 0.2454767726161369, 'f1_macro': 0.6728315078128282, 'prec_macro': 0.5926228260869565, 'rec_macro': 0.6202277150058713, 'f1_micro': 0.9900237068965517, 'prec_micro': 0.9900237068965517, 'rec_micro': 0.9900237068965517}
epoch 98 time: 1.23e+02s, train loss: 9.489, metrics: {'f1': 0.2444045090671459, 'f1_macro': 0.6728115163765095, 'prec_macro': 0.5920076086956522, 'rec_macro': 0.6196937908414832, 'f1_micro': 0.9900323275862069, 'prec_micro': 0.9900323275862069, 'rec_micro': 0.9900323275862069}
epoch 99 time: 1.24e+02s, train loss: 9.473, metrics: {'f1': 0.24789291026276644, 'f1_macro': 0.6793199358401971, 'prec_macro': 0.5923358695652174, 'rec_macro': 0.6214783142689277, 'f1_micro': 0.9901918103448276, 'prec_micro': 0.9901918103448276, 'rec_micro': 0.9901918103448276}
epoch 100 time: 1.24e+02s, train loss: 9.485, metrics: {'f1': 0.24339498018494057, 'f1_macro': 0.6756997041297509, 'prec_macro': 0.590691304347826, 'rec_macro': 0.619212523543526, 'f1_micro': 0.990125, 'prec_micro': 0.990125, 'rec_micro': 0.990125}
post-training summary -- best {'f1': 0.2962481728114341, 'f1_macro': 0.7080616013635663, 'prec_macro': 0.6126467391304348, 'rec_macro': 0.6457739031315586, 'f1_micro': 0.9906616379310345, 'prec_micro': 0.9906616379310345, 'rec_micro': 0.9906616379310345}
run 3 start -- seed=2
initialized continuityBERT with 527361 parameters.
/home/azureuser/.local/lib/python3.8/site-packages/sklearn/metrics/_classification.py:1344: UndefinedMetricWarning: Precision and F-score are ill-defined and being set to 0.0 in labels with no predicted samples. Use `zero_division` parameter to control this behavior.
  _warn_prf(average, modifier, msg_start, len(result))
epoch 1 time: 1.21e+02s, train loss: 9.879, metrics: {'f1': 0.0, 'f1_macro': 0.4956896551724138, 'prec_macro': 0.5, 'rec_macro': 0.49783549783549785, 'f1_micro': 0.9913793103448276, 'prec_micro': 0.9913793103448276, 'rec_micro': 0.9913793103448276}
epoch 2 time: 1.22e+02s, train loss: 9.804, metrics: {'f1': 0.13881019830028332, 'f1_macro': 0.6150302497218947, 'prec_macro': 0.5476347826086957, 'rec_macro': 0.5667683617657158, 'f1_micro': 0.9895172413793103, 'prec_micro': 0.9895172413793103, 'rec_micro': 0.9895172413793103}
epoch 3 time: 1.21e+02s, train loss: 9.682, metrics: {'f1': 0.19707099649793058, 'f1_macro': 0.6319653175510695, 'prec_macro': 0.5755673913043479, 'rec_macro': 0.5957993034475184, 'f1_micro': 0.9891293103448275, 'prec_micro': 0.9891293103448275, 'rec_micro': 0.9891293103448275}
epoch 4 time: 1.21e+02s, train loss: 9.634, metrics: {'f1': 0.2404967439042859, 'f1_macro': 0.6490420957960098, 'prec_macro': 0.5972836956521739, 'rec_macro': 0.617526960877438, 'f1_micro': 0.9891918103448276, 'prec_micro': 0.9891918103448276, 'rec_micro': 0.9891918103448276}
epoch 5 time: 1.21e+02s, train loss: 9.589, metrics: {'f1': 0.25007814942169426, 'f1_macro': 0.6633394819049135, 'prec_macro': 0.5982630434782609, 'rec_macro': 0.6224359987626613, 'f1_micro': 0.9896594827586207, 'prec_micro': 0.9896594827586207, 'rec_micro': 0.9896594827586207}
epoch 6 time: 1.2e+02s, train loss: 9.563, metrics: {'f1': 0.25278693672476055, 'f1_macro': 0.666442356462869, 'prec_macro': 0.598925, 'rec_macro': 0.6238116324649333, 'f1_micro': 0.9897435344827586, 'prec_micro': 0.9897435344827586, 'rec_micro': 0.9897435344827586}
epoch 7 time: 1.21e+02s, train loss: 9.523, metrics: {'f1': 0.2545512615777707, 'f1_macro': 0.6727031124654885, 'prec_macro': 0.5980326086956521, 'rec_macro': 0.6247434578720694, 'f1_micro': 0.9899396551724138, 'prec_micro': 0.9899396551724138, 'rec_micro': 0.9899396551724138}
epoch 8 time: 1.21e+02s, train loss: 9.513, metrics: {'f1': 0.25654035198985253, 'f1_macro': 0.6718801745503944, 'prec_macro': 0.5994967391304348, 'rec_macro': 0.625726487369755, 'f1_micro': 0.9898943965517242, 'prec_micro': 0.9898943965517242, 'rec_micro': 0.9898943965517242}
epoch 9 time: 1.21e+02s, train loss: 9.508, metrics: {'f1': 0.2510555375121793, 'f1_macro': 0.6756074004325806, 'prec_macro': 0.5951195652173913, 'rec_macro': 0.6230262554815806, 'f1_micro': 0.9900603448275862, 'prec_micro': 0.9900603448275862, 'rec_micro': 0.9900603448275862}
epoch 10 time: 1.22e+02s, train loss: 9.498, metrics: {'f1': 0.25491120540625495, 'f1_macro': 0.6681498807875869, 'prec_macro': 0.5996880434782609, 'rec_macro': 0.6248835488467828, 'f1_micro': 0.9897823275862069, 'prec_micro': 0.9897823275862069, 'rec_micro': 0.9897823275862069}
epoch 11 time: 1.22e+02s, train loss: 9.49, metrics: {'f1': 0.24865218101617384, 'f1_macro': 0.6758901814998544, 'prec_macro': 0.5936467391304348, 'rec_macro': 0.6218317284497257, 'f1_micro': 0.9900883620689656, 'prec_micro': 0.9900883620689656, 'rec_micro': 0.9900883620689656}
epoch 12 time: 1.25e+02s, train loss: 9.489, metrics: {'f1': 0.2612244897959184, 'f1_macro': 0.6720961067053628, 'prec_macro': 0.6023282608695653, 'rec_macro': 0.6280591596034266, 'f1_micro': 0.9898577586206897, 'prec_micro': 0.9898577586206897, 'rec_micro': 0.9898577586206897}
epoch 13 time: 1.24e+02s, train loss: 9.489, metrics: {'f1': 0.25948751216347715, 'f1_macro': 0.6812077585679106, 'prec_macro': 0.5985152173913043, 'rec_macro': 0.6272671713604113, 'f1_micro': 0.9901594827586206, 'prec_micro': 0.9901594827586206, 'rec_micro': 0.9901594827586206}
epoch 14 time: 1.23e+02s, train loss: 9.483, metrics: {'f1': 0.26174819566960705, 'f1_macro': 0.6791026944543177, 'prec_macro': 0.6004576086956522, 'rec_macro': 0.6283772575338591, 'f1_micro': 0.9900797413793103, 'prec_micro': 0.9900797413793103, 'rec_micro': 0.9900797413793103}
epoch 15 time: 1.24e+02s, train loss: 9.476, metrics: {'f1': 0.25814655857574315, 'f1_macro': 0.6737627988652286, 'prec_macro': 0.5998923913043478, 'rec_macro': 0.6265415691711211, 'f1_micro': 0.9899418103448275, 'prec_micro': 0.9899418103448275, 'rec_micro': 0.9899418103448275}
epoch 16 time: 1.24e+02s, train loss: 9.474, metrics: {'f1': 0.2592951826705464, 'f1_macro': 0.6799776402655044, 'prec_macro': 0.5987456521739131, 'rec_macro': 0.6271622743407386, 'f1_micro': 0.990125, 'prec_micro': 0.990125, 'rec_micro': 0.990125}
epoch 17 time: 1.24e+02s, train loss: 9.464, metrics: {'f1': 0.26436420722135007, 'f1_macro': 0.6742166425318613, 'prec_macro': 0.6035891304347826, 'rec_macro': 0.6296398686573857, 'f1_micro': 0.9899008620689655, 'prec_micro': 0.9899008620689655, 'rec_micro': 0.9899008620689655}
epoch 18 time: 1.24e+02s, train loss: 9.461, metrics: {'f1': 0.25646090534979427, 'f1_macro': 0.684224346647835, 'prec_macro': 0.5959663043478262, 'rec_macro': 0.6257806872384463, 'f1_micro': 0.9902650862068966, 'prec_micro': 0.9902650862068966, 'rec_micro': 0.9902650862068966}
epoch 19 time: 1.24e+02s, train loss: 9.452, metrics: {'f1': 0.2669871794871795, 'f1_macro': 0.6825082293832294, 'prec_macro': 0.6025956521739131, 'rec_macro': 0.6310124666746781, 'f1_micro': 0.9901422413793104, 'prec_micro': 0.9901422413793104, 'rec_micro': 0.9901422413793104}
epoch 20 time: 1.23e+02s, train loss: 9.45, metrics: {'f1': 0.2702876426161016, 'f1_macro': 0.6857383122411594, 'prec_macro': 0.6036228260869565, 'rec_macro': 0.6326806442055629, 'f1_micro': 0.9902133620689655, 'prec_micro': 0.9902133620689655, 'rec_micro': 0.9902133620689655}
epoch 21 time: 1.25e+02s, train loss: 9.45, metrics: {'f1': 0.2872661436330718, 'f1_macro': 0.6778231404602494, 'prec_macro': 0.6171782608695653, 'rec_macro': 0.6410695035726561, 'f1_micro': 0.9898189655172414, 'prec_micro': 0.9898189655172414, 'rec_micro': 0.9898189655172414}
epoch 22 time: 1.26e+02s, train loss: 9.448, metrics: {'f1': 0.27251808021038787, 'f1_macro': 0.6954639109047571, 'prec_macro': 0.6022608695652174, 'rec_macro': 0.6338586044906693, 'f1_micro': 0.9904612068965517, 'prec_micro': 0.9904612068965517, 'rec_micro': 0.9904612068965517}
epoch 23 time: 1.26e+02s, train loss: 9.44, metrics: {'f1': 0.2647584973166368, 'f1_macro': 0.685941249805234, 'prec_macro': 0.6002989130434783, 'rec_macro': 0.6299271170231626, 'f1_micro': 0.9902564655172413, 'prec_micro': 0.9902564655172413, 'rec_micro': 0.9902564655172413}
epoch 24 time: 1.26e+02s, train loss: 9.441, metrics: {'f1': 0.27517730496453896, 'f1_macro': 0.6827539967622283, 'prec_macro': 0.607525, 'rec_macro': 0.6350936841915316, 'f1_micro': 0.9900883620689656, 'prec_micro': 0.9900883620689656, 'rec_micro': 0.9900883620689656}
epoch 25 time: 1.27e+02s, train loss: 9.434, metrics: {'f1': 0.27128615786893284, 'f1_macro': 0.6924154778547744, 'prec_macro': 0.6023489130434783, 'rec_macro': 0.6332246539967575, 'f1_micro': 0.9903900862068965, 'prec_micro': 0.9903900862068965, 'rec_micro': 0.9903900862068965}
epoch 26 time: 1.28e+02s, train loss: 9.43, metrics: {'f1': 0.27188264058679706, 'f1_macro': 0.6918887508087248, 'prec_macro': 0.6028358695652174, 'rec_macro': 0.6335185143510967, 'f1_micro': 0.9903728448275863, 'prec_micro': 0.9903728448275863, 'rec_micro': 0.9903728448275863}
epoch 27 time: 1.27e+02s, train loss: 9.427, metrics: {'f1': 0.26796431467964316, 'f1_macro': 0.6873258325290436, 'prec_macro': 0.6017945652173913, 'rec_macro': 0.6315343223151154, 'f1_micro': 0.9902737068965517, 'prec_micro': 0.9902737068965517, 'rec_micro': 0.9902737068965517}
epoch 28 time: 1.27e+02s, train loss: 9.419, metrics: {'f1': 0.2701358965860126, 'f1_macro': 0.6968969260704595, 'prec_macro': 0.6005499999999999, 'rec_macro': 0.6326795738844055, 'f1_micro': 0.9905086206896552, 'prec_micro': 0.9905086206896552, 'rec_micro': 0.9905086206896552}
epoch 29 time: 1.27e+02s, train loss: 9.418, metrics: {'f1': 0.26585406028660846, 'f1_macro': 0.6913772549628314, 'prec_macro': 0.5995010869565217, 'rec_macro': 0.6305098158025036, 'f1_micro': 0.9903943965517241, 'prec_micro': 0.9903943965517241, 'rec_micro': 0.9903943965517241}
epoch 30 time: 1.26e+02s, train loss: 9.425, metrics: {'f1': 0.2676751068727392, 'f1_macro': 0.6920364464221038, 'prec_macro': 0.6003717391304347, 'rec_macro': 0.6314219372969733, 'f1_micro': 0.9904008620689655, 'prec_micro': 0.9904008620689655, 'rec_micro': 0.9904008620689655}
epoch 31 time: 1.27e+02s, train loss: 9.424, metrics: {'f1': 0.2753599205692537, 'f1_macro': 0.7001932337592334, 'prec_macro': 0.602683695652174, 'rec_macro': 0.6353051206771397, 'f1_micro': 0.9905625, 'prec_micro': 0.9905625, 'rec_micro': 0.9905625}
epoch 32 time: 1.26e+02s, train loss: 9.421, metrics: {'f1': 0.2795869737887212, 'f1_macro': 0.6883423520743506, 'prec_macro': 0.6084619565217392, 'rec_macro': 0.6373333722155861, 'f1_micro': 0.9902262931034482, 'prec_micro': 0.9902262931034482, 'rec_micro': 0.9902262931034482}
epoch 33 time: 1.27e+02s, train loss: 9.434, metrics: {'f1': 0.28329223181257707, 'f1_macro': 0.6813485538015434, 'prec_macro': 0.6131695652173913, 'rec_macro': 0.6391230885338832, 'f1_micro': 0.9899784482758621, 'prec_micro': 0.9899784482758621, 'rec_micro': 0.9899784482758621}
epoch 34 time: 1.26e+02s, train loss: 9.418, metrics: {'f1': 0.27665799739921976, 'f1_macro': 0.6943139180505098, 'prec_macro': 0.6049608695652173, 'rec_macro': 0.6359153686868529, 'f1_micro': 0.9904094827586207, 'prec_micro': 0.9904094827586207, 'rec_micro': 0.9904094827586207}
epoch 35 time: 1.25e+02s, train loss: 9.42, metrics: {'f1': 0.27176220806794055, 'f1_macro': 0.6925196441184767, 'prec_macro': 0.6025967391304348, 'rec_macro': 0.6334626686027793, 'f1_micro': 0.9903900862068965, 'prec_micro': 0.9903900862068965, 'rec_micro': 0.9903900862068965}
epoch 36 time: 1.25e+02s, train loss: 9.414, metrics: {'f1': 0.279032771237671, 'f1_macro': 0.6884378088019713, 'prec_macro': 0.6080934782608696, 'rec_macro': 0.6370579223645072, 'f1_micro': 0.9902327586206896, 'prec_micro': 0.9902327586206896, 'rec_micro': 0.9902327586206896}
epoch 37 time: 1.24e+02s, train loss: 9.416, metrics: {'f1': 0.28772919605077574, 'f1_macro': 0.6894378936685432, 'prec_macro': 0.6131597826086956, 'rec_macro': 0.641398828547979, 'f1_micro': 0.9902047413793104, 'prec_micro': 0.9902047413793104, 'rec_micro': 0.9902047413793104}
epoch 38 time: 1.25e+02s, train loss: 9.408, metrics: {'f1': 0.27232796486090777, 'f1_macro': 0.6914988988722552, 'prec_macro': 0.6032010869565217, 'rec_macro': 0.6337378906349073, 'f1_micro': 0.9903599137931034, 'prec_micro': 0.9903599137931034, 'rec_micro': 0.9903599137931034}
epoch 39 time: 1.22e+02s, train loss: 9.427, metrics: {'f1': 0.2644844517184943, 'f1_macro': 0.6880138261515457, 'prec_macro': 0.5995847826086956, 'rec_macro': 0.6298048417895642, 'f1_micro': 0.9903146551724138, 'prec_micro': 0.9903146551724138, 'rec_micro': 0.9903146551724138}
epoch 40 time: 1.21e+02s, train loss: 9.41, metrics: {'f1': 0.269692484788686, 'f1_macro': 0.6935785012052373, 'prec_macro': 0.601129347826087, 'rec_macro': 0.6324376793860961, 'f1_micro': 0.9904288793103448, 'prec_micro': 0.9904288793103448, 'rec_micro': 0.9904288793103448}
epoch 41 time: 1.21e+02s, train loss: 9.414, metrics: {'f1': 0.2711532179026462, 'f1_macro': 0.6921385746546802, 'prec_macro': 0.602345652173913, 'rec_macro': 0.6331565490301622, 'f1_micro': 0.9903836206896551, 'prec_micro': 0.9903836206896551, 'rec_micro': 0.9903836206896551}
epoch 42 time: 1.21e+02s, train loss: 9.426, metrics: {'f1': 0.2674475353831137, 'f1_macro': 0.6879894135487761, 'prec_macro': 0.6013097826086956, 'rec_macro': 0.6312814043212581, 'f1_micro': 0.9902952586206897, 'prec_micro': 0.9902952586206897, 'rec_micro': 0.9902952586206897}
epoch 43 time: 1.2e+02s, train loss: 9.418, metrics: {'f1': 0.2810416005080978, 'f1_macro': 0.6891853587067842, 'prec_macro': 0.6090891304347826, 'rec_macro': 0.6380644748907536, 'f1_micro': 0.9902413793103448, 'prec_micro': 0.9902413793103448, 'rec_micro': 0.9902413793103448}
epoch 44 time: 1.21e+02s, train loss: 9.419, metrics: {'f1': 0.28798009640802363, 'f1_macro': 0.6871266558860907, 'prec_macro': 0.6141141304347826, 'rec_macro': 0.6415056981444938, 'f1_micro': 0.9901314655172414, 'prec_micro': 0.9901314655172414, 'rec_micro': 0.9901314655172414}
epoch 45 time: 1.2e+02s, train loss: 9.416, metrics: {'f1': 0.277428709521508, 'f1_macro': 0.6916624600623528, 'prec_macro': 0.6061619565217391, 'rec_macro': 0.6362815959960422, 'f1_micro': 0.9903340517241379, 'prec_micro': 0.9903340517241379, 'rec_micro': 0.9903340517241379}
epoch 46 time: 1.21e+02s, train loss: 9.431, metrics: {'f1': 0.2731660231660232, 'f1_macro': 0.6881496035685429, 'prec_macro': 0.6046391304347826, 'rec_macro': 0.634132328993598, 'f1_micro': 0.9902629310344827, 'prec_micro': 0.9902629310344827, 'rec_micro': 0.9902629310344827}
epoch 47 time: 1.2e+02s, train loss: 9.424, metrics: {'f1': 0.2685751045352203, 'f1_macro': 0.6848057003027503, 'prec_macro': 0.6028717391304348, 'rec_macro': 0.6318205915328594, 'f1_micro': 0.990198275862069, 'prec_micro': 0.990198275862069, 'rec_micro': 0.990198275862069}
epoch 48 time: 1.2e+02s, train loss: 9.448, metrics: {'f1': 0.26359901396877566, 'f1_macro': 0.6888644632392762, 'prec_macro': 0.5988554347826087, 'rec_macro': 0.6293692395519239, 'f1_micro': 0.9903426724137931, 'prec_micro': 0.9903426724137931, 'rec_micro': 0.9903426724137931}
epoch 49 time: 1.2e+02s, train loss: 9.456, metrics: {'f1': 0.2576707357307819, 'f1_macro': 0.6858950096380307, 'prec_macro': 0.5962326086956522, 'rec_macro': 0.6263948566813418, 'f1_micro': 0.990301724137931, 'prec_micro': 0.990301724137931, 'rec_micro': 0.990301724137931}
epoch 50 time: 1.2e+02s, train loss: 9.451, metrics: {'f1': 0.27103109656301144, 'f1_macro': 0.6927748128208856, 'prec_macro': 0.6021065217391305, 'rec_macro': 0.6330998587740808, 'f1_micro': 0.9904008620689655, 'prec_micro': 0.9904008620689655, 'rec_micro': 0.9904008620689655}
epoch 51 time: 1.21e+02s, train loss: 9.424, metrics: {'f1': 0.28028503562945367, 'f1_macro': 0.68777119618013, 'prec_macro': 0.6090706521739131, 'rec_macro': 0.6376769249060867, 'f1_micro': 0.9902047413793104, 'prec_micro': 0.9902047413793104, 'rec_micro': 0.9902047413793104}
epoch 52 time: 1.21e+02s, train loss: 9.436, metrics: {'f1': 0.28468298807281855, 'f1_macro': 0.6878387700711863, 'prec_macro': 0.6117826086956522, 'rec_macro': 0.639868695900936, 'f1_micro': 0.990176724137931, 'prec_micro': 0.990176724137931, 'rec_micro': 0.990176724137931}
epoch 53 time: 1.21e+02s, train loss: 9.438, metrics: {'f1': 0.273972602739726, 'f1_macro': 0.6893331598998771, 'prec_macro': 0.6047771739130434, 'rec_macro': 0.6345426994844112, 'f1_micro': 0.9902909482758621, 'prec_micro': 0.9902909482758621, 'rec_micro': 0.9902909482758621}
epoch 54 time: 1.21e+02s, train loss: 9.43, metrics: {'f1': 0.272461887771651, 'f1_macro': 0.6904846745128662, 'prec_macro': 0.6035586956521739, 'rec_macro': 0.6337977509248369, 'f1_micro': 0.9903318965517242, 'prec_micro': 0.9903318965517242, 'rec_micro': 0.9903318965517242}
epoch 55 time: 1.21e+02s, train loss: 9.433, metrics: {'f1': 0.26577093232836313, 'f1_macro': 0.6893677129465983, 'prec_macro': 0.5999706521739131, 'rec_macro': 0.6304551512808486, 'f1_micro': 0.9903426724137931, 'prec_micro': 0.9903426724137931, 'rec_micro': 0.9903426724137931}
epoch 56 time: 1.21e+02s, train loss: 9.44, metrics: {'f1': 0.2672554792280013, 'f1_macro': 0.6897899169531776, 'prec_macro': 0.6007152173913043, 'rec_macro': 0.631197938098412, 'f1_micro': 0.9903448275862069, 'prec_micro': 0.9903448275862069, 'rec_micro': 0.9903448275862069}
epoch 57 time: 1.2e+02s, train loss: 9.434, metrics: {'f1': 0.2653259811871554, 'f1_macro': 0.6853823707431407, 'prec_macro': 0.6007847826086956, 'rec_macro': 0.6302059321644028, 'f1_micro': 0.9902370689655172, 'prec_micro': 0.9902370689655172, 'rec_micro': 0.9902370689655172}
epoch 58 time: 1.21e+02s, train loss: 9.431, metrics: {'f1': 0.272653326826094, 'f1_macro': 0.6917328645604872, 'prec_macro': 0.6033271739130435, 'rec_macro': 0.6339016563891506, 'f1_micro': 0.990364224137931, 'prec_micro': 0.990364224137931, 'rec_micro': 0.990364224137931}
epoch 59 time: 1.23e+02s, train loss: 9.432, metrics: {'f1': 0.2741909253537161, 'f1_macro': 0.6927199695488786, 'prec_macro': 0.6039554347826087, 'rec_macro': 0.6346747894878069, 'f1_micro': 0.9903814655172414, 'prec_micro': 0.9903814655172414, 'rec_micro': 0.9903814655172414}
epoch 60 time: 1.23e+02s, train loss: 9.433, metrics: {'f1': 0.27471819645732687, 'f1_macro': 0.6895790323685356, 'prec_macro': 0.60515, 'rec_macro': 0.6349160255114501, 'f1_micro': 0.9902931034482758, 'prec_micro': 0.9902931034482758, 'rec_micro': 0.9902931034482759}
epoch 61 time: 1.26e+02s, train loss: 9.433, metrics: {'f1': 0.271000965561635, 'f1_macro': 0.6867342354378214, 'prec_macro': 0.6037586956521739, 'rec_macro': 0.6330432964056718, 'f1_micro': 0.9902370689655172, 'prec_micro': 0.9902370689655172, 'rec_micro': 0.9902370689655172}
epoch 62 time: 1.22e+02s, train loss: 9.431, metrics: {'f1': 0.2744215938303342, 'f1_macro': 0.6885899893785121, 'prec_macro': 0.6052608695652174, 'rec_macro': 0.6347611779187949, 'f1_micro': 0.9902672413793103, 'prec_micro': 0.9902672413793103, 'rec_micro': 0.9902672413793103}
epoch 63 time: 1.23e+02s, train loss: 9.422, metrics: {'f1': 0.28823907455012854, 'f1_macro': 0.6983038149363396, 'prec_macro': 0.6106826086956522, 'rec_macro': 0.6417165673561251, 'f1_micro': 0.9904525862068966, 'prec_micro': 0.9904525862068966, 'rec_micro': 0.9904525862068966}
epoch 64 time: 1.22e+02s, train loss: 9.421, metrics: {'f1': 0.2862577270565858, 'f1_macro': 0.6921852196118274, 'prec_macro': 0.6113467391304348, 'rec_macro': 0.6406860708786957, 'f1_micro': 0.9902952586206897, 'prec_micro': 0.9902952586206897, 'rec_micro': 0.9902952586206897}
epoch 65 time: 1.22e+02s, train loss: 9.428, metrics: {'f1': 0.2851799906498364, 'f1_macro': 0.6859424758036019, 'prec_macro': 0.6127423913043478, 'rec_macro': 0.6401013426479483, 'f1_micro': 0.990114224137931, 'prec_micro': 0.990114224137931, 'rec_micro': 0.990114224137931}
epoch 66 time: 1.22e+02s, train loss: 9.433, metrics: {'f1': 0.28459611772072635, 'f1_macro': 0.686978583288443, 'prec_macro': 0.6120173913043478, 'rec_macro': 0.6398187074630289, 'f1_micro': 0.9901508620689655, 'prec_micro': 0.9901508620689655, 'rec_micro': 0.9901508620689655}
epoch 67 time: 1.23e+02s, train loss: 9.439, metrics: {'f1': 0.28467614533965246, 'f1_macro': 0.6899913460286136, 'prec_macro': 0.6110717391304348, 'rec_macro': 0.6398816620239334, 'f1_micro': 0.9902413793103448, 'prec_micro': 0.9902413793103448, 'rec_micro': 0.9902413793103448}
epoch 68 time: 1.22e+02s, train loss: 9.433, metrics: {'f1': 0.2866459627329193, 'f1_macro': 0.6858060831478138, 'prec_macro': 0.6137260869565218, 'rec_macro': 0.6408304686705961, 'f1_micro': 0.9900991379310344, 'prec_micro': 0.9900991379310344, 'rec_micro': 0.9900991379310344}
epoch 69 time: 1.22e+02s, train loss: 9.433, metrics: {'f1': 0.29291861694096333, 'f1_macro': 0.6816191343430367, 'prec_macro': 0.6194532608695652, 'rec_macro': 0.6439180034455028, 'f1_micro': 0.9899073275862069, 'prec_micro': 0.9899073275862069, 'rec_micro': 0.9899073275862069}
epoch 70 time: 1.23e+02s, train loss: 9.444, metrics: {'f1': 0.28389303482587064, 'f1_macro': 0.684361556123566, 'prec_macro': 0.6124739130434783, 'rec_macro': 0.6394475157114874, 'f1_micro': 0.990073275862069, 'prec_micro': 0.990073275862069, 'rec_micro': 0.990073275862069}
epoch 71 time: 1.28e+02s, train loss: 9.446, metrics: {'f1': 0.27385216541843044, 'f1_macro': 0.6928919757750773, 'prec_macro': 0.6037108695652174, 'rec_macro': 0.6345070550498577, 'f1_micro': 0.9903879310344827, 'prec_micro': 0.9903879310344827, 'rec_micro': 0.9903879310344827}
epoch 72 time: 1.24e+02s, train loss: 9.457, metrics: {'f1': 0.2722958599247259, 'f1_macro': 0.6936336079417507, 'prec_macro': 0.6026097826086957, 'rec_macro': 0.6337360343870821, 'f1_micro': 0.9904159482758621, 'prec_micro': 0.9904159482758621, 'rec_micro': 0.9904159482758621}
epoch 73 time: 1.24e+02s, train loss: 9.447, metrics: {'f1': 0.28134158254640185, 'f1_macro': 0.6982856893953837, 'prec_macro': 0.6066108695652174, 'rec_macro': 0.6382767132264735, 'f1_micro': 0.9904870689655172, 'prec_micro': 0.9904870689655172, 'rec_micro': 0.9904870689655172}
epoch 74 time: 1.24e+02s, train loss: 9.438, metrics: {'f1': 0.2799740764744005, 'f1_macro': 0.6954998242152479, 'prec_macro': 0.6065782608695652, 'rec_macro': 0.6375766102614824, 'f1_micro': 0.9904224137931035, 'prec_micro': 0.9904224137931035, 'rec_micro': 0.9904224137931035}
epoch 75 time: 1.26e+02s, train loss: 9.438, metrics: {'f1': 0.27647714604236345, 'f1_macro': 0.6870427424540694, 'prec_macro': 0.6069663043478261, 'rec_macro': 0.6357741613391218, 'f1_micro': 0.990209051724138, 'prec_micro': 0.990209051724138, 'rec_micro': 0.990209051724138}
epoch 76 time: 1.26e+02s, train loss: 9.442, metrics: {'f1': 0.2751322751322751, 'f1_macro': 0.6883725200829418, 'prec_macro': 0.6057510869565217, 'rec_macro': 0.635113771827873, 'f1_micro': 0.9902564655172413, 'prec_micro': 0.9902564655172413, 'rec_micro': 0.9902564655172413}
epoch 77 time: 1.29e+02s, train loss: 9.447, metrics: {'f1': 0.2718849840255591, 'f1_macro': 0.6848644086182663, 'prec_macro': 0.6048434782608696, 'rec_macro': 0.6334699943453245, 'f1_micro': 0.990176724137931, 'prec_micro': 0.990176724137931, 'rec_micro': 0.990176724137931}
epoch 78 time: 1.25e+02s, train loss: 9.447, metrics: {'f1': 0.2709492765145492, 'f1_macro': 0.682698411597664, 'prec_macro': 0.6049380434782609, 'rec_macro': 0.6329874161236557, 'f1_micro': 0.9901185344827587, 'prec_micro': 0.9901185344827587, 'rec_micro': 0.9901185344827587}
epoch 79 time: 1.28e+02s, train loss: 9.449, metrics: {'f1': 0.2786022020105313, 'f1_macro': 0.6891590578705762, 'prec_macro': 0.6076097826086957, 'rec_macro': 0.6368486554489061, 'f1_micro': 0.9902564655172413, 'prec_micro': 0.9902564655172413, 'rec_micro': 0.9902564655172413}
epoch 80 time: 1.24e+02s, train loss: 9.437, metrics: {'f1': 0.27391581632653056, 'f1_macro': 0.685639139780118, 'prec_macro': 0.6058391304347825, 'rec_macro': 0.6344875481438236, 'f1_micro': 0.9901853448275862, 'prec_micro': 0.9901853448275862, 'rec_micro': 0.9901853448275862}
epoch 81 time: 1.23e+02s, train loss: 9.436, metrics: {'f1': 0.28060654429369514, 'f1_macro': 0.690660090931146, 'prec_macro': 0.6083684782608696, 'rec_macro': 0.63785842628551, 'f1_micro': 0.9902866379310344, 'prec_micro': 0.9902866379310344, 'rec_micro': 0.9902866379310344}
epoch 82 time: 1.24e+02s, train loss: 9.437, metrics: {'f1': 0.27749796913078795, 'f1_macro': 0.6947379469297448, 'prec_macro': 0.6053358695652173, 'rec_macro': 0.6363369738694526, 'f1_micro': 0.9904159482758621, 'prec_micro': 0.9904159482758621, 'rec_micro': 0.9904159482758621}
epoch 83 time: 1.23e+02s, train loss: 9.44, metrics: {'f1': 0.2728910728910729, 'f1_macro': 0.6944339644497152, 'prec_macro': 0.6027423913043478, 'rec_macro': 0.6340379954565952, 'f1_micro': 0.9904331896551725, 'prec_micro': 0.9904331896551725, 'rec_micro': 0.9904331896551725}
epoch 84 time: 1.25e+02s, train loss: 9.45, metrics: {'f1': 0.27257745550428475, 'f1_macro': 0.696517155907513, 'prec_macro': 0.6020260869565217, 'rec_macro': 0.6338948418690187, 'f1_micro': 0.9904870689655172, 'prec_micro': 0.9904870689655172, 'rec_micro': 0.9904870689655172}
epoch 85 time: 1.25e+02s, train loss: 9.459, metrics: {'f1': 0.27081967213114755, 'f1_macro': 0.693230858050083, 'prec_macro': 0.6018652173913043, 'rec_macro': 0.6329974269105678, 'f1_micro': 0.9904137931034482, 'prec_micro': 0.9904137931034482, 'rec_micro': 0.9904137931034482}
epoch 86 time: 1.23e+02s, train loss: 9.446, metrics: {'f1': 0.2653094729929404, 'f1_macro': 0.6897537648840691, 'prec_macro': 0.5996054347826087, 'rec_macro': 0.6302277073645276, 'f1_micro': 0.9903556034482759, 'prec_micro': 0.9903556034482759, 'rec_micro': 0.9903556034482759}
epoch 87 time: 1.23e+02s, train loss: 9.443, metrics: {'f1': 0.266906239790918, 'f1_macro': 0.6890613537007596, 'prec_macro': 0.6007065217391304, 'rec_macro': 0.631018958325273, 'f1_micro': 0.9903275862068965, 'prec_micro': 0.9903275862068965, 'rec_micro': 0.9903275862068965}
epoch 88 time: 1.22e+02s, train loss: 9.447, metrics: {'f1': 0.25853658536585367, 'f1_macro': 0.6814139796722484, 'prec_macro': 0.5979021739130435, 'rec_macro': 0.6267950052717428, 'f1_micro': 0.9901724137931035, 'prec_micro': 0.9901724137931035, 'rec_micro': 0.9901724137931035}
epoch 89 time: 1.21e+02s, train loss: 9.453, metrics: {'f1': 0.2579488015653025, 'f1_macro': 0.6819456530143285, 'prec_macro': 0.5974163043478261, 'rec_macro': 0.6265060403792524, 'f1_micro': 0.9901918103448276, 'prec_micro': 0.9901918103448276, 'rec_micro': 0.9901918103448276}
epoch 90 time: 1.21e+02s, train loss: 9.466, metrics: {'f1': 0.26332794830371564, 'f1_macro': 0.6826246714955913, 'prec_macro': 0.6003804347826087, 'rec_macro': 0.629190579417585, 'f1_micro': 0.9901724137931035, 'prec_micro': 0.9901724137931035, 'rec_micro': 0.9901724137931035}
epoch 91 time: 1.21e+02s, train loss: 9.47, metrics: {'f1': 0.25839627189458464, 'f1_macro': 0.6773761623440718, 'prec_macro': 0.5989576086956522, 'rec_macro': 0.6266948189845128, 'f1_micro': 0.9900538793103448, 'prec_micro': 0.9900538793103448, 'rec_micro': 0.9900538793103448}
epoch 92 time: 1.21e+02s, train loss: 9.468, metrics: {'f1': 0.2636186770428016, 'f1_macro': 0.6840496111139982, 'prec_macro': 0.6001521739130434, 'rec_macro': 0.6293457659832377, 'f1_micro': 0.9902112068965517, 'prec_micro': 0.9902112068965517, 'rec_micro': 0.9902112068965517}
epoch 93 time: 1.21e+02s, train loss: 9.458, metrics: {'f1': 0.27478937135450426, 'f1_macro': 0.6917992604965733, 'prec_macro': 0.6045608695652174, 'rec_macro': 0.6349669008844274, 'f1_micro': 0.990353448275862, 'prec_micro': 0.990353448275862, 'rec_micro': 0.990353448275862}
epoch 94 time: 1.21e+02s, train loss: 9.453, metrics: {'f1': 0.27230046948356806, 'f1_macro': 0.6897355773964157, 'prec_macro': 0.6036728260869565, 'rec_macro': 0.6337121311145151, 'f1_micro': 0.9903125, 'prec_micro': 0.9903125, 'rec_micro': 0.9903125}
epoch 95 time: 1.21e+02s, train loss: 9.453, metrics: {'f1': 0.27693807898586054, 'f1_macro': 0.6944553913053914, 'prec_macro': 0.6050858695652174, 'rec_macro': 0.6360559492512741, 'f1_micro': 0.9904116379310345, 'prec_micro': 0.9904116379310345, 'rec_micro': 0.9904116379310345}
epoch 96 time: 1.21e+02s, train loss: 9.447, metrics: {'f1': 0.2685593082068853, 'f1_macro': 0.6898439595595939, 'prec_macro': 0.6014554347826087, 'rec_macro': 0.6318481859262248, 'f1_micro': 0.9903383620689655, 'prec_micro': 0.9903383620689655, 'rec_micro': 0.9903383620689655}
epoch 97 time: 1.21e+02s, train loss: 9.445, metrics: {'f1': 0.2757268866383535, 'f1_macro': 0.6954525049127486, 'prec_macro': 0.6041108695652174, 'rec_macro': 0.6354585697892736, 'f1_micro': 0.9904439655172413, 'prec_micro': 0.9904439655172413, 'rec_micro': 0.9904439655172413}
epoch 98 time: 1.2e+02s, train loss: 9.443, metrics: {'f1': 0.270003292723082, 'f1_macro': 0.6942435218545423, 'prec_macro': 0.6011369565217392, 'rec_macro': 0.6325968980411769, 'f1_micro': 0.9904439655172413, 'prec_micro': 0.9904439655172413, 'rec_micro': 0.9904439655172413}
epoch 99 time: 1.2e+02s, train loss: 9.461, metrics: {'f1': 0.25321040500493913, 'f1_macro': 0.6818932362399917, 'prec_macro': 0.5947065217391304, 'rec_macro': 0.6241451352085653, 'f1_micro': 0.9902241379310345, 'prec_micro': 0.9902241379310345, 'rec_micro': 0.9902241379310345}
epoch 100 time: 1.21e+02s, train loss: 9.495, metrics: {'f1': 0.23325143325143324, 'f1_macro': 0.6655618896635128, 'prec_macro': 0.5874858695652174, 'rec_macro': 0.614086924246975, 'f1_micro': 0.9899116379310345, 'prec_micro': 0.9899116379310345, 'rec_micro': 0.9899116379310345}
post-training summary -- best {'f1': 0.29291861694096333, 'f1_macro': 0.6816191343430367, 'prec_macro': 0.6194532608695652, 'rec_macro': 0.6439180034455028, 'f1_micro': 0.9899073275862069, 'prec_micro': 0.9899073275862069, 'rec_micro': 0.9899073275862069}
run 4 start -- seed=3
initialized continuityBERT with 527361 parameters.
/home/azureuser/.local/lib/python3.8/site-packages/sklearn/metrics/_classification.py:1344: UndefinedMetricWarning: Precision and F-score are ill-defined and being set to 0.0 in labels with no predicted samples. Use `zero_division` parameter to control this behavior.
  _warn_prf(average, modifier, msg_start, len(result))
epoch 1 time: 1.21e+02s, train loss: 9.877, metrics: {'f1': 0.0, 'f1_macro': 0.4956896551724138, 'prec_macro': 0.5, 'rec_macro': 0.49783549783549785, 'f1_micro': 0.9913793103448276, 'prec_micro': 0.9913793103448276, 'rec_micro': 0.9913793103448276}
epoch 2 time: 1.21e+02s, train loss: 9.805, metrics: {'f1': 0.14230225988700565, 'f1_macro': 0.6172037219684385, 'prec_macro': 0.549004347826087, 'rec_macro': 0.5685175994296771, 'f1_micro': 0.9895301724137932, 'prec_micro': 0.9895301724137932, 'rec_micro': 0.9895301724137932}
epoch 3 time: 1.21e+02s, train loss: 9.679, metrics: {'f1': 0.20514419329696024, 'f1_macro': 0.6326117490882471, 'prec_macro': 0.5803402173913044, 'rec_macro': 0.5998056670733459, 'f1_micro': 0.989010775862069, 'prec_micro': 0.989010775862069, 'rec_micro': 0.989010775862069}
epoch 4 time: 1.21e+02s, train loss: 9.607, metrics: {'f1': 0.23743872549019612, 'f1_macro': 0.6497889746756444, 'prec_macro': 0.5949695652173913, 'rec_macro': 0.6160182497432923, 'f1_micro': 0.9892715517241379, 'prec_micro': 0.9892715517241379, 'rec_micro': 0.9892715517241379}
epoch 5 time: 1.22e+02s, train loss: 9.581, metrics: {'f1': 0.23045267489711938, 'f1_macro': 0.6798056911798799, 'prec_macro': 0.5827391304347826, 'rec_macro': 0.612792941364549, 'f1_micro': 0.9903275862068965, 'prec_micro': 0.9903275862068965, 'rec_micro': 0.9903275862068965}
epoch 6 time: 1.2e+02s, train loss: 9.554, metrics: {'f1': 0.24901445466491456, 'f1_macro': 0.6780040835098942, 'prec_macro': 0.5933043478260869, 'rec_macro': 0.6220275980402905, 'f1_micro': 0.9901465517241379, 'prec_micro': 0.9901465517241379, 'rec_micro': 0.9901465517241379}
epoch 7 time: 1.2e+02s, train loss: 9.521, metrics: {'f1': 0.2675564993174579, 'f1_macro': 0.6666944784727857, 'prec_macro': 0.6083902173913044, 'rec_macro': 0.6311578007148855, 'f1_micro': 0.9895926724137931, 'prec_micro': 0.9895926724137931, 'rec_micro': 0.9895926724137931}
epoch 8 time: 1.21e+02s, train loss: 9.515, metrics: {'f1': 0.25144880875724407, 'f1_macro': 0.673051704945402, 'prec_macro': 0.5960695652173913, 'rec_macro': 0.6232021324462471, 'f1_micro': 0.9899784482758621, 'prec_micro': 0.9899784482758621, 'rec_micro': 0.9899784482758621}
epoch 9 time: 1.21e+02s, train loss: 9.502, metrics: {'f1': 0.2556762092793682, 'f1_macro': 0.6834699298152405, 'prec_macro': 0.5957108695652173, 'rec_macro': 0.625384534814905, 'f1_micro': 0.99025, 'prec_micro': 0.99025, 'rec_micro': 0.99025}
epoch 10 time: 1.2e+02s, train loss: 9.49, metrics: {'f1': 0.2568454763811049, 'f1_macro': 0.6751562783405106, 'prec_macro': 0.5986815217391304, 'rec_macro': 0.6259052579490566, 'f1_micro': 0.9899978448275862, 'prec_micro': 0.9899978448275862, 'rec_micro': 0.9899978448275862}
epoch 11 time: 1.2e+02s, train loss: 9.494, metrics: {'f1': 0.25843411839592617, 'f1_macro': 0.6743059800719948, 'prec_macro': 0.5999, 'rec_macro': 0.6266891655734627, 'f1_micro': 0.9899568965517241, 'prec_micro': 0.9899568965517241, 'rec_micro': 0.9899568965517241}
epoch 12 time: 1.2e+02s, train loss: 9.486, metrics: {'f1': 0.2553603095276479, 'f1_macro': 0.6762814920521398, 'prec_macro': 0.5974663043478261, 'rec_macro': 0.6251747224397873, 'f1_micro': 0.9900452586206897, 'prec_micro': 0.9900452586206897, 'rec_micro': 0.9900452586206897}
epoch 13 time: 1.2e+02s, train loss: 9.48, metrics: {'f1': 0.27065753860850184, 'f1_macro': 0.6829106230234743, 'prec_macro': 0.6046945652173913, 'rec_macro': 0.632843738617024, 'f1_micro': 0.9901271551724138, 'prec_micro': 0.9901271551724138, 'rec_micro': 0.9901271551724138}
epoch 14 time: 1.22e+02s, train loss: 9.476, metrics: {'f1': 0.256717384266753, 'f1_macro': 0.6785756332667559, 'prec_macro': 0.5976195652173913, 'rec_macro': 0.6258679726669285, 'f1_micro': 0.990103448275862, 'prec_micro': 0.990103448275862, 'rec_micro': 0.990103448275862}
epoch 15 time: 1.21e+02s, train loss: 9.481, metrics: {'f1': 0.26404316090130114, 'f1_macro': 0.6772816098972162, 'prec_macro': 0.6024021739130435, 'rec_macro': 0.6295055719532902, 'f1_micro': 0.9900043103448276, 'prec_micro': 0.9900043103448276, 'rec_micro': 0.9900043103448276}
epoch 16 time: 1.2e+02s, train loss: 9.474, metrics: {'f1': 0.2623697916666667, 'f1_macro': 0.6845086302017247, 'prec_macro': 0.599295652173913, 'rec_macro': 0.628726811273489, 'f1_micro': 0.9902327586206896, 'prec_micro': 0.9902327586206896, 'rec_micro': 0.9902327586206896}
epoch 17 time: 1.2e+02s, train loss: 9.472, metrics: {'f1': 0.26505651029571137, 'f1_macro': 0.6706485124295216, 'prec_macro': 0.6052576086956521, 'rec_macro': 0.6299526779353388, 'f1_micro': 0.9897693965517241, 'prec_micro': 0.9897693965517241, 'rec_micro': 0.9897693965517241}
epoch 18 time: 1.2e+02s, train loss: 9.473, metrics: {'f1': 0.25708272624251255, 'f1_macro': 0.6788900205341581, 'prec_macro': 0.5977467391304347, 'rec_macro': 0.6260522735671878, 'f1_micro': 0.9901099137931034, 'prec_micro': 0.9901099137931034, 'rec_micro': 0.9901099137931034}
epoch 19 time: 1.2e+02s, train loss: 9.469, metrics: {'f1': 0.2648771021992238, 'f1_macro': 0.6840559876660834, 'prec_macro': 0.6008913043478261, 'rec_macro': 0.6299727661707324, 'f1_micro': 0.9902025862068966, 'prec_micro': 0.9902025862068966, 'rec_micro': 0.9902025862068966}
epoch 20 time: 1.2e+02s, train loss: 9.46, metrics: {'f1': 0.2566601689408707, 'f1_macro': 0.6797344480773765, 'prec_macro': 0.5972652173913043, 'rec_macro': 0.6258481027034553, 'f1_micro': 0.9901379310344828, 'prec_micro': 0.9901379310344828, 'rec_micro': 0.9901379310344828}
epoch 21 time: 1.19e+02s, train loss: 9.456, metrics: {'f1': 0.258985721319547, 'f1_macro': 0.6850096197151379, 'prec_macro': 0.5972076086956521, 'rec_macro': 0.6270441321003852, 'f1_micro': 0.9902693965517242, 'prec_micro': 0.9902693965517242, 'rec_micro': 0.9902693965517242}
epoch 22 time: 1.21e+02s, train loss: 9.449, metrics: {'f1': 0.2681077593160187, 'f1_macro': 0.6855183909189188, 'prec_macro': 0.6023880434782609, 'rec_macro': 0.6315929363524586, 'f1_micro': 0.9902219827586207, 'prec_micro': 0.9902219827586207, 'rec_micro': 0.9902219827586207}
epoch 23 time: 1.2e+02s, train loss: 9.454, metrics: {'f1': 0.2634225466342255, 'f1_macro': 0.684077419249664, 'prec_macro': 0.600029347826087, 'rec_macro': 0.629248251192763, 'f1_micro': 0.9902133620689655, 'prec_micro': 0.9902133620689655, 'rec_micro': 0.9902133620689655}
epoch 24 time: 1.2e+02s, train loss: 9.453, metrics: {'f1': 0.26010716025328784, 'f1_macro': 0.6820392343441075, 'prec_macro': 0.5986489130434782, 'rec_macro': 0.6275818957472336, 'f1_micro': 0.9901788793103449, 'prec_micro': 0.9901788793103449, 'rec_micro': 0.9901788793103449}
epoch 25 time: 1.2e+02s, train loss: 9.448, metrics: {'f1': 0.2604406445248274, 'f1_macro': 0.6867292513075384, 'prec_macro': 0.5975978260869566, 'rec_macro': 0.6277808428293188, 'f1_micro': 0.9903060344827587, 'prec_micro': 0.9903060344827587, 'rec_micro': 0.9903060344827587}
epoch 26 time: 1.2e+02s, train loss: 9.44, metrics: {'f1': 0.26957878315132605, 'f1_macro': 0.6758561580263924, 'prec_macro': 0.6063195652173913, 'rec_macro': 0.6322492164435544, 'f1_micro': 0.9899094827586207, 'prec_micro': 0.9899094827586207, 'rec_micro': 0.9899094827586207}
epoch 27 time: 1.2e+02s, train loss: 9.444, metrics: {'f1': 0.2655870445344129, 'f1_macro': 0.6850628845702738, 'prec_macro': 0.6010271739130435, 'rec_macro': 0.630333727837678, 'f1_micro': 0.9902262931034482, 'prec_micro': 0.9902262931034482, 'rec_micro': 0.9902262931034482}
epoch 28 time: 1.22e+02s, train loss: 9.444, metrics: {'f1': 0.2698182987618588, 'f1_macro': 0.6856265031449122, 'prec_macro': 0.603375, 'rec_macro': 0.6324459829672151, 'f1_micro': 0.9902133620689655, 'prec_micro': 0.9902133620689655, 'rec_micro': 0.9902133620689655}
epoch 29 time: 1.22e+02s, train loss: 9.433, metrics: {'f1': 0.2684843624699278, 'f1_macro': 0.6838234198705186, 'prec_macro': 0.6031054347826087, 'rec_macro': 0.6317681233134763, 'f1_micro': 0.9901702586206896, 'prec_micro': 0.9901702586206896, 'rec_micro': 0.9901702586206896}
epoch 30 time: 1.22e+02s, train loss: 9.432, metrics: {'f1': 0.2723874532748253, 'f1_macro': 0.6911889574833622, 'prec_macro': 0.6033206521739131, 'rec_macro': 0.6337654494938085, 'f1_micro': 0.9903512931034483, 'prec_micro': 0.9903512931034483, 'rec_micro': 0.9903512931034483}
epoch 31 time: 1.21e+02s, train loss: 9.432, metrics: {'f1': 0.27085026824906516, 'f1_macro': 0.6902022595793698, 'prec_macro': 0.6026923913043478, 'rec_macro': 0.6329925231437754, 'f1_micro': 0.9903340517241379, 'prec_micro': 0.9903340517241379, 'rec_micro': 0.9903340517241379}
epoch 32 time: 1.21e+02s, train loss: 9.432, metrics: {'f1': 0.27809465084014184, 'f1_macro': 0.6779866316888652, 'prec_macro': 0.6110271739130435, 'rec_macro': 0.6365063954494683, 'f1_micro': 0.9899073275862069, 'prec_micro': 0.9899073275862069, 'rec_micro': 0.9899073275862069}
epoch 33 time: 1.21e+02s, train loss: 9.434, metrics: {'f1': 0.27177472167648986, 'f1_macro': 0.693437532100253, 'prec_macro': 0.6023608695652174, 'rec_macro': 0.6334749307488201, 'f1_micro': 0.9904137931034482, 'prec_micro': 0.9904137931034482, 'rec_micro': 0.9904137931034482}
epoch 34 time: 1.2e+02s, train loss: 9.43, metrics: {'f1': 0.26620825147347743, 'f1_macro': 0.6893868714654391, 'prec_macro': 0.6002173913043478, 'rec_macro': 0.6306732553094002, 'f1_micro': 0.9903405172413793, 'prec_micro': 0.9903405172413793, 'rec_micro': 0.9903405172413793}
epoch 35 time: 1.2e+02s, train loss: 9.426, metrics: {'f1': 0.26606099935107075, 'f1_macro': 0.6860211750835719, 'prec_macro': 0.6010391304347826, 'rec_macro': 0.6305767009521182, 'f1_micro': 0.99025, 'prec_micro': 0.99025, 'rec_micro': 0.99025}
epoch 36 time: 1.2e+02s, train loss: 9.427, metrics: {'f1': 0.26744374291727374, 'f1_macro': 0.6862742294616526, 'prec_macro': 0.6017815217391305, 'rec_macro': 0.6312674957270702, 'f1_micro': 0.9902478448275862, 'prec_micro': 0.9902478448275862, 'rec_micro': 0.9902478448275862}
epoch 37 time: 1.2e+02s, train loss: 9.418, metrics: {'f1': 0.2655889145496536, 'f1_macro': 0.6917405797786804, 'prec_macro': 0.5992586956521739, 'rec_macro': 0.6303799782100741, 'f1_micro': 0.9904051724137931, 'prec_micro': 0.9904051724137931, 'rec_micro': 0.9904051724137931}
epoch 38 time: 1.21e+02s, train loss: 9.418, metrics: {'f1': 0.2723825226710635, 'f1_macro': 0.6965644517085737, 'prec_macro': 0.6019032608695652, 'rec_macro': 0.6337979255797572, 'f1_micro': 0.9904892241379311, 'prec_micro': 0.9904892241379311, 'rec_micro': 0.9904892241379311}
epoch 39 time: 1.2e+02s, train loss: 9.415, metrics: {'f1': 0.2647010647010647, 'f1_macro': 0.6884686597418221, 'prec_macro': 0.5995902173913044, 'rec_macro': 0.6299158733058472, 'f1_micro': 0.9903254310344828, 'prec_micro': 0.9903254310344828, 'rec_micro': 0.9903254310344828}
epoch 40 time: 1.21e+02s, train loss: 9.416, metrics: {'f1': 0.2794261493315944, 'f1_macro': 0.6973941240299614, 'prec_macro': 0.6057369565217391, 'rec_macro': 0.6373157631259422, 'f1_micro': 0.9904741379310344, 'prec_micro': 0.9904741379310344, 'rec_micro': 0.9904741379310344}
epoch 41 time: 1.21e+02s, train loss: 9.419, metrics: {'f1': 0.2835083384805435, 'f1_macro': 0.6820407066346561, 'prec_macro': 0.6130565217391304, 'rec_macro': 0.6392366005171566, 'f1_micro': 0.99, 'prec_micro': 0.99, 'rec_micro': 0.99}
epoch 42 time: 1.21e+02s, train loss: 9.426, metrics: {'f1': 0.27596017069701284, 'f1_macro': 0.684193979708174, 'prec_macro': 0.6075445652173913, 'rec_macro': 0.6354949306352838, 'f1_micro': 0.9901271551724138, 'prec_micro': 0.9901271551724138, 'rec_micro': 0.9901271551724138}
epoch 43 time: 1.2e+02s, train loss: 9.428, metrics: {'f1': 0.26331360946745563, 'f1_macro': 0.6887157520759024, 'prec_macro': 0.5987304347826087, 'rec_macro': 0.6292259975886083, 'f1_micro': 0.9903405172413793, 'prec_micro': 0.9903405172413793, 'rec_micro': 0.9903405172413793}
epoch 44 time: 1.21e+02s, train loss: 9.433, metrics: {'f1': 0.27826653633105247, 'f1_macro': 0.6963135846760506, 'prec_macro': 0.605354347826087, 'rec_macro': 0.636730522418332, 'f1_micro': 0.9904525862068966, 'prec_micro': 0.9904525862068966, 'rec_micro': 0.9904525862068966}
epoch 45 time: 1.21e+02s, train loss: 9.426, metrics: {'f1': 0.2779984114376489, 'f1_macro': 0.6872476127427564, 'prec_macro': 0.6078315217391304, 'rec_macro': 0.6365336663108794, 'f1_micro': 0.9902047413793104, 'prec_micro': 0.9902047413793104, 'rec_micro': 0.9902047413793104}
epoch 46 time: 1.2e+02s, train loss: 9.447, metrics: {'f1': 0.27950121654501214, 'f1_macro': 0.6750387512252107, 'prec_macro': 0.6130739130434782, 'rec_macro': 0.6371795877651174, 'f1_micro': 0.9897887931034483, 'prec_micro': 0.9897887931034483, 'rec_micro': 0.9897887931034483}
epoch 47 time: 1.19e+02s, train loss: 9.452, metrics: {'f1': 0.2821653120687011, 'f1_macro': 0.6791301782949715, 'prec_macro': 0.6132597826086956, 'rec_macro': 0.6385427175224583, 'f1_micro': 0.9899116379310345, 'prec_micro': 0.9899116379310345, 'rec_micro': 0.9899116379310345}
epoch 48 time: 1.19e+02s, train loss: 9.438, metrics: {'f1': 0.2719339996826908, 'f1_macro': 0.6826579112266281, 'prec_macro': 0.6055532608695652, 'rec_macro': 0.6334775700178785, 'f1_micro': 0.9901099137931034, 'prec_micro': 0.9901099137931034, 'rec_micro': 0.9901099137931034}
epoch 49 time: 1.19e+02s, train loss: 9.427, metrics: {'f1': 0.27623230844314295, 'f1_macro': 0.6943064871310385, 'prec_macro': 0.6047141304347826, 'rec_macro': 0.6357030796858266, 'f1_micro': 0.9904116379310345, 'prec_micro': 0.9904116379310345, 'rec_micro': 0.9904116379310345}
epoch 50 time: 1.2e+02s, train loss: 9.438, metrics: {'f1': 0.2624183006535948, 'f1_macro': 0.6859259368193322, 'prec_macro': 0.5989434782608696, 'rec_macro': 0.6287608924190438, 'f1_micro': 0.9902715517241379, 'prec_micro': 0.9902715517241379, 'rec_micro': 0.9902715517241379}
epoch 51 time: 1.19e+02s, train loss: 9.448, metrics: {'f1': 0.27067172800792205, 'f1_macro': 0.6956837912139929, 'prec_macro': 0.6011532608695652, 'rec_macro': 0.6329392898197128, 'f1_micro': 0.9904762931034483, 'prec_micro': 0.9904762931034483, 'rec_micro': 0.9904762931034483}
epoch 52 time: 1.2e+02s, train loss: 9.437, metrics: {'f1': 0.2537578794246, 'f1_macro': 0.6759887469064876, 'prec_macro': 0.5966010869565217, 'rec_macro': 0.624374635694023, 'f1_micro': 0.9900495689655172, 'prec_micro': 0.9900495689655172, 'rec_micro': 0.9900495689655172}
epoch 53 time: 1.2e+02s, train loss: 9.482, metrics: {'f1': 0.24093305639878576, 'f1_macro': 0.6633730460219147, 'prec_macro': 0.5926141304347826, 'rec_macro': 0.6178893400304821, 'f1_micro': 0.989760775862069, 'prec_micro': 0.989760775862069, 'rec_micro': 0.989760775862069}
epoch 54 time: 1.2e+02s, train loss: 9.47, metrics: {'f1': 0.2524432665231075, 'f1_macro': 0.6835351546828194, 'prec_macro': 0.5938641304347826, 'rec_macro': 0.6237741380800768, 'f1_micro': 0.9902737068965517, 'prec_micro': 0.9902737068965517, 'rec_micro': 0.9902737068965517}
epoch 55 time: 1.19e+02s, train loss: 9.488, metrics: {'f1': 0.2586206896551724, 'f1_macro': 0.6884440439819126, 'prec_macro': 0.5961391304347826, 'rec_macro': 0.6268850979643545, 'f1_micro': 0.9903620689655173, 'prec_micro': 0.9903620689655173, 'rec_micro': 0.9903620689655173}
epoch 56 time: 1.19e+02s, train loss: 9.49, metrics: {'f1': 0.2506847108103754, 'f1_macro': 0.6727687868858041, 'prec_macro': 0.5956967391304349, 'rec_macro': 0.6228195547330194, 'f1_micro': 0.9899762931034483, 'prec_micro': 0.9899762931034483, 'rec_micro': 0.9899762931034483}
epoch 57 time: 1.19e+02s, train loss: 9.512, metrics: {'f1': 0.2614236866645943, 'f1_macro': 0.669338841610169, 'prec_macro': 0.6033934782608695, 'rec_macro': 0.6281336232156696, 'f1_micro': 0.9897586206896551, 'prec_micro': 0.9897586206896551, 'rec_micro': 0.9897586206896551}
epoch 58 time: 1.19e+02s, train loss: 9.507, metrics: {'f1': 0.25714727244629887, 'f1_macro': 0.6649208232079158, 'prec_macro': 0.6022184782608696, 'rec_macro': 0.6259654708805504, 'f1_micro': 0.9896400862068966, 'prec_micro': 0.9896400862068966, 'rec_micro': 0.9896400862068966}
epoch 59 time: 1.19e+02s, train loss: 9.494, metrics: {'f1': 0.24902343749999997, 'f1_macro': 0.6749026769085357, 'prec_macro': 0.5941260869565217, 'rec_macro': 0.6220091586972368, 'f1_micro': 0.9900560344827586, 'prec_micro': 0.9900560344827586, 'rec_micro': 0.9900560344827586}
epoch 60 time: 1.19e+02s, train loss: 9.477, metrics: {'f1': 0.2614863775592456, 'f1_macro': 0.6806143652690031, 'prec_macro': 0.5998619565217391, 'rec_macro': 0.6282583683690551, 'f1_micro': 0.9901271551724138, 'prec_micro': 0.9901271551724138, 'rec_micro': 0.9901271551724138}
epoch 61 time: 1.19e+02s, train loss: 9.474, metrics: {'f1': 0.25833333333333336, 'f1_macro': 0.6764522077022077, 'prec_macro': 0.5991913043478261, 'rec_macro': 0.6266562518081351, 'f1_micro': 0.9900258620689655, 'prec_micro': 0.9900258620689655, 'rec_micro': 0.9900258620689655}
epoch 62 time: 1.19e+02s, train loss: 9.472, metrics: {'f1': 0.25443786982248523, 'f1_macro': 0.665214307967678, 'prec_macro': 0.6003804347826087, 'rec_macro': 0.6246212166497389, 'f1_micro': 0.9896810344827586, 'prec_micro': 0.9896810344827586, 'rec_micro': 0.9896810344827586}
epoch 63 time: 1.19e+02s, train loss: 9.476, metrics: {'f1': 0.25837618824996106, 'f1_macro': 0.6680586685610739, 'prec_macro': 0.6018989130434782, 'rec_macro': 0.6266061237544334, 'f1_micro': 0.9897435344827586, 'prec_micro': 0.9897435344827586, 'rec_micro': 0.9897435344827586}
epoch 64 time: 1.18e+02s, train loss: 9.471, metrics: {'f1': 0.25370779425686335, 'f1_macro': 0.6684804237943602, 'prec_macro': 0.5988326086956521, 'rec_macro': 0.624287880519306, 'f1_micro': 0.9898060344827586, 'prec_micro': 0.9898060344827586, 'rec_micro': 0.9898060344827586}
epoch 65 time: 1.19e+02s, train loss: 9.472, metrics: {'f1': 0.2517460317460318, 'f1_macro': 0.6689182699098793, 'prec_macro': 0.5974869565217391, 'rec_macro': 0.6233157846698044, 'f1_micro': 0.9898405172413793, 'prec_micro': 0.9898405172413793, 'rec_micro': 0.9898405172413793}
epoch 66 time: 1.19e+02s, train loss: 9.474, metrics: {'f1': 0.25807483210745125, 'f1_macro': 0.6755575556966136, 'prec_macro': 0.5993021739130435, 'rec_macro': 0.6265204536801433, 'f1_micro': 0.99, 'prec_micro': 0.99, 'rec_micro': 0.99}
epoch 67 time: 1.19e+02s, train loss: 9.474, metrics: {'f1': 0.2642960115329169, 'f1_macro': 0.6804675282657288, 'prec_macro': 0.601583695652174, 'rec_macro': 0.6296565682183844, 'f1_micro': 0.9901012931034483, 'prec_micro': 0.9901012931034483, 'rec_micro': 0.9901012931034483}
epoch 68 time: 1.19e+02s, train loss: 9.472, metrics: {'f1': 0.2616407982261641, 'f1_macro': 0.6750414233688167, 'prec_macro': 0.6016326086956522, 'rec_macro': 0.6282913382398562, 'f1_micro': 0.9899525862068965, 'prec_micro': 0.9899525862068965, 'rec_micro': 0.9899525862068965}
epoch 69 time: 1.2e+02s, train loss: 9.469, metrics: {'f1': 0.26520565348578684, 'f1_macro': 0.6783312877605194, 'prec_macro': 0.6027858695652174, 'rec_macro': 0.6300927991092631, 'f1_micro': 0.9900280172413793, 'prec_micro': 0.9900280172413793, 'rec_micro': 0.9900280172413793}
epoch 70 time: 1.19e+02s, train loss: 9.465, metrics: {'f1': 0.26603174603174606, 'f1_macro': 0.6787496115490014, 'prec_macro': 0.6031608695652174, 'rec_macro': 0.6305074646400458, 'f1_micro': 0.9900344827586207, 'prec_micro': 0.9900344827586207, 'rec_micro': 0.9900344827586207}
epoch 71 time: 1.2e+02s, train loss: 9.459, metrics: {'f1': 0.26485623003194886, 'f1_macro': 0.6799733290504444, 'prec_macro': 0.6020695652173913, 'rec_macro': 0.629931749446508, 'f1_micro': 0.9900818965517242, 'prec_micro': 0.9900818965517242, 'rec_micro': 0.9900818965517242}
epoch 72 time: 1.19e+02s, train loss: 9.454, metrics: {'f1': 0.25742574257425743, 'f1_macro': 0.680007881273962, 'prec_macro': 0.5976380434782609, 'rec_macro': 0.6262314184520892, 'f1_micro': 0.9901400862068965, 'prec_micro': 0.9901400862068965, 'rec_micro': 0.9901400862068965}
epoch 73 time: 1.2e+02s, train loss: 9.473, metrics: {'f1': 0.25166223404255317, 'f1_macro': 0.6842381540596197, 'prec_macro': 0.5932565217391305, 'rec_macro': 0.6233896429826815, 'f1_micro': 0.9902974137931034, 'prec_micro': 0.9902974137931034, 'rec_micro': 0.9902974137931034}
epoch 74 time: 1.19e+02s, train loss: 9.505, metrics: {'f1': 0.2506166748889985, 'f1_macro': 0.6795801117544819, 'prec_macro': 0.5938163043478261, 'rec_macro': 0.6228368621847421, 'f1_micro': 0.9901788793103449, 'prec_micro': 0.9901788793103449, 'rec_micro': 0.9901788793103449}
epoch 75 time: 1.19e+02s, train loss: 9.489, metrics: {'f1': 0.2538436375531567, 'f1_macro': 0.6800482773210972, 'prec_macro': 0.5955456521739131, 'rec_macro': 0.6244475432153919, 'f1_micro': 0.9901681034482759, 'prec_micro': 0.9901681034482759, 'rec_micro': 0.9901681034482759}
epoch 76 time: 1.2e+02s, train loss: 9.491, metrics: {'f1': 0.24862236628849274, 'f1_macro': 0.673227904895681, 'prec_macro': 0.59435, 'rec_macro': 0.6217966197214895, 'f1_micro': 0.9900086206896552, 'prec_micro': 0.9900086206896552, 'rec_micro': 0.9900086206896552}
epoch 77 time: 1.19e+02s, train loss: 9.495, metrics: {'f1': 0.2391165172855314, 'f1_macro': 0.6626252332212779, 'prec_macro': 0.5917434782608696, 'rec_macro': 0.6169794738937227, 'f1_micro': 0.9897543103448276, 'prec_micro': 0.9897543103448276, 'rec_micro': 0.9897543103448276}
epoch 78 time: 1.2e+02s, train loss: 9.509, metrics: {'f1': 0.2414681262073406, 'f1_macro': 0.6660109064865898, 'prec_macro': 0.5921608695652174, 'rec_macro': 0.6181781608788637, 'f1_micro': 0.9898448275862068, 'prec_micro': 0.9898448275862068, 'rec_micro': 0.9898448275862068}
epoch 79 time: 1.19e+02s, train loss: 9.5, metrics: {'f1': 0.2355987055016181, 'f1_macro': 0.6634299713260539, 'prec_macro': 0.5894217391304348, 'rec_macro': 0.6152370303885257, 'f1_micro': 0.9898189655172414, 'prec_micro': 0.9898189655172414, 'rec_micro': 0.9898189655172414}
epoch 80 time: 1.2e+02s, train loss: 9.492, metrics: {'f1': 0.24789915966386555, 'f1_macro': 0.671773880904171, 'prec_macro': 0.5943304347826087, 'rec_macro': 0.6214252039288202, 'f1_micro': 0.9899698275862069, 'prec_micro': 0.9899698275862069, 'rec_micro': 0.9899698275862069}
epoch 81 time: 1.19e+02s, train loss: 9.494, metrics: {'f1': 0.24486495228853306, 'f1_macro': 0.6698741186240141, 'prec_macro': 0.593075, 'rec_macro': 0.6198999778284403, 'f1_micro': 0.9899375, 'prec_micro': 0.9899375, 'rec_micro': 0.9899375}
epoch 82 time: 1.19e+02s, train loss: 9.495, metrics: {'f1': 0.23960332693538067, 'f1_macro': 0.6627763067799309, 'prec_macro': 0.5919913043478261, 'rec_macro': 0.6172228675278022, 'f1_micro': 0.9897543103448276, 'prec_micro': 0.9897543103448276, 'rec_micro': 0.9897543103448276}
epoch 83 time: 1.19e+02s, train loss: 9.509, metrics: {'f1': 0.23666978484565013, 'f1_macro': 0.6536972318749815, 'prec_macro': 0.5930760869565218, 'rec_macro': 0.6156786020711921, 'f1_micro': 0.989448275862069, 'prec_micro': 0.989448275862069, 'rec_micro': 0.989448275862069}
epoch 84 time: 1.19e+02s, train loss: 9.519, metrics: {'f1': 0.24404669260700385, 'f1_macro': 0.6581657603309155, 'prec_macro': 0.5962163043478261, 'rec_macro': 0.6193881836743074, 'f1_micro': 0.9895323275862069, 'prec_micro': 0.9895323275862069, 'rec_micro': 0.9895323275862069}
epoch 85 time: 1.2e+02s, train loss: 9.522, metrics: {'f1': 0.24087705559906028, 'f1_macro': 0.6577162632759278, 'prec_macro': 0.5943684782608696, 'rec_macro': 0.6178089048007726, 'f1_micro': 0.9895538793103448, 'prec_micro': 0.9895538793103448, 'rec_micro': 0.9895538793103448}
epoch 86 time: 1.2e+02s, train loss: 9.507, metrics: {'f1': 0.24839948783610752, 'f1_macro': 0.669106813295165, 'prec_macro': 0.5954, 'rec_macro': 0.6216524209938833, 'f1_micro': 0.9898793103448276, 'prec_micro': 0.9898793103448276, 'rec_micro': 0.9898793103448276}
epoch 87 time: 1.2e+02s, train loss: 9.52, metrics: {'f1': 0.24075891396794238, 'f1_macro': 0.6705442386556527, 'prec_macro': 0.5905021739130435, 'rec_macro': 0.6178617921100062, 'f1_micro': 0.9899956896551724, 'prec_micro': 0.9899956896551724, 'rec_micro': 0.9899956896551724}
epoch 88 time: 1.2e+02s, train loss: 9.548, metrics: {'f1': 0.24406332453825857, 'f1_macro': 0.6757349385491571, 'prec_macro': 0.5910608695652174, 'rec_macro': 0.6195455894831658, 'f1_micro': 0.9901206896551724, 'prec_micro': 0.9901206896551724, 'rec_micro': 0.9901206896551724}
epoch 89 time: 1.2e+02s, train loss: 9.54, metrics: {'f1': 0.23903864891198442, 'f1_macro': 0.6669945908947377, 'prec_macro': 0.590454347826087, 'rec_macro': 0.6169776741514932, 'f1_micro': 0.9899008620689655, 'prec_micro': 0.9899008620689655, 'rec_micro': 0.9899008620689655}
epoch 90 time: 1.2e+02s, train loss: 9.516, metrics: {'f1': 0.2397051754526518, 'f1_macro': 0.6633684639504422, 'prec_macro': 0.5918771739130435, 'rec_macro': 0.6172787045312608, 'f1_micro': 0.9897737068965518, 'prec_micro': 0.9897737068965518, 'rec_micro': 0.9897737068965518}
epoch 91 time: 1.2e+02s, train loss: 9.512, metrics: {'f1': 0.23915444076352738, 'f1_macro': 0.6585238232830486, 'prec_macro': 0.5930315217391304, 'rec_macro': 0.6169607485987545, 'f1_micro': 0.9896056034482759, 'prec_micro': 0.9896056034482759, 'rec_micro': 0.9896056034482759}
epoch 92 time: 1.21e+02s, train loss: 9.515, metrics: {'f1': 0.23728282986382845, 'f1_macro': 0.6551321692521656, 'prec_macro': 0.5929771739130435, 'rec_macro': 0.6159976747855835, 'f1_micro': 0.9894978448275862, 'prec_micro': 0.9894978448275862, 'rec_micro': 0.9894978448275862}
epoch 93 time: 1.21e+02s, train loss: 9.517, metrics: {'f1': 0.24079850280723641, 'f1_macro': 0.6565365428002381, 'prec_macro': 0.5947173913043479, 'rec_macro': 0.6177581579866032, 'f1_micro': 0.9895086206896552, 'prec_micro': 0.9895086206896552, 'rec_micro': 0.9895086206896552}
epoch 94 time: 1.2e+02s, train loss: 9.509, metrics: {'f1': 0.25226370135027804, 'f1_macro': 0.669512835570931, 'prec_macro': 0.5976184782608696, 'rec_macro': 0.6235784306546335, 'f1_micro': 0.9898556034482758, 'prec_micro': 0.9898556034482758, 'rec_micro': 0.9898556034482758}
epoch 95 time: 1.21e+02s, train loss: 9.498, metrics: {'f1': 0.24558019929283192, 'f1_macro': 0.6684133435497053, 'prec_macro': 0.5939152173913044, 'rec_macro': 0.6202439334328591, 'f1_micro': 0.9898836206896552, 'prec_micro': 0.9898836206896552, 'rec_micro': 0.9898836206896552}
epoch 96 time: 1.2e+02s, train loss: 9.497, metrics: {'f1': 0.2454224221008673, 'f1_macro': 0.668104387427227, 'prec_macro': 0.5939108695652174, 'rec_macro': 0.6201628640586547, 'f1_micro': 0.989875, 'prec_micro': 0.989875, 'rec_micro': 0.989875}
epoch 97 time: 1.2e+02s, train loss: 9.486, metrics: {'f1': 0.23883495145631067, 'f1_macro': 0.6657343760367338, 'prec_macro': 0.5906826086956521, 'rec_macro': 0.6168660014707081, 'f1_micro': 0.9898620689655172, 'prec_micro': 0.9898620689655172, 'rec_micro': 0.9898620689655172}
epoch 98 time: 1.22e+02s, train loss: 9.49, metrics: {'f1': 0.23987138263665594, 'f1_macro': 0.6644946952236137, 'prec_macro': 0.5916478260869565, 'rec_macro': 0.6173710880507369, 'f1_micro': 0.9898103448275862, 'prec_micro': 0.9898103448275862, 'rec_micro': 0.9898103448275862}
epoch 99 time: 1.22e+02s, train loss: 9.501, metrics: {'f1': 0.22179363548698167, 'f1_macro': 0.6516815533014393, 'prec_macro': 0.5845847826086956, 'rec_macro': 0.608270371896443, 'f1_micro': 0.9895646551724138, 'prec_micro': 0.9895646551724138, 'rec_micro': 0.9895646551724138}
epoch 100 time: 1.23e+02s, train loss: 9.537, metrics: {'f1': 0.19868188394148847, 'f1_macro': 0.6354645947256118, 'prec_macro': 0.5755076086956522, 'rec_macro': 0.5966369315734581, 'f1_micro': 0.9892564655172413, 'prec_micro': 0.9892564655172413, 'rec_micro': 0.9892564655172414}
post-training summary -- best {'f1': 0.2835083384805435, 'f1_macro': 0.6820407066346561, 'prec_macro': 0.6130565217391304, 'rec_macro': 0.6392366005171566, 'f1_micro': 0.99, 'prec_micro': 0.99, 'rec_micro': 0.99}
run 5 start -- seed=4
initialized continuityBERT with 527361 parameters.
/home/azureuser/.local/lib/python3.8/site-packages/sklearn/metrics/_classification.py:1344: UndefinedMetricWarning: Precision and F-score are ill-defined and being set to 0.0 in labels with no predicted samples. Use `zero_division` parameter to control this behavior.
  _warn_prf(average, modifier, msg_start, len(result))
epoch 1 time: 1.19e+02s, train loss: 9.882, metrics: {'f1': 0.0, 'f1_macro': 0.4956896551724138, 'prec_macro': 0.5, 'rec_macro': 0.49783549783549785, 'f1_micro': 0.9913793103448276, 'prec_micro': 0.9913793103448276, 'rec_micro': 0.9913793103448276}
epoch 2 time: 1.18e+02s, train loss: 9.821, metrics: {'f1': 0.11760299625468165, 'f1_macro': 0.6131806923107198, 'prec_macro': 0.5381347826086956, 'rec_macro': 0.5562480114692002, 'f1_micro': 0.9898448275862068, 'prec_micro': 0.9898448275862068, 'rec_micro': 0.9898448275862068}
epoch 3 time: 1.18e+02s, train loss: 9.693, metrics: {'f1': 0.18364739699776428, 'f1_macro': 0.623391098359587, 'prec_macro': 0.5700413043478261, 'rec_macro': 0.5890506762300812, 'f1_micro': 0.9889827586206896, 'prec_micro': 0.9889827586206896, 'rec_micro': 0.9889827586206896}
epoch 4 time: 1.18e+02s, train loss: 9.625, metrics: {'f1': 0.21923076923076923, 'f1_macro': 0.6490879615879617, 'prec_macro': 0.5838086956521739, 'rec_macro': 0.6069726142630152, 'f1_micro': 0.9895, 'prec_micro': 0.9895, 'rec_micro': 0.9895}
epoch 5 time: 1.17e+02s, train loss: 9.598, metrics: {'f1': 0.22875485723939853, 'f1_macro': 0.6727982652518419, 'prec_macro': 0.583275, 'rec_macro': 0.6119020495586406, 'f1_micro': 0.9901616379310345, 'prec_micro': 0.9901616379310345, 'rec_micro': 0.9901616379310345}
epoch 6 time: 1.17e+02s, train loss: 9.564, metrics: {'f1': 0.26467875806947433, 'f1_macro': 0.6683867985427847, 'prec_macro': 0.6058369565217391, 'rec_macro': 0.6297435943633231, 'f1_micro': 0.9896896551724138, 'prec_micro': 0.9896896551724138, 'rec_micro': 0.9896896551724138}
epoch 7 time: 1.18e+02s, train loss: 9.533, metrics: {'f1': 0.2598079114439199, 'f1_macro': 0.6827211465828027, 'prec_macro': 0.5982880434782609, 'rec_macro': 0.62743773807649, 'f1_micro': 0.9902004310344827, 'prec_micro': 0.9902004310344827, 'rec_micro': 0.9902004310344827}
epoch 8 time: 1.18e+02s, train loss: 9.511, metrics: {'f1': 0.26149331594391917, 'f1_macro': 0.6844479850128027, 'prec_macro': 0.5988021739130435, 'rec_macro': 0.6282896848326963, 'f1_micro': 0.9902370689655172, 'prec_micro': 0.9902370689655172, 'rec_micro': 0.9902370689655172}
epoch 9 time: 1.17e+02s, train loss: 9.5, metrics: {'f1': 0.26779987171263625, 'f1_macro': 0.6832902771124914, 'prec_macro': 0.6028521739130435, 'rec_macro': 0.6314231630598105, 'f1_micro': 0.9901594827586206, 'prec_micro': 0.9901594827586206, 'rec_micro': 0.9901594827586206}
epoch 10 time: 1.18e+02s, train loss: 9.488, metrics: {'f1': 0.2577806745967085, 'f1_macro': 0.6815985577023055, 'prec_macro': 0.5974119565217392, 'rec_macro': 0.6264197966648761, 'f1_micro': 0.9901831896551724, 'prec_micro': 0.9901831896551724, 'rec_micro': 0.9901831896551724}
epoch 11 time: 1.18e+02s, train loss: 9.485, metrics: {'f1': 0.25627563576702217, 'f1_macro': 0.6829116986442909, 'prec_macro': 0.5961967391304348, 'rec_macro': 0.6256793216176268, 'f1_micro': 0.9902306034482758, 'prec_micro': 0.9902306034482758, 'rec_micro': 0.9902306034482758}
epoch 12 time: 1.18e+02s, train loss: 9.476, metrics: {'f1': 0.2608980662078007, 'f1_macro': 0.6858751842020109, 'prec_macro': 0.5980804347826087, 'rec_macro': 0.628002992435627, 'f1_micro': 0.9902801724137931, 'prec_micro': 0.9902801724137931, 'rec_micro': 0.9902801724137931}
epoch 13 time: 1.19e+02s, train loss: 9.473, metrics: {'f1': 0.2689677629436666, 'f1_macro': 0.6893743364574862, 'prec_macro': 0.6018195652173913, 'rec_macro': 0.6320485823259778, 'f1_micro': 0.9903232758620689, 'prec_micro': 0.9903232758620689, 'rec_micro': 0.9903232758620689}
epoch 14 time: 1.19e+02s, train loss: 9.464, metrics: {'f1': 0.260019550342131, 'f1_macro': 0.6831566087763372, 'prec_macro': 0.5982934782608695, 'rec_macro': 0.6275462828045291, 'f1_micro': 0.9902112068965517, 'prec_micro': 0.9902112068965517, 'rec_micro': 0.9902112068965517}
epoch 15 time: 1.18e+02s, train loss: 9.464, metrics: {'f1': 0.26710310965630113, 'f1_macro': 0.6899182208192817, 'prec_macro': 0.6005934782608696, 'rec_macro': 0.6311228485833709, 'f1_micro': 0.9903491379310345, 'prec_micro': 0.9903491379310345, 'rec_micro': 0.9903491379310345}
epoch 16 time: 1.18e+02s, train loss: 9.46, metrics: {'f1': 0.2684519921619857, 'f1_macro': 0.6900625075441531, 'prec_macro': 0.6013347826086957, 'rec_macro': 0.6317961682082638, 'f1_micro': 0.9903448275862069, 'prec_micro': 0.9903448275862069, 'rec_micro': 0.9903448275862069}
epoch 17 time: 1.19e+02s, train loss: 9.463, metrics: {'f1': 0.27244979919678713, 'f1_macro': 0.6871488802063849, 'prec_macro': 0.6045032608695652, 'rec_macro': 0.6337682263321409, 'f1_micro': 0.9902392241379311, 'prec_micro': 0.9902392241379311, 'rec_micro': 0.9902392241379311}
epoch 18 time: 1.18e+02s, train loss: 9.454, metrics: {'f1': 0.27442086505750846, 'f1_macro': 0.6914782386578098, 'prec_macro': 0.6044336956521739, 'rec_macro': 0.6347810178988942, 'f1_micro': 0.9903469827586207, 'prec_micro': 0.9903469827586207, 'rec_micro': 0.9903469827586207}
epoch 19 time: 1.18e+02s, train loss: 9.451, metrics: {'f1': 0.27091895446325825, 'f1_macro': 0.6943537996043625, 'prec_macro': 0.6016315217391305, 'rec_macro': 0.6330541630872972, 'f1_micro': 0.9904418103448276, 'prec_micro': 0.9904418103448276, 'rec_micro': 0.9904418103448276}
epoch 20 time: 1.18e+02s, train loss: 9.45, metrics: {'f1': 0.27547047371836464, 'f1_macro': 0.6927531260386596, 'prec_macro': 0.6046956521739131, 'rec_macro': 0.6353128970937576, 'f1_micro': 0.990375, 'prec_micro': 0.990375, 'rec_micro': 0.990375}
epoch 21 time: 1.17e+02s, train loss: 9.453, metrics: {'f1': 0.2798899854392493, 'f1_macro': 0.694909343590538, 'prec_macro': 0.6066945652173913, 'rec_macro': 0.637530744369352, 'f1_micro': 0.9904073275862069, 'prec_micro': 0.9904073275862069, 'rec_micro': 0.9904073275862069}
epoch 22 time: 1.18e+02s, train loss: 9.448, metrics: {'f1': 0.27766078081969864, 'f1_macro': 0.6937900316286261, 'prec_macro': 0.6056945652173913, 'rec_macro': 0.636411823802449, 'f1_micro': 0.9903900862068965, 'prec_micro': 0.9903900862068965, 'rec_micro': 0.9903900862068965}
epoch 23 time: 1.17e+02s, train loss: 9.446, metrics: {'f1': 0.27776, 'f1_macro': 0.6894974433014498, 'prec_macro': 0.6069978260869565, 'rec_macro': 0.6364313967995661, 'f1_micro': 0.9902715517241379, 'prec_micro': 0.9902715517241379, 'rec_micro': 0.9902715517241379}
epoch 24 time: 1.17e+02s, train loss: 9.445, metrics: {'f1': 0.28048780487804875, 'f1_macro': 0.6924037138480811, 'prec_macro': 0.6077739130434783, 'rec_macro': 0.637811620129376, 'f1_micro': 0.9903362068965518, 'prec_micro': 0.9903362068965518, 'rec_micro': 0.9903362068965518}
epoch 25 time: 1.18e+02s, train loss: 9.435, metrics: {'f1': 0.2802527134294508, 'f1_macro': 0.6956394660052792, 'prec_macro': 0.6067032608695652, 'rec_macro': 0.637716468525293, 'f1_micro': 0.9904245689655172, 'prec_micro': 0.9904245689655172, 'rec_micro': 0.9904245689655172}
epoch 26 time: 1.18e+02s, train loss: 9.439, metrics: {'f1': 0.28553299492385786, 'f1_macro': 0.6919553125866371, 'prec_macro': 0.6109739130434783, 'rec_macro': 0.6403231755857355, 'f1_micro': 0.9902931034482758, 'prec_micro': 0.9902931034482758, 'rec_micro': 0.9902931034482759}
epoch 27 time: 1.18e+02s, train loss: 9.436, metrics: {'f1': 0.278345498783455, 'f1_macro': 0.6947507771676251, 'prec_macro': 0.605829347826087, 'rec_macro': 0.6367596277376355, 'f1_micro': 0.9904116379310345, 'prec_micro': 0.9904116379310345, 'rec_micro': 0.9904116379310345}
epoch 28 time: 1.18e+02s, train loss: 9.43, metrics: {'f1': 0.2719528178243774, 'f1_macro': 0.6938118376161052, 'prec_macro': 0.6023652173913043, 'rec_macro': 0.633566158732125, 'f1_micro': 0.9904224137931035, 'prec_micro': 0.9904224137931035, 'rec_micro': 0.9904224137931035}
epoch 29 time: 1.18e+02s, train loss: 9.436, metrics: {'f1': 0.2695523856369897, 'f1_macro': 0.692367396283651, 'prec_macro': 0.6013619565217391, 'rec_macro': 0.6323599897771705, 'f1_micro': 0.9903987068965517, 'prec_micro': 0.9903987068965517, 'rec_micro': 0.9903987068965517}
epoch 30 time: 1.2e+02s, train loss: 9.435, metrics: {'f1': 0.27218553712353033, 'f1_macro': 0.687846967419554, 'prec_macro': 0.6041423913043478, 'rec_macro': 0.6336415621603141, 'f1_micro': 0.990260775862069, 'prec_micro': 0.990260775862069, 'rec_micro': 0.990260775862069}
epoch 31 time: 1.19e+02s, train loss: 9.43, metrics: {'f1': 0.27718960538979787, 'f1_macro': 0.6899794526335818, 'prec_macro': 0.6065108695652174, 'rec_macro': 0.6361505814934225, 'f1_micro': 0.9902887931034483, 'prec_micro': 0.9902887931034483, 'rec_micro': 0.9902887931034483}
epoch 32 time: 1.19e+02s, train loss: 9.424, metrics: {'f1': 0.2748191978961209, 'f1_macro': 0.6971509506119707, 'prec_macro': 0.6031434782608696, 'rec_macro': 0.6350167562161847, 'f1_micro': 0.9904913793103448, 'prec_micro': 0.9904913793103448, 'rec_micro': 0.9904913793103448}
epoch 33 time: 1.19e+02s, train loss: 9.42, metrics: {'f1': 0.27666176710762697, 'f1_macro': 0.6960686189011966, 'prec_macro': 0.6044880434782609, 'rec_macro': 0.6359287192737632, 'f1_micro': 0.9904547413793103, 'prec_micro': 0.9904547413793103, 'rec_micro': 0.9904547413793103}
epoch 34 time: 1.2e+02s, train loss: 9.422, metrics: {'f1': 0.2791226645004062, 'f1_macro': 0.6959034528086544, 'prec_macro': 0.6059663043478261, 'rec_macro': 0.6371547454595822, 'f1_micro': 0.9904375, 'prec_micro': 0.9904375, 'rec_micro': 0.9904375}
epoch 35 time: 1.2e+02s, train loss: 9.424, metrics: {'f1': 0.27015604681404415, 'f1_macro': 0.6896454257565163, 'prec_macro': 0.6024391304347826, 'rec_macro': 0.6326426978435886, 'f1_micro': 0.9903232758620689, 'prec_micro': 0.9903232758620689, 'rec_micro': 0.9903232758620689}
epoch 36 time: 1.18e+02s, train loss: 9.422, metrics: {'f1': 0.2786247161855335, 'f1_macro': 0.6948912095867201, 'prec_macro': 0.6059543478260869, 'rec_macro': 0.6368997762179389, 'f1_micro': 0.9904137931034482, 'prec_micro': 0.9904137931034482, 'rec_micro': 0.9904137931034482}
epoch 37 time: 1.18e+02s, train loss: 9.41, metrics: {'f1': 0.2808580858085808, 'f1_macro': 0.703144946744229, 'prec_macro': 0.6050608695652173, 'rec_macro': 0.638065548533724, 'f1_micro': 0.9906077586206896, 'prec_micro': 0.9906077586206896, 'rec_micro': 0.9906077586206896}
epoch 38 time: 1.18e+02s, train loss: 9.413, metrics: {'f1': 0.2792792792792793, 'f1_macro': 0.6924571795674737, 'prec_macro': 0.6070347826086957, 'rec_macro': 0.6372095692543867, 'f1_micro': 0.9903448275862069, 'prec_micro': 0.9903448275862069, 'rec_micro': 0.9903448275862069}
epoch 39 time: 1.18e+02s, train loss: 9.418, metrics: {'f1': 0.2806962521561863, 'f1_macro': 0.6848993817902302, 'prec_macro': 0.6102641304347827, 'rec_macro': 0.6378595814128667, 'f1_micro': 0.990114224137931, 'prec_micro': 0.990114224137931, 'rec_micro': 0.990114224137931}
epoch 40 time: 1.19e+02s, train loss: 9.42, metrics: {'f1': 0.2713128038897893, 'f1_macro': 0.6894327226159286, 'prec_macro': 0.6031760869565217, 'rec_macro': 0.6332177744322296, 'f1_micro': 0.9903103448275862, 'prec_micro': 0.9903103448275862, 'rec_micro': 0.9903103448275862}
epoch 41 time: 1.18e+02s, train loss: 9.42, metrics: {'f1': 0.26979953992770295, 'f1_macro': 0.693346994472966, 'prec_macro': 0.60125, 'rec_macro': 0.632489566842953, 'f1_micro': 0.9904224137931035, 'prec_micro': 0.9904224137931035, 'rec_micro': 0.9904224137931035}
epoch 42 time: 1.18e+02s, train loss: 9.424, metrics: {'f1': 0.2721581548599671, 'f1_macro': 0.6960813227342412, 'prec_macro': 0.6018978260869565, 'rec_macro': 0.6336830169915555, 'f1_micro': 0.9904784482758621, 'prec_micro': 0.9904784482758621, 'rec_micro': 0.9904784482758621}
epoch 43 time: 1.18e+02s, train loss: 9.42, metrics: {'f1': 0.27283161173962944, 'f1_macro': 0.6947603078220362, 'prec_macro': 0.6026228260869565, 'rec_macro': 0.6340104499801911, 'f1_micro': 0.9904418103448276, 'prec_micro': 0.9904418103448276, 'rec_micro': 0.9904418103448276}
epoch 44 time: 1.18e+02s, train loss: 9.427, metrics: {'f1': 0.2619589977220957, 'f1_macro': 0.6840993626276421, 'prec_macro': 0.5991673913043478, 'rec_macro': 0.6285192394273413, 'f1_micro': 0.9902241379310345, 'prec_micro': 0.9902241379310345, 'rec_micro': 0.9902241379310345}
epoch 45 time: 1.18e+02s, train loss: 9.421, metrics: {'f1': 0.26761026991441733, 'f1_macro': 0.6923595468723854, 'prec_macro': 0.6002521739130434, 'rec_macro': 0.6313917039151705, 'f1_micro': 0.9904094827586207, 'prec_micro': 0.9904094827586207, 'rec_micro': 0.9904094827586207}
epoch 46 time: 1.19e+02s, train loss: 9.417, metrics: {'f1': 0.26134301270417426, 'f1_macro': 0.6886674180529195, 'prec_macro': 0.597620652173913, 'rec_macro': 0.6282434715254879, 'f1_micro': 0.9903512931034483, 'prec_micro': 0.9903512931034483, 'rec_micro': 0.9903512931034483}
epoch 47 time: 1.19e+02s, train loss: 9.421, metrics: {'f1': 0.26435643564356437, 'f1_macro': 0.6909549048315021, 'prec_macro': 0.5987565217391304, 'rec_macro': 0.629760489986999, 'f1_micro': 0.9903922413793104, 'prec_micro': 0.9903922413793104, 'rec_micro': 0.9903922413793104}
epoch 48 time: 1.19e+02s, train loss: 9.411, metrics: {'f1': 0.27420147420147417, 'f1_macro': 0.6953884132029781, 'prec_macro': 0.6032467391304348, 'rec_macro': 0.6346975350007149, 'f1_micro': 0.9904504310344827, 'prec_micro': 0.9904504310344827, 'rec_micro': 0.9904504310344827}
epoch 49 time: 1.19e+02s, train loss: 9.431, metrics: {'f1': 0.27790359107085083, 'f1_macro': 0.6934370732044742, 'prec_macro': 0.6059369565217392, 'rec_macro': 0.6365304932827032, 'f1_micro': 0.9903793103448276, 'prec_micro': 0.9903793103448276, 'rec_micro': 0.9903793103448276}
epoch 50 time: 1.19e+02s, train loss: 9.442, metrics: {'f1': 0.26895754171485214, 'f1_macro': 0.6947980210333844, 'prec_macro': 0.6004032608695652, 'rec_macro': 0.6320789582868553, 'f1_micro': 0.9904633620689656, 'prec_micro': 0.9904633620689656, 'rec_micro': 0.9904633620689656}
epoch 51 time: 1.18e+02s, train loss: 9.433, metrics: {'f1': 0.2705727452271231, 'f1_macro': 0.6945369187924866, 'prec_macro': 0.6013869565217391, 'rec_macro': 0.6328827037645024, 'f1_micro': 0.990448275862069, 'prec_micro': 0.990448275862069, 'rec_micro': 0.990448275862069}
epoch 52 time: 1.18e+02s, train loss: 9.422, metrics: {'f1': 0.2673920211012199, 'f1_macro': 0.6928211994730971, 'prec_macro': 0.6000108695652174, 'rec_macro': 0.6312858597155176, 'f1_micro': 0.9904224137931035, 'prec_micro': 0.9904224137931035, 'rec_micro': 0.9904224137931035}
epoch 53 time: 1.2e+02s, train loss: 9.431, metrics: {'f1': 0.26439024390243904, 'f1_macro': 0.6856195130302549, 'prec_macro': 0.6001717391304348, 'rec_macro': 0.6297413604932817, 'f1_micro': 0.99025, 'prec_micro': 0.99025, 'rec_micro': 0.99025}
epoch 54 time: 1.19e+02s, train loss: 9.441, metrics: {'f1': 0.25974863035771834, 'f1_macro': 0.679225338260684, 'prec_macro': 0.5992282608695652, 'rec_macro': 0.6273824352143551, 'f1_micro': 0.9900991379310344, 'prec_micro': 0.9900991379310344, 'rec_micro': 0.9900991379310344}
epoch 55 time: 1.18e+02s, train loss: 9.44, metrics: {'f1': 0.2610533159947984, 'f1_macro': 0.6831095365449255, 'prec_macro': 0.598908695652174, 'rec_macro': 0.6280609586630187, 'f1_micro': 0.9902025862068966, 'prec_micro': 0.9902025862068966, 'rec_micro': 0.9902025862068966}
epoch 56 time: 1.18e+02s, train loss: 9.442, metrics: {'f1': 0.27236397171841376, 'f1_macro': 0.6734019132164427, 'prec_macro': 0.6089891304347826, 'rec_macro': 0.6336133310443084, 'f1_micro': 0.9897974137931035, 'prec_micro': 0.9897974137931035, 'rec_micro': 0.9897974137931035}
epoch 57 time: 1.18e+02s, train loss: 9.45, metrics: {'f1': 0.275777913361806, 'f1_macro': 0.673484124049105, 'prec_macro': 0.611204347826087, 'rec_macro': 0.6353125657119456, 'f1_micro': 0.9897672413793104, 'prec_micro': 0.9897672413793104, 'rec_micro': 0.9897672413793104}
epoch 58 time: 1.19e+02s, train loss: 9.449, metrics: {'f1': 0.266152362584378, 'f1_macro': 0.6828840810617189, 'prec_macro': 0.6019847826086957, 'rec_macro': 0.6305994461130027, 'f1_micro': 0.9901594827586206, 'prec_micro': 0.9901594827586206, 'rec_micro': 0.9901594827586206}
epoch 59 time: 1.18e+02s, train loss: 9.461, metrics: {'f1': 0.2661778769525024, 'f1_macro': 0.6801698282256141, 'prec_macro': 0.6028108695652175, 'rec_macro': 0.6305914500686334, 'f1_micro': 0.9900775862068966, 'prec_micro': 0.9900775862068966, 'rec_micro': 0.9900775862068966}
epoch 60 time: 1.18e+02s, train loss: 9.468, metrics: {'f1': 0.2647235576923077, 'f1_macro': 0.6624705626974848, 'prec_macro': 0.608195652173913, 'rec_macro': 0.6297058761648535, 'f1_micro': 0.9894525862068966, 'prec_micro': 0.9894525862068966, 'rec_micro': 0.9894525862068966}
epoch 61 time: 1.19e+02s, train loss: 9.484, metrics: {'f1': 0.2768670309653916, 'f1_macro': 0.6728515859610346, 'prec_macro': 0.6121782608695653, 'rec_macro': 0.6358483527107762, 'f1_micro': 0.9897327586206897, 'prec_micro': 0.9897327586206897, 'rec_micro': 0.9897327586206897}
epoch 62 time: 1.19e+02s, train loss: 9.446, metrics: {'f1': 0.2623850250121026, 'f1_macro': 0.6815744285762143, 'prec_macro': 0.6001206521739131, 'rec_macro': 0.6287131324215864, 'f1_micro': 0.9901487068965518, 'prec_micro': 0.9901487068965518, 'rec_micro': 0.9901487068965518}
epoch 63 time: 1.19e+02s, train loss: 9.435, metrics: {'f1': 0.2664916311125698, 'f1_macro': 0.6904363784539929, 'prec_macro': 0.6001065217391305, 'rec_macro': 0.6308214902996969, 'f1_micro': 0.9903663793103449, 'prec_micro': 0.9903663793103449, 'rec_micro': 0.9903663793103449}
epoch 64 time: 1.2e+02s, train loss: 9.438, metrics: {'f1': 0.2688417618270799, 'f1_macro': 0.6899890331517181, 'prec_macro': 0.6015804347826087, 'rec_macro': 0.6319899524746061, 'f1_micro': 0.9903405172413793, 'prec_micro': 0.9903405172413793, 'rec_micro': 0.9903405172413793}
epoch 65 time: 1.2e+02s, train loss: 9.442, metrics: {'f1': 0.25966400260968847, 'f1_macro': 0.6832982601969431, 'prec_macro': 0.5980489130434783, 'rec_macro': 0.6273701547735041, 'f1_micro': 0.9902176724137931, 'prec_micro': 0.9902176724137931, 'rec_micro': 0.9902176724137931}
epoch 66 time: 1.19e+02s, train loss: 9.456, metrics: {'f1': 0.26848954043814854, 'f1_macro': 0.6933173483920654, 'prec_macro': 0.6005097826086956, 'rec_macro': 0.6318362333360822, 'f1_micro': 0.9904288793103448, 'prec_micro': 0.9904288793103448, 'rec_micro': 0.9904288793103448}
epoch 67 time: 1.19e+02s, train loss: 9.466, metrics: {'f1': 0.2694522125349564, 'f1_macro': 0.6935264674997226, 'prec_macro': 0.6010054347826087, 'rec_macro': 0.6323175484843276, 'f1_micro': 0.9904288793103448, 'prec_micro': 0.9904288793103448, 'rec_micro': 0.9904288793103448}
epoch 68 time: 1.19e+02s, train loss: 9.455, metrics: {'f1': 0.27719528178243774, 'f1_macro': 0.6976314389010981, 'prec_macro': 0.6043826086956522, 'rec_macro': 0.6362047462480053, 'f1_micro': 0.9904913793103448, 'prec_micro': 0.9904913793103448, 'rec_micro': 0.9904913793103448}
epoch 69 time: 1.2e+02s, train loss: 9.452, metrics: {'f1': 0.26795039164490864, 'f1_macro': 0.6894627056781802, 'prec_macro': 0.601204347826087, 'rec_macro': 0.6315421031588307, 'f1_micro': 0.9903318965517242, 'prec_micro': 0.9903318965517242, 'rec_micro': 0.9903318965517242}
epoch 70 time: 1.19e+02s, train loss: 9.454, metrics: {'f1': 0.26095519448547516, 'f1_macro': 0.686449463788465, 'prec_macro': 0.5979641304347826, 'rec_macro': 0.6280353769320121, 'f1_micro': 0.9902952586206897, 'prec_micro': 0.9902952586206897, 'rec_micro': 0.9902952586206897}
epoch 71 time: 1.19e+02s, train loss: 9.456, metrics: {'f1': 0.26273807585870096, 'f1_macro': 0.6848307498676515, 'prec_macro': 0.5994228260869565, 'rec_macro': 0.6289125831863698, 'f1_micro': 0.9902392241379311, 'prec_micro': 0.9902392241379311, 'rec_micro': 0.9902392241379311}
epoch 72 time: 1.19e+02s, train loss: 9.451, metrics: {'f1': 0.27360618756042543, 'f1_macro': 0.6890180426888173, 'prec_macro': 0.60465, 'rec_macro': 0.6343578619822188, 'f1_micro': 0.9902844827586207, 'prec_micro': 0.9902844827586207, 'rec_micro': 0.9902844827586207}
epoch 73 time: 1.19e+02s, train loss: 9.458, metrics: {'f1': 0.2674050632911393, 'f1_macro': 0.6786952001386242, 'prec_macro': 0.6040217391304348, 'rec_macro': 0.631190813912734, 'f1_micro': 0.990021551724138, 'prec_micro': 0.990021551724138, 'rec_micro': 0.990021551724138}
epoch 74 time: 1.19e+02s, train loss: 9.467, metrics: {'f1': 0.26326498669588355, 'f1_macro': 0.6725933568456591, 'prec_macro': 0.6034423913043478, 'rec_macro': 0.6290788128905688, 'f1_micro': 0.9898556034482758, 'prec_micro': 0.9898556034482758, 'rec_micro': 0.9898556034482758}
epoch 75 time: 1.2e+02s, train loss: 9.477, metrics: {'f1': 0.26666666666666666, 'f1_macro': 0.6784373706128721, 'prec_macro': 0.6036489130434782, 'rec_macro': 0.6308210867414934, 'f1_micro': 0.9900193965517241, 'prec_micro': 0.9900193965517241, 'rec_micro': 0.9900193965517241}
epoch 76 time: 1.19e+02s, train loss: 9.455, metrics: {'f1': 0.2716009129442452, 'f1_macro': 0.6917448997315648, 'prec_macro': 0.6027108695652174, 'rec_macro': 0.6333771107797985, 'f1_micro': 0.9903706896551724, 'prec_micro': 0.9903706896551724, 'rec_micro': 0.9903706896551724}
epoch 77 time: 1.19e+02s, train loss: 9.482, metrics: {'f1': 0.2500413975823812, 'f1_macro': 0.6816275731527898, 'prec_macro': 0.592979347826087, 'rec_macro': 0.622564521143763, 'f1_micro': 0.9902392241379311, 'prec_micro': 0.9902392241379311, 'rec_micro': 0.9902392241379311}
epoch 78 time: 1.19e+02s, train loss: 9.553, metrics: {'f1': 0.23427544518869464, 'f1_macro': 0.6654700841593024, 'prec_macro': 0.5880989130434783, 'rec_macro': 0.6145956319295204, 'f1_micro': 0.9898987068965517, 'prec_micro': 0.9898987068965517, 'rec_micro': 0.9898987068965517}
epoch 79 time: 1.19e+02s, train loss: 9.56, metrics: {'f1': 0.2371554395694014, 'f1_macro': 0.6670339813363885, 'prec_macro': 0.5893489130434783, 'rec_macro': 0.6160410253085875, 'f1_micro': 0.9899202586206897, 'prec_micro': 0.9899202586206897, 'rec_micro': 0.9899202586206897}
epoch 80 time: 1.19e+02s, train loss: 9.552, metrics: {'f1': 0.22896281800391385, 'f1_macro': 0.6610638621910135, 'prec_macro': 0.5861956521739131, 'rec_macro': 0.6119170505471674, 'f1_micro': 0.9898103448275862, 'prec_micro': 0.9898103448275862, 'rec_micro': 0.9898103448275862}
epoch 81 time: 1.19e+02s, train loss: 9.529, metrics: {'f1': 0.23170930422030306, 'f1_macro': 0.6627941232020611, 'prec_macro': 0.587325, 'rec_macro': 0.6132973306860354, 'f1_micro': 0.9898383620689655, 'prec_micro': 0.9898383620689655, 'rec_micro': 0.9898383620689655}
epoch 82 time: 1.19e+02s, train loss: 9.516, metrics: {'f1': 0.24292028155180886, 'f1_macro': 0.6723859487521887, 'prec_macro': 0.5912641304347825, 'rec_macro': 0.6189517097357923, 'f1_micro': 0.9900323275862069, 'prec_micro': 0.9900323275862069, 'rec_micro': 0.9900323275862069}
epoch 83 time: 1.19e+02s, train loss: 9.513, metrics: {'f1': 0.23156853043047995, 'f1_macro': 0.6665708211290783, 'prec_macro': 0.586270652173913, 'rec_macro': 0.6132575198953321, 'f1_micro': 0.9899590517241379, 'prec_micro': 0.9899590517241379, 'rec_micro': 0.9899590517241379}
epoch 84 time: 1.19e+02s, train loss: 9.508, metrics: {'f1': 0.22723635781725077, 'f1_macro': 0.6542854062910195, 'prec_macro': 0.5870771739130435, 'rec_macro': 0.6109987079235112, 'f1_micro': 0.9895926724137931, 'prec_micro': 0.9895926724137931, 'rec_micro': 0.9895926724137931}
epoch 85 time: 1.19e+02s, train loss: 9.53, metrics: {'f1': 0.21215880893300249, 'f1_macro': 0.636113654391628, 'prec_macro': 0.5835826086956521, 'rec_macro': 0.6033231845244903, 'f1_micro': 0.9890517241379311, 'prec_micro': 0.9890517241379311, 'rec_micro': 0.9890517241379311}
epoch 86 time: 1.19e+02s, train loss: 9.534, metrics: {'f1': 0.23152022315202228, 'f1_macro': 0.6487385175316096, 'prec_macro': 0.591520652173913, 'rec_macro': 0.6130695271565513, 'f1_micro': 0.9893125, 'prec_micro': 0.9893125, 'rec_micro': 0.9893125}
epoch 87 time: 1.19e+02s, train loss: 9.509, metrics: {'f1': 0.2528116584824964, 'f1_macro': 0.6690355252358395, 'prec_macro': 0.5981032608695652, 'rec_macro': 0.6238469345188533, 'f1_micro': 0.989834051724138, 'prec_micro': 0.989834051724138, 'rec_micro': 0.989834051724138}
epoch 88 time: 1.19e+02s, train loss: 9.507, metrics: {'f1': 0.2502036162241408, 'f1_macro': 0.676024253461345, 'prec_macro': 0.5945097826086957, 'rec_macro': 0.6226052278250207, 'f1_micro': 0.9900797413793103, 'prec_micro': 0.9900797413793103, 'rec_micro': 0.9900797413793103}
epoch 89 time: 1.19e+02s, train loss: 9.535, metrics: {'f1': 0.24369888165581707, 'f1_macro': 0.6797860702309827, 'prec_macro': 0.589879347826087, 'rec_macro': 0.6193923064615412, 'f1_micro': 0.9902349137931035, 'prec_micro': 0.9902349137931035, 'rec_micro': 0.9902349137931035}
epoch 90 time: 1.2e+02s, train loss: 9.536, metrics: {'f1': 0.23951901202469938, 'f1_macro': 0.6675445031215432, 'prec_macro': 0.5905847826086956, 'rec_macro': 0.6172211210760371, 'f1_micro': 0.9899137931034483, 'prec_micro': 0.9899137931034483, 'rec_micro': 0.9899137931034483}
epoch 91 time: 1.2e+02s, train loss: 9.517, metrics: {'f1': 0.24955609362389025, 'f1_macro': 0.6725881056157799, 'prec_macro': 0.595079347826087, 'rec_macro': 0.6222563638095747, 'f1_micro': 0.9899806034482759, 'prec_micro': 0.9899806034482759, 'rec_micro': 0.9899806034482759}
epoch 92 time: 1.22e+02s, train loss: 9.51, metrics: {'f1': 0.24457717698836845, 'f1_macro': 0.6612011925036408, 'prec_macro': 0.5955282608695652, 'rec_macro': 0.619681274125636, 'f1_micro': 0.9896422413793103, 'prec_micro': 0.9896422413793103, 'rec_micro': 0.9896422413793103}
epoch 93 time: 1.21e+02s, train loss: 9.536, metrics: {'f1': 0.23066104078762306, 'f1_macro': 0.650280734640045, 'prec_macro': 0.5904445652173913, 'rec_macro': 0.6126596248544187, 'f1_micro': 0.9893900862068965, 'prec_micro': 0.9893900862068965, 'rec_micro': 0.9893900862068965}
epoch 94 time: 1.2e+02s, train loss: 9.541, metrics: {'f1': 0.2262129804662886, 'f1_macro': 0.6493414562096089, 'prec_macro': 0.5879782608695652, 'rec_macro': 0.6104417100341104, 'f1_micro': 0.9894137931034482, 'prec_micro': 0.9894137931034482, 'rec_micro': 0.9894137931034482}
epoch 95 time: 1.2e+02s, train loss: 9.538, metrics: {'f1': 0.2175609756097561, 'f1_macro': 0.6519752461662022, 'prec_macro': 0.5820152173913044, 'rec_macro': 0.6061705187209707, 'f1_micro': 0.9896293103448276, 'prec_micro': 0.9896293103448276, 'rec_micro': 0.9896293103448276}
epoch 96 time: 1.22e+02s, train loss: 9.542, metrics: {'f1': 0.22551735375590679, 'f1_macro': 0.6583280700082531, 'prec_macro': 0.584929347826087, 'rec_macro': 0.6101807450160607, 'f1_micro': 0.9897564655172414, 'prec_micro': 0.9897564655172414, 'rec_micro': 0.9897564655172414}
epoch 97 time: 1.21e+02s, train loss: 9.548, metrics: {'f1': 0.21045708648470898, 'f1_macro': 0.650061357788722, 'prec_macro': 0.5784326086956522, 'rec_macro': 0.6026241901437058, 'f1_micro': 0.9896508620689655, 'prec_micro': 0.9896508620689655, 'rec_micro': 0.9896508620689655}
epoch 98 time: 1.21e+02s, train loss: 9.568, metrics: {'f1': 0.19586614173228345, 'f1_macro': 0.6387304562674403, 'prec_macro': 0.572995652173913, 'rec_macro': 0.5952744426358705, 'f1_micro': 0.9894353448275862, 'prec_micro': 0.9894353448275862, 'rec_micro': 0.9894353448275862}
epoch 99 time: 1.21e+02s, train loss: 9.571, metrics: {'f1': 0.17010140660778544, 'f1_macro': 0.6192224298622532, 'prec_macro': 0.5632673913043478, 'rec_macro': 0.5822987361409245, 'f1_micro': 0.9890646551724138, 'prec_micro': 0.9890646551724138, 'rec_micro': 0.9890646551724138}
epoch 100 time: 1.21e+02s, train loss: 9.599, metrics: {'f1': 0.1699559615070951, 'f1_macro': 0.6184768589411094, 'prec_macro': 0.5633750000000001, 'rec_macro': 0.582217827195938, 'f1_micro': 0.9890323275862068, 'prec_micro': 0.9890323275862068, 'rec_micro': 0.9890323275862068}
post-training summary -- best {'f1': 0.28553299492385786, 'f1_macro': 0.6919553125866371, 'prec_macro': 0.6109739130434783, 'rec_macro': 0.6403231755857355, 'f1_micro': 0.9902931034482758, 'prec_micro': 0.9902931034482758, 'rec_micro': 0.9902931034482759}
run 1: {'f1': 0.29429241594996086, 'f1_macro': 0.6931375004779887, 'prec_macro': 0.6160445652173913, 'rec_macro': 0.6446977620572607, 'f1_micro': 0.9902737068965517, 'prec_micro': 0.9902737068965517, 'rec_micro': 0.9902737068965517}
run 2: {'f1': 0.2962481728114341, 'f1_macro': 0.7080616013635663, 'prec_macro': 0.6126467391304348, 'rec_macro': 0.6457739031315586, 'f1_micro': 0.9906616379310345, 'prec_micro': 0.9906616379310345, 'rec_micro': 0.9906616379310345}
run 3: {'f1': 0.29291861694096333, 'f1_macro': 0.6816191343430367, 'prec_macro': 0.6194532608695652, 'rec_macro': 0.6439180034455028, 'f1_micro': 0.9899073275862069, 'prec_micro': 0.9899073275862069, 'rec_micro': 0.9899073275862069}
run 4: {'f1': 0.2835083384805435, 'f1_macro': 0.6820407066346561, 'prec_macro': 0.6130565217391304, 'rec_macro': 0.6392366005171566, 'f1_micro': 0.99, 'prec_micro': 0.99, 'rec_micro': 0.99}
run 5: {'f1': 0.28553299492385786, 'f1_macro': 0.6919553125866371, 'prec_macro': 0.6109739130434783, 'rec_macro': 0.6403231755857355, 'f1_micro': 0.9902931034482758, 'prec_micro': 0.9902931034482758, 'rec_micro': 0.9902931034482759}
done.
t,p-val for human<model: -83.19382261644884,6.256604877542156e-08, significant: True
t,p-val for random<model: 105.034779843022,0.9999999753664873, significant: False
95% CI: 0.29050010782135194+/-0.009871400922716194
