reading data...
done.
creating training artifacts...
Using cached encoded data file: train_5_error.pkl
Using cached encoded data file: test_5_error.pkl
done.
training textcnn model...
run 1 start -- seed=0
/home/azureuser/.local/lib/python3.8/site-packages/sklearn/metrics/_classification.py:1344: UndefinedMetricWarning: Precision and F-score are ill-defined and being set to 0.0 in labels with no predicted samples. Use `zero_division` parameter to control this behavior.
  _warn_prf(average, modifier, msg_start, len(result))
epoch 1 time: 62.5s, train loss: 25.5, metrics: {'f1': 0.0, 'f1_macro': 0.4892446120689655, 'prec_macro': 0.5, 'rec_macro': 0.49456383800335285, 'f1_micro': 0.978489224137931, 'prec_micro': 0.978489224137931, 'rec_micro': 0.978489224137931}
/home/azureuser/.local/lib/python3.8/site-packages/sklearn/metrics/_classification.py:1344: UndefinedMetricWarning: Precision and F-score are ill-defined and being set to 0.0 in labels with no predicted samples. Use `zero_division` parameter to control this behavior.
  _warn_prf(average, modifier, msg_start, len(result))
epoch 2 time: 59.0s, train loss: 25.14, metrics: {'f1': 0.0, 'f1_macro': 0.4892446120689655, 'prec_macro': 0.5, 'rec_macro': 0.49456383800335285, 'f1_micro': 0.978489224137931, 'prec_micro': 0.978489224137931, 'rec_micro': 0.978489224137931}
/home/azureuser/.local/lib/python3.8/site-packages/sklearn/metrics/_classification.py:1344: UndefinedMetricWarning: Precision and F-score are ill-defined and being set to 0.0 in labels with no predicted samples. Use `zero_division` parameter to control this behavior.
  _warn_prf(average, modifier, msg_start, len(result))
epoch 3 time: 59.1s, train loss: 24.9, metrics: {'f1': 0.0, 'f1_macro': 0.4892446120689655, 'prec_macro': 0.5, 'rec_macro': 0.49456383800335285, 'f1_micro': 0.978489224137931, 'prec_micro': 0.978489224137931, 'rec_micro': 0.978489224137931}
/home/azureuser/.local/lib/python3.8/site-packages/sklearn/metrics/_classification.py:1344: UndefinedMetricWarning: Precision and F-score are ill-defined and being set to 0.0 in labels with no predicted samples. Use `zero_division` parameter to control this behavior.
  _warn_prf(average, modifier, msg_start, len(result))
epoch 4 time: 58.9s, train loss: 24.73, metrics: {'f1': 0.0, 'f1_macro': 0.4892446120689655, 'prec_macro': 0.5, 'rec_macro': 0.49456383800335285, 'f1_micro': 0.978489224137931, 'prec_micro': 0.978489224137931, 'rec_micro': 0.978489224137931}
/home/azureuser/.local/lib/python3.8/site-packages/sklearn/metrics/_classification.py:1344: UndefinedMetricWarning: Precision and F-score are ill-defined and being set to 0.0 in labels with no predicted samples. Use `zero_division` parameter to control this behavior.
  _warn_prf(average, modifier, msg_start, len(result))
epoch 5 time: 59.1s, train loss: 24.59, metrics: {'f1': 0.0, 'f1_macro': 0.4892446120689655, 'prec_macro': 0.5, 'rec_macro': 0.49456383800335285, 'f1_micro': 0.978489224137931, 'prec_micro': 0.978489224137931, 'rec_micro': 0.978489224137931}
/home/azureuser/.local/lib/python3.8/site-packages/sklearn/metrics/_classification.py:1344: UndefinedMetricWarning: Precision and F-score are ill-defined and being set to 0.0 in labels with no predicted samples. Use `zero_division` parameter to control this behavior.
  _warn_prf(average, modifier, msg_start, len(result))
epoch 6 time: 59.2s, train loss: 24.45, metrics: {'f1': 0.0, 'f1_macro': 0.4892446120689655, 'prec_macro': 0.5, 'rec_macro': 0.49456383800335285, 'f1_micro': 0.978489224137931, 'prec_micro': 0.978489224137931, 'rec_micro': 0.978489224137931}
/home/azureuser/.local/lib/python3.8/site-packages/sklearn/metrics/_classification.py:1344: UndefinedMetricWarning: Precision and F-score are ill-defined and being set to 0.0 in labels with no predicted samples. Use `zero_division` parameter to control this behavior.
  _warn_prf(average, modifier, msg_start, len(result))
epoch 7 time: 59.0s, train loss: 24.33, metrics: {'f1': 0.0, 'f1_macro': 0.4892446120689655, 'prec_macro': 0.5, 'rec_macro': 0.49456383800335285, 'f1_micro': 0.978489224137931, 'prec_micro': 0.978489224137931, 'rec_micro': 0.978489224137931}
/home/azureuser/.local/lib/python3.8/site-packages/sklearn/metrics/_classification.py:1344: UndefinedMetricWarning: Precision and F-score are ill-defined and being set to 0.0 in labels with no predicted samples. Use `zero_division` parameter to control this behavior.
  _warn_prf(average, modifier, msg_start, len(result))
epoch 8 time: 59.0s, train loss: 24.21, metrics: {'f1': 0.0, 'f1_macro': 0.4892446120689655, 'prec_macro': 0.5, 'rec_macro': 0.49456383800335285, 'f1_micro': 0.978489224137931, 'prec_micro': 0.978489224137931, 'rec_micro': 0.978489224137931}
/home/azureuser/.local/lib/python3.8/site-packages/sklearn/metrics/_classification.py:1344: UndefinedMetricWarning: Precision and F-score are ill-defined and being set to 0.0 in labels with no predicted samples. Use `zero_division` parameter to control this behavior.
  _warn_prf(average, modifier, msg_start, len(result))
epoch 9 time: 59.1s, train loss: 24.1, metrics: {'f1': 0.0, 'f1_macro': 0.4892446120689655, 'prec_macro': 0.5, 'rec_macro': 0.49456383800335285, 'f1_micro': 0.978489224137931, 'prec_micro': 0.978489224137931, 'rec_micro': 0.978489224137931}
/home/azureuser/.local/lib/python3.8/site-packages/sklearn/metrics/_classification.py:1344: UndefinedMetricWarning: Precision and F-score are ill-defined and being set to 0.0 in labels with no predicted samples. Use `zero_division` parameter to control this behavior.
  _warn_prf(average, modifier, msg_start, len(result))
epoch 10 time: 59.0s, train loss: 24.0, metrics: {'f1': 0.0, 'f1_macro': 0.4892446120689655, 'prec_macro': 0.5, 'rec_macro': 0.49456383800335285, 'f1_micro': 0.978489224137931, 'prec_micro': 0.978489224137931, 'rec_micro': 0.978489224137931}
/home/azureuser/.local/lib/python3.8/site-packages/sklearn/metrics/_classification.py:1344: UndefinedMetricWarning: Precision and F-score are ill-defined and being set to 0.0 in labels with no predicted samples. Use `zero_division` parameter to control this behavior.
  _warn_prf(average, modifier, msg_start, len(result))
epoch 11 time: 59.0s, train loss: 23.9, metrics: {'f1': 0.0, 'f1_macro': 0.4892446120689655, 'prec_macro': 0.5, 'rec_macro': 0.49456383800335285, 'f1_micro': 0.978489224137931, 'prec_micro': 0.978489224137931, 'rec_micro': 0.978489224137931}
/home/azureuser/.local/lib/python3.8/site-packages/sklearn/metrics/_classification.py:1344: UndefinedMetricWarning: Precision and F-score are ill-defined and being set to 0.0 in labels with no predicted samples. Use `zero_division` parameter to control this behavior.
  _warn_prf(average, modifier, msg_start, len(result))
epoch 12 time: 58.9s, train loss: 23.8, metrics: {'f1': 0.0, 'f1_macro': 0.4892446120689655, 'prec_macro': 0.5, 'rec_macro': 0.49456383800335285, 'f1_micro': 0.978489224137931, 'prec_micro': 0.978489224137931, 'rec_micro': 0.978489224137931}
/home/azureuser/.local/lib/python3.8/site-packages/sklearn/metrics/_classification.py:1344: UndefinedMetricWarning: Precision and F-score are ill-defined and being set to 0.0 in labels with no predicted samples. Use `zero_division` parameter to control this behavior.
  _warn_prf(average, modifier, msg_start, len(result))
epoch 13 time: 59.0s, train loss: 23.71, metrics: {'f1': 0.0, 'f1_macro': 0.4892446120689655, 'prec_macro': 0.5, 'rec_macro': 0.49456383800335285, 'f1_micro': 0.978489224137931, 'prec_micro': 0.978489224137931, 'rec_micro': 0.978489224137931}
/home/azureuser/.local/lib/python3.8/site-packages/sklearn/metrics/_classification.py:1344: UndefinedMetricWarning: Precision and F-score are ill-defined and being set to 0.0 in labels with no predicted samples. Use `zero_division` parameter to control this behavior.
  _warn_prf(average, modifier, msg_start, len(result))
epoch 14 time: 59.0s, train loss: 23.62, metrics: {'f1': 0.0, 'f1_macro': 0.4892446120689655, 'prec_macro': 0.5, 'rec_macro': 0.49456383800335285, 'f1_micro': 0.978489224137931, 'prec_micro': 0.978489224137931, 'rec_micro': 0.978489224137931}
/home/azureuser/.local/lib/python3.8/site-packages/sklearn/metrics/_classification.py:1344: UndefinedMetricWarning: Precision and F-score are ill-defined and being set to 0.0 in labels with no predicted samples. Use `zero_division` parameter to control this behavior.
  _warn_prf(average, modifier, msg_start, len(result))
epoch 15 time: 59.0s, train loss: 23.54, metrics: {'f1': 0.0, 'f1_macro': 0.4892446120689655, 'prec_macro': 0.5, 'rec_macro': 0.49456383800335285, 'f1_micro': 0.978489224137931, 'prec_micro': 0.978489224137931, 'rec_micro': 0.978489224137931}
/home/azureuser/.local/lib/python3.8/site-packages/sklearn/metrics/_classification.py:1344: UndefinedMetricWarning: Precision and F-score are ill-defined and being set to 0.0 in labels with no predicted samples. Use `zero_division` parameter to control this behavior.
  _warn_prf(average, modifier, msg_start, len(result))
epoch 16 time: 59.0s, train loss: 23.46, metrics: {'f1': 0.0, 'f1_macro': 0.4892446120689655, 'prec_macro': 0.5, 'rec_macro': 0.49456383800335285, 'f1_micro': 0.978489224137931, 'prec_micro': 0.978489224137931, 'rec_micro': 0.978489224137931}
/home/azureuser/.local/lib/python3.8/site-packages/sklearn/metrics/_classification.py:1344: UndefinedMetricWarning: Precision and F-score are ill-defined and being set to 0.0 in labels with no predicted samples. Use `zero_division` parameter to control this behavior.
  _warn_prf(average, modifier, msg_start, len(result))
epoch 17 time: 59.0s, train loss: 23.38, metrics: {'f1': 0.0, 'f1_macro': 0.4892446120689655, 'prec_macro': 0.5, 'rec_macro': 0.49456383800335285, 'f1_micro': 0.978489224137931, 'prec_micro': 0.978489224137931, 'rec_micro': 0.978489224137931}
/home/azureuser/.local/lib/python3.8/site-packages/sklearn/metrics/_classification.py:1344: UndefinedMetricWarning: Precision and F-score are ill-defined and being set to 0.0 in labels with no predicted samples. Use `zero_division` parameter to control this behavior.
  _warn_prf(average, modifier, msg_start, len(result))
epoch 18 time: 59.0s, train loss: 23.31, metrics: {'f1': 0.0, 'f1_macro': 0.4892446120689655, 'prec_macro': 0.5, 'rec_macro': 0.49456383800335285, 'f1_micro': 0.978489224137931, 'prec_micro': 0.978489224137931, 'rec_micro': 0.978489224137931}
/home/azureuser/.local/lib/python3.8/site-packages/sklearn/metrics/_classification.py:1344: UndefinedMetricWarning: Precision and F-score are ill-defined and being set to 0.0 in labels with no predicted samples. Use `zero_division` parameter to control this behavior.
  _warn_prf(average, modifier, msg_start, len(result))
epoch 19 time: 58.9s, train loss: 23.24, metrics: {'f1': 0.0, 'f1_macro': 0.4892446120689655, 'prec_macro': 0.5, 'rec_macro': 0.49456383800335285, 'f1_micro': 0.978489224137931, 'prec_micro': 0.978489224137931, 'rec_micro': 0.978489224137931}
/home/azureuser/.local/lib/python3.8/site-packages/sklearn/metrics/_classification.py:1344: UndefinedMetricWarning: Precision and F-score are ill-defined and being set to 0.0 in labels with no predicted samples. Use `zero_division` parameter to control this behavior.
  _warn_prf(average, modifier, msg_start, len(result))
epoch 20 time: 59.0s, train loss: 23.17, metrics: {'f1': 0.0, 'f1_macro': 0.4892446120689655, 'prec_macro': 0.5, 'rec_macro': 0.49456383800335285, 'f1_micro': 0.978489224137931, 'prec_micro': 0.978489224137931, 'rec_micro': 0.978489224137931}
/home/azureuser/.local/lib/python3.8/site-packages/sklearn/metrics/_classification.py:1344: UndefinedMetricWarning: Precision and F-score are ill-defined and being set to 0.0 in labels with no predicted samples. Use `zero_division` parameter to control this behavior.
  _warn_prf(average, modifier, msg_start, len(result))
epoch 21 time: 58.9s, train loss: 23.11, metrics: {'f1': 0.0, 'f1_macro': 0.4892446120689655, 'prec_macro': 0.5, 'rec_macro': 0.49456383800335285, 'f1_micro': 0.978489224137931, 'prec_micro': 0.978489224137931, 'rec_micro': 0.978489224137931}
/home/azureuser/.local/lib/python3.8/site-packages/sklearn/metrics/_classification.py:1344: UndefinedMetricWarning: Precision and F-score are ill-defined and being set to 0.0 in labels with no predicted samples. Use `zero_division` parameter to control this behavior.
  _warn_prf(average, modifier, msg_start, len(result))
epoch 22 time: 59.0s, train loss: 23.05, metrics: {'f1': 0.0, 'f1_macro': 0.4892446120689655, 'prec_macro': 0.5, 'rec_macro': 0.49456383800335285, 'f1_micro': 0.978489224137931, 'prec_micro': 0.978489224137931, 'rec_micro': 0.978489224137931}
/home/azureuser/.local/lib/python3.8/site-packages/sklearn/metrics/_classification.py:1344: UndefinedMetricWarning: Precision and F-score are ill-defined and being set to 0.0 in labels with no predicted samples. Use `zero_division` parameter to control this behavior.
  _warn_prf(average, modifier, msg_start, len(result))
epoch 23 time: 59.0s, train loss: 22.99, metrics: {'f1': 0.0, 'f1_macro': 0.4892446120689655, 'prec_macro': 0.5, 'rec_macro': 0.49456383800335285, 'f1_micro': 0.978489224137931, 'prec_micro': 0.978489224137931, 'rec_micro': 0.978489224137931}
/home/azureuser/.local/lib/python3.8/site-packages/sklearn/metrics/_classification.py:1344: UndefinedMetricWarning: Precision and F-score are ill-defined and being set to 0.0 in labels with no predicted samples. Use `zero_division` parameter to control this behavior.
  _warn_prf(average, modifier, msg_start, len(result))
epoch 24 time: 59.1s, train loss: 22.93, metrics: {'f1': 0.0, 'f1_macro': 0.4892446120689655, 'prec_macro': 0.5, 'rec_macro': 0.49456383800335285, 'f1_micro': 0.978489224137931, 'prec_micro': 0.978489224137931, 'rec_micro': 0.978489224137931}
/home/azureuser/.local/lib/python3.8/site-packages/sklearn/metrics/_classification.py:1344: UndefinedMetricWarning: Precision and F-score are ill-defined and being set to 0.0 in labels with no predicted samples. Use `zero_division` parameter to control this behavior.
  _warn_prf(average, modifier, msg_start, len(result))
epoch 25 time: 59.0s, train loss: 22.88, metrics: {'f1': 0.0, 'f1_macro': 0.4892446120689655, 'prec_macro': 0.5, 'rec_macro': 0.49456383800335285, 'f1_micro': 0.978489224137931, 'prec_micro': 0.978489224137931, 'rec_micro': 0.978489224137931}
/home/azureuser/.local/lib/python3.8/site-packages/sklearn/metrics/_classification.py:1344: UndefinedMetricWarning: Precision and F-score are ill-defined and being set to 0.0 in labels with no predicted samples. Use `zero_division` parameter to control this behavior.
  _warn_prf(average, modifier, msg_start, len(result))
epoch 26 time: 59.0s, train loss: 22.83, metrics: {'f1': 0.0, 'f1_macro': 0.4892446120689655, 'prec_macro': 0.5, 'rec_macro': 0.49456383800335285, 'f1_micro': 0.978489224137931, 'prec_micro': 0.978489224137931, 'rec_micro': 0.978489224137931}
/home/azureuser/.local/lib/python3.8/site-packages/sklearn/metrics/_classification.py:1344: UndefinedMetricWarning: Precision and F-score are ill-defined and being set to 0.0 in labels with no predicted samples. Use `zero_division` parameter to control this behavior.
  _warn_prf(average, modifier, msg_start, len(result))
epoch 27 time: 59.0s, train loss: 22.78, metrics: {'f1': 0.0, 'f1_macro': 0.4892446120689655, 'prec_macro': 0.5, 'rec_macro': 0.49456383800335285, 'f1_micro': 0.978489224137931, 'prec_micro': 0.978489224137931, 'rec_micro': 0.978489224137931}
/home/azureuser/.local/lib/python3.8/site-packages/sklearn/metrics/_classification.py:1344: UndefinedMetricWarning: Precision and F-score are ill-defined and being set to 0.0 in labels with no predicted samples. Use `zero_division` parameter to control this behavior.
  _warn_prf(average, modifier, msg_start, len(result))
epoch 28 time: 59.0s, train loss: 22.74, metrics: {'f1': 0.0, 'f1_macro': 0.4892446120689655, 'prec_macro': 0.5, 'rec_macro': 0.49456383800335285, 'f1_micro': 0.978489224137931, 'prec_micro': 0.978489224137931, 'rec_micro': 0.978489224137931}
/home/azureuser/.local/lib/python3.8/site-packages/sklearn/metrics/_classification.py:1344: UndefinedMetricWarning: Precision and F-score are ill-defined and being set to 0.0 in labels with no predicted samples. Use `zero_division` parameter to control this behavior.
  _warn_prf(average, modifier, msg_start, len(result))
epoch 29 time: 59.1s, train loss: 22.69, metrics: {'f1': 0.0, 'f1_macro': 0.4892446120689655, 'prec_macro': 0.5, 'rec_macro': 0.49456383800335285, 'f1_micro': 0.978489224137931, 'prec_micro': 0.978489224137931, 'rec_micro': 0.978489224137931}
/home/azureuser/.local/lib/python3.8/site-packages/sklearn/metrics/_classification.py:1344: UndefinedMetricWarning: Precision and F-score are ill-defined and being set to 0.0 in labels with no predicted samples. Use `zero_division` parameter to control this behavior.
  _warn_prf(average, modifier, msg_start, len(result))
epoch 30 time: 59.1s, train loss: 22.65, metrics: {'f1': 0.0, 'f1_macro': 0.4892446120689655, 'prec_macro': 0.5, 'rec_macro': 0.49456383800335285, 'f1_micro': 0.978489224137931, 'prec_micro': 0.978489224137931, 'rec_micro': 0.978489224137931}
/home/azureuser/.local/lib/python3.8/site-packages/sklearn/metrics/_classification.py:1344: UndefinedMetricWarning: Precision and F-score are ill-defined and being set to 0.0 in labels with no predicted samples. Use `zero_division` parameter to control this behavior.
  _warn_prf(average, modifier, msg_start, len(result))
epoch 31 time: 59.1s, train loss: 22.61, metrics: {'f1': 0.0, 'f1_macro': 0.4892446120689655, 'prec_macro': 0.5, 'rec_macro': 0.49456383800335285, 'f1_micro': 0.978489224137931, 'prec_micro': 0.978489224137931, 'rec_micro': 0.978489224137931}
/home/azureuser/.local/lib/python3.8/site-packages/sklearn/metrics/_classification.py:1344: UndefinedMetricWarning: Precision and F-score are ill-defined and being set to 0.0 in labels with no predicted samples. Use `zero_division` parameter to control this behavior.
  _warn_prf(average, modifier, msg_start, len(result))
epoch 32 time: 59.0s, train loss: 22.57, metrics: {'f1': 0.0, 'f1_macro': 0.4892446120689655, 'prec_macro': 0.5, 'rec_macro': 0.49456383800335285, 'f1_micro': 0.978489224137931, 'prec_micro': 0.978489224137931, 'rec_micro': 0.978489224137931}
/home/azureuser/.local/lib/python3.8/site-packages/sklearn/metrics/_classification.py:1344: UndefinedMetricWarning: Precision and F-score are ill-defined and being set to 0.0 in labels with no predicted samples. Use `zero_division` parameter to control this behavior.
  _warn_prf(average, modifier, msg_start, len(result))
epoch 33 time: 58.9s, train loss: 22.53, metrics: {'f1': 0.0, 'f1_macro': 0.4892446120689655, 'prec_macro': 0.5, 'rec_macro': 0.49456383800335285, 'f1_micro': 0.978489224137931, 'prec_micro': 0.978489224137931, 'rec_micro': 0.978489224137931}
/home/azureuser/.local/lib/python3.8/site-packages/sklearn/metrics/_classification.py:1344: UndefinedMetricWarning: Precision and F-score are ill-defined and being set to 0.0 in labels with no predicted samples. Use `zero_division` parameter to control this behavior.
  _warn_prf(average, modifier, msg_start, len(result))
epoch 34 time: 59.0s, train loss: 22.49, metrics: {'f1': 0.0, 'f1_macro': 0.4892446120689655, 'prec_macro': 0.5, 'rec_macro': 0.49456383800335285, 'f1_micro': 0.978489224137931, 'prec_micro': 0.978489224137931, 'rec_micro': 0.978489224137931}
/home/azureuser/.local/lib/python3.8/site-packages/sklearn/metrics/_classification.py:1344: UndefinedMetricWarning: Precision and F-score are ill-defined and being set to 0.0 in labels with no predicted samples. Use `zero_division` parameter to control this behavior.
  _warn_prf(average, modifier, msg_start, len(result))
epoch 35 time: 59.0s, train loss: 22.46, metrics: {'f1': 0.0, 'f1_macro': 0.4892446120689655, 'prec_macro': 0.5, 'rec_macro': 0.49456383800335285, 'f1_micro': 0.978489224137931, 'prec_micro': 0.978489224137931, 'rec_micro': 0.978489224137931}
/home/azureuser/.local/lib/python3.8/site-packages/sklearn/metrics/_classification.py:1344: UndefinedMetricWarning: Precision and F-score are ill-defined and being set to 0.0 in labels with no predicted samples. Use `zero_division` parameter to control this behavior.
  _warn_prf(average, modifier, msg_start, len(result))
epoch 36 time: 59.0s, train loss: 22.42, metrics: {'f1': 0.0, 'f1_macro': 0.4892446120689655, 'prec_macro': 0.5, 'rec_macro': 0.49456383800335285, 'f1_micro': 0.978489224137931, 'prec_micro': 0.978489224137931, 'rec_micro': 0.978489224137931}
/home/azureuser/.local/lib/python3.8/site-packages/sklearn/metrics/_classification.py:1344: UndefinedMetricWarning: Precision and F-score are ill-defined and being set to 0.0 in labels with no predicted samples. Use `zero_division` parameter to control this behavior.
  _warn_prf(average, modifier, msg_start, len(result))
epoch 37 time: 59.4s, train loss: 22.39, metrics: {'f1': 0.0, 'f1_macro': 0.4892446120689655, 'prec_macro': 0.5, 'rec_macro': 0.49456383800335285, 'f1_micro': 0.978489224137931, 'prec_micro': 0.978489224137931, 'rec_micro': 0.978489224137931}
/home/azureuser/.local/lib/python3.8/site-packages/sklearn/metrics/_classification.py:1344: UndefinedMetricWarning: Precision and F-score are ill-defined and being set to 0.0 in labels with no predicted samples. Use `zero_division` parameter to control this behavior.
  _warn_prf(average, modifier, msg_start, len(result))
epoch 38 time: 59.2s, train loss: 22.36, metrics: {'f1': 0.0, 'f1_macro': 0.4892446120689655, 'prec_macro': 0.5, 'rec_macro': 0.49456383800335285, 'f1_micro': 0.978489224137931, 'prec_micro': 0.978489224137931, 'rec_micro': 0.978489224137931}
/home/azureuser/.local/lib/python3.8/site-packages/sklearn/metrics/_classification.py:1344: UndefinedMetricWarning: Precision and F-score are ill-defined and being set to 0.0 in labels with no predicted samples. Use `zero_division` parameter to control this behavior.
  _warn_prf(average, modifier, msg_start, len(result))
epoch 39 time: 59.0s, train loss: 22.33, metrics: {'f1': 0.0, 'f1_macro': 0.4892446120689655, 'prec_macro': 0.5, 'rec_macro': 0.49456383800335285, 'f1_micro': 0.978489224137931, 'prec_micro': 0.978489224137931, 'rec_micro': 0.978489224137931}
/home/azureuser/.local/lib/python3.8/site-packages/sklearn/metrics/_classification.py:1344: UndefinedMetricWarning: Precision and F-score are ill-defined and being set to 0.0 in labels with no predicted samples. Use `zero_division` parameter to control this behavior.
  _warn_prf(average, modifier, msg_start, len(result))
epoch 40 time: 58.9s, train loss: 22.3, metrics: {'f1': 0.0, 'f1_macro': 0.4892446120689655, 'prec_macro': 0.5, 'rec_macro': 0.49456383800335285, 'f1_micro': 0.978489224137931, 'prec_micro': 0.978489224137931, 'rec_micro': 0.978489224137931}
/home/azureuser/.local/lib/python3.8/site-packages/sklearn/metrics/_classification.py:1344: UndefinedMetricWarning: Precision and F-score are ill-defined and being set to 0.0 in labels with no predicted samples. Use `zero_division` parameter to control this behavior.
  _warn_prf(average, modifier, msg_start, len(result))
epoch 41 time: 59.5s, train loss: 22.27, metrics: {'f1': 0.0, 'f1_macro': 0.4892446120689655, 'prec_macro': 0.5, 'rec_macro': 0.49456383800335285, 'f1_micro': 0.978489224137931, 'prec_micro': 0.978489224137931, 'rec_micro': 0.978489224137931}
/home/azureuser/.local/lib/python3.8/site-packages/sklearn/metrics/_classification.py:1344: UndefinedMetricWarning: Precision and F-score are ill-defined and being set to 0.0 in labels with no predicted samples. Use `zero_division` parameter to control this behavior.
  _warn_prf(average, modifier, msg_start, len(result))
epoch 42 time: 59.0s, train loss: 22.25, metrics: {'f1': 0.0, 'f1_macro': 0.4892446120689655, 'prec_macro': 0.5, 'rec_macro': 0.49456383800335285, 'f1_micro': 0.978489224137931, 'prec_micro': 0.978489224137931, 'rec_micro': 0.978489224137931}
/home/azureuser/.local/lib/python3.8/site-packages/sklearn/metrics/_classification.py:1344: UndefinedMetricWarning: Precision and F-score are ill-defined and being set to 0.0 in labels with no predicted samples. Use `zero_division` parameter to control this behavior.
  _warn_prf(average, modifier, msg_start, len(result))
epoch 43 time: 59.0s, train loss: 22.22, metrics: {'f1': 0.0, 'f1_macro': 0.4892446120689655, 'prec_macro': 0.5, 'rec_macro': 0.49456383800335285, 'f1_micro': 0.978489224137931, 'prec_micro': 0.978489224137931, 'rec_micro': 0.978489224137931}
/home/azureuser/.local/lib/python3.8/site-packages/sklearn/metrics/_classification.py:1344: UndefinedMetricWarning: Precision and F-score are ill-defined and being set to 0.0 in labels with no predicted samples. Use `zero_division` parameter to control this behavior.
  _warn_prf(average, modifier, msg_start, len(result))
epoch 44 time: 59.0s, train loss: 22.2, metrics: {'f1': 0.0, 'f1_macro': 0.4892446120689655, 'prec_macro': 0.5, 'rec_macro': 0.49456383800335285, 'f1_micro': 0.978489224137931, 'prec_micro': 0.978489224137931, 'rec_micro': 0.978489224137931}
/home/azureuser/.local/lib/python3.8/site-packages/sklearn/metrics/_classification.py:1344: UndefinedMetricWarning: Precision and F-score are ill-defined and being set to 0.0 in labels with no predicted samples. Use `zero_division` parameter to control this behavior.
  _warn_prf(average, modifier, msg_start, len(result))
epoch 45 time: 58.9s, train loss: 22.17, metrics: {'f1': 0.0, 'f1_macro': 0.4892446120689655, 'prec_macro': 0.5, 'rec_macro': 0.49456383800335285, 'f1_micro': 0.978489224137931, 'prec_micro': 0.978489224137931, 'rec_micro': 0.978489224137931}
/home/azureuser/.local/lib/python3.8/site-packages/sklearn/metrics/_classification.py:1344: UndefinedMetricWarning: Precision and F-score are ill-defined and being set to 0.0 in labels with no predicted samples. Use `zero_division` parameter to control this behavior.
  _warn_prf(average, modifier, msg_start, len(result))
epoch 46 time: 59.1s, train loss: 22.15, metrics: {'f1': 0.0, 'f1_macro': 0.4892446120689655, 'prec_macro': 0.5, 'rec_macro': 0.49456383800335285, 'f1_micro': 0.978489224137931, 'prec_micro': 0.978489224137931, 'rec_micro': 0.978489224137931}
/home/azureuser/.local/lib/python3.8/site-packages/sklearn/metrics/_classification.py:1344: UndefinedMetricWarning: Precision and F-score are ill-defined and being set to 0.0 in labels with no predicted samples. Use `zero_division` parameter to control this behavior.
  _warn_prf(average, modifier, msg_start, len(result))
epoch 47 time: 59.0s, train loss: 22.12, metrics: {'f1': 0.0, 'f1_macro': 0.4892446120689655, 'prec_macro': 0.5, 'rec_macro': 0.49456383800335285, 'f1_micro': 0.978489224137931, 'prec_micro': 0.978489224137931, 'rec_micro': 0.978489224137931}
/home/azureuser/.local/lib/python3.8/site-packages/sklearn/metrics/_classification.py:1344: UndefinedMetricWarning: Precision and F-score are ill-defined and being set to 0.0 in labels with no predicted samples. Use `zero_division` parameter to control this behavior.
  _warn_prf(average, modifier, msg_start, len(result))
epoch 48 time: 59.1s, train loss: 22.1, metrics: {'f1': 0.0, 'f1_macro': 0.4892446120689655, 'prec_macro': 0.5, 'rec_macro': 0.49456383800335285, 'f1_micro': 0.978489224137931, 'prec_micro': 0.978489224137931, 'rec_micro': 0.978489224137931}
/home/azureuser/.local/lib/python3.8/site-packages/sklearn/metrics/_classification.py:1344: UndefinedMetricWarning: Precision and F-score are ill-defined and being set to 0.0 in labels with no predicted samples. Use `zero_division` parameter to control this behavior.
  _warn_prf(average, modifier, msg_start, len(result))
epoch 49 time: 59.0s, train loss: 22.08, metrics: {'f1': 0.0, 'f1_macro': 0.4892446120689655, 'prec_macro': 0.5, 'rec_macro': 0.49456383800335285, 'f1_micro': 0.978489224137931, 'prec_micro': 0.978489224137931, 'rec_micro': 0.978489224137931}
/home/azureuser/.local/lib/python3.8/site-packages/sklearn/metrics/_classification.py:1344: UndefinedMetricWarning: Precision and F-score are ill-defined and being set to 0.0 in labels with no predicted samples. Use `zero_division` parameter to control this behavior.
  _warn_prf(average, modifier, msg_start, len(result))
epoch 50 time: 58.9s, train loss: 22.06, metrics: {'f1': 0.0, 'f1_macro': 0.4892446120689655, 'prec_macro': 0.5, 'rec_macro': 0.49456383800335285, 'f1_micro': 0.978489224137931, 'prec_micro': 0.978489224137931, 'rec_micro': 0.978489224137931}
/home/azureuser/.local/lib/python3.8/site-packages/sklearn/metrics/_classification.py:1344: UndefinedMetricWarning: Precision and F-score are ill-defined and being set to 0.0 in labels with no predicted samples. Use `zero_division` parameter to control this behavior.
  _warn_prf(average, modifier, msg_start, len(result))
epoch 51 time: 59.0s, train loss: 22.04, metrics: {'f1': 0.0, 'f1_macro': 0.4892446120689655, 'prec_macro': 0.5, 'rec_macro': 0.49456383800335285, 'f1_micro': 0.978489224137931, 'prec_micro': 0.978489224137931, 'rec_micro': 0.978489224137931}
/home/azureuser/.local/lib/python3.8/site-packages/sklearn/metrics/_classification.py:1344: UndefinedMetricWarning: Precision and F-score are ill-defined and being set to 0.0 in labels with no predicted samples. Use `zero_division` parameter to control this behavior.
  _warn_prf(average, modifier, msg_start, len(result))
epoch 52 time: 59.0s, train loss: 22.02, metrics: {'f1': 0.0, 'f1_macro': 0.4892446120689655, 'prec_macro': 0.5, 'rec_macro': 0.49456383800335285, 'f1_micro': 0.978489224137931, 'prec_micro': 0.978489224137931, 'rec_micro': 0.978489224137931}
/home/azureuser/.local/lib/python3.8/site-packages/sklearn/metrics/_classification.py:1344: UndefinedMetricWarning: Precision and F-score are ill-defined and being set to 0.0 in labels with no predicted samples. Use `zero_division` parameter to control this behavior.
  _warn_prf(average, modifier, msg_start, len(result))
epoch 53 time: 59.0s, train loss: 22.0, metrics: {'f1': 0.0, 'f1_macro': 0.4892446120689655, 'prec_macro': 0.5, 'rec_macro': 0.49456383800335285, 'f1_micro': 0.978489224137931, 'prec_micro': 0.978489224137931, 'rec_micro': 0.978489224137931}
/home/azureuser/.local/lib/python3.8/site-packages/sklearn/metrics/_classification.py:1344: UndefinedMetricWarning: Precision and F-score are ill-defined and being set to 0.0 in labels with no predicted samples. Use `zero_division` parameter to control this behavior.
  _warn_prf(average, modifier, msg_start, len(result))
epoch 54 time: 58.8s, train loss: 21.99, metrics: {'f1': 0.0, 'f1_macro': 0.4892446120689655, 'prec_macro': 0.5, 'rec_macro': 0.49456383800335285, 'f1_micro': 0.978489224137931, 'prec_micro': 0.978489224137931, 'rec_micro': 0.978489224137931}
/home/azureuser/.local/lib/python3.8/site-packages/sklearn/metrics/_classification.py:1344: UndefinedMetricWarning: Precision and F-score are ill-defined and being set to 0.0 in labels with no predicted samples. Use `zero_division` parameter to control this behavior.
  _warn_prf(average, modifier, msg_start, len(result))
epoch 55 time: 58.9s, train loss: 21.97, metrics: {'f1': 0.0, 'f1_macro': 0.4892446120689655, 'prec_macro': 0.5, 'rec_macro': 0.49456383800335285, 'f1_micro': 0.978489224137931, 'prec_micro': 0.978489224137931, 'rec_micro': 0.978489224137931}
/home/azureuser/.local/lib/python3.8/site-packages/sklearn/metrics/_classification.py:1344: UndefinedMetricWarning: Precision and F-score are ill-defined and being set to 0.0 in labels with no predicted samples. Use `zero_division` parameter to control this behavior.
  _warn_prf(average, modifier, msg_start, len(result))
epoch 56 time: 58.9s, train loss: 21.95, metrics: {'f1': 0.0, 'f1_macro': 0.4892446120689655, 'prec_macro': 0.5, 'rec_macro': 0.49456383800335285, 'f1_micro': 0.978489224137931, 'prec_micro': 0.978489224137931, 'rec_micro': 0.978489224137931}
/home/azureuser/.local/lib/python3.8/site-packages/sklearn/metrics/_classification.py:1344: UndefinedMetricWarning: Precision and F-score are ill-defined and being set to 0.0 in labels with no predicted samples. Use `zero_division` parameter to control this behavior.
  _warn_prf(average, modifier, msg_start, len(result))
epoch 57 time: 59.2s, train loss: 21.94, metrics: {'f1': 0.0, 'f1_macro': 0.4892446120689655, 'prec_macro': 0.5, 'rec_macro': 0.49456383800335285, 'f1_micro': 0.978489224137931, 'prec_micro': 0.978489224137931, 'rec_micro': 0.978489224137931}
/home/azureuser/.local/lib/python3.8/site-packages/sklearn/metrics/_classification.py:1344: UndefinedMetricWarning: Precision and F-score are ill-defined and being set to 0.0 in labels with no predicted samples. Use `zero_division` parameter to control this behavior.
  _warn_prf(average, modifier, msg_start, len(result))
epoch 58 time: 58.9s, train loss: 21.92, metrics: {'f1': 0.0, 'f1_macro': 0.4892446120689655, 'prec_macro': 0.5, 'rec_macro': 0.49456383800335285, 'f1_micro': 0.978489224137931, 'prec_micro': 0.978489224137931, 'rec_micro': 0.978489224137931}
/home/azureuser/.local/lib/python3.8/site-packages/sklearn/metrics/_classification.py:1344: UndefinedMetricWarning: Precision and F-score are ill-defined and being set to 0.0 in labels with no predicted samples. Use `zero_division` parameter to control this behavior.
  _warn_prf(average, modifier, msg_start, len(result))
epoch 59 time: 58.9s, train loss: 21.9, metrics: {'f1': 0.0, 'f1_macro': 0.4892446120689655, 'prec_macro': 0.5, 'rec_macro': 0.49456383800335285, 'f1_micro': 0.978489224137931, 'prec_micro': 0.978489224137931, 'rec_micro': 0.978489224137931}
/home/azureuser/.local/lib/python3.8/site-packages/sklearn/metrics/_classification.py:1344: UndefinedMetricWarning: Precision and F-score are ill-defined and being set to 0.0 in labels with no predicted samples. Use `zero_division` parameter to control this behavior.
  _warn_prf(average, modifier, msg_start, len(result))
epoch 60 time: 59.1s, train loss: 21.89, metrics: {'f1': 0.0, 'f1_macro': 0.4892446120689655, 'prec_macro': 0.5, 'rec_macro': 0.49456383800335285, 'f1_micro': 0.978489224137931, 'prec_micro': 0.978489224137931, 'rec_micro': 0.978489224137931}
/home/azureuser/.local/lib/python3.8/site-packages/sklearn/metrics/_classification.py:1344: UndefinedMetricWarning: Precision and F-score are ill-defined and being set to 0.0 in labels with no predicted samples. Use `zero_division` parameter to control this behavior.
  _warn_prf(average, modifier, msg_start, len(result))
epoch 61 time: 59.0s, train loss: 21.88, metrics: {'f1': 0.0, 'f1_macro': 0.4892446120689655, 'prec_macro': 0.5, 'rec_macro': 0.49456383800335285, 'f1_micro': 0.978489224137931, 'prec_micro': 0.978489224137931, 'rec_micro': 0.978489224137931}
/home/azureuser/.local/lib/python3.8/site-packages/sklearn/metrics/_classification.py:1344: UndefinedMetricWarning: Precision and F-score are ill-defined and being set to 0.0 in labels with no predicted samples. Use `zero_division` parameter to control this behavior.
  _warn_prf(average, modifier, msg_start, len(result))
epoch 62 time: 58.9s, train loss: 21.86, metrics: {'f1': 0.0, 'f1_macro': 0.4892446120689655, 'prec_macro': 0.5, 'rec_macro': 0.49456383800335285, 'f1_micro': 0.978489224137931, 'prec_micro': 0.978489224137931, 'rec_micro': 0.978489224137931}
/home/azureuser/.local/lib/python3.8/site-packages/sklearn/metrics/_classification.py:1344: UndefinedMetricWarning: Precision and F-score are ill-defined and being set to 0.0 in labels with no predicted samples. Use `zero_division` parameter to control this behavior.
  _warn_prf(average, modifier, msg_start, len(result))
epoch 63 time: 58.9s, train loss: 21.85, metrics: {'f1': 0.0, 'f1_macro': 0.4892446120689655, 'prec_macro': 0.5, 'rec_macro': 0.49456383800335285, 'f1_micro': 0.978489224137931, 'prec_micro': 0.978489224137931, 'rec_micro': 0.978489224137931}
/home/azureuser/.local/lib/python3.8/site-packages/sklearn/metrics/_classification.py:1344: UndefinedMetricWarning: Precision and F-score are ill-defined and being set to 0.0 in labels with no predicted samples. Use `zero_division` parameter to control this behavior.
  _warn_prf(average, modifier, msg_start, len(result))
epoch 64 time: 58.8s, train loss: 21.84, metrics: {'f1': 0.0, 'f1_macro': 0.4892446120689655, 'prec_macro': 0.5, 'rec_macro': 0.49456383800335285, 'f1_micro': 0.978489224137931, 'prec_micro': 0.978489224137931, 'rec_micro': 0.978489224137931}
/home/azureuser/.local/lib/python3.8/site-packages/sklearn/metrics/_classification.py:1344: UndefinedMetricWarning: Precision and F-score are ill-defined and being set to 0.0 in labels with no predicted samples. Use `zero_division` parameter to control this behavior.
  _warn_prf(average, modifier, msg_start, len(result))
epoch 65 time: 58.9s, train loss: 21.82, metrics: {'f1': 0.0, 'f1_macro': 0.4892446120689655, 'prec_macro': 0.5, 'rec_macro': 0.49456383800335285, 'f1_micro': 0.978489224137931, 'prec_micro': 0.978489224137931, 'rec_micro': 0.978489224137931}
/home/azureuser/.local/lib/python3.8/site-packages/sklearn/metrics/_classification.py:1344: UndefinedMetricWarning: Precision and F-score are ill-defined and being set to 0.0 in labels with no predicted samples. Use `zero_division` parameter to control this behavior.
  _warn_prf(average, modifier, msg_start, len(result))
epoch 66 time: 58.9s, train loss: 21.81, metrics: {'f1': 0.0, 'f1_macro': 0.4892446120689655, 'prec_macro': 0.5, 'rec_macro': 0.49456383800335285, 'f1_micro': 0.978489224137931, 'prec_micro': 0.978489224137931, 'rec_micro': 0.978489224137931}
/home/azureuser/.local/lib/python3.8/site-packages/sklearn/metrics/_classification.py:1344: UndefinedMetricWarning: Precision and F-score are ill-defined and being set to 0.0 in labels with no predicted samples. Use `zero_division` parameter to control this behavior.
  _warn_prf(average, modifier, msg_start, len(result))
epoch 67 time: 59.0s, train loss: 21.8, metrics: {'f1': 0.0, 'f1_macro': 0.4892446120689655, 'prec_macro': 0.5, 'rec_macro': 0.49456383800335285, 'f1_micro': 0.978489224137931, 'prec_micro': 0.978489224137931, 'rec_micro': 0.978489224137931}
/home/azureuser/.local/lib/python3.8/site-packages/sklearn/metrics/_classification.py:1344: UndefinedMetricWarning: Precision and F-score are ill-defined and being set to 0.0 in labels with no predicted samples. Use `zero_division` parameter to control this behavior.
  _warn_prf(average, modifier, msg_start, len(result))
epoch 68 time: 58.9s, train loss: 21.79, metrics: {'f1': 0.0, 'f1_macro': 0.4892446120689655, 'prec_macro': 0.5, 'rec_macro': 0.49456383800335285, 'f1_micro': 0.978489224137931, 'prec_micro': 0.978489224137931, 'rec_micro': 0.978489224137931}
/home/azureuser/.local/lib/python3.8/site-packages/sklearn/metrics/_classification.py:1344: UndefinedMetricWarning: Precision and F-score are ill-defined and being set to 0.0 in labels with no predicted samples. Use `zero_division` parameter to control this behavior.
  _warn_prf(average, modifier, msg_start, len(result))
epoch 69 time: 58.9s, train loss: 21.78, metrics: {'f1': 0.0, 'f1_macro': 0.4892446120689655, 'prec_macro': 0.5, 'rec_macro': 0.49456383800335285, 'f1_micro': 0.978489224137931, 'prec_micro': 0.978489224137931, 'rec_micro': 0.978489224137931}
/home/azureuser/.local/lib/python3.8/site-packages/sklearn/metrics/_classification.py:1344: UndefinedMetricWarning: Precision and F-score are ill-defined and being set to 0.0 in labels with no predicted samples. Use `zero_division` parameter to control this behavior.
  _warn_prf(average, modifier, msg_start, len(result))
epoch 70 time: 58.9s, train loss: 21.77, metrics: {'f1': 0.0, 'f1_macro': 0.4892446120689655, 'prec_macro': 0.5, 'rec_macro': 0.49456383800335285, 'f1_micro': 0.978489224137931, 'prec_micro': 0.978489224137931, 'rec_micro': 0.978489224137931}
/home/azureuser/.local/lib/python3.8/site-packages/sklearn/metrics/_classification.py:1344: UndefinedMetricWarning: Precision and F-score are ill-defined and being set to 0.0 in labels with no predicted samples. Use `zero_division` parameter to control this behavior.
  _warn_prf(average, modifier, msg_start, len(result))
epoch 71 time: 58.9s, train loss: 21.76, metrics: {'f1': 0.0, 'f1_macro': 0.4892446120689655, 'prec_macro': 0.5, 'rec_macro': 0.49456383800335285, 'f1_micro': 0.978489224137931, 'prec_micro': 0.978489224137931, 'rec_micro': 0.978489224137931}
/home/azureuser/.local/lib/python3.8/site-packages/sklearn/metrics/_classification.py:1344: UndefinedMetricWarning: Precision and F-score are ill-defined and being set to 0.0 in labels with no predicted samples. Use `zero_division` parameter to control this behavior.
  _warn_prf(average, modifier, msg_start, len(result))
epoch 72 time: 59.1s, train loss: 21.75, metrics: {'f1': 0.0, 'f1_macro': 0.4892446120689655, 'prec_macro': 0.5, 'rec_macro': 0.49456383800335285, 'f1_micro': 0.978489224137931, 'prec_micro': 0.978489224137931, 'rec_micro': 0.978489224137931}
/home/azureuser/.local/lib/python3.8/site-packages/sklearn/metrics/_classification.py:1344: UndefinedMetricWarning: Precision and F-score are ill-defined and being set to 0.0 in labels with no predicted samples. Use `zero_division` parameter to control this behavior.
  _warn_prf(average, modifier, msg_start, len(result))
epoch 73 time: 59.3s, train loss: 21.74, metrics: {'f1': 0.0, 'f1_macro': 0.4892446120689655, 'prec_macro': 0.5, 'rec_macro': 0.49456383800335285, 'f1_micro': 0.978489224137931, 'prec_micro': 0.978489224137931, 'rec_micro': 0.978489224137931}
/home/azureuser/.local/lib/python3.8/site-packages/sklearn/metrics/_classification.py:1344: UndefinedMetricWarning: Precision and F-score are ill-defined and being set to 0.0 in labels with no predicted samples. Use `zero_division` parameter to control this behavior.
  _warn_prf(average, modifier, msg_start, len(result))
epoch 74 time: 59.2s, train loss: 21.73, metrics: {'f1': 0.0, 'f1_macro': 0.4892446120689655, 'prec_macro': 0.5, 'rec_macro': 0.49456383800335285, 'f1_micro': 0.978489224137931, 'prec_micro': 0.978489224137931, 'rec_micro': 0.978489224137931}
/home/azureuser/.local/lib/python3.8/site-packages/sklearn/metrics/_classification.py:1344: UndefinedMetricWarning: Precision and F-score are ill-defined and being set to 0.0 in labels with no predicted samples. Use `zero_division` parameter to control this behavior.
  _warn_prf(average, modifier, msg_start, len(result))
epoch 75 time: 59.7s, train loss: 21.72, metrics: {'f1': 0.0, 'f1_macro': 0.4892446120689655, 'prec_macro': 0.5, 'rec_macro': 0.49456383800335285, 'f1_micro': 0.978489224137931, 'prec_micro': 0.978489224137931, 'rec_micro': 0.978489224137931}
/home/azureuser/.local/lib/python3.8/site-packages/sklearn/metrics/_classification.py:1344: UndefinedMetricWarning: Precision and F-score are ill-defined and being set to 0.0 in labels with no predicted samples. Use `zero_division` parameter to control this behavior.
  _warn_prf(average, modifier, msg_start, len(result))
epoch 76 time: 59.5s, train loss: 21.71, metrics: {'f1': 0.0, 'f1_macro': 0.4892446120689655, 'prec_macro': 0.5, 'rec_macro': 0.49456383800335285, 'f1_micro': 0.978489224137931, 'prec_micro': 0.978489224137931, 'rec_micro': 0.978489224137931}
/home/azureuser/.local/lib/python3.8/site-packages/sklearn/metrics/_classification.py:1344: UndefinedMetricWarning: Precision and F-score are ill-defined and being set to 0.0 in labels with no predicted samples. Use `zero_division` parameter to control this behavior.
  _warn_prf(average, modifier, msg_start, len(result))
epoch 77 time: 59.8s, train loss: 21.7, metrics: {'f1': 0.0, 'f1_macro': 0.4892446120689655, 'prec_macro': 0.5, 'rec_macro': 0.49456383800335285, 'f1_micro': 0.978489224137931, 'prec_micro': 0.978489224137931, 'rec_micro': 0.978489224137931}
/home/azureuser/.local/lib/python3.8/site-packages/sklearn/metrics/_classification.py:1344: UndefinedMetricWarning: Precision and F-score are ill-defined and being set to 0.0 in labels with no predicted samples. Use `zero_division` parameter to control this behavior.
  _warn_prf(average, modifier, msg_start, len(result))
epoch 78 time: 59.5s, train loss: 21.69, metrics: {'f1': 0.0, 'f1_macro': 0.4892446120689655, 'prec_macro': 0.5, 'rec_macro': 0.49456383800335285, 'f1_micro': 0.978489224137931, 'prec_micro': 0.978489224137931, 'rec_micro': 0.978489224137931}
/home/azureuser/.local/lib/python3.8/site-packages/sklearn/metrics/_classification.py:1344: UndefinedMetricWarning: Precision and F-score are ill-defined and being set to 0.0 in labels with no predicted samples. Use `zero_division` parameter to control this behavior.
  _warn_prf(average, modifier, msg_start, len(result))
epoch 79 time: 59.0s, train loss: 21.68, metrics: {'f1': 0.0, 'f1_macro': 0.4892446120689655, 'prec_macro': 0.5, 'rec_macro': 0.49456383800335285, 'f1_micro': 0.978489224137931, 'prec_micro': 0.978489224137931, 'rec_micro': 0.978489224137931}
/home/azureuser/.local/lib/python3.8/site-packages/sklearn/metrics/_classification.py:1344: UndefinedMetricWarning: Precision and F-score are ill-defined and being set to 0.0 in labels with no predicted samples. Use `zero_division` parameter to control this behavior.
  _warn_prf(average, modifier, msg_start, len(result))
epoch 80 time: 59.2s, train loss: 21.67, metrics: {'f1': 0.0, 'f1_macro': 0.4892446120689655, 'prec_macro': 0.5, 'rec_macro': 0.49456383800335285, 'f1_micro': 0.978489224137931, 'prec_micro': 0.978489224137931, 'rec_micro': 0.978489224137931}
/home/azureuser/.local/lib/python3.8/site-packages/sklearn/metrics/_classification.py:1344: UndefinedMetricWarning: Precision and F-score are ill-defined and being set to 0.0 in labels with no predicted samples. Use `zero_division` parameter to control this behavior.
  _warn_prf(average, modifier, msg_start, len(result))
epoch 81 time: 59.1s, train loss: 21.67, metrics: {'f1': 0.0, 'f1_macro': 0.4892446120689655, 'prec_macro': 0.5, 'rec_macro': 0.49456383800335285, 'f1_micro': 0.978489224137931, 'prec_micro': 0.978489224137931, 'rec_micro': 0.978489224137931}
/home/azureuser/.local/lib/python3.8/site-packages/sklearn/metrics/_classification.py:1344: UndefinedMetricWarning: Precision and F-score are ill-defined and being set to 0.0 in labels with no predicted samples. Use `zero_division` parameter to control this behavior.
  _warn_prf(average, modifier, msg_start, len(result))
epoch 82 time: 59.0s, train loss: 21.66, metrics: {'f1': 0.0, 'f1_macro': 0.4892446120689655, 'prec_macro': 0.5, 'rec_macro': 0.49456383800335285, 'f1_micro': 0.978489224137931, 'prec_micro': 0.978489224137931, 'rec_micro': 0.978489224137931}
/home/azureuser/.local/lib/python3.8/site-packages/sklearn/metrics/_classification.py:1344: UndefinedMetricWarning: Precision and F-score are ill-defined and being set to 0.0 in labels with no predicted samples. Use `zero_division` parameter to control this behavior.
  _warn_prf(average, modifier, msg_start, len(result))
epoch 83 time: 58.9s, train loss: 21.65, metrics: {'f1': 0.0, 'f1_macro': 0.4892446120689655, 'prec_macro': 0.5, 'rec_macro': 0.49456383800335285, 'f1_micro': 0.978489224137931, 'prec_micro': 0.978489224137931, 'rec_micro': 0.978489224137931}
/home/azureuser/.local/lib/python3.8/site-packages/sklearn/metrics/_classification.py:1344: UndefinedMetricWarning: Precision and F-score are ill-defined and being set to 0.0 in labels with no predicted samples. Use `zero_division` parameter to control this behavior.
  _warn_prf(average, modifier, msg_start, len(result))
epoch 84 time: 59.2s, train loss: 21.64, metrics: {'f1': 0.0, 'f1_macro': 0.4892446120689655, 'prec_macro': 0.5, 'rec_macro': 0.49456383800335285, 'f1_micro': 0.978489224137931, 'prec_micro': 0.978489224137931, 'rec_micro': 0.978489224137931}
/home/azureuser/.local/lib/python3.8/site-packages/sklearn/metrics/_classification.py:1344: UndefinedMetricWarning: Precision and F-score are ill-defined and being set to 0.0 in labels with no predicted samples. Use `zero_division` parameter to control this behavior.
  _warn_prf(average, modifier, msg_start, len(result))
epoch 85 time: 59.4s, train loss: 21.64, metrics: {'f1': 0.0, 'f1_macro': 0.4892446120689655, 'prec_macro': 0.5, 'rec_macro': 0.49456383800335285, 'f1_micro': 0.978489224137931, 'prec_micro': 0.978489224137931, 'rec_micro': 0.978489224137931}
/home/azureuser/.local/lib/python3.8/site-packages/sklearn/metrics/_classification.py:1344: UndefinedMetricWarning: Precision and F-score are ill-defined and being set to 0.0 in labels with no predicted samples. Use `zero_division` parameter to control this behavior.
  _warn_prf(average, modifier, msg_start, len(result))
epoch 86 time: 59.3s, train loss: 21.63, metrics: {'f1': 0.0, 'f1_macro': 0.4892446120689655, 'prec_macro': 0.5, 'rec_macro': 0.49456383800335285, 'f1_micro': 0.978489224137931, 'prec_micro': 0.978489224137931, 'rec_micro': 0.978489224137931}
/home/azureuser/.local/lib/python3.8/site-packages/sklearn/metrics/_classification.py:1344: UndefinedMetricWarning: Precision and F-score are ill-defined and being set to 0.0 in labels with no predicted samples. Use `zero_division` parameter to control this behavior.
  _warn_prf(average, modifier, msg_start, len(result))
epoch 87 time: 59.4s, train loss: 21.62, metrics: {'f1': 0.0, 'f1_macro': 0.4892446120689655, 'prec_macro': 0.5, 'rec_macro': 0.49456383800335285, 'f1_micro': 0.978489224137931, 'prec_micro': 0.978489224137931, 'rec_micro': 0.978489224137931}
/home/azureuser/.local/lib/python3.8/site-packages/sklearn/metrics/_classification.py:1344: UndefinedMetricWarning: Precision and F-score are ill-defined and being set to 0.0 in labels with no predicted samples. Use `zero_division` parameter to control this behavior.
  _warn_prf(average, modifier, msg_start, len(result))
epoch 88 time: 59.8s, train loss: 21.61, metrics: {'f1': 0.0, 'f1_macro': 0.4892446120689655, 'prec_macro': 0.5, 'rec_macro': 0.49456383800335285, 'f1_micro': 0.978489224137931, 'prec_micro': 0.978489224137931, 'rec_micro': 0.978489224137931}
/home/azureuser/.local/lib/python3.8/site-packages/sklearn/metrics/_classification.py:1344: UndefinedMetricWarning: Precision and F-score are ill-defined and being set to 0.0 in labels with no predicted samples. Use `zero_division` parameter to control this behavior.
  _warn_prf(average, modifier, msg_start, len(result))
epoch 89 time: 59.2s, train loss: 21.61, metrics: {'f1': 0.0, 'f1_macro': 0.4892446120689655, 'prec_macro': 0.5, 'rec_macro': 0.49456383800335285, 'f1_micro': 0.978489224137931, 'prec_micro': 0.978489224137931, 'rec_micro': 0.978489224137931}
/home/azureuser/.local/lib/python3.8/site-packages/sklearn/metrics/_classification.py:1344: UndefinedMetricWarning: Precision and F-score are ill-defined and being set to 0.0 in labels with no predicted samples. Use `zero_division` parameter to control this behavior.
  _warn_prf(average, modifier, msg_start, len(result))
epoch 90 time: 59.3s, train loss: 21.6, metrics: {'f1': 0.0, 'f1_macro': 0.4892446120689655, 'prec_macro': 0.5, 'rec_macro': 0.49456383800335285, 'f1_micro': 0.978489224137931, 'prec_micro': 0.978489224137931, 'rec_micro': 0.978489224137931}
/home/azureuser/.local/lib/python3.8/site-packages/sklearn/metrics/_classification.py:1344: UndefinedMetricWarning: Precision and F-score are ill-defined and being set to 0.0 in labels with no predicted samples. Use `zero_division` parameter to control this behavior.
  _warn_prf(average, modifier, msg_start, len(result))
epoch 91 time: 59.2s, train loss: 21.6, metrics: {'f1': 0.0, 'f1_macro': 0.4892446120689655, 'prec_macro': 0.5, 'rec_macro': 0.49456383800335285, 'f1_micro': 0.978489224137931, 'prec_micro': 0.978489224137931, 'rec_micro': 0.978489224137931}
/home/azureuser/.local/lib/python3.8/site-packages/sklearn/metrics/_classification.py:1344: UndefinedMetricWarning: Precision and F-score are ill-defined and being set to 0.0 in labels with no predicted samples. Use `zero_division` parameter to control this behavior.
  _warn_prf(average, modifier, msg_start, len(result))
epoch 92 time: 59.3s, train loss: 21.59, metrics: {'f1': 0.0, 'f1_macro': 0.4892446120689655, 'prec_macro': 0.5, 'rec_macro': 0.49456383800335285, 'f1_micro': 0.978489224137931, 'prec_micro': 0.978489224137931, 'rec_micro': 0.978489224137931}
/home/azureuser/.local/lib/python3.8/site-packages/sklearn/metrics/_classification.py:1344: UndefinedMetricWarning: Precision and F-score are ill-defined and being set to 0.0 in labels with no predicted samples. Use `zero_division` parameter to control this behavior.
  _warn_prf(average, modifier, msg_start, len(result))
epoch 93 time: 59.2s, train loss: 21.58, metrics: {'f1': 0.0, 'f1_macro': 0.4892446120689655, 'prec_macro': 0.5, 'rec_macro': 0.49456383800335285, 'f1_micro': 0.978489224137931, 'prec_micro': 0.978489224137931, 'rec_micro': 0.978489224137931}
/home/azureuser/.local/lib/python3.8/site-packages/sklearn/metrics/_classification.py:1344: UndefinedMetricWarning: Precision and F-score are ill-defined and being set to 0.0 in labels with no predicted samples. Use `zero_division` parameter to control this behavior.
  _warn_prf(average, modifier, msg_start, len(result))
epoch 94 time: 59.3s, train loss: 21.58, metrics: {'f1': 0.0, 'f1_macro': 0.4892446120689655, 'prec_macro': 0.5, 'rec_macro': 0.49456383800335285, 'f1_micro': 0.978489224137931, 'prec_micro': 0.978489224137931, 'rec_micro': 0.978489224137931}
/home/azureuser/.local/lib/python3.8/site-packages/sklearn/metrics/_classification.py:1344: UndefinedMetricWarning: Precision and F-score are ill-defined and being set to 0.0 in labels with no predicted samples. Use `zero_division` parameter to control this behavior.
  _warn_prf(average, modifier, msg_start, len(result))
epoch 95 time: 59.0s, train loss: 21.57, metrics: {'f1': 0.0, 'f1_macro': 0.4892446120689655, 'prec_macro': 0.5, 'rec_macro': 0.49456383800335285, 'f1_micro': 0.978489224137931, 'prec_micro': 0.978489224137931, 'rec_micro': 0.978489224137931}
/home/azureuser/.local/lib/python3.8/site-packages/sklearn/metrics/_classification.py:1344: UndefinedMetricWarning: Precision and F-score are ill-defined and being set to 0.0 in labels with no predicted samples. Use `zero_division` parameter to control this behavior.
  _warn_prf(average, modifier, msg_start, len(result))
epoch 96 time: 59.0s, train loss: 21.57, metrics: {'f1': 0.0, 'f1_macro': 0.4892446120689655, 'prec_macro': 0.5, 'rec_macro': 0.49456383800335285, 'f1_micro': 0.978489224137931, 'prec_micro': 0.978489224137931, 'rec_micro': 0.978489224137931}
/home/azureuser/.local/lib/python3.8/site-packages/sklearn/metrics/_classification.py:1344: UndefinedMetricWarning: Precision and F-score are ill-defined and being set to 0.0 in labels with no predicted samples. Use `zero_division` parameter to control this behavior.
  _warn_prf(average, modifier, msg_start, len(result))
epoch 97 time: 58.9s, train loss: 21.56, metrics: {'f1': 0.0, 'f1_macro': 0.4892446120689655, 'prec_macro': 0.5, 'rec_macro': 0.49456383800335285, 'f1_micro': 0.978489224137931, 'prec_micro': 0.978489224137931, 'rec_micro': 0.978489224137931}
/home/azureuser/.local/lib/python3.8/site-packages/sklearn/metrics/_classification.py:1344: UndefinedMetricWarning: Precision and F-score are ill-defined and being set to 0.0 in labels with no predicted samples. Use `zero_division` parameter to control this behavior.
  _warn_prf(average, modifier, msg_start, len(result))
epoch 98 time: 58.8s, train loss: 21.56, metrics: {'f1': 0.0, 'f1_macro': 0.4892446120689655, 'prec_macro': 0.5, 'rec_macro': 0.49456383800335285, 'f1_micro': 0.978489224137931, 'prec_micro': 0.978489224137931, 'rec_micro': 0.978489224137931}
/home/azureuser/.local/lib/python3.8/site-packages/sklearn/metrics/_classification.py:1344: UndefinedMetricWarning: Precision and F-score are ill-defined and being set to 0.0 in labels with no predicted samples. Use `zero_division` parameter to control this behavior.
  _warn_prf(average, modifier, msg_start, len(result))
epoch 99 time: 58.9s, train loss: 21.55, metrics: {'f1': 0.0, 'f1_macro': 0.4892446120689655, 'prec_macro': 0.5, 'rec_macro': 0.49456383800335285, 'f1_micro': 0.978489224137931, 'prec_micro': 0.978489224137931, 'rec_micro': 0.978489224137931}
/home/azureuser/.local/lib/python3.8/site-packages/sklearn/metrics/_classification.py:1344: UndefinedMetricWarning: Precision and F-score are ill-defined and being set to 0.0 in labels with no predicted samples. Use `zero_division` parameter to control this behavior.
  _warn_prf(average, modifier, msg_start, len(result))
epoch 100 time: 58.8s, train loss: 21.55, metrics: {'f1': 0.0, 'f1_macro': 0.4892446120689655, 'prec_macro': 0.5, 'rec_macro': 0.49456383800335285, 'f1_micro': 0.978489224137931, 'prec_micro': 0.978489224137931, 'rec_micro': 0.978489224137931}
post-training summary -- best {}
run 2 start -- seed=1
epoch 1 time: 58.9s, train loss: 24.64, metrics: {'f1': 0.05276201974451364, 'f1_macro': 0.506599202679844, 'prec_macro': 0.5774922134995091, 'rec_macro': 0.33536507593676984, 'f1_micro': 0.4555280172413793, 'prec_micro': 0.4555280172413793, 'rec_micro': 0.4555280172413793}
epoch 2 time: 58.9s, train loss: 24.48, metrics: {'f1': 0.15313819984203117, 'f1_macro': 0.5389654915348582, 'prec_macro': 0.7572386010355663, 'rec_macro': 0.5325663686718854, 'f1_micro': 0.8405581896551724, 'prec_micro': 0.8405581896551724, 'rec_micro': 0.8405581896551724}
epoch 3 time: 58.8s, train loss: 24.32, metrics: {'f1': 0.15224058844285213, 'f1_macro': 0.5385622595526366, 'prec_macro': 0.7170041680617343, 'rec_macro': 0.5395599662857958, 'f1_micro': 0.8653706896551724, 'prec_micro': 0.8653706896551724, 'rec_micro': 0.8653706896551724}
epoch 4 time: 58.8s, train loss: 24.16, metrics: {'f1': 0.14902705268153774, 'f1_macro': 0.5381142563957755, 'prec_macro': 0.6710806035752994, 'rec_macro': 0.5456275833531647, 'f1_micro': 0.891801724137931, 'prec_micro': 0.891801724137931, 'rec_micro': 0.891801724137931}
epoch 5 time: 58.8s, train loss: 24.01, metrics: {'f1': 0.1478373497272744, 'f1_macro': 0.5381144925825743, 'prec_macro': 0.6580712528971724, 'rec_macro': 0.5471699864443711, 'f1_micro': 0.8993254310344828, 'prec_micro': 0.8993254310344828, 'rec_micro': 0.8993254310344828}
epoch 6 time: 58.8s, train loss: 23.86, metrics: {'f1': 0.14576071013581726, 'f1_macro': 0.5376932434482562, 'prec_macro': 0.6490558129178245, 'rec_macro': 0.5472693634436652, 'f1_micro': 0.9033512931034483, 'prec_micro': 0.9033512931034483, 'rec_micro': 0.9033512931034482}
epoch 7 time: 58.8s, train loss: 23.72, metrics: {'f1': 0.1431797843780628, 'f1_macro': 0.5377110817730666, 'prec_macro': 0.6313246598543465, 'rec_macro': 0.5487686733473102, 'f1_micro': 0.9133318965517241, 'prec_micro': 0.9133318965517241, 'rec_micro': 0.9133318965517241}
epoch 8 time: 58.8s, train loss: 23.58, metrics: {'f1': 0.13933331771650775, 'f1_macro': 0.537339616862716, 'prec_macro': 0.6162377421927231, 'rec_macro': 0.5489163236653104, 'f1_micro': 0.9208168103448275, 'prec_micro': 0.9208168103448275, 'rec_micro': 0.9208168103448275}
epoch 9 time: 58.8s, train loss: 23.44, metrics: {'f1': 0.13848265417199113, 'f1_macro': 0.5371556450336917, 'prec_macro': 0.6142549620276887, 'rec_macro': 0.5486901959439701, 'f1_micro': 0.9215387931034483, 'prec_micro': 0.9215387931034483, 'rec_micro': 0.9215387931034483}
epoch 10 time: 58.7s, train loss: 23.31, metrics: {'f1': 0.13875338753387534, 'f1_macro': 0.5377333349673562, 'prec_macro': 0.6104602793596562, 'rec_macro': 0.5496800484733304, 'f1_micro': 0.9246594827586206, 'prec_micro': 0.9246594827586206, 'rec_micro': 0.9246594827586206}
epoch 11 time: 58.8s, train loss: 23.18, metrics: {'f1': 0.13683614656237134, 'f1_macro': 0.5376167080699051, 'prec_macro': 0.6043232372224443, 'rec_macro': 0.5495536925790209, 'f1_micro': 0.9277025862068966, 'prec_micro': 0.9277025862068966, 'rec_micro': 0.9277025862068966}
epoch 12 time: 59.3s, train loss: 23.06, metrics: {'f1': 0.13626088086267377, 'f1_macro': 0.5375445578633562, 'prec_macro': 0.6028463517513011, 'rec_macro': 0.549445539108706, 'f1_micro': 0.9283599137931035, 'prec_micro': 0.9283599137931035, 'rec_micro': 0.9283599137931035}
epoch 13 time: 60.4s, train loss: 22.94, metrics: {'f1': 0.13673031757377718, 'f1_macro': 0.5374723622454666, 'prec_macro': 0.6049567770397586, 'rec_macro': 0.5493423557248789, 'f1_micro': 0.9271206896551724, 'prec_micro': 0.9271206896551724, 'rec_micro': 0.9271206896551724}
epoch 14 time: 59.1s, train loss: 22.82, metrics: {'f1': 0.13768666160465703, 'f1_macro': 0.537700280268704, 'prec_macro': 0.6067347970879947, 'rec_macro': 0.5496703519280587, 'f1_micro': 0.926573275862069, 'prec_micro': 0.926573275862069, 'rec_micro': 0.9265732758620688}
epoch 15 time: 59.0s, train loss: 22.71, metrics: {'f1': 0.13771902858899476, 'f1_macro': 0.5378732799623553, 'prec_macro': 0.6056185150707976, 'rec_macro': 0.5499273640611921, 'f1_micro': 0.9274568965517241, 'prec_micro': 0.9274568965517241, 'rec_micro': 0.9274568965517241}
epoch 16 time: 58.9s, train loss: 22.61, metrics: {'f1': 0.13736897274633122, 'f1_macro': 0.5380624299373471, 'prec_macro': 0.6031530698315765, 'rec_macro': 0.550187902717677, 'f1_micro': 0.9290560344827586, 'prec_micro': 0.9290560344827586, 'rec_micro': 0.9290560344827586}
epoch 17 time: 62.1s, train loss: 22.5, metrics: {'f1': 0.13766519823788548, 'f1_macro': 0.5381781620871521, 'prec_macro': 0.6033842862688747, 'rec_macro': 0.5503544945996004, 'f1_micro': 0.929125, 'prec_micro': 0.929125, 'rec_micro': 0.929125}
epoch 18 time: 64.0s, train loss: 22.41, metrics: {'f1': 0.13856249837885506, 'f1_macro': 0.5383475252815052, 'prec_macro': 0.6052800913781893, 'rec_macro': 0.5506117837800214, 'f1_micro': 0.9284245689655173, 'prec_micro': 0.9284245689655173, 'rec_micro': 0.9284245689655173}
epoch 19 time: 60.9s, train loss: 22.31, metrics: {'f1': 0.1391449252720929, 'f1_macro': 0.538610820390217, 'prec_macro': 0.6054931753326305, 'rec_macro': 0.5509898283107251, 'f1_micro': 0.9287456896551725, 'prec_micro': 0.9287456896551725, 'rec_micro': 0.9287456896551725}
epoch 20 time: 59.1s, train loss: 22.22, metrics: {'f1': 0.13878523223501388, 'f1_macro': 0.5387160608840903, 'prec_macro': 0.6036172445993977, 'rec_macro': 0.5511155706846621, 'f1_micro': 0.9298685344827586, 'prec_micro': 0.9298685344827586, 'rec_micro': 0.9298685344827586}
epoch 21 time: 60.0s, train loss: 22.14, metrics: {'f1': 0.13902860944777112, 'f1_macro': 0.5388863033452849, 'prec_macro': 0.6033365478904179, 'rec_macro': 0.5513482604191996, 'f1_micro': 0.9302780172413793, 'prec_micro': 0.9302780172413793, 'rec_micro': 0.9302780172413793}
epoch 22 time: 60.3s, train loss: 22.06, metrics: {'f1': 0.13986270502541528, 'f1_macro': 0.5389589994750476, 'prec_macro': 0.6056038920829553, 'rec_macro': 0.5514852153680267, 'f1_micro': 0.92925, 'prec_micro': 0.92925, 'rec_micro': 0.92925}
epoch 23 time: 63.2s, train loss: 21.98, metrics: {'f1': 0.14046615102051374, 'f1_macro': 0.538993730214279, 'prec_macro': 0.6074182028054709, 'rec_macro': 0.5515524314842737, 'f1_micro': 0.9283900862068966, 'prec_micro': 0.9283900862068966, 'rec_micro': 0.9283900862068966}
epoch 24 time: 63.2s, train loss: 21.9, metrics: {'f1': 0.14064879093654029, 'f1_macro': 0.539025867701853, 'prec_macro': 0.6078288500231299, 'rec_macro': 0.5516013352749164, 'f1_micro': 0.9282349137931034, 'prec_micro': 0.9282349137931034, 'rec_micro': 0.9282349137931034}
epoch 25 time: 63.2s, train loss: 21.83, metrics: {'f1': 0.14057458103466222, 'f1_macro': 0.5391170584686321, 'prec_macro': 0.6069536445055759, 'rec_macro': 0.5517244310748127, 'f1_micro': 0.9288232758620689, 'prec_micro': 0.9288232758620689, 'rec_micro': 0.9288232758620689}
epoch 26 time: 63.3s, train loss: 21.77, metrics: {'f1': 0.1403986693558949, 'f1_macro': 0.5391479995642527, 'prec_macro': 0.6061549390722349, 'rec_macro': 0.5517591505064886, 'f1_micro': 0.9292737068965518, 'prec_micro': 0.9292737068965518, 'rec_micro': 0.9292737068965518}
epoch 27 time: 63.1s, train loss: 21.7, metrics: {'f1': 0.14048424889351732, 'f1_macro': 0.5390912556709686, 'prec_macro': 0.6068198780955043, 'rec_macro': 0.5516863852860217, 'f1_micro': 0.9288491379310345, 'prec_micro': 0.9288491379310345, 'rec_micro': 0.9288491379310345}
epoch 28 time: 63.5s, train loss: 21.64, metrics: {'f1': 0.14050606871014193, 'f1_macro': 0.5389245872154448, 'prec_macro': 0.6080341479233942, 'rec_macro': 0.5514567522218865, 'f1_micro': 0.9279655172413793, 'prec_micro': 0.9279655172413793, 'rec_micro': 0.9279655172413793}
epoch 29 time: 62.8s, train loss: 21.58, metrics: {'f1': 0.14075657301779415, 'f1_macro': 0.5390342002401229, 'prec_macro': 0.6081459145320854, 'rec_macro': 0.5516152195034864, 'f1_micro': 0.9280883620689655, 'prec_micro': 0.9280883620689655, 'rec_micro': 0.9280883620689656}
epoch 30 time: 59.9s, train loss: 21.53, metrics: {'f1': 0.14107905291758313, 'f1_macro': 0.539218290760246, 'prec_macro': 0.607994579131188, 'rec_macro': 0.5518782494659147, 'f1_micro': 0.9284633620689655, 'prec_micro': 0.9284633620689655, 'rec_micro': 0.9284633620689655}
epoch 31 time: 60.0s, train loss: 21.48, metrics: {'f1': 0.1412972663070388, 'f1_macro': 0.5393976632804803, 'prec_macro': 0.6075261792213352, 'rec_macro': 0.5521290738325905, 'f1_micro': 0.9289849137931034, 'prec_micro': 0.9289849137931034, 'rec_micro': 0.9289849137931034}
epoch 32 time: 60.8s, train loss: 21.43, metrics: {'f1': 0.14120033284793013, 'f1_macro': 0.5393317410959768, 'prec_macro': 0.6076395591804244, 'rec_macro': 0.552036722682003, 'f1_micro': 0.9288232758620689, 'prec_micro': 0.9288232758620689, 'rec_micro': 0.9288232758620689}
epoch 33 time: 62.1s, train loss: 21.38, metrics: {'f1': 0.14106485561719115, 'f1_macro': 0.5392378166595937, 'prec_macro': 0.6078123823078014, 'rec_macro': 0.5519045998484147, 'f1_micro': 0.9285862068965517, 'prec_micro': 0.9285862068965517, 'rec_micro': 0.9285862068965516}
epoch 34 time: 60.6s, train loss: 21.34, metrics: {'f1': 0.1414766138384229, 'f1_macro': 0.5393026919218512, 'prec_macro': 0.6087911077220999, 'rec_macro': 0.5520050706774422, 'f1_micro': 0.9282004310344828, 'prec_micro': 0.9282004310344828, 'rec_micro': 0.9282004310344828}
epoch 35 time: 59.2s, train loss: 21.3, metrics: {'f1': 0.1419444587562471, 'f1_macro': 0.5394658558443434, 'prec_macro': 0.6092887557040441, 'rec_macro': 0.5522426554551247, 'f1_micro': 0.9282155172413793, 'prec_micro': 0.9282155172413793, 'rec_micro': 0.9282155172413793}
epoch 36 time: 60.6s, train loss: 21.26, metrics: {'f1': 0.1423025157883839, 'f1_macro': 0.5396611398354274, 'prec_macro': 0.6091820091065039, 'rec_macro': 0.5525210907185473, 'f1_micro': 0.9285818965517242, 'prec_micro': 0.9285818965517242, 'rec_micro': 0.9285818965517242}
epoch 37 time: 61.3s, train loss: 21.22, metrics: {'f1': 0.1422883759660673, 'f1_macro': 0.5397332590596386, 'prec_macro': 0.6086420262893278, 'rec_macro': 0.5526178421376767, 'f1_micro': 0.9289633620689656, 'prec_micro': 0.9289633620689656, 'rec_micro': 0.9289633620689657}
epoch 38 time: 61.4s, train loss: 21.19, metrics: {'f1': 0.14249536589823253, 'f1_macro': 0.539855434453968, 'prec_macro': 0.6085248047202808, 'rec_macro': 0.5527891515614641, 'f1_micro': 0.9292133620689655, 'prec_micro': 0.9292133620689655, 'rec_micro': 0.9292133620689655}
epoch 39 time: 59.8s, train loss: 21.16, metrics: {'f1': 0.1427528675703858, 'f1_macro': 0.5399264764638312, 'prec_macro': 0.6089228001240037, 'rec_macro': 0.5528948007650949, 'f1_micro': 0.9291293103448276, 'prec_micro': 0.9291293103448276, 'rec_micro': 0.9291293103448276}
epoch 40 time: 59.4s, train loss: 21.13, metrics: {'f1': 0.14300938320380524, 'f1_macro': 0.5399760580581711, 'prec_macro': 0.6094639099252425, 'rec_macro': 0.5529718083954345, 'f1_micro': 0.9289418103448276, 'prec_micro': 0.9289418103448276, 'rec_micro': 0.9289418103448276}
epoch 41 time: 60.2s, train loss: 21.1, metrics: {'f1': 0.14286829979434046, 'f1_macro': 0.539947943521598, 'prec_macro': 0.6091716112606931, 'rec_macro': 0.5529283713729787, 'f1_micro': 0.929040948275862, 'prec_micro': 0.929040948275862, 'rec_micro': 0.929040948275862}
epoch 42 time: 61.1s, train loss: 21.08, metrics: {'f1': 0.14296130409874483, 'f1_macro': 0.5399855705359347, 'prec_macro': 0.6092349217475042, 'rec_macro': 0.5529824090227469, 'f1_micro': 0.9290689655172414, 'prec_micro': 0.9290689655172414, 'rec_micro': 0.9290689655172414}
epoch 43 time: 61.5s, train loss: 21.05, metrics: {'f1': 0.14290178106447246, 'f1_macro': 0.5399633950313094, 'prec_macro': 0.6091815227401687, 'rec_macro': 0.5529503577060995, 'f1_micro': 0.9290603448275863, 'prec_micro': 0.9290603448275863, 'rec_micro': 0.9290603448275861}
epoch 44 time: 60.0s, train loss: 21.03, metrics: {'f1': 0.14278626452539495, 'f1_macro': 0.539963233408951, 'prec_macro': 0.6087895972059635, 'rec_macro': 0.552944882561954, 'f1_micro': 0.9292521551724138, 'prec_micro': 0.9292521551724138, 'rec_micro': 0.9292521551724137}
epoch 45 time: 59.0s, train loss: 21.01, metrics: {'f1': 0.14250562797759278, 'f1_macro': 0.539897735024052, 'prec_macro': 0.60827765835112, 'rec_macro': 0.5528452653092084, 'f1_micro': 0.9294008620689655, 'prec_micro': 0.9294008620689655, 'rec_micro': 0.9294008620689655}
epoch 46 time: 59.9s, train loss: 21.0, metrics: {'f1': 0.14263948723337186, 'f1_macro': 0.5399977366957011, 'prec_macro': 0.6080668540733694, 'rec_macro': 0.5529823875040841, 'f1_micro': 0.9296594827586206, 'prec_micro': 0.9296594827586206, 'rec_micro': 0.9296594827586206}
epoch 47 time: 62.4s, train loss: 20.98, metrics: {'f1': 0.14254097064868, 'f1_macro': 0.5400066748193542, 'prec_macro': 0.6076804349166507, 'rec_macro': 0.55298828417968, 'f1_micro': 0.9298620689655173, 'prec_micro': 0.9298620689655173, 'rec_micro': 0.9298620689655173}
epoch 48 time: 61.6s, train loss: 20.97, metrics: {'f1': 0.14284960143588663, 'f1_macro': 0.5401448619476138, 'prec_macro': 0.6078065181068066, 'rec_macro': 0.5531833170428185, 'f1_micro': 0.9300129310344828, 'prec_micro': 0.9300129310344828, 'rec_micro': 0.9300129310344828}
epoch 49 time: 60.0s, train loss: 20.96, metrics: {'f1': 0.14292874666948058, 'f1_macro': 0.5401651526238856, 'prec_macro': 0.6079369806903864, 'rec_macro': 0.5532140332017429, 'f1_micro': 0.9299806034482758, 'prec_micro': 0.9299806034482758, 'rec_micro': 0.9299806034482758}
epoch 50 time: 59.4s, train loss: 20.95, metrics: {'f1': 0.14301947622948652, 'f1_macro': 0.5402240379619537, 'prec_macro': 0.6078560755041842, 'rec_macro': 0.5532944529802897, 'f1_micro': 0.9301099137931035, 'prec_micro': 0.9301099137931035, 'rec_micro': 0.9301099137931035}
epoch 51 time: 59.6s, train loss: 20.94, metrics: {'f1': 0.14295948419963386, 'f1_macro': 0.5402630602006578, 'prec_macro': 0.6074091119036804, 'rec_macro': 0.5533394517967655, 'f1_micro': 0.9303857758620689, 'prec_micro': 0.9303857758620689, 'rec_micro': 0.9303857758620689}
epoch 52 time: 59.3s, train loss: 20.93, metrics: {'f1': 0.1426136060945075, 'f1_macro': 0.5401972797784763, 'prec_macro': 0.6067006596439857, 'rec_macro': 0.5532329579023958, 'f1_micro': 0.9306293103448275, 'prec_micro': 0.9306293103448275, 'rec_micro': 0.9306293103448275}
epoch 53 time: 58.8s, train loss: 20.92, metrics: {'f1': 0.14235674750661784, 'f1_macro': 0.5401625920287184, 'prec_macro': 0.6060901951949835, 'rec_macro': 0.5531708709546369, 'f1_micro': 0.9308728448275863, 'prec_micro': 0.9308728448275863, 'rec_micro': 0.9308728448275863}
epoch 54 time: 58.8s, train loss: 20.92, metrics: {'f1': 0.14210807918673088, 'f1_macro': 0.5400802561415929, 'prec_macro': 0.6058039406913865, 'rec_macro': 0.5530508508035337, 'f1_micro': 0.9308879310344828, 'prec_micro': 0.9308879310344828, 'rec_micro': 0.9308879310344828}
epoch 55 time: 59.3s, train loss: 20.92, metrics: {'f1': 0.14200139059742203, 'f1_macro': 0.5400358489759828, 'prec_macro': 0.6057373263780838, 'rec_macro': 0.5529882408575778, 'f1_micro': 0.930853448275862, 'prec_micro': 0.930853448275862, 'rec_micro': 0.930853448275862}
epoch 56 time: 59.9s, train loss: 20.92, metrics: {'f1': 0.14188376753507015, 'f1_macro': 0.5399805525735839, 'prec_macro': 0.6057031868376681, 'rec_macro': 0.5529113978455185, 'f1_micro': 0.9307866379310344, 'prec_micro': 0.9307866379310344, 'rec_micro': 0.9307866379310344}
epoch 57 time: 59.5s, train loss: 20.92, metrics: {'f1': 0.14170657961630054, 'f1_macro': 0.5399375872486485, 'prec_macro': 0.6054020779691405, 'rec_macro': 0.552845189896515, 'f1_micro': 0.9308685344827586, 'prec_micro': 0.9308685344827586, 'rec_micro': 0.9308685344827586}
epoch 58 time: 59.6s, train loss: 20.92, metrics: {'f1': 0.14170614845151103, 'f1_macro': 0.5399431652252404, 'prec_macro': 0.6053662993697615, 'rec_macro': 0.5528519941048089, 'f1_micro': 0.9308943965517241, 'prec_micro': 0.9308943965517241, 'rec_micro': 0.9308943965517241}
epoch 59 time: 59.9s, train loss: 20.92, metrics: {'f1': 0.14191127194746012, 'f1_macro': 0.5400397408288942, 'prec_macro': 0.6054257682466148, 'rec_macro': 0.5529859606078641, 'f1_micro': 0.9310107758620689, 'prec_micro': 0.9310107758620689, 'rec_micro': 0.9310107758620689}
epoch 60 time: 59.4s, train loss: 20.92, metrics: {'f1': 0.14190639759553456, 'f1_macro': 0.5400549051456268, 'prec_macro': 0.6053173311729806, 'rec_macro': 0.5530039972386072, 'f1_micro': 0.9310862068965517, 'prec_micro': 0.9310862068965517, 'rec_micro': 0.9310862068965516}
epoch 61 time: 59.4s, train loss: 20.92, metrics: {'f1': 0.14178584819754672, 'f1_macro': 0.539980677617971, 'prec_macro': 0.6053894261552044, 'rec_macro': 0.5529040573906394, 'f1_micro': 0.9309396551724138, 'prec_micro': 0.9309396551724138, 'rec_micro': 0.9309396551724138}
epoch 62 time: 59.4s, train loss: 20.93, metrics: {'f1': 0.14187618564138188, 'f1_macro': 0.539976989304065, 'prec_macro': 0.6057009842866735, 'rec_macro': 0.5529064435342202, 'f1_micro': 0.9307823275862069, 'prec_micro': 0.9307823275862069, 'rec_micro': 0.9307823275862069}
epoch 63 time: 59.7s, train loss: 20.93, metrics: {'f1': 0.14182884564116235, 'f1_macro': 0.5399261060530217, 'prec_macro': 0.6058655607021036, 'rec_macro': 0.5528401041870199, 'f1_micro': 0.930625, 'prec_micro': 0.930625, 'rec_micro': 0.930625}
epoch 64 time: 59.3s, train loss: 20.94, metrics: {'f1': 0.14181422389763465, 'f1_macro': 0.539856858989847, 'prec_macro': 0.6062536189177856, 'rec_macro': 0.5527526278299897, 'f1_micro': 0.9303297413793103, 'prec_micro': 0.9303297413793103, 'rec_micro': 0.9303297413793103}
epoch 65 time: 59.1s, train loss: 20.95, metrics: {'f1': 0.14248745709004487, 'f1_macro': 0.5400203867847225, 'prec_macro': 0.607414566864036, 'rec_macro': 0.553002572758789, 'f1_micro': 0.9300129310344828, 'prec_micro': 0.9300129310344828, 'rec_micro': 0.9300129310344828}
epoch 66 time: 58.7s, train loss: 20.95, metrics: {'f1': 0.1430182247279402, 'f1_macro': 0.5401083165517085, 'prec_macro': 0.6086074260911423, 'rec_macro': 0.5531462146210541, 'f1_micro': 0.9295668103448276, 'prec_micro': 0.9295668103448276, 'rec_micro': 0.9295668103448276}
epoch 67 time: 58.6s, train loss: 20.96, metrics: {'f1': 0.14319175515302934, 'f1_macro': 0.5400601602766507, 'prec_macro': 0.6095178724246092, 'rec_macro': 0.5530915564167712, 'f1_micro': 0.9290474137931034, 'prec_micro': 0.9290474137931034, 'rec_micro': 0.9290474137931034}
epoch 68 time: 58.9s, train loss: 20.97, metrics: {'f1': 0.14412645934497365, 'f1_macro': 0.5402865830435953, 'prec_macro': 0.6111929617766977, 'rec_macro': 0.5534325110269247, 'f1_micro': 0.9285862068965517, 'prec_micro': 0.9285862068965517, 'rec_micro': 0.9285862068965516}
epoch 69 time: 59.1s, train loss: 20.98, metrics: {'f1': 0.14419485237681012, 'f1_macro': 0.5401756047882615, 'prec_macro': 0.6122189906202484, 'rec_macro': 0.5532823327147957, 'f1_micro': 0.9279094827586207, 'prec_micro': 0.9279094827586207, 'rec_micro': 0.9279094827586207}
epoch 70 time: 58.7s, train loss: 20.99, metrics: {'f1': 0.14464675153420906, 'f1_macro': 0.5402133255042585, 'prec_macro': 0.6135764262627847, 'rec_macro': 0.5533433562750241, 'f1_micro': 0.9273060344827586, 'prec_micro': 0.9273060344827586, 'rec_micro': 0.9273060344827586}
epoch 71 time: 58.6s, train loss: 21.0, metrics: {'f1': 0.14543540382012332, 'f1_macro': 0.5403355755460263, 'prec_macro': 0.6155784658947387, 'rec_macro': 0.5535240470985865, 'f1_micro': 0.9265258620689655, 'prec_micro': 0.9265258620689655, 'rec_micro': 0.9265258620689655}
epoch 72 time: 58.7s, train loss: 21.01, metrics: {'f1': 0.14552377184958093, 'f1_macro': 0.5401827335463378, 'prec_macro': 0.6171197117110596, 'rec_macro': 0.5532920627142329, 'f1_micro': 0.9255150862068966, 'prec_micro': 0.9255150862068966, 'rec_micro': 0.9255150862068966}
epoch 73 time: 58.7s, train loss: 21.02, metrics: {'f1': 0.14603731306931658, 'f1_macro': 0.5401700845467757, 'prec_macro': 0.6192626374809695, 'rec_macro': 0.5532529897830556, 'f1_micro': 0.9244353448275862, 'prec_micro': 0.9244353448275862, 'rec_micro': 0.9244353448275862}
epoch 74 time: 58.8s, train loss: 21.02, metrics: {'f1': 0.14670500838725137, 'f1_macro': 0.5402016342827801, 'prec_macro': 0.6217479570962724, 'rec_macro': 0.5532638179016379, 'f1_micro': 0.9232586206896551, 'prec_micro': 0.9232586206896551, 'rec_micro': 0.9232586206896551}
epoch 75 time: 58.9s, train loss: 21.03, metrics: {'f1': 0.14655782569716416, 'f1_macro': 0.5399600601994047, 'prec_macro': 0.6233293609053958, 'rec_macro': 0.5528557939728642, 'f1_micro': 0.9220387931034483, 'prec_micro': 0.9220387931034483, 'rec_micro': 0.9220387931034483}
epoch 76 time: 58.8s, train loss: 21.04, metrics: {'f1': 0.1475884766032401, 'f1_macro': 0.5401127758890679, 'prec_macro': 0.6264846138465541, 'rec_macro': 0.5530116902399645, 'f1_micro': 0.9207349137931035, 'prec_micro': 0.9207349137931035, 'rec_micro': 0.9207349137931035}
epoch 77 time: 58.9s, train loss: 21.05, metrics: {'f1': 0.14776374189143052, 'f1_macro': 0.5399694069967933, 'prec_macro': 0.6287909890478314, 'rec_macro': 0.5527052606286006, 'f1_micro': 0.9193038793103449, 'prec_micro': 0.9193038793103449, 'rec_micro': 0.9193038793103449}
epoch 78 time: 59.3s, train loss: 21.07, metrics: {'f1': 0.14819277108433734, 'f1_macro': 0.5399027770616057, 'prec_macro': 0.6316560944583041, 'rec_macro': 0.552482445009095, 'f1_micro': 0.9177198275862068, 'prec_micro': 0.9177198275862068, 'rec_micro': 0.9177198275862068}
epoch 79 time: 58.9s, train loss: 21.08, metrics: {'f1': 0.14784358323856178, 'f1_macro': 0.5395751643795617, 'prec_macro': 0.6336811323328742, 'rec_macro': 0.5518402661102565, 'f1_micro': 0.9160258620689655, 'prec_micro': 0.9160258620689655, 'rec_micro': 0.9160258620689655}
epoch 80 time: 58.9s, train loss: 21.09, metrics: {'f1': 0.14862515293966128, 'f1_macro': 0.5396608775389979, 'prec_macro': 0.6369288409986732, 'rec_macro': 0.5518129083233432, 'f1_micro': 0.9145193965517241, 'prec_micro': 0.9145193965517241, 'rec_micro': 0.9145193965517241}
epoch 81 time: 58.8s, train loss: 21.1, metrics: {'f1': 0.1492059480180294, 'f1_macro': 0.5396818463819845, 'prec_macro': 0.6400433210378667, 'rec_macro': 0.5516654437712694, 'f1_micro': 0.9129439655172413, 'prec_micro': 0.9129439655172413, 'rec_micro': 0.9129439655172413}
epoch 82 time: 58.8s, train loss: 21.11, metrics: {'f1': 0.1491938817693262, 'f1_macro': 0.5395075266201279, 'prec_macro': 0.6424801331141584, 'rec_macro': 0.5511993373740562, 'f1_micro': 0.9112887931034482, 'prec_micro': 0.9112887931034482, 'rec_micro': 0.9112887931034482}
epoch 83 time: 58.7s, train loss: 21.12, metrics: {'f1': 0.14982776089159067, 'f1_macro': 0.5395538209505009, 'prec_macro': 0.6459171840397936, 'rec_macro': 0.5510386172579502, 'f1_micro': 0.9095775862068965, 'prec_micro': 0.9095775862068965, 'rec_micro': 0.9095775862068965}
epoch 84 time: 58.7s, train loss: 21.13, metrics: {'f1': 0.15009142221162253, 'f1_macro': 0.5394849802969642, 'prec_macro': 0.6488978719603501, 'rec_macro': 0.5506838678911692, 'f1_micro': 0.9078362068965518, 'prec_micro': 0.9078362068965518, 'rec_micro': 0.9078362068965516}
epoch 85 time: 58.7s, train loss: 21.14, metrics: {'f1': 0.1504398884185475, 'f1_macro': 0.5394583810326892, 'prec_macro': 0.6519506805716957, 'rec_macro': 0.5503829634499355, 'f1_micro': 0.9061400862068966, 'prec_micro': 0.9061400862068966, 'rec_micro': 0.9061400862068967}
epoch 86 time: 58.7s, train loss: 21.15, metrics: {'f1': 0.15036183328866254, 'f1_macro': 0.5392927843772178, 'prec_macro': 0.6545162904640387, 'rec_macro': 0.5498430980946274, 'f1_micro': 0.9043534482758621, 'prec_micro': 0.9043534482758621, 'rec_micro': 0.9043534482758621}
epoch 87 time: 58.7s, train loss: 21.16, metrics: {'f1': 0.150188580113711, 'f1_macro': 0.5390934510451548, 'prec_macro': 0.6571897739379844, 'rec_macro': 0.5492061926711024, 'f1_micro': 0.9023943965517242, 'prec_micro': 0.9023943965517242, 'rec_micro': 0.902394396551724}
epoch 88 time: 58.7s, train loss: 21.16, metrics: {'f1': 0.150371241637874, 'f1_macro': 0.5390185686937288, 'prec_macro': 0.6605139312708657, 'rec_macro': 0.5487257793375979, 'f1_micro': 0.9003663793103448, 'prec_micro': 0.9003663793103448, 'rec_micro': 0.9003663793103448}
epoch 89 time: 58.7s, train loss: 21.17, metrics: {'f1': 0.15027735753908217, 'f1_macro': 0.5388618916053504, 'prec_macro': 0.6634362258815009, 'rec_macro': 0.5481006857473835, 'f1_micro': 0.8983189655172413, 'prec_micro': 0.8983189655172413, 'rec_micro': 0.8983189655172413}
epoch 90 time: 58.7s, train loss: 21.18, metrics: {'f1': 0.15056567863814188, 'f1_macro': 0.538833716195478, 'prec_macro': 0.6672101128579119, 'rec_macro': 0.547620412518161, 'f1_micro': 0.8961163793103448, 'prec_micro': 0.8961163793103448, 'rec_micro': 0.8961163793103448}
epoch 91 time: 58.9s, train loss: 21.19, metrics: {'f1': 0.15128280235022484, 'f1_macro': 0.5389550214883871, 'prec_macro': 0.6718295480391465, 'rec_macro': 0.547331576504408, 'f1_micro': 0.8938426724137931, 'prec_micro': 0.8938426724137931, 'rec_micro': 0.8938426724137931}
epoch 92 time: 58.6s, train loss: 21.2, metrics: {'f1': 0.1512007814342012, 'f1_macro': 0.5388147786618795, 'prec_macro': 0.6754211867750403, 'rec_macro': 0.5465889219769581, 'f1_micro': 0.8913793103448275, 'prec_micro': 0.8913793103448275, 'rec_micro': 0.8913793103448275}
epoch 93 time: 58.8s, train loss: 21.2, metrics: {'f1': 0.15137109111546115, 'f1_macro': 0.5387661982421712, 'prec_macro': 0.6795990876075613, 'rec_macro': 0.5459412739922833, 'f1_micro': 0.8888168103448276, 'prec_micro': 0.8888168103448276, 'rec_micro': 0.8888168103448276}
epoch 94 time: 58.7s, train loss: 21.21, metrics: {'f1': 0.15222245425776293, 'f1_macro': 0.53895532799488, 'prec_macro': 0.6850051399002322, 'rec_macro': 0.5456318387611212, 'f1_micro': 0.886260775862069, 'prec_micro': 0.886260775862069, 'rec_micro': 0.886260775862069}
epoch 95 time: 58.7s, train loss: 21.21, metrics: {'f1': 0.1532463872492994, 'f1_macro': 0.5392053166026418, 'prec_macro': 0.6912077207838149, 'rec_macro': 0.5453298334897624, 'f1_micro': 0.8834418103448276, 'prec_micro': 0.8834418103448276, 'rec_micro': 0.8834418103448276}
epoch 96 time: 58.8s, train loss: 21.22, metrics: {'f1': 0.15333394422554142, 'f1_macro': 0.5391554991355314, 'prec_macro': 0.6958887245586357, 'rec_macro': 0.5445298208285136, 'f1_micro': 0.8805215517241379, 'prec_micro': 0.8805215517241379, 'rec_micro': 0.8805215517241379}
epoch 97 time: 58.8s, train loss: 21.22, metrics: {'f1': 0.153603476242206, 'f1_macro': 0.5391748949636614, 'prec_macro': 0.7012121297718799, 'rec_macro': 0.5437644856086176, 'f1_micro': 0.8774202586206896, 'prec_micro': 0.8774202586206896, 'rec_micro': 0.8774202586206896}
epoch 98 time: 58.7s, train loss: 21.22, metrics: {'f1': 0.1539018491970401, 'f1_macro': 0.5392131533548673, 'prec_macro': 0.706999017718087, 'rec_macro': 0.5429387724533836, 'f1_micro': 0.8740754310344827, 'prec_micro': 0.8740754310344827, 'rec_micro': 0.8740754310344827}
epoch 99 time: 58.7s, train loss: 21.22, metrics: {'f1': 0.15413025091626728, 'f1_macro': 0.5392416882975465, 'prec_macro': 0.7127583737768622, 'rec_macro': 0.542058241459347, 'f1_micro': 0.8706767241379311, 'prec_micro': 0.8706767241379311, 'rec_micro': 0.8706767241379311}
epoch 100 time: 58.9s, train loss: 21.22, metrics: {'f1': 0.15397505631558706, 'f1_macro': 0.5391555065724208, 'prec_macro': 0.7177707072249726, 'rec_macro': 0.540975900413978, 'f1_micro': 0.8672543103448276, 'prec_micro': 0.8672543103448276, 'rec_micro': 0.8672543103448276}
post-training summary -- best {'f1': 0.15413025091626728, 'f1_macro': 0.5392416882975465, 'prec_macro': 0.7127583737768622, 'rec_macro': 0.542058241459347, 'f1_micro': 0.8706767241379311, 'prec_micro': 0.8706767241379311, 'rec_micro': 0.8706767241379311}
run 3 start -- seed=2
epoch 1 time: 59.0s, train loss: 24.38, metrics: {'f1': 0.0, 'f1_macro': 0.4892444266280453, 'prec_macro': 0.49999118979602175, 'rec_macro': 0.49455943338369585, 'f1_micro': 0.9784719827586207, 'prec_micro': 0.9784719827586207, 'rec_micro': 0.9784719827586207}
epoch 2 time: 58.9s, train loss: 24.21, metrics: {'f1': 0.00258732212160414, 'f1_macro': 0.5848452815853844, 'prec_macro': 0.5005906671986163, 'rec_macro': 0.49583421932589467, 'f1_micro': 0.9783987068965517, 'prec_micro': 0.9783987068965517, 'rec_micro': 0.9783987068965517}
epoch 3 time: 58.9s, train loss: 24.08, metrics: {'f1': 0.010906612133605999, 'f1_macro': 0.5865205366932732, 'prec_macro': 0.5025498342118726, 'rec_macro': 0.49991954944313005, 'f1_micro': 0.9781099137931034, 'prec_micro': 0.9781099137931034, 'rec_micro': 0.9781099137931034}
epoch 4 time: 58.9s, train loss: 23.98, metrics: {'f1': 0.03066164604626143, 'f1_macro': 0.5622921131805354, 'prec_macro': 0.5074627978759806, 'rec_macro': 0.5094345220085655, 'f1_micro': 0.9766982758620689, 'prec_micro': 0.9766982758620689, 'rec_micro': 0.9766982758620689}
epoch 5 time: 58.8s, train loss: 23.89, metrics: {'f1': 0.06425702811244981, 'f1_macro': 0.5488711174542599, 'prec_macro': 0.5184363035930875, 'rec_macro': 0.5251204587573913, 'f1_micro': 0.9723814655172414, 'prec_micro': 0.9723814655172414, 'rec_micro': 0.9723814655172414}
epoch 6 time: 58.8s, train loss: 23.8, metrics: {'f1': 0.09877843302443133, 'f1_macro': 0.542109894615949, 'prec_macro': 0.5380986825417504, 'rec_macro': 0.5399745578953498, 'f1_micro': 0.9631120689655173, 'prec_micro': 0.9631120689655173, 'rec_micro': 0.9631120689655173}
epoch 7 time: 59.0s, train loss: 23.7, metrics: {'f1': 0.13334151881637915, 'f1_macro': 0.5392138188722684, 'prec_macro': 0.586313180760342, 'rec_macro': 0.5509050087342058, 'f1_micro': 0.9391508620689655, 'prec_micro': 0.9391508620689655, 'rec_micro': 0.9391508620689656}
epoch 8 time: 58.8s, train loss: 23.61, metrics: {'f1': 0.14588286617951793, 'f1_macro': 0.5388695248598169, 'prec_macro': 0.6317048055694314, 'rec_macro': 0.5507474875813165, 'f1_micro': 0.9156099137931034, 'prec_micro': 0.9156099137931034, 'rec_micro': 0.9156099137931034}
epoch 9 time: 58.6s, train loss: 23.53, metrics: {'f1': 0.1516762125370861, 'f1_macro': 0.5387255467762868, 'prec_macro': 0.6862985987296646, 'rec_macro': 0.5449301336313102, 'f1_micro': 0.8847650862068965, 'prec_micro': 0.8847650862068965, 'rec_micro': 0.8847650862068965}
epoch 10 time: 58.7s, train loss: 23.43, metrics: {'f1': 0.1548374523441211, 'f1_macro': 0.5394415517711624, 'prec_macro': 0.7459828901897498, 'rec_macro': 0.5364050614524303, 'f1_micro': 0.8504590517241379, 'prec_micro': 0.8504590517241379, 'rec_micro': 0.8504590517241378}
epoch 11 time: 58.7s, train loss: 23.35, metrics: {'f1': 0.15580102367914908, 'f1_macro': 0.5401243505777126, 'prec_macro': 0.7856769053972013, 'rec_macro': 0.5296789169122584, 'f1_micro': 0.8268900862068965, 'prec_micro': 0.8268900862068965, 'rec_micro': 0.8268900862068965}
epoch 12 time: 58.7s, train loss: 23.26, metrics: {'f1': 0.1555587710413351, 'f1_macro': 0.5404432817067762, 'prec_macro': 0.8096251337892775, 'rec_macro': 0.5246826469374459, 'f1_micro': 0.8113383620689655, 'prec_micro': 0.8113383620689655, 'rec_micro': 0.8113383620689655}
epoch 13 time: 58.7s, train loss: 23.18, metrics: {'f1': 0.15565919731246203, 'f1_macro': 0.5409709885620526, 'prec_macro': 0.8337050031661268, 'rec_macro': 0.5199293540711678, 'f1_micro': 0.7963318965517241, 'prec_micro': 0.7963318965517241, 'rec_micro': 0.7963318965517241}
epoch 14 time: 58.7s, train loss: 23.1, metrics: {'f1': 0.1557705964389914, 'f1_macro': 0.5413494343969686, 'prec_macro': 0.8483193965137207, 'rec_macro': 0.5170616007038292, 'f1_micro': 0.7873469827586207, 'prec_micro': 0.7873469827586207, 'rec_micro': 0.7873469827586207}
epoch 15 time: 58.7s, train loss: 23.02, metrics: {'f1': 0.15562007882251544, 'f1_macro': 0.5414883381578555, 'prec_macro': 0.8554553448476905, 'rec_macro': 0.5154030367359033, 'f1_micro': 0.7825193965517241, 'prec_micro': 0.7825193965517241, 'rec_micro': 0.7825193965517241}
epoch 16 time: 58.7s, train loss: 22.94, metrics: {'f1': 0.15572772733254375, 'f1_macro': 0.541684443285808, 'prec_macro': 0.8617712028561009, 'rec_macro': 0.5142180530672759, 'f1_micro': 0.7787715517241379, 'prec_micro': 0.7787715517241379, 'rec_micro': 0.7787715517241379}
epoch 17 time: 58.6s, train loss: 22.87, metrics: {'f1': 0.15565266650481507, 'f1_macro': 0.5418130540750871, 'prec_macro': 0.8672635381696335, 'rec_macro': 0.5129754450458514, 'f1_micro': 0.7751379310344828, 'prec_micro': 0.7751379310344828, 'rec_micro': 0.7751379310344828}
epoch 18 time: 58.6s, train loss: 22.79, metrics: {'f1': 0.1556843914111809, 'f1_macro': 0.5419016433016447, 'prec_macro': 0.8701440357285027, 'rec_macro': 0.5124094331493653, 'f1_micro': 0.7733922413793104, 'prec_micro': 0.7733922413793104, 'rec_micro': 0.7733922413793103}
epoch 19 time: 58.6s, train loss: 22.72, metrics: {'f1': 0.15552218778952748, 'f1_macro': 0.5418972821236867, 'prec_macro': 0.8715564323116416, 'rec_macro': 0.5119087478442104, 'f1_micro': 0.7721293103448276, 'prec_micro': 0.7721293103448276, 'rec_micro': 0.7721293103448276}
epoch 20 time: 58.7s, train loss: 22.65, metrics: {'f1': 0.06562139727922527, 'f1_macro': 0.5169043473284843, 'prec_macro': 0.6866235041303808, 'rec_macro': 0.30566187014551416, 'f1_micro': 0.3886465517241379, 'prec_micro': 0.3886465517241379, 'rec_micro': 0.3886465517241379}
epoch 21 time: 58.7s, train loss: 22.59, metrics: {'f1': 0.0656525905703437, 'f1_macro': 0.5169328051943812, 'prec_macro': 0.6869058913154547, 'rec_macro': 0.3056083166484973, 'f1_micro': 0.3885280172413793, 'prec_micro': 0.3885280172413793, 'rec_micro': 0.3885280172413793}
epoch 22 time: 58.8s, train loss: 22.52, metrics: {'f1': 0.06565247456287662, 'f1_macro': 0.5169356455340925, 'prec_macro': 0.6869229482313798, 'rec_macro': 0.3055737505360714, 'f1_micro': 0.3884655172413793, 'prec_micro': 0.3884655172413793, 'rec_micro': 0.3884655172413793}
epoch 23 time: 58.7s, train loss: 22.46, metrics: {'f1': 0.06566153785366916, 'f1_macro': 0.5169438212958585, 'prec_macro': 0.6870044169096132, 'rec_macro': 0.30555935223173564, 'f1_micro': 0.38843318965517243, 'prec_micro': 0.38843318965517243, 'rec_micro': 0.38843318965517243}
epoch 24 time: 58.9s, train loss: 22.4, metrics: {'f1': 0.06566596097050234, 'f1_macro': 0.5169478805847515, 'prec_macro': 0.6870446006109813, 'rec_macro': 0.305551515888379, 'f1_micro': 0.38841594827586207, 'prec_micro': 0.38841594827586207, 'rec_micro': 0.38841594827586207}
epoch 25 time: 58.7s, train loss: 22.34, metrics: {'f1': 0.06568225591387229, 'f1_macro': 0.5169608706483751, 'prec_macro': 0.6871805695720474, 'rec_macro': 0.30554582868499236, 'f1_micro': 0.38839439655172414, 'prec_micro': 0.38839439655172414, 'rec_micro': 0.38839439655172414}
epoch 26 time: 58.7s, train loss: 22.28, metrics: {'f1': 0.06569369499873248, 'f1_macro': 0.5169696856916116, 'prec_macro': 0.687274152280751, 'rec_macro': 0.3055454315761167, 'f1_micro': 0.38838577586206896, 'prec_micro': 0.38838577586206896, 'rec_micro': 0.388385775862069}
epoch 27 time: 58.7s, train loss: 22.23, metrics: {'f1': 0.06570621506126828, 'f1_macro': 0.5169787903801925, 'prec_macro': 0.6873732413669409, 'rec_macro': 0.30555140021277954, 'f1_micro': 0.38838793103448277, 'prec_micro': 0.38838793103448277, 'rec_micro': 0.38838793103448277}
epoch 28 time: 58.7s, train loss: 22.17, metrics: {'f1': 0.06571171782150512, 'f1_macro': 0.5169831403410483, 'prec_macro': 0.6874189314457954, 'rec_macro': 0.3055499281042955, 'f1_micro': 0.3883814655172414, 'prec_micro': 0.3883814655172414, 'rec_micro': 0.3883814655172414}
epoch 29 time: 58.7s, train loss: 22.12, metrics: {'f1': 0.0657110688254311, 'f1_macro': 0.5169829668280317, 'prec_macro': 0.6874156276193035, 'rec_macro': 0.3055461083210786, 'f1_micro': 0.388375, 'prec_micro': 0.388375, 'rec_micro': 0.388375}
epoch 30 time: 58.7s, train loss: 22.07, metrics: {'f1': 0.06571063616850366, 'f1_macro': 0.5169828511546544, 'prec_macro': 0.687413425068309, 'rec_macro': 0.30554356178383085, 'f1_micro': 0.3883706896551724, 'prec_micro': 0.3883706896551724, 'rec_micro': 0.3883706896551724}
epoch 31 time: 58.8s, train loss: 22.02, metrics: {'f1': 0.06571020351727361, 'f1_macro': 0.5169827354828508, 'prec_macro': 0.6874112225173145, 'rec_macro': 0.3055410152345004, 'f1_micro': 0.38836637931034484, 'prec_micro': 0.38836637931034484, 'rec_micro': 0.38836637931034484}
epoch 32 time: 58.9s, train loss: 21.98, metrics: {'f1': 0.06571020351727361, 'f1_macro': 0.5169827354828508, 'prec_macro': 0.6874112225173145, 'rec_macro': 0.3055410152345004, 'f1_micro': 0.38836637931034484, 'prec_micro': 0.38836637931034484, 'rec_micro': 0.38836637931034484}
epoch 33 time: 58.9s, train loss: 21.93, metrics: {'f1': 0.06571020351727361, 'f1_macro': 0.5169827354828508, 'prec_macro': 0.6874112225173145, 'rec_macro': 0.3055410152345004, 'f1_micro': 0.38836637931034484, 'prec_micro': 0.38836637931034484, 'rec_micro': 0.38836637931034484}
epoch 34 time: 59.0s, train loss: 21.89, metrics: {'f1': 0.06570998719379509, 'f1_macro': 0.5169826776475391, 'prec_macro': 0.6874101212418171, 'rec_macro': 0.305539741955304, 'f1_micro': 0.38836422413793104, 'prec_micro': 0.38836422413793104, 'rec_micro': 0.3883642241379311}
epoch 35 time: 59.0s, train loss: 21.85, metrics: {'f1': 0.06570998719379509, 'f1_macro': 0.5169826776475391, 'prec_macro': 0.6874101212418171, 'rec_macro': 0.305539741955304, 'f1_micro': 0.38836422413793104, 'prec_micro': 0.38836422413793104, 'rec_micro': 0.3883642241379311}
epoch 36 time: 58.7s, train loss: 21.81, metrics: {'f1': 0.06571635501711877, 'f1_macro': 0.5169872591301625, 'prec_macro': 0.6874602164226608, 'rec_macro': 0.3055433626937446, 'f1_micro': 0.38836637931034484, 'prec_micro': 0.38836637931034484, 'rec_micro': 0.38836637931034484}
epoch 37 time: 58.7s, train loss: 21.77, metrics: {'f1': 0.06571613867481342, 'f1_macro': 0.5169872013071005, 'prec_macro': 0.6874591151471634, 'rec_macro': 0.30554208940023525, 'f1_micro': 0.38836422413793104, 'prec_micro': 0.38836422413793104, 'rec_micro': 0.3883642241379311}
epoch 38 time: 58.6s, train loss: 21.73, metrics: {'f1': 0.06571613867481342, 'f1_macro': 0.5169872013071005, 'prec_macro': 0.6874591151471634, 'rec_macro': 0.30554208940023525, 'f1_micro': 0.38836422413793104, 'prec_micro': 0.38836422413793104, 'rec_micro': 0.3883642241379311}
epoch 39 time: 58.6s, train loss: 21.7, metrics: {'f1': 0.06571613867481342, 'f1_macro': 0.5169872013071005, 'prec_macro': 0.6874591151471634, 'rec_macro': 0.30554208940023525, 'f1_micro': 0.38836422413793104, 'prec_micro': 0.38836422413793104, 'rec_micro': 0.3883642241379311}
epoch 40 time: 58.8s, train loss: 21.67, metrics: {'f1': 0.06571613867481342, 'f1_macro': 0.5169872013071005, 'prec_macro': 0.6874591151471634, 'rec_macro': 0.30554208940023525, 'f1_micro': 0.38836422413793104, 'prec_micro': 0.38836422413793104, 'rec_micro': 0.3883642241379311}
epoch 41 time: 58.6s, train loss: 21.63, metrics: {'f1': 0.06571613867481342, 'f1_macro': 0.5169872013071005, 'prec_macro': 0.6874591151471634, 'rec_macro': 0.30554208940023525, 'f1_micro': 0.38836422413793104, 'prec_micro': 0.38836422413793104, 'rec_micro': 0.3883642241379311}
epoch 42 time: 58.6s, train loss: 21.6, metrics: {'f1': 0.06571613867481342, 'f1_macro': 0.5169872013071005, 'prec_macro': 0.6874591151471634, 'rec_macro': 0.30554208940023525, 'f1_micro': 0.38836422413793104, 'prec_micro': 0.38836422413793104, 'rec_micro': 0.3883642241379311}
epoch 43 time: 58.6s, train loss: 21.57, metrics: {'f1': 0.06571613867481342, 'f1_macro': 0.5169872013071005, 'prec_macro': 0.6874591151471634, 'rec_macro': 0.30554208940023525, 'f1_micro': 0.38836422413793104, 'prec_micro': 0.38836422413793104, 'rec_micro': 0.3883642241379311}
epoch 44 time: 58.9s, train loss: 21.55, metrics: {'f1': 0.06571613867481342, 'f1_macro': 0.5169872013071005, 'prec_macro': 0.6874591151471634, 'rec_macro': 0.30554208940023525, 'f1_micro': 0.38836422413793104, 'prec_micro': 0.38836422413793104, 'rec_micro': 0.3883642241379311}
epoch 45 time: 58.5s, train loss: 21.52, metrics: {'f1': 0.06571397533010064, 'f1_macro': 0.5169866230981314, 'prec_macro': 0.6874481023921907, 'rec_macro': 0.30552935629899713, 'f1_micro': 0.3883426724137931, 'prec_micro': 0.3883426724137931, 'rec_micro': 0.3883426724137931}
epoch 46 time: 58.7s, train loss: 21.49, metrics: {'f1': 0.06571397533010064, 'f1_macro': 0.5169866230981314, 'prec_macro': 0.6874481023921907, 'rec_macro': 0.30552935629899713, 'f1_micro': 0.3883426724137931, 'prec_micro': 0.3883426724137931, 'rec_micro': 0.3883426724137931}
epoch 47 time: 58.6s, train loss: 21.47, metrics: {'f1': 0.06571397533010064, 'f1_macro': 0.5169866230981314, 'prec_macro': 0.6874481023921907, 'rec_macro': 0.30552935629899713, 'f1_micro': 0.3883426724137931, 'prec_micro': 0.3883426724137931, 'rec_micro': 0.3883426724137931}
epoch 48 time: 58.7s, train loss: 21.45, metrics: {'f1': 0.06571397533010064, 'f1_macro': 0.5169866230981314, 'prec_macro': 0.6874481023921907, 'rec_macro': 0.30552935629899713, 'f1_micro': 0.3883426724137931, 'prec_micro': 0.3883426724137931, 'rec_micro': 0.3883426724137931}
epoch 49 time: 58.8s, train loss: 21.43, metrics: {'f1': 0.06571397533010064, 'f1_macro': 0.5169866230981314, 'prec_macro': 0.6874481023921907, 'rec_macro': 0.30552935629899713, 'f1_micro': 0.3883426724137931, 'prec_micro': 0.3883426724137931, 'rec_micro': 0.3883426724137931}
epoch 50 time: 58.7s, train loss: 21.41, metrics: {'f1': 0.06571397533010064, 'f1_macro': 0.5169866230981314, 'prec_macro': 0.6874481023921907, 'rec_macro': 0.30552935629899713, 'f1_micro': 0.3883426724137931, 'prec_micro': 0.3883426724137931, 'rec_micro': 0.3883426724137931}
epoch 51 time: 58.7s, train loss: 21.39, metrics: {'f1': 0.06571397533010064, 'f1_macro': 0.5169866230981314, 'prec_macro': 0.6874481023921907, 'rec_macro': 0.30552935629899713, 'f1_micro': 0.3883426724137931, 'prec_micro': 0.3883426724137931, 'rec_micro': 0.3883426724137931}
epoch 52 time: 58.7s, train loss: 21.37, metrics: {'f1': 0.06571397533010064, 'f1_macro': 0.5169866230981314, 'prec_macro': 0.6874481023921907, 'rec_macro': 0.30552935629899713, 'f1_micro': 0.3883426724137931, 'prec_micro': 0.3883426724137931, 'rec_micro': 0.3883426724137931}
epoch 53 time: 58.7s, train loss: 21.35, metrics: {'f1': 0.06571397533010064, 'f1_macro': 0.5169866230981314, 'prec_macro': 0.6874481023921907, 'rec_macro': 0.30552935629899713, 'f1_micro': 0.3883426724137931, 'prec_micro': 0.3883426724137931, 'rec_micro': 0.3883426724137931}
epoch 54 time: 58.8s, train loss: 21.34, metrics: {'f1': 0.06571397533010064, 'f1_macro': 0.5169866230981314, 'prec_macro': 0.6874481023921907, 'rec_macro': 0.30552935629899713, 'f1_micro': 0.3883426724137931, 'prec_micro': 0.3883426724137931, 'rec_micro': 0.3883426724137931}
epoch 55 time: 58.6s, train loss: 21.32, metrics: {'f1': 0.06571397533010064, 'f1_macro': 0.5169866230981314, 'prec_macro': 0.6874481023921907, 'rec_macro': 0.30552935629899713, 'f1_micro': 0.3883426724137931, 'prec_micro': 0.3883426724137931, 'rec_micro': 0.3883426724137931}
epoch 56 time: 58.7s, train loss: 21.31, metrics: {'f1': 0.06571397533010064, 'f1_macro': 0.5169866230981314, 'prec_macro': 0.6874481023921907, 'rec_macro': 0.30552935629899713, 'f1_micro': 0.3883426724137931, 'prec_micro': 0.3883426724137931, 'rec_micro': 0.3883426724137931}
epoch 57 time: 58.6s, train loss: 21.3, metrics: {'f1': 0.06571397533010064, 'f1_macro': 0.5169866230981314, 'prec_macro': 0.6874481023921907, 'rec_macro': 0.30552935629899713, 'f1_micro': 0.3883426724137931, 'prec_micro': 0.3883426724137931, 'rec_micro': 0.3883426724137931}
epoch 58 time: 58.6s, train loss: 21.28, metrics: {'f1': 0.06571397533010064, 'f1_macro': 0.5169866230981314, 'prec_macro': 0.6874481023921907, 'rec_macro': 0.30552935629899713, 'f1_micro': 0.3883426724137931, 'prec_micro': 0.3883426724137931, 'rec_micro': 0.3883426724137931}
epoch 59 time: 58.7s, train loss: 21.27, metrics: {'f1': 0.06571397533010064, 'f1_macro': 0.5169866230981314, 'prec_macro': 0.6874481023921907, 'rec_macro': 0.30552935629899713, 'f1_micro': 0.3883426724137931, 'prec_micro': 0.3883426724137931, 'rec_micro': 0.3883426724137931}
epoch 60 time: 58.6s, train loss: 21.26, metrics: {'f1': 0.06571397533010064, 'f1_macro': 0.5169866230981314, 'prec_macro': 0.6874481023921907, 'rec_macro': 0.30552935629899713, 'f1_micro': 0.3883426724137931, 'prec_micro': 0.3883426724137931, 'rec_micro': 0.3883426724137931}
epoch 61 time: 58.6s, train loss: 21.25, metrics: {'f1': 0.06571397533010064, 'f1_macro': 0.5169866230981314, 'prec_macro': 0.6874481023921907, 'rec_macro': 0.30552935629899713, 'f1_micro': 0.3883426724137931, 'prec_micro': 0.3883426724137931, 'rec_micro': 0.3883426724137931}
epoch 62 time: 58.6s, train loss: 21.25, metrics: {'f1': 0.06571397533010064, 'f1_macro': 0.5169866230981314, 'prec_macro': 0.6874481023921907, 'rec_macro': 0.30552935629899713, 'f1_micro': 0.3883426724137931, 'prec_micro': 0.3883426724137931, 'rec_micro': 0.3883426724137931}
epoch 63 time: 58.7s, train loss: 21.24, metrics: {'f1': 0.06571397533010064, 'f1_macro': 0.5169866230981314, 'prec_macro': 0.6874481023921907, 'rec_macro': 0.30552935629899713, 'f1_micro': 0.3883426724137931, 'prec_micro': 0.3883426724137931, 'rec_micro': 0.3883426724137931}
epoch 64 time: 58.7s, train loss: 21.23, metrics: {'f1': 0.06571397533010064, 'f1_macro': 0.5169866230981314, 'prec_macro': 0.6874481023921907, 'rec_macro': 0.30552935629899713, 'f1_micro': 0.3883426724137931, 'prec_micro': 0.3883426724137931, 'rec_micro': 0.3883426724137931}
epoch 65 time: 58.6s, train loss: 21.23, metrics: {'f1': 0.06571397533010064, 'f1_macro': 0.5169866230981314, 'prec_macro': 0.6874481023921907, 'rec_macro': 0.30552935629899713, 'f1_micro': 0.3883426724137931, 'prec_micro': 0.3883426724137931, 'rec_micro': 0.3883426724137931}
epoch 66 time: 58.5s, train loss: 21.22, metrics: {'f1': 0.06571397533010064, 'f1_macro': 0.5169866230981314, 'prec_macro': 0.6874481023921907, 'rec_macro': 0.30552935629899713, 'f1_micro': 0.3883426724137931, 'prec_micro': 0.3883426724137931, 'rec_micro': 0.3883426724137931}
epoch 67 time: 58.6s, train loss: 21.22, metrics: {'f1': 0.06571397533010064, 'f1_macro': 0.5169866230981314, 'prec_macro': 0.6874481023921907, 'rec_macro': 0.30552935629899713, 'f1_micro': 0.3883426724137931, 'prec_micro': 0.3883426724137931, 'rec_micro': 0.3883426724137931}
epoch 68 time: 58.6s, train loss: 21.21, metrics: {'f1': 0.06571397533010064, 'f1_macro': 0.5169866230981314, 'prec_macro': 0.6874481023921907, 'rec_macro': 0.30552935629899713, 'f1_micro': 0.3883426724137931, 'prec_micro': 0.3883426724137931, 'rec_micro': 0.3883426724137931}
epoch 69 time: 58.6s, train loss: 21.21, metrics: {'f1': 0.06571397533010064, 'f1_macro': 0.5169866230981314, 'prec_macro': 0.6874481023921907, 'rec_macro': 0.30552935629899713, 'f1_micro': 0.3883426724137931, 'prec_micro': 0.3883426724137931, 'rec_micro': 0.3883426724137931}
epoch 70 time: 58.7s, train loss: 21.21, metrics: {'f1': 0.06571397533010064, 'f1_macro': 0.5169866230981314, 'prec_macro': 0.6874481023921907, 'rec_macro': 0.30552935629899713, 'f1_micro': 0.3883426724137931, 'prec_micro': 0.3883426724137931, 'rec_micro': 0.3883426724137931}
epoch 71 time: 58.6s, train loss: 21.2, metrics: {'f1': 0.06571397533010064, 'f1_macro': 0.5169866230981314, 'prec_macro': 0.6874481023921907, 'rec_macro': 0.30552935629899713, 'f1_micro': 0.3883426724137931, 'prec_micro': 0.3883426724137931, 'rec_micro': 0.3883426724137931}
epoch 72 time: 58.6s, train loss: 21.2, metrics: {'f1': 0.06571397533010064, 'f1_macro': 0.5169866230981314, 'prec_macro': 0.6874481023921907, 'rec_macro': 0.30552935629899713, 'f1_micro': 0.3883426724137931, 'prec_micro': 0.3883426724137931, 'rec_micro': 0.3883426724137931}
epoch 73 time: 58.7s, train loss: 21.2, metrics: {'f1': 0.06571397533010064, 'f1_macro': 0.5169866230981314, 'prec_macro': 0.6874481023921907, 'rec_macro': 0.30552935629899713, 'f1_micro': 0.3883426724137931, 'prec_micro': 0.3883426724137931, 'rec_micro': 0.3883426724137931}
epoch 74 time: 58.6s, train loss: 21.2, metrics: {'f1': 0.06571397533010064, 'f1_macro': 0.5169866230981314, 'prec_macro': 0.6874481023921907, 'rec_macro': 0.30552935629899713, 'f1_micro': 0.3883426724137931, 'prec_micro': 0.3883426724137931, 'rec_micro': 0.3883426724137931}
epoch 75 time: 58.6s, train loss: 21.2, metrics: {'f1': 0.06571397533010064, 'f1_macro': 0.5169866230981314, 'prec_macro': 0.6874481023921907, 'rec_macro': 0.30552935629899713, 'f1_micro': 0.3883426724137931, 'prec_micro': 0.3883426724137931, 'rec_micro': 0.3883426724137931}
epoch 76 time: 58.6s, train loss: 21.2, metrics: {'f1': 0.06571397533010064, 'f1_macro': 0.5169866230981314, 'prec_macro': 0.6874481023921907, 'rec_macro': 0.30552935629899713, 'f1_micro': 0.3883426724137931, 'prec_micro': 0.3883426724137931, 'rec_micro': 0.3883426724137931}
epoch 77 time: 58.6s, train loss: 21.2, metrics: {'f1': 0.06571397533010064, 'f1_macro': 0.5169866230981314, 'prec_macro': 0.6874481023921907, 'rec_macro': 0.30552935629899713, 'f1_micro': 0.3883426724137931, 'prec_micro': 0.3883426724137931, 'rec_micro': 0.3883426724137931}
epoch 78 time: 58.6s, train loss: 21.2, metrics: {'f1': 0.06571354267824987, 'f1_macro': 0.5169865074610609, 'prec_macro': 0.6874458998411961, 'rec_macro': 0.30552680964249856, 'f1_micro': 0.3883383620689655, 'prec_micro': 0.3883383620689655, 'rec_micro': 0.38833836206896544}
epoch 79 time: 58.6s, train loss: 21.2, metrics: {'f1': 0.06571354267824987, 'f1_macro': 0.5169865074610609, 'prec_macro': 0.6874458998411961, 'rec_macro': 0.30552680964249856, 'f1_micro': 0.3883383620689655, 'prec_micro': 0.3883383620689655, 'rec_micro': 0.38833836206896544}
epoch 80 time: 58.6s, train loss: 21.2, metrics: {'f1': 0.06571354267824987, 'f1_macro': 0.5169865074610609, 'prec_macro': 0.6874458998411961, 'rec_macro': 0.30552680964249856, 'f1_micro': 0.3883383620689655, 'prec_micro': 0.3883383620689655, 'rec_micro': 0.38833836206896544}
epoch 81 time: 58.6s, train loss: 21.2, metrics: {'f1': 0.06571354267824987, 'f1_macro': 0.5169865074610609, 'prec_macro': 0.6874458998411961, 'rec_macro': 0.30552680964249856, 'f1_micro': 0.3883383620689655, 'prec_micro': 0.3883383620689655, 'rec_micro': 0.38833836206896544}
epoch 82 time: 58.6s, train loss: 21.21, metrics: {'f1': 0.06571354267824987, 'f1_macro': 0.5169865074610609, 'prec_macro': 0.6874458998411961, 'rec_macro': 0.30552680964249856, 'f1_micro': 0.3883383620689655, 'prec_micro': 0.3883383620689655, 'rec_micro': 0.38833836206896544}
epoch 83 time: 58.6s, train loss: 21.21, metrics: {'f1': 0.06571354267824987, 'f1_macro': 0.5169865074610609, 'prec_macro': 0.6874458998411961, 'rec_macro': 0.30552680964249856, 'f1_micro': 0.3883383620689655, 'prec_micro': 0.3883383620689655, 'rec_micro': 0.38833836206896544}
epoch 84 time: 58.6s, train loss: 21.21, metrics: {'f1': 0.06571354267824987, 'f1_macro': 0.5169865074610609, 'prec_macro': 0.6874458998411961, 'rec_macro': 0.30552680964249856, 'f1_micro': 0.3883383620689655, 'prec_micro': 0.3883383620689655, 'rec_micro': 0.38833836206896544}
epoch 85 time: 58.6s, train loss: 21.22, metrics: {'f1': 0.06571354267824987, 'f1_macro': 0.5169865074610609, 'prec_macro': 0.6874458998411961, 'rec_macro': 0.30552680964249856, 'f1_micro': 0.3883383620689655, 'prec_micro': 0.3883383620689655, 'rec_micro': 0.38833836206896544}
epoch 86 time: 58.5s, train loss: 21.22, metrics: {'f1': 0.06571354267824987, 'f1_macro': 0.5169865074610609, 'prec_macro': 0.6874458998411961, 'rec_macro': 0.30552680964249856, 'f1_micro': 0.3883383620689655, 'prec_micro': 0.3883383620689655, 'rec_micro': 0.38833836206896544}
epoch 87 time: 58.5s, train loss: 21.22, metrics: {'f1': 0.06571354267824987, 'f1_macro': 0.5169865074610609, 'prec_macro': 0.6874458998411961, 'rec_macro': 0.30552680964249856, 'f1_micro': 0.3883383620689655, 'prec_micro': 0.3883383620689655, 'rec_micro': 0.38833836206896544}
epoch 88 time: 58.5s, train loss: 21.23, metrics: {'f1': 0.06571354267824987, 'f1_macro': 0.5169865074610609, 'prec_macro': 0.6874458998411961, 'rec_macro': 0.30552680964249856, 'f1_micro': 0.3883383620689655, 'prec_micro': 0.3883383620689655, 'rec_micro': 0.38833836206896544}
epoch 89 time: 58.6s, train loss: 21.23, metrics: {'f1': 0.06571354267824987, 'f1_macro': 0.5169865074610609, 'prec_macro': 0.6874458998411961, 'rec_macro': 0.30552680964249856, 'f1_micro': 0.3883383620689655, 'prec_micro': 0.3883383620689655, 'rec_micro': 0.38833836206896544}
epoch 90 time: 58.6s, train loss: 21.23, metrics: {'f1': 0.06571354267824987, 'f1_macro': 0.5169865074610609, 'prec_macro': 0.6874458998411961, 'rec_macro': 0.30552680964249856, 'f1_micro': 0.3883383620689655, 'prec_micro': 0.3883383620689655, 'rec_micro': 0.38833836206896544}
epoch 91 time: 58.6s, train loss: 21.24, metrics: {'f1': 0.06571354267824987, 'f1_macro': 0.5169865074610609, 'prec_macro': 0.6874458998411961, 'rec_macro': 0.30552680964249856, 'f1_micro': 0.3883383620689655, 'prec_micro': 0.3883383620689655, 'rec_micro': 0.38833836206896544}
epoch 92 time: 58.6s, train loss: 21.24, metrics: {'f1': 0.06571354267824987, 'f1_macro': 0.5169865074610609, 'prec_macro': 0.6874458998411961, 'rec_macro': 0.30552680964249856, 'f1_micro': 0.3883383620689655, 'prec_micro': 0.3883383620689655, 'rec_micro': 0.38833836206896544}
epoch 93 time: 58.6s, train loss: 21.25, metrics: {'f1': 0.06571354267824987, 'f1_macro': 0.5169865074610609, 'prec_macro': 0.6874458998411961, 'rec_macro': 0.30552680964249856, 'f1_micro': 0.3883383620689655, 'prec_micro': 0.3883383620689655, 'rec_micro': 0.38833836206896544}
epoch 94 time: 58.6s, train loss: 21.25, metrics: {'f1': 0.06571354267824987, 'f1_macro': 0.5169865074610609, 'prec_macro': 0.6874458998411961, 'rec_macro': 0.30552680964249856, 'f1_micro': 0.3883383620689655, 'prec_micro': 0.3883383620689655, 'rec_micro': 0.38833836206896544}
epoch 95 time: 58.6s, train loss: 21.25, metrics: {'f1': 0.06571354267824987, 'f1_macro': 0.5169865074610609, 'prec_macro': 0.6874458998411961, 'rec_macro': 0.30552680964249856, 'f1_micro': 0.3883383620689655, 'prec_micro': 0.3883383620689655, 'rec_micro': 0.38833836206896544}
epoch 96 time: 58.6s, train loss: 21.26, metrics: {'f1': 0.06571354267824987, 'f1_macro': 0.5169865074610609, 'prec_macro': 0.6874458998411961, 'rec_macro': 0.30552680964249856, 'f1_micro': 0.3883383620689655, 'prec_micro': 0.3883383620689655, 'rec_micro': 0.38833836206896544}
epoch 97 time: 58.7s, train loss: 21.26, metrics: {'f1': 0.06571354267824987, 'f1_macro': 0.5169865074610609, 'prec_macro': 0.6874458998411961, 'rec_macro': 0.30552680964249856, 'f1_micro': 0.3883383620689655, 'prec_micro': 0.3883383620689655, 'rec_micro': 0.38833836206896544}
epoch 98 time: 58.7s, train loss: 21.27, metrics: {'f1': 0.06571354267824987, 'f1_macro': 0.5169865074610609, 'prec_macro': 0.6874458998411961, 'rec_macro': 0.30552680964249856, 'f1_micro': 0.3883383620689655, 'prec_micro': 0.3883383620689655, 'rec_micro': 0.38833836206896544}
epoch 99 time: 58.7s, train loss: 21.27, metrics: {'f1': 0.06571354267824987, 'f1_macro': 0.5169865074610609, 'prec_macro': 0.6874458998411961, 'rec_macro': 0.30552680964249856, 'f1_micro': 0.3883383620689655, 'prec_micro': 0.3883383620689655, 'rec_micro': 0.38833836206896544}
epoch 100 time: 58.8s, train loss: 21.28, metrics: {'f1': 0.06571354267824987, 'f1_macro': 0.5169865074610609, 'prec_macro': 0.6874458998411961, 'rec_macro': 0.30552680964249856, 'f1_micro': 0.3883383620689655, 'prec_micro': 0.3883383620689655, 'rec_micro': 0.38833836206896544}
post-training summary -- best {'f1': 0.15580102367914908, 'f1_macro': 0.5401243505777126, 'prec_macro': 0.7856769053972013, 'rec_macro': 0.5296789169122584, 'f1_micro': 0.8268900862068965, 'prec_micro': 0.8268900862068965, 'rec_micro': 0.8268900862068965}
run 4 start -- seed=3
epoch 1 time: 58.9s, train loss: 24.22, metrics: {'f1': 0.0655846874557005, 'f1_macro': 0.5168544144722764, 'prec_macro': 0.6861897815444096, 'rec_macro': 0.30592026628498864, 'f1_micro': 0.38914008620689655, 'prec_micro': 0.38914008620689655, 'rec_micro': 0.38914008620689655}
epoch 2 time: 58.9s, train loss: 23.97, metrics: {'f1': 0.06570278003694423, 'f1_macro': 0.516972116821087, 'prec_macro': 0.6873204058516368, 'rec_macro': 0.3055989036297385, 'f1_micro': 0.3884762931034483, 'prec_micro': 0.3884762931034483, 'rec_micro': 0.3884762931034483}
epoch 3 time: 58.9s, train loss: 23.72, metrics: {'f1': 0.06570621506126828, 'f1_macro': 0.5169787903801925, 'prec_macro': 0.6873732413669409, 'rec_macro': 0.30555140021277954, 'f1_micro': 0.38838793103448277, 'prec_micro': 0.38838793103448277, 'rec_micro': 0.38838793103448277}
epoch 4 time: 59.1s, train loss: 23.49, metrics: {'f1': 0.0657089055977667, 'f1_macro': 0.5169823884768818, 'prec_macro': 0.6874046148643307, 'rec_macro': 0.30553337551401033, 'f1_micro': 0.38835344827586205, 'prec_micro': 0.38835344827586205, 'rec_micro': 0.38835344827586205}
epoch 5 time: 59.1s, train loss: 23.27, metrics: {'f1': 0.06571354267824987, 'f1_macro': 0.5169865074610609, 'prec_macro': 0.6874458998411961, 'rec_macro': 0.30552680964249856, 'f1_micro': 0.3883383620689655, 'prec_micro': 0.3883383620689655, 'rec_micro': 0.38833836206896544}
epoch 6 time: 58.7s, train loss: 23.06, metrics: {'f1': 0.06571354267824987, 'f1_macro': 0.5169865074610609, 'prec_macro': 0.6874458998411961, 'rec_macro': 0.30552680964249856, 'f1_micro': 0.3883383620689655, 'prec_micro': 0.3883383620689655, 'rec_micro': 0.38833836206896544}
epoch 7 time: 58.8s, train loss: 22.87, metrics: {'f1': 0.06571354267824987, 'f1_macro': 0.5169865074610609, 'prec_macro': 0.6874458998411961, 'rec_macro': 0.30552680964249856, 'f1_micro': 0.3883383620689655, 'prec_micro': 0.3883383620689655, 'rec_micro': 0.38833836206896544}
epoch 8 time: 58.7s, train loss: 22.68, metrics: {'f1': 0.06571354267824987, 'f1_macro': 0.5169865074610609, 'prec_macro': 0.6874458998411961, 'rec_macro': 0.30552680964249856, 'f1_micro': 0.3883383620689655, 'prec_micro': 0.3883383620689655, 'rec_micro': 0.38833836206896544}
epoch 9 time: 58.7s, train loss: 22.5, metrics: {'f1': 0.06571354267824987, 'f1_macro': 0.5169865074610609, 'prec_macro': 0.6874458998411961, 'rec_macro': 0.30552680964249856, 'f1_micro': 0.3883383620689655, 'prec_micro': 0.3883383620689655, 'rec_micro': 0.38833836206896544}
epoch 10 time: 58.7s, train loss: 22.35, metrics: {'f1': 0.06571354267824987, 'f1_macro': 0.5169865074610609, 'prec_macro': 0.6874458998411961, 'rec_macro': 0.30552680964249856, 'f1_micro': 0.3883383620689655, 'prec_micro': 0.3883383620689655, 'rec_micro': 0.38833836206896544}
epoch 11 time: 58.8s, train loss: 22.19, metrics: {'f1': 0.06571354267824987, 'f1_macro': 0.5169865074610609, 'prec_macro': 0.6874458998411961, 'rec_macro': 0.30552680964249856, 'f1_micro': 0.3883383620689655, 'prec_micro': 0.3883383620689655, 'rec_micro': 0.38833836206896544}
epoch 12 time: 58.7s, train loss: 22.06, metrics: {'f1': 0.06571354267824987, 'f1_macro': 0.5169865074610609, 'prec_macro': 0.6874458998411961, 'rec_macro': 0.30552680964249856, 'f1_micro': 0.3883383620689655, 'prec_micro': 0.3883383620689655, 'rec_micro': 0.38833836206896544}
epoch 13 time: 58.7s, train loss: 21.92, metrics: {'f1': 0.06571354267824987, 'f1_macro': 0.5169865074610609, 'prec_macro': 0.6874458998411961, 'rec_macro': 0.30552680964249856, 'f1_micro': 0.3883383620689655, 'prec_micro': 0.3883383620689655, 'rec_micro': 0.38833836206896544}
epoch 14 time: 58.6s, train loss: 21.81, metrics: {'f1': 0.06571354267824987, 'f1_macro': 0.5169865074610609, 'prec_macro': 0.6874458998411961, 'rec_macro': 0.30552680964249856, 'f1_micro': 0.3883383620689655, 'prec_micro': 0.3883383620689655, 'rec_micro': 0.38833836206896544}
epoch 15 time: 58.7s, train loss: 21.7, metrics: {'f1': 0.06571354267824987, 'f1_macro': 0.5169865074610609, 'prec_macro': 0.6874458998411961, 'rec_macro': 0.30552680964249856, 'f1_micro': 0.3883383620689655, 'prec_micro': 0.3883383620689655, 'rec_micro': 0.38833836206896544}
epoch 16 time: 58.8s, train loss: 21.6, metrics: {'f1': 0.06571354267824987, 'f1_macro': 0.5169865074610609, 'prec_macro': 0.6874458998411961, 'rec_macro': 0.30552680964249856, 'f1_micro': 0.3883383620689655, 'prec_micro': 0.3883383620689655, 'rec_micro': 0.38833836206896544}
epoch 17 time: 58.8s, train loss: 21.51, metrics: {'f1': 0.06571354267824987, 'f1_macro': 0.5169865074610609, 'prec_macro': 0.6874458998411961, 'rec_macro': 0.30552680964249856, 'f1_micro': 0.3883383620689655, 'prec_micro': 0.3883383620689655, 'rec_micro': 0.38833836206896544}
epoch 18 time: 58.7s, train loss: 21.42, metrics: {'f1': 0.06571354267824987, 'f1_macro': 0.5169865074610609, 'prec_macro': 0.6874458998411961, 'rec_macro': 0.30552680964249856, 'f1_micro': 0.3883383620689655, 'prec_micro': 0.3883383620689655, 'rec_micro': 0.38833836206896544}
epoch 19 time: 58.7s, train loss: 21.35, metrics: {'f1': 0.06571354267824987, 'f1_macro': 0.5169865074610609, 'prec_macro': 0.6874458998411961, 'rec_macro': 0.30552680964249856, 'f1_micro': 0.3883383620689655, 'prec_micro': 0.3883383620689655, 'rec_micro': 0.38833836206896544}
epoch 20 time: 58.6s, train loss: 21.28, metrics: {'f1': 0.06571354267824987, 'f1_macro': 0.5169865074610609, 'prec_macro': 0.6874458998411961, 'rec_macro': 0.30552680964249856, 'f1_micro': 0.3883383620689655, 'prec_micro': 0.3883383620689655, 'rec_micro': 0.38833836206896544}
epoch 21 time: 58.7s, train loss: 21.22, metrics: {'f1': 0.06571354267824987, 'f1_macro': 0.5169865074610609, 'prec_macro': 0.6874458998411961, 'rec_macro': 0.30552680964249856, 'f1_micro': 0.3883383620689655, 'prec_micro': 0.3883383620689655, 'rec_micro': 0.38833836206896544}
epoch 22 time: 58.7s, train loss: 21.17, metrics: {'f1': 0.06571354267824987, 'f1_macro': 0.5169865074610609, 'prec_macro': 0.6874458998411961, 'rec_macro': 0.30552680964249856, 'f1_micro': 0.3883383620689655, 'prec_micro': 0.3883383620689655, 'rec_micro': 0.38833836206896544}
epoch 23 time: 58.8s, train loss: 21.12, metrics: {'f1': 0.06571354267824987, 'f1_macro': 0.5169865074610609, 'prec_macro': 0.6874458998411961, 'rec_macro': 0.30552680964249856, 'f1_micro': 0.3883383620689655, 'prec_micro': 0.3883383620689655, 'rec_micro': 0.38833836206896544}
epoch 24 time: 58.8s, train loss: 21.08, metrics: {'f1': 0.06571354267824987, 'f1_macro': 0.5169865074610609, 'prec_macro': 0.6874458998411961, 'rec_macro': 0.30552680964249856, 'f1_micro': 0.3883383620689655, 'prec_micro': 0.3883383620689655, 'rec_micro': 0.38833836206896544}
epoch 25 time: 58.8s, train loss: 21.04, metrics: {'f1': 0.06571354267824987, 'f1_macro': 0.5169865074610609, 'prec_macro': 0.6874458998411961, 'rec_macro': 0.30552680964249856, 'f1_micro': 0.3883383620689655, 'prec_micro': 0.3883383620689655, 'rec_micro': 0.38833836206896544}
epoch 26 time: 58.7s, train loss: 21.01, metrics: {'f1': 0.06571354267824987, 'f1_macro': 0.5169865074610609, 'prec_macro': 0.6874458998411961, 'rec_macro': 0.30552680964249856, 'f1_micro': 0.3883383620689655, 'prec_micro': 0.3883383620689655, 'rec_micro': 0.38833836206896544}
epoch 27 time: 58.8s, train loss: 20.99, metrics: {'f1': 0.06571354267824987, 'f1_macro': 0.5169865074610609, 'prec_macro': 0.6874458998411961, 'rec_macro': 0.30552680964249856, 'f1_micro': 0.3883383620689655, 'prec_micro': 0.3883383620689655, 'rec_micro': 0.38833836206896544}
epoch 28 time: 58.7s, train loss: 20.96, metrics: {'f1': 0.06571354267824987, 'f1_macro': 0.5169865074610609, 'prec_macro': 0.6874458998411961, 'rec_macro': 0.30552680964249856, 'f1_micro': 0.3883383620689655, 'prec_micro': 0.3883383620689655, 'rec_micro': 0.38833836206896544}
epoch 29 time: 58.6s, train loss: 20.95, metrics: {'f1': 0.06571354267824987, 'f1_macro': 0.5169865074610609, 'prec_macro': 0.6874458998411961, 'rec_macro': 0.30552680964249856, 'f1_micro': 0.3883383620689655, 'prec_micro': 0.3883383620689655, 'rec_micro': 0.38833836206896544}
epoch 30 time: 58.8s, train loss: 20.93, metrics: {'f1': 0.06571354267824987, 'f1_macro': 0.5169865074610609, 'prec_macro': 0.6874458998411961, 'rec_macro': 0.30552680964249856, 'f1_micro': 0.3883383620689655, 'prec_micro': 0.3883383620689655, 'rec_micro': 0.38833836206896544}
epoch 31 time: 59.0s, train loss: 20.92, metrics: {'f1': 0.06571354267824987, 'f1_macro': 0.5169865074610609, 'prec_macro': 0.6874458998411961, 'rec_macro': 0.30552680964249856, 'f1_micro': 0.3883383620689655, 'prec_micro': 0.3883383620689655, 'rec_micro': 0.38833836206896544}
epoch 32 time: 58.8s, train loss: 20.91, metrics: {'f1': 0.06571354267824987, 'f1_macro': 0.5169865074610609, 'prec_macro': 0.6874458998411961, 'rec_macro': 0.30552680964249856, 'f1_micro': 0.3883383620689655, 'prec_micro': 0.3883383620689655, 'rec_micro': 0.38833836206896544}
epoch 33 time: 58.8s, train loss: 20.91, metrics: {'f1': 0.06571354267824987, 'f1_macro': 0.5169865074610609, 'prec_macro': 0.6874458998411961, 'rec_macro': 0.30552680964249856, 'f1_micro': 0.3883383620689655, 'prec_micro': 0.3883383620689655, 'rec_micro': 0.38833836206896544}
epoch 34 time: 58.9s, train loss: 20.91, metrics: {'f1': 0.06571354267824987, 'f1_macro': 0.5169865074610609, 'prec_macro': 0.6874458998411961, 'rec_macro': 0.30552680964249856, 'f1_micro': 0.3883383620689655, 'prec_micro': 0.3883383620689655, 'rec_micro': 0.38833836206896544}
epoch 35 time: 58.8s, train loss: 20.91, metrics: {'f1': 0.06571354267824987, 'f1_macro': 0.5169865074610609, 'prec_macro': 0.6874458998411961, 'rec_macro': 0.30552680964249856, 'f1_micro': 0.3883383620689655, 'prec_micro': 0.3883383620689655, 'rec_micro': 0.38833836206896544}
epoch 36 time: 58.7s, train loss: 20.91, metrics: {'f1': 0.06571354267824987, 'f1_macro': 0.5169865074610609, 'prec_macro': 0.6874458998411961, 'rec_macro': 0.30552680964249856, 'f1_micro': 0.3883383620689655, 'prec_micro': 0.3883383620689655, 'rec_micro': 0.38833836206896544}
epoch 37 time: 58.8s, train loss: 20.91, metrics: {'f1': 0.06571354267824987, 'f1_macro': 0.5169865074610609, 'prec_macro': 0.6874458998411961, 'rec_macro': 0.30552680964249856, 'f1_micro': 0.3883383620689655, 'prec_micro': 0.3883383620689655, 'rec_micro': 0.38833836206896544}
epoch 38 time: 58.7s, train loss: 20.92, metrics: {'f1': 0.06571354267824987, 'f1_macro': 0.5169865074610609, 'prec_macro': 0.6874458998411961, 'rec_macro': 0.30552680964249856, 'f1_micro': 0.3883383620689655, 'prec_micro': 0.3883383620689655, 'rec_micro': 0.38833836206896544}
epoch 39 time: 58.7s, train loss: 20.92, metrics: {'f1': 0.06571354267824987, 'f1_macro': 0.5169865074610609, 'prec_macro': 0.6874458998411961, 'rec_macro': 0.30552680964249856, 'f1_micro': 0.3883383620689655, 'prec_micro': 0.3883383620689655, 'rec_micro': 0.38833836206896544}
epoch 40 time: 59.0s, train loss: 20.93, metrics: {'f1': 0.06571354267824987, 'f1_macro': 0.5169865074610609, 'prec_macro': 0.6874458998411961, 'rec_macro': 0.30552680964249856, 'f1_micro': 0.3883383620689655, 'prec_micro': 0.3883383620689655, 'rec_micro': 0.38833836206896544}
epoch 41 time: 59.0s, train loss: 20.94, metrics: {'f1': 0.06571354267824987, 'f1_macro': 0.5169865074610609, 'prec_macro': 0.6874458998411961, 'rec_macro': 0.30552680964249856, 'f1_micro': 0.3883383620689655, 'prec_micro': 0.3883383620689655, 'rec_micro': 0.38833836206896544}
epoch 42 time: 58.8s, train loss: 20.94, metrics: {'f1': 0.06571354267824987, 'f1_macro': 0.5169865074610609, 'prec_macro': 0.6874458998411961, 'rec_macro': 0.30552680964249856, 'f1_micro': 0.3883383620689655, 'prec_micro': 0.3883383620689655, 'rec_micro': 0.38833836206896544}
epoch 43 time: 58.9s, train loss: 20.95, metrics: {'f1': 0.06571354267824987, 'f1_macro': 0.5169865074610609, 'prec_macro': 0.6874458998411961, 'rec_macro': 0.30552680964249856, 'f1_micro': 0.3883383620689655, 'prec_micro': 0.3883383620689655, 'rec_micro': 0.38833836206896544}
epoch 44 time: 59.1s, train loss: 20.96, metrics: {'f1': 0.06571354267824987, 'f1_macro': 0.5169865074610609, 'prec_macro': 0.6874458998411961, 'rec_macro': 0.30552680964249856, 'f1_micro': 0.3883383620689655, 'prec_micro': 0.3883383620689655, 'rec_micro': 0.38833836206896544}
epoch 45 time: 59.0s, train loss: 20.97, metrics: {'f1': 0.06571354267824987, 'f1_macro': 0.5169865074610609, 'prec_macro': 0.6874458998411961, 'rec_macro': 0.30552680964249856, 'f1_micro': 0.3883383620689655, 'prec_micro': 0.3883383620689655, 'rec_micro': 0.38833836206896544}
epoch 46 time: 58.7s, train loss: 20.98, metrics: {'f1': 0.06571354267824987, 'f1_macro': 0.5169865074610609, 'prec_macro': 0.6874458998411961, 'rec_macro': 0.30552680964249856, 'f1_micro': 0.3883383620689655, 'prec_micro': 0.3883383620689655, 'rec_micro': 0.38833836206896544}
epoch 47 time: 58.9s, train loss: 20.99, metrics: {'f1': 0.06571354267824987, 'f1_macro': 0.5169865074610609, 'prec_macro': 0.6874458998411961, 'rec_macro': 0.30552680964249856, 'f1_micro': 0.3883383620689655, 'prec_micro': 0.3883383620689655, 'rec_micro': 0.38833836206896544}
epoch 48 time: 58.8s, train loss: 21.0, metrics: {'f1': 0.06571354267824987, 'f1_macro': 0.5169865074610609, 'prec_macro': 0.6874458998411961, 'rec_macro': 0.30552680964249856, 'f1_micro': 0.3883383620689655, 'prec_micro': 0.3883383620689655, 'rec_micro': 0.38833836206896544}
epoch 49 time: 58.9s, train loss: 21.01, metrics: {'f1': 0.06571354267824987, 'f1_macro': 0.5169865074610609, 'prec_macro': 0.6874458998411961, 'rec_macro': 0.30552680964249856, 'f1_micro': 0.3883383620689655, 'prec_micro': 0.3883383620689655, 'rec_micro': 0.38833836206896544}
epoch 50 time: 58.8s, train loss: 21.02, metrics: {'f1': 0.06571354267824987, 'f1_macro': 0.5169865074610609, 'prec_macro': 0.6874458998411961, 'rec_macro': 0.30552680964249856, 'f1_micro': 0.3883383620689655, 'prec_micro': 0.3883383620689655, 'rec_micro': 0.38833836206896544}
epoch 51 time: 59.2s, train loss: 21.03, metrics: {'f1': 0.06571354267824987, 'f1_macro': 0.5169865074610609, 'prec_macro': 0.6874458998411961, 'rec_macro': 0.30552680964249856, 'f1_micro': 0.3883383620689655, 'prec_micro': 0.3883383620689655, 'rec_micro': 0.38833836206896544}
epoch 52 time: 59.4s, train loss: 21.04, metrics: {'f1': 0.06571354267824987, 'f1_macro': 0.5169865074610609, 'prec_macro': 0.6874458998411961, 'rec_macro': 0.30552680964249856, 'f1_micro': 0.3883383620689655, 'prec_micro': 0.3883383620689655, 'rec_micro': 0.38833836206896544}
epoch 53 time: 59.0s, train loss: 21.04, metrics: {'f1': 0.06571354267824987, 'f1_macro': 0.5169865074610609, 'prec_macro': 0.6874458998411961, 'rec_macro': 0.30552680964249856, 'f1_micro': 0.3883383620689655, 'prec_micro': 0.3883383620689655, 'rec_micro': 0.38833836206896544}
epoch 54 time: 59.1s, train loss: 21.05, metrics: {'f1': 0.06571354267824987, 'f1_macro': 0.5169865074610609, 'prec_macro': 0.6874458998411961, 'rec_macro': 0.30552680964249856, 'f1_micro': 0.3883383620689655, 'prec_micro': 0.3883383620689655, 'rec_micro': 0.38833836206896544}
epoch 55 time: 59.0s, train loss: 21.06, metrics: {'f1': 0.06571354267824987, 'f1_macro': 0.5169865074610609, 'prec_macro': 0.6874458998411961, 'rec_macro': 0.30552680964249856, 'f1_micro': 0.3883383620689655, 'prec_micro': 0.3883383620689655, 'rec_micro': 0.38833836206896544}
epoch 56 time: 59.0s, train loss: 21.06, metrics: {'f1': 0.06571354267824987, 'f1_macro': 0.5169865074610609, 'prec_macro': 0.6874458998411961, 'rec_macro': 0.30552680964249856, 'f1_micro': 0.3883383620689655, 'prec_micro': 0.3883383620689655, 'rec_micro': 0.38833836206896544}
epoch 57 time: 58.9s, train loss: 21.06, metrics: {'f1': 0.06571354267824987, 'f1_macro': 0.5169865074610609, 'prec_macro': 0.6874458998411961, 'rec_macro': 0.30552680964249856, 'f1_micro': 0.3883383620689655, 'prec_micro': 0.3883383620689655, 'rec_micro': 0.38833836206896544}
epoch 58 time: 59.0s, train loss: 21.07, metrics: {'f1': 0.06571354267824987, 'f1_macro': 0.5169865074610609, 'prec_macro': 0.6874458998411961, 'rec_macro': 0.30552680964249856, 'f1_micro': 0.3883383620689655, 'prec_micro': 0.3883383620689655, 'rec_micro': 0.38833836206896544}
epoch 59 time: 59.2s, train loss: 21.07, metrics: {'f1': 0.06571354267824987, 'f1_macro': 0.5169865074610609, 'prec_macro': 0.6874458998411961, 'rec_macro': 0.30552680964249856, 'f1_micro': 0.3883383620689655, 'prec_micro': 0.3883383620689655, 'rec_micro': 0.38833836206896544}
epoch 60 time: 58.8s, train loss: 21.07, metrics: {'f1': 0.06571354267824987, 'f1_macro': 0.5169865074610609, 'prec_macro': 0.6874458998411961, 'rec_macro': 0.30552680964249856, 'f1_micro': 0.3883383620689655, 'prec_micro': 0.3883383620689655, 'rec_micro': 0.38833836206896544}
epoch 61 time: 58.7s, train loss: 21.07, metrics: {'f1': 0.06571354267824987, 'f1_macro': 0.5169865074610609, 'prec_macro': 0.6874458998411961, 'rec_macro': 0.30552680964249856, 'f1_micro': 0.3883383620689655, 'prec_micro': 0.3883383620689655, 'rec_micro': 0.38833836206896544}
epoch 62 time: 58.8s, train loss: 21.07, metrics: {'f1': 0.06571354267824987, 'f1_macro': 0.5169865074610609, 'prec_macro': 0.6874458998411961, 'rec_macro': 0.30552680964249856, 'f1_micro': 0.3883383620689655, 'prec_micro': 0.3883383620689655, 'rec_micro': 0.38833836206896544}
epoch 63 time: 59.0s, train loss: 21.06, metrics: {'f1': 0.06571354267824987, 'f1_macro': 0.5169865074610609, 'prec_macro': 0.6874458998411961, 'rec_macro': 0.30552680964249856, 'f1_micro': 0.3883383620689655, 'prec_micro': 0.3883383620689655, 'rec_micro': 0.38833836206896544}
epoch 64 time: 58.8s, train loss: 21.06, metrics: {'f1': 0.06571354267824987, 'f1_macro': 0.5169865074610609, 'prec_macro': 0.6874458998411961, 'rec_macro': 0.30552680964249856, 'f1_micro': 0.3883383620689655, 'prec_micro': 0.3883383620689655, 'rec_micro': 0.38833836206896544}
epoch 65 time: 58.9s, train loss: 21.06, metrics: {'f1': 0.06571354267824987, 'f1_macro': 0.5169865074610609, 'prec_macro': 0.6874458998411961, 'rec_macro': 0.30552680964249856, 'f1_micro': 0.3883383620689655, 'prec_micro': 0.3883383620689655, 'rec_micro': 0.38833836206896544}
epoch 66 time: 58.9s, train loss: 21.05, metrics: {'f1': 0.06571354267824987, 'f1_macro': 0.5169865074610609, 'prec_macro': 0.6874458998411961, 'rec_macro': 0.30552680964249856, 'f1_micro': 0.3883383620689655, 'prec_micro': 0.3883383620689655, 'rec_micro': 0.38833836206896544}
epoch 67 time: 58.8s, train loss: 21.04, metrics: {'f1': 0.06571354267824987, 'f1_macro': 0.5169865074610609, 'prec_macro': 0.6874458998411961, 'rec_macro': 0.30552680964249856, 'f1_micro': 0.3883383620689655, 'prec_micro': 0.3883383620689655, 'rec_micro': 0.38833836206896544}
epoch 68 time: 58.7s, train loss: 21.04, metrics: {'f1': 0.06571354267824987, 'f1_macro': 0.5169865074610609, 'prec_macro': 0.6874458998411961, 'rec_macro': 0.30552680964249856, 'f1_micro': 0.3883383620689655, 'prec_micro': 0.3883383620689655, 'rec_micro': 0.38833836206896544}
/home/azureuser/.local/lib/python3.8/site-packages/sklearn/metrics/_classification.py:1344: UndefinedMetricWarning: Precision and F-score are ill-defined and being set to 0.0 in labels with no predicted samples. Use `zero_division` parameter to control this behavior.
  _warn_prf(average, modifier, msg_start, len(result))
epoch 69 time: 58.7s, train loss: 21.03, metrics: {'f1': 0.04211561222918218, 'f1_macro': 0.010755387931034482, 'prec_macro': 0.5, 'rec_macro': 0.02105780611459109, 'f1_micro': 0.021510775862068964, 'prec_micro': 0.021510775862068964, 'rec_micro': 0.021510775862068964}
/home/azureuser/.local/lib/python3.8/site-packages/sklearn/metrics/_classification.py:1344: UndefinedMetricWarning: Precision and F-score are ill-defined and being set to 0.0 in labels with no predicted samples. Use `zero_division` parameter to control this behavior.
  _warn_prf(average, modifier, msg_start, len(result))
epoch 70 time: 58.8s, train loss: 21.02, metrics: {'f1': 0.04211561222918218, 'f1_macro': 0.010755387931034482, 'prec_macro': 0.5, 'rec_macro': 0.02105780611459109, 'f1_micro': 0.021510775862068964, 'prec_micro': 0.021510775862068964, 'rec_micro': 0.021510775862068964}
/home/azureuser/.local/lib/python3.8/site-packages/sklearn/metrics/_classification.py:1344: UndefinedMetricWarning: Precision and F-score are ill-defined and being set to 0.0 in labels with no predicted samples. Use `zero_division` parameter to control this behavior.
  _warn_prf(average, modifier, msg_start, len(result))
epoch 71 time: 58.6s, train loss: 21.01, metrics: {'f1': 0.04211561222918218, 'f1_macro': 0.010755387931034482, 'prec_macro': 0.5, 'rec_macro': 0.02105780611459109, 'f1_micro': 0.021510775862068964, 'prec_micro': 0.021510775862068964, 'rec_micro': 0.021510775862068964}
/home/azureuser/.local/lib/python3.8/site-packages/sklearn/metrics/_classification.py:1344: UndefinedMetricWarning: Precision and F-score are ill-defined and being set to 0.0 in labels with no predicted samples. Use `zero_division` parameter to control this behavior.
  _warn_prf(average, modifier, msg_start, len(result))
epoch 72 time: 58.7s, train loss: 21.0, metrics: {'f1': 0.04211561222918218, 'f1_macro': 0.010755387931034482, 'prec_macro': 0.5, 'rec_macro': 0.02105780611459109, 'f1_micro': 0.021510775862068964, 'prec_micro': 0.021510775862068964, 'rec_micro': 0.021510775862068964}
/home/azureuser/.local/lib/python3.8/site-packages/sklearn/metrics/_classification.py:1344: UndefinedMetricWarning: Precision and F-score are ill-defined and being set to 0.0 in labels with no predicted samples. Use `zero_division` parameter to control this behavior.
  _warn_prf(average, modifier, msg_start, len(result))
epoch 73 time: 58.9s, train loss: 20.99, metrics: {'f1': 0.04211561222918218, 'f1_macro': 0.010755387931034482, 'prec_macro': 0.5, 'rec_macro': 0.02105780611459109, 'f1_micro': 0.021510775862068964, 'prec_micro': 0.021510775862068964, 'rec_micro': 0.021510775862068964}
/home/azureuser/.local/lib/python3.8/site-packages/sklearn/metrics/_classification.py:1344: UndefinedMetricWarning: Precision and F-score are ill-defined and being set to 0.0 in labels with no predicted samples. Use `zero_division` parameter to control this behavior.
  _warn_prf(average, modifier, msg_start, len(result))
epoch 74 time: 58.8s, train loss: 20.98, metrics: {'f1': 0.04211561222918218, 'f1_macro': 0.010755387931034482, 'prec_macro': 0.5, 'rec_macro': 0.02105780611459109, 'f1_micro': 0.021510775862068964, 'prec_micro': 0.021510775862068964, 'rec_micro': 0.021510775862068964}
/home/azureuser/.local/lib/python3.8/site-packages/sklearn/metrics/_classification.py:1344: UndefinedMetricWarning: Precision and F-score are ill-defined and being set to 0.0 in labels with no predicted samples. Use `zero_division` parameter to control this behavior.
  _warn_prf(average, modifier, msg_start, len(result))
epoch 75 time: 58.7s, train loss: 20.97, metrics: {'f1': 0.04211561222918218, 'f1_macro': 0.010755387931034482, 'prec_macro': 0.5, 'rec_macro': 0.02105780611459109, 'f1_micro': 0.021510775862068964, 'prec_micro': 0.021510775862068964, 'rec_micro': 0.021510775862068964}
/home/azureuser/.local/lib/python3.8/site-packages/sklearn/metrics/_classification.py:1344: UndefinedMetricWarning: Precision and F-score are ill-defined and being set to 0.0 in labels with no predicted samples. Use `zero_division` parameter to control this behavior.
  _warn_prf(average, modifier, msg_start, len(result))
epoch 76 time: 58.6s, train loss: 20.96, metrics: {'f1': 0.04211561222918218, 'f1_macro': 0.010755387931034482, 'prec_macro': 0.5, 'rec_macro': 0.02105780611459109, 'f1_micro': 0.021510775862068964, 'prec_micro': 0.021510775862068964, 'rec_micro': 0.021510775862068964}
/home/azureuser/.local/lib/python3.8/site-packages/sklearn/metrics/_classification.py:1344: UndefinedMetricWarning: Precision and F-score are ill-defined and being set to 0.0 in labels with no predicted samples. Use `zero_division` parameter to control this behavior.
  _warn_prf(average, modifier, msg_start, len(result))
epoch 77 time: 58.6s, train loss: 20.95, metrics: {'f1': 0.04211561222918218, 'f1_macro': 0.010755387931034482, 'prec_macro': 0.5, 'rec_macro': 0.02105780611459109, 'f1_micro': 0.021510775862068964, 'prec_micro': 0.021510775862068964, 'rec_micro': 0.021510775862068964}
/home/azureuser/.local/lib/python3.8/site-packages/sklearn/metrics/_classification.py:1344: UndefinedMetricWarning: Precision and F-score are ill-defined and being set to 0.0 in labels with no predicted samples. Use `zero_division` parameter to control this behavior.
  _warn_prf(average, modifier, msg_start, len(result))
epoch 78 time: 58.7s, train loss: 20.94, metrics: {'f1': 0.04211561222918218, 'f1_macro': 0.010755387931034482, 'prec_macro': 0.5, 'rec_macro': 0.02105780611459109, 'f1_micro': 0.021510775862068964, 'prec_micro': 0.021510775862068964, 'rec_micro': 0.021510775862068964}
/home/azureuser/.local/lib/python3.8/site-packages/sklearn/metrics/_classification.py:1344: UndefinedMetricWarning: Precision and F-score are ill-defined and being set to 0.0 in labels with no predicted samples. Use `zero_division` parameter to control this behavior.
  _warn_prf(average, modifier, msg_start, len(result))
epoch 79 time: 58.7s, train loss: 20.93, metrics: {'f1': 0.04211561222918218, 'f1_macro': 0.010755387931034482, 'prec_macro': 0.5, 'rec_macro': 0.02105780611459109, 'f1_micro': 0.021510775862068964, 'prec_micro': 0.021510775862068964, 'rec_micro': 0.021510775862068964}
/home/azureuser/.local/lib/python3.8/site-packages/sklearn/metrics/_classification.py:1344: UndefinedMetricWarning: Precision and F-score are ill-defined and being set to 0.0 in labels with no predicted samples. Use `zero_division` parameter to control this behavior.
  _warn_prf(average, modifier, msg_start, len(result))
epoch 80 time: 58.6s, train loss: 20.92, metrics: {'f1': 0.04211561222918218, 'f1_macro': 0.010755387931034482, 'prec_macro': 0.5, 'rec_macro': 0.02105780611459109, 'f1_micro': 0.021510775862068964, 'prec_micro': 0.021510775862068964, 'rec_micro': 0.021510775862068964}
/home/azureuser/.local/lib/python3.8/site-packages/sklearn/metrics/_classification.py:1344: UndefinedMetricWarning: Precision and F-score are ill-defined and being set to 0.0 in labels with no predicted samples. Use `zero_division` parameter to control this behavior.
  _warn_prf(average, modifier, msg_start, len(result))
epoch 81 time: 58.6s, train loss: 20.91, metrics: {'f1': 0.04211561222918218, 'f1_macro': 0.010755387931034482, 'prec_macro': 0.5, 'rec_macro': 0.02105780611459109, 'f1_micro': 0.021510775862068964, 'prec_micro': 0.021510775862068964, 'rec_micro': 0.021510775862068964}
/home/azureuser/.local/lib/python3.8/site-packages/sklearn/metrics/_classification.py:1344: UndefinedMetricWarning: Precision and F-score are ill-defined and being set to 0.0 in labels with no predicted samples. Use `zero_division` parameter to control this behavior.
  _warn_prf(average, modifier, msg_start, len(result))
epoch 82 time: 58.7s, train loss: 20.9, metrics: {'f1': 0.04211561222918218, 'f1_macro': 0.010755387931034482, 'prec_macro': 0.5, 'rec_macro': 0.02105780611459109, 'f1_micro': 0.021510775862068964, 'prec_micro': 0.021510775862068964, 'rec_micro': 0.021510775862068964}
/home/azureuser/.local/lib/python3.8/site-packages/sklearn/metrics/_classification.py:1344: UndefinedMetricWarning: Precision and F-score are ill-defined and being set to 0.0 in labels with no predicted samples. Use `zero_division` parameter to control this behavior.
  _warn_prf(average, modifier, msg_start, len(result))
epoch 83 time: 58.7s, train loss: 20.89, metrics: {'f1': 0.04211561222918218, 'f1_macro': 0.010755387931034482, 'prec_macro': 0.5, 'rec_macro': 0.02105780611459109, 'f1_micro': 0.021510775862068964, 'prec_micro': 0.021510775862068964, 'rec_micro': 0.021510775862068964}
/home/azureuser/.local/lib/python3.8/site-packages/sklearn/metrics/_classification.py:1344: UndefinedMetricWarning: Precision and F-score are ill-defined and being set to 0.0 in labels with no predicted samples. Use `zero_division` parameter to control this behavior.
  _warn_prf(average, modifier, msg_start, len(result))
epoch 84 time: 58.7s, train loss: 20.88, metrics: {'f1': 0.04211561222918218, 'f1_macro': 0.010755387931034482, 'prec_macro': 0.5, 'rec_macro': 0.02105780611459109, 'f1_micro': 0.021510775862068964, 'prec_micro': 0.021510775862068964, 'rec_micro': 0.021510775862068964}
/home/azureuser/.local/lib/python3.8/site-packages/sklearn/metrics/_classification.py:1344: UndefinedMetricWarning: Precision and F-score are ill-defined and being set to 0.0 in labels with no predicted samples. Use `zero_division` parameter to control this behavior.
  _warn_prf(average, modifier, msg_start, len(result))
epoch 85 time: 58.6s, train loss: 20.87, metrics: {'f1': 0.04211561222918218, 'f1_macro': 0.010755387931034482, 'prec_macro': 0.5, 'rec_macro': 0.02105780611459109, 'f1_micro': 0.021510775862068964, 'prec_micro': 0.021510775862068964, 'rec_micro': 0.021510775862068964}
/home/azureuser/.local/lib/python3.8/site-packages/sklearn/metrics/_classification.py:1344: UndefinedMetricWarning: Precision and F-score are ill-defined and being set to 0.0 in labels with no predicted samples. Use `zero_division` parameter to control this behavior.
  _warn_prf(average, modifier, msg_start, len(result))
epoch 86 time: 58.6s, train loss: 20.87, metrics: {'f1': 0.04211561222918218, 'f1_macro': 0.010755387931034482, 'prec_macro': 0.5, 'rec_macro': 0.02105780611459109, 'f1_micro': 0.021510775862068964, 'prec_micro': 0.021510775862068964, 'rec_micro': 0.021510775862068964}
/home/azureuser/.local/lib/python3.8/site-packages/sklearn/metrics/_classification.py:1344: UndefinedMetricWarning: Precision and F-score are ill-defined and being set to 0.0 in labels with no predicted samples. Use `zero_division` parameter to control this behavior.
  _warn_prf(average, modifier, msg_start, len(result))
epoch 87 time: 58.7s, train loss: 20.86, metrics: {'f1': 0.04211561222918218, 'f1_macro': 0.010755387931034482, 'prec_macro': 0.5, 'rec_macro': 0.02105780611459109, 'f1_micro': 0.021510775862068964, 'prec_micro': 0.021510775862068964, 'rec_micro': 0.021510775862068964}
/home/azureuser/.local/lib/python3.8/site-packages/sklearn/metrics/_classification.py:1344: UndefinedMetricWarning: Precision and F-score are ill-defined and being set to 0.0 in labels with no predicted samples. Use `zero_division` parameter to control this behavior.
  _warn_prf(average, modifier, msg_start, len(result))
epoch 88 time: 58.7s, train loss: 20.85, metrics: {'f1': 0.04211561222918218, 'f1_macro': 0.010755387931034482, 'prec_macro': 0.5, 'rec_macro': 0.02105780611459109, 'f1_micro': 0.021510775862068964, 'prec_micro': 0.021510775862068964, 'rec_micro': 0.021510775862068964}
/home/azureuser/.local/lib/python3.8/site-packages/sklearn/metrics/_classification.py:1344: UndefinedMetricWarning: Precision and F-score are ill-defined and being set to 0.0 in labels with no predicted samples. Use `zero_division` parameter to control this behavior.
  _warn_prf(average, modifier, msg_start, len(result))
epoch 89 time: 58.6s, train loss: 20.85, metrics: {'f1': 0.04211561222918218, 'f1_macro': 0.010755387931034482, 'prec_macro': 0.5, 'rec_macro': 0.02105780611459109, 'f1_micro': 0.021510775862068964, 'prec_micro': 0.021510775862068964, 'rec_micro': 0.021510775862068964}
/home/azureuser/.local/lib/python3.8/site-packages/sklearn/metrics/_classification.py:1344: UndefinedMetricWarning: Precision and F-score are ill-defined and being set to 0.0 in labels with no predicted samples. Use `zero_division` parameter to control this behavior.
  _warn_prf(average, modifier, msg_start, len(result))
epoch 90 time: 58.6s, train loss: 20.84, metrics: {'f1': 0.04211561222918218, 'f1_macro': 0.010755387931034482, 'prec_macro': 0.5, 'rec_macro': 0.02105780611459109, 'f1_micro': 0.021510775862068964, 'prec_micro': 0.021510775862068964, 'rec_micro': 0.021510775862068964}
/home/azureuser/.local/lib/python3.8/site-packages/sklearn/metrics/_classification.py:1344: UndefinedMetricWarning: Precision and F-score are ill-defined and being set to 0.0 in labels with no predicted samples. Use `zero_division` parameter to control this behavior.
  _warn_prf(average, modifier, msg_start, len(result))
epoch 91 time: 58.7s, train loss: 20.84, metrics: {'f1': 0.04211561222918218, 'f1_macro': 0.010755387931034482, 'prec_macro': 0.5, 'rec_macro': 0.02105780611459109, 'f1_micro': 0.021510775862068964, 'prec_micro': 0.021510775862068964, 'rec_micro': 0.021510775862068964}
/home/azureuser/.local/lib/python3.8/site-packages/sklearn/metrics/_classification.py:1344: UndefinedMetricWarning: Precision and F-score are ill-defined and being set to 0.0 in labels with no predicted samples. Use `zero_division` parameter to control this behavior.
  _warn_prf(average, modifier, msg_start, len(result))
epoch 92 time: 58.8s, train loss: 20.84, metrics: {'f1': 0.04211561222918218, 'f1_macro': 0.010755387931034482, 'prec_macro': 0.5, 'rec_macro': 0.02105780611459109, 'f1_micro': 0.021510775862068964, 'prec_micro': 0.021510775862068964, 'rec_micro': 0.021510775862068964}
/home/azureuser/.local/lib/python3.8/site-packages/sklearn/metrics/_classification.py:1344: UndefinedMetricWarning: Precision and F-score are ill-defined and being set to 0.0 in labels with no predicted samples. Use `zero_division` parameter to control this behavior.
  _warn_prf(average, modifier, msg_start, len(result))
epoch 93 time: 58.8s, train loss: 20.83, metrics: {'f1': 0.04211561222918218, 'f1_macro': 0.010755387931034482, 'prec_macro': 0.5, 'rec_macro': 0.02105780611459109, 'f1_micro': 0.021510775862068964, 'prec_micro': 0.021510775862068964, 'rec_micro': 0.021510775862068964}
/home/azureuser/.local/lib/python3.8/site-packages/sklearn/metrics/_classification.py:1344: UndefinedMetricWarning: Precision and F-score are ill-defined and being set to 0.0 in labels with no predicted samples. Use `zero_division` parameter to control this behavior.
  _warn_prf(average, modifier, msg_start, len(result))
epoch 94 time: 58.6s, train loss: 20.83, metrics: {'f1': 0.04211561222918218, 'f1_macro': 0.010755387931034482, 'prec_macro': 0.5, 'rec_macro': 0.02105780611459109, 'f1_micro': 0.021510775862068964, 'prec_micro': 0.021510775862068964, 'rec_micro': 0.021510775862068964}
/home/azureuser/.local/lib/python3.8/site-packages/sklearn/metrics/_classification.py:1344: UndefinedMetricWarning: Precision and F-score are ill-defined and being set to 0.0 in labels with no predicted samples. Use `zero_division` parameter to control this behavior.
  _warn_prf(average, modifier, msg_start, len(result))
epoch 95 time: 58.6s, train loss: 20.82, metrics: {'f1': 0.04211561222918218, 'f1_macro': 0.010755387931034482, 'prec_macro': 0.5, 'rec_macro': 0.02105780611459109, 'f1_micro': 0.021510775862068964, 'prec_micro': 0.021510775862068964, 'rec_micro': 0.021510775862068964}
/home/azureuser/.local/lib/python3.8/site-packages/sklearn/metrics/_classification.py:1344: UndefinedMetricWarning: Precision and F-score are ill-defined and being set to 0.0 in labels with no predicted samples. Use `zero_division` parameter to control this behavior.
  _warn_prf(average, modifier, msg_start, len(result))
epoch 96 time: 58.7s, train loss: 20.82, metrics: {'f1': 0.04211561222918218, 'f1_macro': 0.010755387931034482, 'prec_macro': 0.5, 'rec_macro': 0.02105780611459109, 'f1_micro': 0.021510775862068964, 'prec_micro': 0.021510775862068964, 'rec_micro': 0.021510775862068964}
/home/azureuser/.local/lib/python3.8/site-packages/sklearn/metrics/_classification.py:1344: UndefinedMetricWarning: Precision and F-score are ill-defined and being set to 0.0 in labels with no predicted samples. Use `zero_division` parameter to control this behavior.
  _warn_prf(average, modifier, msg_start, len(result))
epoch 97 time: 58.7s, train loss: 20.82, metrics: {'f1': 0.04211561222918218, 'f1_macro': 0.010755387931034482, 'prec_macro': 0.5, 'rec_macro': 0.02105780611459109, 'f1_micro': 0.021510775862068964, 'prec_micro': 0.021510775862068964, 'rec_micro': 0.021510775862068964}
/home/azureuser/.local/lib/python3.8/site-packages/sklearn/metrics/_classification.py:1344: UndefinedMetricWarning: Precision and F-score are ill-defined and being set to 0.0 in labels with no predicted samples. Use `zero_division` parameter to control this behavior.
  _warn_prf(average, modifier, msg_start, len(result))
epoch 98 time: 58.6s, train loss: 20.81, metrics: {'f1': 0.04211561222918218, 'f1_macro': 0.010755387931034482, 'prec_macro': 0.5, 'rec_macro': 0.02105780611459109, 'f1_micro': 0.021510775862068964, 'prec_micro': 0.021510775862068964, 'rec_micro': 0.021510775862068964}
/home/azureuser/.local/lib/python3.8/site-packages/sklearn/metrics/_classification.py:1344: UndefinedMetricWarning: Precision and F-score are ill-defined and being set to 0.0 in labels with no predicted samples. Use `zero_division` parameter to control this behavior.
  _warn_prf(average, modifier, msg_start, len(result))
epoch 99 time: 58.7s, train loss: 20.81, metrics: {'f1': 0.04211561222918218, 'f1_macro': 0.010755387931034482, 'prec_macro': 0.5, 'rec_macro': 0.02105780611459109, 'f1_micro': 0.021510775862068964, 'prec_micro': 0.021510775862068964, 'rec_micro': 0.021510775862068964}
/home/azureuser/.local/lib/python3.8/site-packages/sklearn/metrics/_classification.py:1344: UndefinedMetricWarning: Precision and F-score are ill-defined and being set to 0.0 in labels with no predicted samples. Use `zero_division` parameter to control this behavior.
  _warn_prf(average, modifier, msg_start, len(result))
epoch 100 time: 58.7s, train loss: 20.81, metrics: {'f1': 0.04211561222918218, 'f1_macro': 0.010755387931034482, 'prec_macro': 0.5, 'rec_macro': 0.02105780611459109, 'f1_micro': 0.021510775862068964, 'prec_micro': 0.021510775862068964, 'rec_micro': 0.021510775862068964}
post-training summary -- best {'f1': 0.06571354267824987, 'f1_macro': 0.5169865074610609, 'prec_macro': 0.6874458998411961, 'rec_macro': 0.30552680964249856, 'f1_micro': 0.3883383620689655, 'prec_micro': 0.3883383620689655, 'rec_micro': 0.38833836206896544}
run 5 start -- seed=4
epoch 1 time: 58.7s, train loss: 24.33, metrics: {'f1': 0.025209358542691875, 'f1_macro': 0.5349332621179783, 'prec_macro': 0.505710439279125, 'rec_macro': 0.5064442741282724, 'f1_micro': 0.9756659482758621, 'prec_micro': 0.9756659482758621, 'rec_micro': 0.9756659482758621}
epoch 2 time: 58.7s, train loss: 24.1, metrics: {'f1': 0.028055769395261318, 'f1_macro': 0.5373354223488737, 'prec_macro': 0.5065130377395545, 'rec_macro': 0.5078274654067583, 'f1_micro': 0.9755107758620689, 'prec_micro': 0.9755107758620689, 'rec_micro': 0.9755107758620689}
epoch 3 time: 58.7s, train loss: 23.88, metrics: {'f1': 0.02702468601126029, 'f1_macro': 0.5392490311343339, 'prec_macro': 0.5062642523114305, 'rec_macro': 0.5073838369687816, 'f1_micro': 0.9757909482758621, 'prec_micro': 0.9757909482758621, 'rec_micro': 0.9757909482758621}
epoch 4 time: 58.7s, train loss: 23.76, metrics: {'f1': 0.06004269090408317, 'f1_macro': 0.5376092384456536, 'prec_macro': 0.5173196616559753, 'rec_macro': 0.522549345609681, 'f1_micro': 0.9705797413793104, 'prec_micro': 0.9705797413793104, 'rec_micro': 0.9705797413793104}
epoch 5 time: 58.6s, train loss: 23.65, metrics: {'f1': 0.1223889379229185, 'f1_macro': 0.5343384966808565, 'prec_macro': 0.5800481057748199, 'rec_macro': 0.5445112103849332, 'f1_micro': 0.9357112068965517, 'prec_micro': 0.9357112068965517, 'rec_micro': 0.9357112068965516}
epoch 6 time: 58.6s, train loss: 23.5, metrics: {'f1': 0.14790492396043814, 'f1_macro': 0.5370932114743536, 'prec_macro': 0.7129553693552355, 'rec_macro': 0.536370494382632, 'f1_micro': 0.8618577586206897, 'prec_micro': 0.8618577586206897, 'rec_micro': 0.8618577586206897}
epoch 7 time: 58.7s, train loss: 23.34, metrics: {'f1': 0.15358207766698223, 'f1_macro': 0.540311188796749, 'prec_macro': 0.8308586173427013, 'rec_macro': 0.5181005695085147, 'f1_micro': 0.7938297413793104, 'prec_micro': 0.7938297413793104, 'rec_micro': 0.7938297413793104}
epoch 8 time: 58.7s, train loss: 23.19, metrics: {'f1': 0.06488277217337038, 'f1_macro': 0.5161744346106306, 'prec_macro': 0.6795744537264348, 'rec_macro': 0.30770628479414225, 'f1_micro': 0.3928771551724138, 'prec_micro': 0.3928771551724138, 'rec_micro': 0.3928771551724138}
epoch 9 time: 58.7s, train loss: 23.08, metrics: {'f1': 0.06542460289946943, 'f1_macro': 0.516700178872521, 'prec_macro': 0.6846886937208916, 'rec_macro': 0.3063010856293363, 'f1_micro': 0.3899418103448276, 'prec_micro': 0.3899418103448276, 'rec_micro': 0.3899418103448276}
epoch 10 time: 58.7s, train loss: 22.96, metrics: {'f1': 0.06554988594860438, 'f1_macro': 0.5168335984741789, 'prec_macro': 0.6859420459746521, 'rec_macro': 0.3058510778898039, 'f1_micro': 0.3890387931034483, 'prec_micro': 0.3890387931034483, 'rec_micro': 0.3890387931034483}
epoch 11 time: 58.7s, train loss: 22.82, metrics: {'f1': 0.06566342061222608, 'f1_macro': 0.5169299731205871, 'prec_macro': 0.686925739982971, 'rec_macro': 0.3057397961157509, 'f1_micro': 0.38875862068965517, 'prec_micro': 0.38875862068965517, 'rec_micro': 0.3887586206896552}
epoch 12 time: 58.6s, train loss: 22.72, metrics: {'f1': 0.06567537749674786, 'f1_macro': 0.5169475313997652, 'prec_macro': 0.6870748985414392, 'rec_macro': 0.3056408215814577, 'f1_micro': 0.38857112068965516, 'prec_micro': 0.38857112068965516, 'rec_micro': 0.3885711206896552}
epoch 13 time: 58.7s, train loss: 22.61, metrics: {'f1': 0.06571292165352385, 'f1_macro': 0.5169805839715182, 'prec_macro': 0.6874073809073566, 'rec_macro': 0.3055908689897003, 'f1_micro': 0.38845474137931035, 'prec_micro': 0.38845474137931035, 'rec_micro': 0.38845474137931035}
epoch 14 time: 58.7s, train loss: 22.5, metrics: {'f1': 0.065712799510117, 'f1_macro': 0.5169834295372785, 'prec_macro': 0.6874244378232818, 'rec_macro': 0.3055562943492461, 'f1_micro': 0.38839224137931033, 'prec_micro': 0.38839224137931033, 'rec_micro': 0.38839224137931033}
epoch 15 time: 58.9s, train loss: 22.4, metrics: {'f1': 0.0657119341563786, 'f1_macro': 0.5169831981795074, 'prec_macro': 0.6874200327212927, 'rec_macro': 0.3055512013593267, 'f1_micro': 0.38838362068965515, 'prec_micro': 0.38838362068965515, 'rec_micro': 0.38838362068965515}
epoch 16 time: 58.9s, train loss: 22.3, metrics: {'f1': 0.06570998719379509, 'f1_macro': 0.5169826776475391, 'prec_macro': 0.6874101212418171, 'rec_macro': 0.305539741955304, 'f1_micro': 0.38836422413793104, 'prec_micro': 0.38836422413793104, 'rec_micro': 0.3883642241379311}
epoch 17 time: 58.7s, train loss: 22.2, metrics: {'f1': 0.06570977087174085, 'f1_macro': 0.5169826198126208, 'prec_macro': 0.6874090199663199, 'rec_macro': 0.30553846867308687, 'f1_micro': 0.3883620689655172, 'prec_micro': 0.3883620689655172, 'rec_micro': 0.3883620689655172}
epoch 18 time: 58.7s, train loss: 22.11, metrics: {'f1': 0.06570977087174085, 'f1_macro': 0.5169826198126208, 'prec_macro': 0.6874090199663199, 'rec_macro': 0.30553846867308687, 'f1_micro': 0.3883620689655172, 'prec_micro': 0.3883620689655172, 'rec_micro': 0.3883620689655172}
epoch 19 time: 58.7s, train loss: 22.03, metrics: {'f1': 0.0657095545511109, 'f1_macro': 0.516982561978096, 'prec_macro': 0.6874079186908226, 'rec_macro': 0.305537195387849, 'f1_micro': 0.3883599137931035, 'prec_micro': 0.3883599137931035, 'rec_micro': 0.3883599137931035}
epoch 20 time: 58.7s, train loss: 21.95, metrics: {'f1': 0.0657095545511109, 'f1_macro': 0.516982561978096, 'prec_macro': 0.6874079186908226, 'rec_macro': 0.305537195387849, 'f1_micro': 0.3883599137931035, 'prec_micro': 0.3883599137931035, 'rec_micro': 0.3883599137931035}
epoch 21 time: 58.6s, train loss: 21.87, metrics: {'f1': 0.06571419165816243, 'f1_macro': 0.516986680917257, 'prec_macro': 0.6874492036676879, 'rec_macro': 0.30553062962271493, 'f1_micro': 0.3883448275862069, 'prec_micro': 0.3883448275862069, 'rec_micro': 0.3883448275862069}
epoch 22 time: 58.6s, train loss: 21.8, metrics: {'f1': 0.06571419165816243, 'f1_macro': 0.516986680917257, 'prec_macro': 0.6874492036676879, 'rec_macro': 0.30553062962271493, 'f1_micro': 0.3883448275862069, 'prec_micro': 0.3883448275862069, 'rec_micro': 0.3883448275862069}
epoch 23 time: 58.6s, train loss: 21.73, metrics: {'f1': 0.06571419165816243, 'f1_macro': 0.516986680917257, 'prec_macro': 0.6874492036676879, 'rec_macro': 0.30553062962271493, 'f1_micro': 0.3883448275862069, 'prec_micro': 0.3883448275862069, 'rec_micro': 0.3883448275862069}
epoch 24 time: 58.9s, train loss: 21.66, metrics: {'f1': 0.06571419165816243, 'f1_macro': 0.516986680917257, 'prec_macro': 0.6874492036676879, 'rec_macro': 0.30553062962271493, 'f1_micro': 0.3883448275862069, 'prec_micro': 0.3883448275862069, 'rec_micro': 0.3883448275862069}
epoch 25 time: 58.7s, train loss: 21.6, metrics: {'f1': 0.06571419165816243, 'f1_macro': 0.516986680917257, 'prec_macro': 0.6874492036676879, 'rec_macro': 0.30553062962271493, 'f1_micro': 0.3883448275862069, 'prec_micro': 0.3883448275862069, 'rec_micro': 0.3883448275862069}
epoch 26 time: 58.6s, train loss: 21.54, metrics: {'f1': 0.06571419165816243, 'f1_macro': 0.516986680917257, 'prec_macro': 0.6874492036676879, 'rec_macro': 0.30553062962271493, 'f1_micro': 0.3883448275862069, 'prec_micro': 0.3883448275862069, 'rec_micro': 0.3883448275862069}
epoch 27 time: 58.7s, train loss: 21.48, metrics: {'f1': 0.06571419165816243, 'f1_macro': 0.516986680917257, 'prec_macro': 0.6874492036676879, 'rec_macro': 0.30553062962271493, 'f1_micro': 0.3883448275862069, 'prec_micro': 0.3883448275862069, 'rec_micro': 0.3883448275862069}
epoch 28 time: 58.7s, train loss: 21.43, metrics: {'f1': 0.06571419165816243, 'f1_macro': 0.516986680917257, 'prec_macro': 0.6874492036676879, 'rec_macro': 0.30553062962271493, 'f1_micro': 0.3883448275862069, 'prec_micro': 0.3883448275862069, 'rec_micro': 0.3883448275862069}
epoch 29 time: 58.6s, train loss: 21.38, metrics: {'f1': 0.06571419165816243, 'f1_macro': 0.516986680917257, 'prec_macro': 0.6874492036676879, 'rec_macro': 0.30553062962271493, 'f1_micro': 0.3883448275862069, 'prec_micro': 0.3883448275862069, 'rec_micro': 0.3883448275862069}
epoch 30 time: 58.7s, train loss: 21.34, metrics: {'f1': 0.06571419165816243, 'f1_macro': 0.516986680917257, 'prec_macro': 0.6874492036676879, 'rec_macro': 0.30553062962271493, 'f1_micro': 0.3883448275862069, 'prec_micro': 0.3883448275862069, 'rec_micro': 0.3883448275862069}
epoch 31 time: 58.6s, train loss: 21.29, metrics: {'f1': 0.06571419165816243, 'f1_macro': 0.516986680917257, 'prec_macro': 0.6874492036676879, 'rec_macro': 0.30553062962271493, 'f1_micro': 0.3883448275862069, 'prec_micro': 0.3883448275862069, 'rec_micro': 0.3883448275862069}
epoch 32 time: 58.6s, train loss: 21.25, metrics: {'f1': 0.06571419165816243, 'f1_macro': 0.516986680917257, 'prec_macro': 0.6874492036676879, 'rec_macro': 0.30553062962271493, 'f1_micro': 0.3883448275862069, 'prec_micro': 0.3883448275862069, 'rec_micro': 0.3883448275862069}
epoch 33 time: 58.6s, train loss: 21.22, metrics: {'f1': 0.06571419165816243, 'f1_macro': 0.516986680917257, 'prec_macro': 0.6874492036676879, 'rec_macro': 0.30553062962271493, 'f1_micro': 0.3883448275862069, 'prec_micro': 0.3883448275862069, 'rec_micro': 0.3883448275862069}
epoch 34 time: 58.6s, train loss: 21.18, metrics: {'f1': 0.06571375900346312, 'f1_macro': 0.5169865652793993, 'prec_macro': 0.6874470011166933, 'rec_macro': 0.30552808297225836, 'f1_micro': 0.3883405172413793, 'prec_micro': 0.3883405172413793, 'rec_micro': 0.3883405172413793}
epoch 35 time: 58.6s, train loss: 21.15, metrics: {'f1': 0.06571375900346312, 'f1_macro': 0.5169865652793993, 'prec_macro': 0.6874470011166933, 'rec_macro': 0.30552808297225836, 'f1_micro': 0.3883405172413793, 'prec_micro': 0.3883405172413793, 'rec_micro': 0.3883405172413793}
epoch 36 time: 58.6s, train loss: 21.12, metrics: {'f1': 0.06571354267824987, 'f1_macro': 0.5169865074610609, 'prec_macro': 0.6874458998411961, 'rec_macro': 0.30552680964249856, 'f1_micro': 0.3883383620689655, 'prec_micro': 0.3883383620689655, 'rec_micro': 0.38833836206896544}
epoch 37 time: 58.7s, train loss: 21.1, metrics: {'f1': 0.06571354267824987, 'f1_macro': 0.5169865074610609, 'prec_macro': 0.6874458998411961, 'rec_macro': 0.30552680964249856, 'f1_micro': 0.3883383620689655, 'prec_micro': 0.3883383620689655, 'rec_micro': 0.38833836206896544}
epoch 38 time: 58.6s, train loss: 21.07, metrics: {'f1': 0.06571354267824987, 'f1_macro': 0.5169865074610609, 'prec_macro': 0.6874458998411961, 'rec_macro': 0.30552680964249856, 'f1_micro': 0.3883383620689655, 'prec_micro': 0.3883383620689655, 'rec_micro': 0.38833836206896544}
epoch 39 time: 58.6s, train loss: 21.05, metrics: {'f1': 0.06571354267824987, 'f1_macro': 0.5169865074610609, 'prec_macro': 0.6874458998411961, 'rec_macro': 0.30552680964249856, 'f1_micro': 0.3883383620689655, 'prec_micro': 0.3883383620689655, 'rec_micro': 0.38833836206896544}
epoch 40 time: 58.6s, train loss: 21.03, metrics: {'f1': 0.06571354267824987, 'f1_macro': 0.5169865074610609, 'prec_macro': 0.6874458998411961, 'rec_macro': 0.30552680964249856, 'f1_micro': 0.3883383620689655, 'prec_micro': 0.3883383620689655, 'rec_micro': 0.38833836206896544}
epoch 41 time: 58.7s, train loss: 21.02, metrics: {'f1': 0.06571354267824987, 'f1_macro': 0.5169865074610609, 'prec_macro': 0.6874458998411961, 'rec_macro': 0.30552680964249856, 'f1_micro': 0.3883383620689655, 'prec_micro': 0.3883383620689655, 'rec_micro': 0.38833836206896544}
epoch 42 time: 58.7s, train loss: 21.0, metrics: {'f1': 0.06571354267824987, 'f1_macro': 0.5169865074610609, 'prec_macro': 0.6874458998411961, 'rec_macro': 0.30552680964249856, 'f1_micro': 0.3883383620689655, 'prec_micro': 0.3883383620689655, 'rec_micro': 0.38833836206896544}
epoch 43 time: 58.6s, train loss: 20.99, metrics: {'f1': 0.06571354267824987, 'f1_macro': 0.5169865074610609, 'prec_macro': 0.6874458998411961, 'rec_macro': 0.30552680964249856, 'f1_micro': 0.3883383620689655, 'prec_micro': 0.3883383620689655, 'rec_micro': 0.38833836206896544}
epoch 44 time: 58.7s, train loss: 20.97, metrics: {'f1': 0.06571354267824987, 'f1_macro': 0.5169865074610609, 'prec_macro': 0.6874458998411961, 'rec_macro': 0.30552680964249856, 'f1_micro': 0.3883383620689655, 'prec_micro': 0.3883383620689655, 'rec_micro': 0.38833836206896544}
epoch 45 time: 58.7s, train loss: 20.97, metrics: {'f1': 0.06571354267824987, 'f1_macro': 0.5169865074610609, 'prec_macro': 0.6874458998411961, 'rec_macro': 0.30552680964249856, 'f1_micro': 0.3883383620689655, 'prec_micro': 0.3883383620689655, 'rec_micro': 0.38833836206896544}
epoch 46 time: 58.7s, train loss: 20.96, metrics: {'f1': 0.06571354267824987, 'f1_macro': 0.5169865074610609, 'prec_macro': 0.6874458998411961, 'rec_macro': 0.30552680964249856, 'f1_micro': 0.3883383620689655, 'prec_micro': 0.3883383620689655, 'rec_micro': 0.38833836206896544}
epoch 47 time: 58.7s, train loss: 20.95, metrics: {'f1': 0.06571354267824987, 'f1_macro': 0.5169865074610609, 'prec_macro': 0.6874458998411961, 'rec_macro': 0.30552680964249856, 'f1_micro': 0.3883383620689655, 'prec_micro': 0.3883383620689655, 'rec_micro': 0.38833836206896544}
epoch 48 time: 58.7s, train loss: 20.95, metrics: {'f1': 0.06571354267824987, 'f1_macro': 0.5169865074610609, 'prec_macro': 0.6874458998411961, 'rec_macro': 0.30552680964249856, 'f1_micro': 0.3883383620689655, 'prec_micro': 0.3883383620689655, 'rec_micro': 0.38833836206896544}
epoch 49 time: 58.7s, train loss: 20.94, metrics: {'f1': 0.06571354267824987, 'f1_macro': 0.5169865074610609, 'prec_macro': 0.6874458998411961, 'rec_macro': 0.30552680964249856, 'f1_micro': 0.3883383620689655, 'prec_micro': 0.3883383620689655, 'rec_micro': 0.38833836206896544}
epoch 50 time: 58.7s, train loss: 20.94, metrics: {'f1': 0.06571354267824987, 'f1_macro': 0.5169865074610609, 'prec_macro': 0.6874458998411961, 'rec_macro': 0.30552680964249856, 'f1_micro': 0.3883383620689655, 'prec_micro': 0.3883383620689655, 'rec_micro': 0.38833836206896544}
epoch 51 time: 58.7s, train loss: 20.94, metrics: {'f1': 0.06571354267824987, 'f1_macro': 0.5169865074610609, 'prec_macro': 0.6874458998411961, 'rec_macro': 0.30552680964249856, 'f1_micro': 0.3883383620689655, 'prec_micro': 0.3883383620689655, 'rec_micro': 0.38833836206896544}
epoch 52 time: 58.6s, train loss: 20.94, metrics: {'f1': 0.06571354267824987, 'f1_macro': 0.5169865074610609, 'prec_macro': 0.6874458998411961, 'rec_macro': 0.30552680964249856, 'f1_micro': 0.3883383620689655, 'prec_micro': 0.3883383620689655, 'rec_micro': 0.38833836206896544}
epoch 53 time: 58.8s, train loss: 20.94, metrics: {'f1': 0.06571354267824987, 'f1_macro': 0.5169865074610609, 'prec_macro': 0.6874458998411961, 'rec_macro': 0.30552680964249856, 'f1_micro': 0.3883383620689655, 'prec_micro': 0.3883383620689655, 'rec_micro': 0.38833836206896544}
epoch 54 time: 58.7s, train loss: 20.94, metrics: {'f1': 0.06571354267824987, 'f1_macro': 0.5169865074610609, 'prec_macro': 0.6874458998411961, 'rec_macro': 0.30552680964249856, 'f1_micro': 0.3883383620689655, 'prec_micro': 0.3883383620689655, 'rec_micro': 0.38833836206896544}
epoch 55 time: 58.8s, train loss: 20.94, metrics: {'f1': 0.06571354267824987, 'f1_macro': 0.5169865074610609, 'prec_macro': 0.6874458998411961, 'rec_macro': 0.30552680964249856, 'f1_micro': 0.3883383620689655, 'prec_micro': 0.3883383620689655, 'rec_micro': 0.38833836206896544}
epoch 56 time: 58.8s, train loss: 20.95, metrics: {'f1': 0.06571354267824987, 'f1_macro': 0.5169865074610609, 'prec_macro': 0.6874458998411961, 'rec_macro': 0.30552680964249856, 'f1_micro': 0.3883383620689655, 'prec_micro': 0.3883383620689655, 'rec_micro': 0.38833836206896544}
epoch 57 time: 58.7s, train loss: 20.95, metrics: {'f1': 0.06571354267824987, 'f1_macro': 0.5169865074610609, 'prec_macro': 0.6874458998411961, 'rec_macro': 0.30552680964249856, 'f1_micro': 0.3883383620689655, 'prec_micro': 0.3883383620689655, 'rec_micro': 0.38833836206896544}
epoch 58 time: 58.8s, train loss: 20.96, metrics: {'f1': 0.06571354267824987, 'f1_macro': 0.5169865074610609, 'prec_macro': 0.6874458998411961, 'rec_macro': 0.30552680964249856, 'f1_micro': 0.3883383620689655, 'prec_micro': 0.3883383620689655, 'rec_micro': 0.38833836206896544}
epoch 59 time: 58.8s, train loss: 20.96, metrics: {'f1': 0.06571354267824987, 'f1_macro': 0.5169865074610609, 'prec_macro': 0.6874458998411961, 'rec_macro': 0.30552680964249856, 'f1_micro': 0.3883383620689655, 'prec_micro': 0.3883383620689655, 'rec_micro': 0.38833836206896544}
epoch 60 time: 59.1s, train loss: 20.97, metrics: {'f1': 0.06571354267824987, 'f1_macro': 0.5169865074610609, 'prec_macro': 0.6874458998411961, 'rec_macro': 0.30552680964249856, 'f1_micro': 0.3883383620689655, 'prec_micro': 0.3883383620689655, 'rec_micro': 0.38833836206896544}
epoch 61 time: 59.0s, train loss: 20.98, metrics: {'f1': 0.06571354267824987, 'f1_macro': 0.5169865074610609, 'prec_macro': 0.6874458998411961, 'rec_macro': 0.30552680964249856, 'f1_micro': 0.3883383620689655, 'prec_micro': 0.3883383620689655, 'rec_micro': 0.38833836206896544}
epoch 62 time: 58.9s, train loss: 20.98, metrics: {'f1': 0.06571354267824987, 'f1_macro': 0.5169865074610609, 'prec_macro': 0.6874458998411961, 'rec_macro': 0.30552680964249856, 'f1_micro': 0.3883383620689655, 'prec_micro': 0.3883383620689655, 'rec_micro': 0.38833836206896544}
epoch 63 time: 58.8s, train loss: 20.99, metrics: {'f1': 0.06571354267824987, 'f1_macro': 0.5169865074610609, 'prec_macro': 0.6874458998411961, 'rec_macro': 0.30552680964249856, 'f1_micro': 0.3883383620689655, 'prec_micro': 0.3883383620689655, 'rec_micro': 0.38833836206896544}
epoch 64 time: 58.8s, train loss: 21.0, metrics: {'f1': 0.06571354267824987, 'f1_macro': 0.5169865074610609, 'prec_macro': 0.6874458998411961, 'rec_macro': 0.30552680964249856, 'f1_micro': 0.3883383620689655, 'prec_micro': 0.3883383620689655, 'rec_micro': 0.38833836206896544}
epoch 65 time: 58.7s, train loss: 21.01, metrics: {'f1': 0.06571354267824987, 'f1_macro': 0.5169865074610609, 'prec_macro': 0.6874458998411961, 'rec_macro': 0.30552680964249856, 'f1_micro': 0.3883383620689655, 'prec_micro': 0.3883383620689655, 'rec_micro': 0.38833836206896544}
epoch 66 time: 58.9s, train loss: 21.01, metrics: {'f1': 0.06571354267824987, 'f1_macro': 0.5169865074610609, 'prec_macro': 0.6874458998411961, 'rec_macro': 0.30552680964249856, 'f1_micro': 0.3883383620689655, 'prec_micro': 0.3883383620689655, 'rec_micro': 0.38833836206896544}
epoch 67 time: 58.8s, train loss: 21.02, metrics: {'f1': 0.06571354267824987, 'f1_macro': 0.5169865074610609, 'prec_macro': 0.6874458998411961, 'rec_macro': 0.30552680964249856, 'f1_micro': 0.3883383620689655, 'prec_micro': 0.3883383620689655, 'rec_micro': 0.38833836206896544}
epoch 68 time: 58.7s, train loss: 21.03, metrics: {'f1': 0.06571354267824987, 'f1_macro': 0.5169865074610609, 'prec_macro': 0.6874458998411961, 'rec_macro': 0.30552680964249856, 'f1_micro': 0.3883383620689655, 'prec_micro': 0.3883383620689655, 'rec_micro': 0.38833836206896544}
epoch 69 time: 58.8s, train loss: 21.04, metrics: {'f1': 0.06571354267824987, 'f1_macro': 0.5169865074610609, 'prec_macro': 0.6874458998411961, 'rec_macro': 0.30552680964249856, 'f1_micro': 0.3883383620689655, 'prec_micro': 0.3883383620689655, 'rec_micro': 0.38833836206896544}
epoch 70 time: 58.8s, train loss: 21.05, metrics: {'f1': 0.06571354267824987, 'f1_macro': 0.5169865074610609, 'prec_macro': 0.6874458998411961, 'rec_macro': 0.30552680964249856, 'f1_micro': 0.3883383620689655, 'prec_micro': 0.3883383620689655, 'rec_micro': 0.38833836206896544}
epoch 71 time: 58.9s, train loss: 21.06, metrics: {'f1': 0.06571354267824987, 'f1_macro': 0.5169865074610609, 'prec_macro': 0.6874458998411961, 'rec_macro': 0.30552680964249856, 'f1_micro': 0.3883383620689655, 'prec_micro': 0.3883383620689655, 'rec_micro': 0.38833836206896544}
epoch 72 time: 58.8s, train loss: 21.06, metrics: {'f1': 0.06571354267824987, 'f1_macro': 0.5169865074610609, 'prec_macro': 0.6874458998411961, 'rec_macro': 0.30552680964249856, 'f1_micro': 0.3883383620689655, 'prec_micro': 0.3883383620689655, 'rec_micro': 0.38833836206896544}
epoch 73 time: 60.2s, train loss: 21.07, metrics: {'f1': 0.06571354267824987, 'f1_macro': 0.5169865074610609, 'prec_macro': 0.6874458998411961, 'rec_macro': 0.30552680964249856, 'f1_micro': 0.3883383620689655, 'prec_micro': 0.3883383620689655, 'rec_micro': 0.38833836206896544}
epoch 74 time: 58.7s, train loss: 21.08, metrics: {'f1': 0.06571354267824987, 'f1_macro': 0.5169865074610609, 'prec_macro': 0.6874458998411961, 'rec_macro': 0.30552680964249856, 'f1_micro': 0.3883383620689655, 'prec_micro': 0.3883383620689655, 'rec_micro': 0.38833836206896544}
epoch 75 time: 58.7s, train loss: 21.09, metrics: {'f1': 0.06571354267824987, 'f1_macro': 0.5169865074610609, 'prec_macro': 0.6874458998411961, 'rec_macro': 0.30552680964249856, 'f1_micro': 0.3883383620689655, 'prec_micro': 0.3883383620689655, 'rec_micro': 0.38833836206896544}
epoch 76 time: 58.7s, train loss: 21.09, metrics: {'f1': 0.06571354267824987, 'f1_macro': 0.5169865074610609, 'prec_macro': 0.6874458998411961, 'rec_macro': 0.30552680964249856, 'f1_micro': 0.3883383620689655, 'prec_micro': 0.3883383620689655, 'rec_micro': 0.38833836206896544}
epoch 77 time: 58.7s, train loss: 21.1, metrics: {'f1': 0.06571354267824987, 'f1_macro': 0.5169865074610609, 'prec_macro': 0.6874458998411961, 'rec_macro': 0.30552680964249856, 'f1_micro': 0.3883383620689655, 'prec_micro': 0.3883383620689655, 'rec_micro': 0.38833836206896544}
epoch 78 time: 58.7s, train loss: 21.11, metrics: {'f1': 0.06571354267824987, 'f1_macro': 0.5169865074610609, 'prec_macro': 0.6874458998411961, 'rec_macro': 0.30552680964249856, 'f1_micro': 0.3883383620689655, 'prec_micro': 0.3883383620689655, 'rec_micro': 0.38833836206896544}
epoch 79 time: 58.7s, train loss: 21.12, metrics: {'f1': 0.06571354267824987, 'f1_macro': 0.5169865074610609, 'prec_macro': 0.6874458998411961, 'rec_macro': 0.30552680964249856, 'f1_micro': 0.3883383620689655, 'prec_micro': 0.3883383620689655, 'rec_micro': 0.38833836206896544}
epoch 80 time: 58.9s, train loss: 21.12, metrics: {'f1': 0.06571354267824987, 'f1_macro': 0.5169865074610609, 'prec_macro': 0.6874458998411961, 'rec_macro': 0.30552680964249856, 'f1_micro': 0.3883383620689655, 'prec_micro': 0.3883383620689655, 'rec_micro': 0.38833836206896544}
epoch 81 time: 58.6s, train loss: 21.13, metrics: {'f1': 0.06571354267824987, 'f1_macro': 0.5169865074610609, 'prec_macro': 0.6874458998411961, 'rec_macro': 0.30552680964249856, 'f1_micro': 0.3883383620689655, 'prec_micro': 0.3883383620689655, 'rec_micro': 0.38833836206896544}
epoch 82 time: 58.6s, train loss: 21.13, metrics: {'f1': 0.06571354267824987, 'f1_macro': 0.5169865074610609, 'prec_macro': 0.6874458998411961, 'rec_macro': 0.30552680964249856, 'f1_micro': 0.3883383620689655, 'prec_micro': 0.3883383620689655, 'rec_micro': 0.38833836206896544}
epoch 83 time: 58.7s, train loss: 21.14, metrics: {'f1': 0.06571354267824987, 'f1_macro': 0.5169865074610609, 'prec_macro': 0.6874458998411961, 'rec_macro': 0.30552680964249856, 'f1_micro': 0.3883383620689655, 'prec_micro': 0.3883383620689655, 'rec_micro': 0.38833836206896544}
epoch 84 time: 58.6s, train loss: 21.14, metrics: {'f1': 0.06571354267824987, 'f1_macro': 0.5169865074610609, 'prec_macro': 0.6874458998411961, 'rec_macro': 0.30552680964249856, 'f1_micro': 0.3883383620689655, 'prec_micro': 0.3883383620689655, 'rec_micro': 0.38833836206896544}
epoch 85 time: 58.6s, train loss: 21.14, metrics: {'f1': 0.06571354267824987, 'f1_macro': 0.5169865074610609, 'prec_macro': 0.6874458998411961, 'rec_macro': 0.30552680964249856, 'f1_micro': 0.3883383620689655, 'prec_micro': 0.3883383620689655, 'rec_micro': 0.38833836206896544}
epoch 86 time: 58.8s, train loss: 21.15, metrics: {'f1': 0.06571354267824987, 'f1_macro': 0.5169865074610609, 'prec_macro': 0.6874458998411961, 'rec_macro': 0.30552680964249856, 'f1_micro': 0.3883383620689655, 'prec_micro': 0.3883383620689655, 'rec_micro': 0.38833836206896544}
epoch 87 time: 58.7s, train loss: 21.15, metrics: {'f1': 0.06571354267824987, 'f1_macro': 0.5169865074610609, 'prec_macro': 0.6874458998411961, 'rec_macro': 0.30552680964249856, 'f1_micro': 0.3883383620689655, 'prec_micro': 0.3883383620689655, 'rec_micro': 0.38833836206896544}
epoch 88 time: 58.6s, train loss: 21.15, metrics: {'f1': 0.06571354267824987, 'f1_macro': 0.5169865074610609, 'prec_macro': 0.6874458998411961, 'rec_macro': 0.30552680964249856, 'f1_micro': 0.3883383620689655, 'prec_micro': 0.3883383620689655, 'rec_micro': 0.38833836206896544}
epoch 89 time: 58.6s, train loss: 21.15, metrics: {'f1': 0.06571354267824987, 'f1_macro': 0.5169865074610609, 'prec_macro': 0.6874458998411961, 'rec_macro': 0.30552680964249856, 'f1_micro': 0.3883383620689655, 'prec_micro': 0.3883383620689655, 'rec_micro': 0.38833836206896544}
epoch 90 time: 58.6s, train loss: 21.15, metrics: {'f1': 0.06571354267824987, 'f1_macro': 0.5169865074610609, 'prec_macro': 0.6874458998411961, 'rec_macro': 0.30552680964249856, 'f1_micro': 0.3883383620689655, 'prec_micro': 0.3883383620689655, 'rec_micro': 0.38833836206896544}
epoch 91 time: 58.8s, train loss: 21.15, metrics: {'f1': 0.06571354267824987, 'f1_macro': 0.5169865074610609, 'prec_macro': 0.6874458998411961, 'rec_macro': 0.30552680964249856, 'f1_micro': 0.3883383620689655, 'prec_micro': 0.3883383620689655, 'rec_micro': 0.38833836206896544}
epoch 92 time: 58.6s, train loss: 21.15, metrics: {'f1': 0.06571354267824987, 'f1_macro': 0.5169865074610609, 'prec_macro': 0.6874458998411961, 'rec_macro': 0.30552680964249856, 'f1_micro': 0.3883383620689655, 'prec_micro': 0.3883383620689655, 'rec_micro': 0.38833836206896544}
epoch 93 time: 58.6s, train loss: 21.15, metrics: {'f1': 0.06571354267824987, 'f1_macro': 0.5169865074610609, 'prec_macro': 0.6874458998411961, 'rec_macro': 0.30552680964249856, 'f1_micro': 0.3883383620689655, 'prec_micro': 0.3883383620689655, 'rec_micro': 0.38833836206896544}
epoch 94 time: 58.7s, train loss: 21.15, metrics: {'f1': 0.06571354267824987, 'f1_macro': 0.5169865074610609, 'prec_macro': 0.6874458998411961, 'rec_macro': 0.30552680964249856, 'f1_micro': 0.3883383620689655, 'prec_micro': 0.3883383620689655, 'rec_micro': 0.38833836206896544}
epoch 95 time: 58.7s, train loss: 21.15, metrics: {'f1': 0.06571354267824987, 'f1_macro': 0.5169865074610609, 'prec_macro': 0.6874458998411961, 'rec_macro': 0.30552680964249856, 'f1_micro': 0.3883383620689655, 'prec_micro': 0.3883383620689655, 'rec_micro': 0.38833836206896544}
epoch 96 time: 58.7s, train loss: 21.15, metrics: {'f1': 0.06571354267824987, 'f1_macro': 0.5169865074610609, 'prec_macro': 0.6874458998411961, 'rec_macro': 0.30552680964249856, 'f1_micro': 0.3883383620689655, 'prec_micro': 0.3883383620689655, 'rec_micro': 0.38833836206896544}
epoch 97 time: 58.7s, train loss: 21.14, metrics: {'f1': 0.06571354267824987, 'f1_macro': 0.5169865074610609, 'prec_macro': 0.6874458998411961, 'rec_macro': 0.30552680964249856, 'f1_micro': 0.3883383620689655, 'prec_micro': 0.3883383620689655, 'rec_micro': 0.38833836206896544}
epoch 98 time: 58.7s, train loss: 21.14, metrics: {'f1': 0.06571354267824987, 'f1_macro': 0.5169865074610609, 'prec_macro': 0.6874458998411961, 'rec_macro': 0.30552680964249856, 'f1_micro': 0.3883383620689655, 'prec_micro': 0.3883383620689655, 'rec_micro': 0.38833836206896544}
epoch 99 time: 58.7s, train loss: 21.14, metrics: {'f1': 0.06571354267824987, 'f1_macro': 0.5169865074610609, 'prec_macro': 0.6874458998411961, 'rec_macro': 0.30552680964249856, 'f1_micro': 0.3883383620689655, 'prec_micro': 0.3883383620689655, 'rec_micro': 0.38833836206896544}
epoch 100 time: 58.7s, train loss: 21.13, metrics: {'f1': 0.06571354267824987, 'f1_macro': 0.5169865074610609, 'prec_macro': 0.6874458998411961, 'rec_macro': 0.30552680964249856, 'f1_micro': 0.3883383620689655, 'prec_micro': 0.3883383620689655, 'rec_micro': 0.38833836206896544}
post-training summary -- best {'f1': 0.15358207766698223, 'f1_macro': 0.540311188796749, 'prec_macro': 0.8308586173427013, 'rec_macro': 0.5181005695085147, 'f1_micro': 0.7938297413793104, 'prec_micro': 0.7938297413793104, 'rec_micro': 0.7938297413793104}
run 1: {}
run 2: {'f1': 0.15413025091626728, 'f1_macro': 0.5392416882975465, 'prec_macro': 0.7127583737768622, 'rec_macro': 0.542058241459347, 'f1_micro': 0.8706767241379311, 'prec_micro': 0.8706767241379311, 'rec_micro': 0.8706767241379311}
run 3: {'f1': 0.15580102367914908, 'f1_macro': 0.5401243505777126, 'prec_macro': 0.7856769053972013, 'rec_macro': 0.5296789169122584, 'f1_micro': 0.8268900862068965, 'prec_micro': 0.8268900862068965, 'rec_micro': 0.8268900862068965}
run 4: {'f1': 0.06571354267824987, 'f1_macro': 0.5169865074610609, 'prec_macro': 0.6874458998411961, 'rec_macro': 0.30552680964249856, 'f1_micro': 0.3883383620689655, 'prec_micro': 0.3883383620689655, 'rec_micro': 0.38833836206896544}
run 5: {'f1': 0.15358207766698223, 'f1_macro': 0.540311188796749, 'prec_macro': 0.8308586173427013, 'rec_macro': 0.5181005695085147, 'f1_micro': 0.7938297413793104, 'prec_micro': 0.7938297413793104, 'rec_micro': 0.7938297413793104}
done.
Traceback (most recent call last):
  File "train.py", line 488, in <module>
    all_runs_main_metric = [
  File "train.py", line 489, in <listcomp>
    single_run_metric[main_metric] for single_run_metric in all_runs_metrics
KeyError: 'f1'
