reading data...
done.
creating training artifacts...
Using cached encoded data file: train_1_error.pkl
Using cached encoded data file: test_1_error.pkl
done.
training textcnn model...
run 1 start -- seed=0
/home/azureuser/.local/lib/python3.8/site-packages/sklearn/metrics/_classification.py:1344: UndefinedMetricWarning: Precision and F-score are ill-defined and being set to 0.0 in labels with no predicted samples. Use `zero_division` parameter to control this behavior.
  _warn_prf(average, modifier, msg_start, len(result))
epoch 1 time: 62.4s, train loss: 5.114, metrics: {'f1': 0.0, 'f1_macro': 0.4978448275862069, 'prec_macro': 0.5, 'rec_macro': 0.4989200863930886, 'f1_micro': 0.9956896551724138, 'prec_micro': 0.9956896551724138, 'rec_micro': 0.9956896551724138}
/home/azureuser/.local/lib/python3.8/site-packages/sklearn/metrics/_classification.py:1344: UndefinedMetricWarning: Precision and F-score are ill-defined and being set to 0.0 in labels with no predicted samples. Use `zero_division` parameter to control this behavior.
  _warn_prf(average, modifier, msg_start, len(result))
epoch 2 time: 59.3s, train loss: 5.04, metrics: {'f1': 0.0, 'f1_macro': 0.4978448275862069, 'prec_macro': 0.5, 'rec_macro': 0.4989200863930886, 'f1_micro': 0.9956896551724138, 'prec_micro': 0.9956896551724138, 'rec_micro': 0.9956896551724138}
/home/azureuser/.local/lib/python3.8/site-packages/sklearn/metrics/_classification.py:1344: UndefinedMetricWarning: Precision and F-score are ill-defined and being set to 0.0 in labels with no predicted samples. Use `zero_division` parameter to control this behavior.
  _warn_prf(average, modifier, msg_start, len(result))
epoch 3 time: 59.2s, train loss: 4.992, metrics: {'f1': 0.0, 'f1_macro': 0.4978448275862069, 'prec_macro': 0.5, 'rec_macro': 0.4989200863930886, 'f1_micro': 0.9956896551724138, 'prec_micro': 0.9956896551724138, 'rec_micro': 0.9956896551724138}
/home/azureuser/.local/lib/python3.8/site-packages/sklearn/metrics/_classification.py:1344: UndefinedMetricWarning: Precision and F-score are ill-defined and being set to 0.0 in labels with no predicted samples. Use `zero_division` parameter to control this behavior.
  _warn_prf(average, modifier, msg_start, len(result))
epoch 4 time: 59.1s, train loss: 4.957, metrics: {'f1': 0.0, 'f1_macro': 0.4978448275862069, 'prec_macro': 0.5, 'rec_macro': 0.4989200863930886, 'f1_micro': 0.9956896551724138, 'prec_micro': 0.9956896551724138, 'rec_micro': 0.9956896551724138}
/home/azureuser/.local/lib/python3.8/site-packages/sklearn/metrics/_classification.py:1344: UndefinedMetricWarning: Precision and F-score are ill-defined and being set to 0.0 in labels with no predicted samples. Use `zero_division` parameter to control this behavior.
  _warn_prf(average, modifier, msg_start, len(result))
epoch 5 time: 59.2s, train loss: 4.927, metrics: {'f1': 0.0, 'f1_macro': 0.4978448275862069, 'prec_macro': 0.5, 'rec_macro': 0.4989200863930886, 'f1_micro': 0.9956896551724138, 'prec_micro': 0.9956896551724138, 'rec_micro': 0.9956896551724138}
/home/azureuser/.local/lib/python3.8/site-packages/sklearn/metrics/_classification.py:1344: UndefinedMetricWarning: Precision and F-score are ill-defined and being set to 0.0 in labels with no predicted samples. Use `zero_division` parameter to control this behavior.
  _warn_prf(average, modifier, msg_start, len(result))
epoch 6 time: 59.3s, train loss: 4.9, metrics: {'f1': 0.0, 'f1_macro': 0.4978448275862069, 'prec_macro': 0.5, 'rec_macro': 0.4989200863930886, 'f1_micro': 0.9956896551724138, 'prec_micro': 0.9956896551724138, 'rec_micro': 0.9956896551724138}
/home/azureuser/.local/lib/python3.8/site-packages/sklearn/metrics/_classification.py:1344: UndefinedMetricWarning: Precision and F-score are ill-defined and being set to 0.0 in labels with no predicted samples. Use `zero_division` parameter to control this behavior.
  _warn_prf(average, modifier, msg_start, len(result))
epoch 7 time: 59.1s, train loss: 4.874, metrics: {'f1': 0.0, 'f1_macro': 0.4978448275862069, 'prec_macro': 0.5, 'rec_macro': 0.4989200863930886, 'f1_micro': 0.9956896551724138, 'prec_micro': 0.9956896551724138, 'rec_micro': 0.9956896551724138}
/home/azureuser/.local/lib/python3.8/site-packages/sklearn/metrics/_classification.py:1344: UndefinedMetricWarning: Precision and F-score are ill-defined and being set to 0.0 in labels with no predicted samples. Use `zero_division` parameter to control this behavior.
  _warn_prf(average, modifier, msg_start, len(result))
epoch 8 time: 59.2s, train loss: 4.851, metrics: {'f1': 0.0, 'f1_macro': 0.4978448275862069, 'prec_macro': 0.5, 'rec_macro': 0.4989200863930886, 'f1_micro': 0.9956896551724138, 'prec_micro': 0.9956896551724138, 'rec_micro': 0.9956896551724138}
/home/azureuser/.local/lib/python3.8/site-packages/sklearn/metrics/_classification.py:1344: UndefinedMetricWarning: Precision and F-score are ill-defined and being set to 0.0 in labels with no predicted samples. Use `zero_division` parameter to control this behavior.
  _warn_prf(average, modifier, msg_start, len(result))
epoch 9 time: 59.2s, train loss: 4.828, metrics: {'f1': 0.0, 'f1_macro': 0.4978448275862069, 'prec_macro': 0.5, 'rec_macro': 0.4989200863930886, 'f1_micro': 0.9956896551724138, 'prec_micro': 0.9956896551724138, 'rec_micro': 0.9956896551724138}
/home/azureuser/.local/lib/python3.8/site-packages/sklearn/metrics/_classification.py:1344: UndefinedMetricWarning: Precision and F-score are ill-defined and being set to 0.0 in labels with no predicted samples. Use `zero_division` parameter to control this behavior.
  _warn_prf(average, modifier, msg_start, len(result))
epoch 10 time: 59.2s, train loss: 4.807, metrics: {'f1': 0.0, 'f1_macro': 0.4978448275862069, 'prec_macro': 0.5, 'rec_macro': 0.4989200863930886, 'f1_micro': 0.9956896551724138, 'prec_micro': 0.9956896551724138, 'rec_micro': 0.9956896551724138}
/home/azureuser/.local/lib/python3.8/site-packages/sklearn/metrics/_classification.py:1344: UndefinedMetricWarning: Precision and F-score are ill-defined and being set to 0.0 in labels with no predicted samples. Use `zero_division` parameter to control this behavior.
  _warn_prf(average, modifier, msg_start, len(result))
epoch 11 time: 59.2s, train loss: 4.786, metrics: {'f1': 0.0, 'f1_macro': 0.4978448275862069, 'prec_macro': 0.5, 'rec_macro': 0.4989200863930886, 'f1_micro': 0.9956896551724138, 'prec_micro': 0.9956896551724138, 'rec_micro': 0.9956896551724138}
/home/azureuser/.local/lib/python3.8/site-packages/sklearn/metrics/_classification.py:1344: UndefinedMetricWarning: Precision and F-score are ill-defined and being set to 0.0 in labels with no predicted samples. Use `zero_division` parameter to control this behavior.
  _warn_prf(average, modifier, msg_start, len(result))
epoch 12 time: 59.1s, train loss: 4.766, metrics: {'f1': 0.0, 'f1_macro': 0.4978448275862069, 'prec_macro': 0.5, 'rec_macro': 0.4989200863930886, 'f1_micro': 0.9956896551724138, 'prec_micro': 0.9956896551724138, 'rec_micro': 0.9956896551724138}
/home/azureuser/.local/lib/python3.8/site-packages/sklearn/metrics/_classification.py:1344: UndefinedMetricWarning: Precision and F-score are ill-defined and being set to 0.0 in labels with no predicted samples. Use `zero_division` parameter to control this behavior.
  _warn_prf(average, modifier, msg_start, len(result))
epoch 13 time: 59.1s, train loss: 4.747, metrics: {'f1': 0.0, 'f1_macro': 0.4978448275862069, 'prec_macro': 0.5, 'rec_macro': 0.4989200863930886, 'f1_micro': 0.9956896551724138, 'prec_micro': 0.9956896551724138, 'rec_micro': 0.9956896551724138}
/home/azureuser/.local/lib/python3.8/site-packages/sklearn/metrics/_classification.py:1344: UndefinedMetricWarning: Precision and F-score are ill-defined and being set to 0.0 in labels with no predicted samples. Use `zero_division` parameter to control this behavior.
  _warn_prf(average, modifier, msg_start, len(result))
epoch 14 time: 59.1s, train loss: 4.729, metrics: {'f1': 0.0, 'f1_macro': 0.4978448275862069, 'prec_macro': 0.5, 'rec_macro': 0.4989200863930886, 'f1_micro': 0.9956896551724138, 'prec_micro': 0.9956896551724138, 'rec_micro': 0.9956896551724138}
/home/azureuser/.local/lib/python3.8/site-packages/sklearn/metrics/_classification.py:1344: UndefinedMetricWarning: Precision and F-score are ill-defined and being set to 0.0 in labels with no predicted samples. Use `zero_division` parameter to control this behavior.
  _warn_prf(average, modifier, msg_start, len(result))
epoch 15 time: 59.1s, train loss: 4.712, metrics: {'f1': 0.0, 'f1_macro': 0.4978448275862069, 'prec_macro': 0.5, 'rec_macro': 0.4989200863930886, 'f1_micro': 0.9956896551724138, 'prec_micro': 0.9956896551724138, 'rec_micro': 0.9956896551724138}
/home/azureuser/.local/lib/python3.8/site-packages/sklearn/metrics/_classification.py:1344: UndefinedMetricWarning: Precision and F-score are ill-defined and being set to 0.0 in labels with no predicted samples. Use `zero_division` parameter to control this behavior.
  _warn_prf(average, modifier, msg_start, len(result))
epoch 16 time: 59.0s, train loss: 4.695, metrics: {'f1': 0.0, 'f1_macro': 0.4978448275862069, 'prec_macro': 0.5, 'rec_macro': 0.4989200863930886, 'f1_micro': 0.9956896551724138, 'prec_micro': 0.9956896551724138, 'rec_micro': 0.9956896551724138}
/home/azureuser/.local/lib/python3.8/site-packages/sklearn/metrics/_classification.py:1344: UndefinedMetricWarning: Precision and F-score are ill-defined and being set to 0.0 in labels with no predicted samples. Use `zero_division` parameter to control this behavior.
  _warn_prf(average, modifier, msg_start, len(result))
epoch 17 time: 59.2s, train loss: 4.68, metrics: {'f1': 0.0, 'f1_macro': 0.4978448275862069, 'prec_macro': 0.5, 'rec_macro': 0.4989200863930886, 'f1_micro': 0.9956896551724138, 'prec_micro': 0.9956896551724138, 'rec_micro': 0.9956896551724138}
/home/azureuser/.local/lib/python3.8/site-packages/sklearn/metrics/_classification.py:1344: UndefinedMetricWarning: Precision and F-score are ill-defined and being set to 0.0 in labels with no predicted samples. Use `zero_division` parameter to control this behavior.
  _warn_prf(average, modifier, msg_start, len(result))
epoch 18 time: 59.2s, train loss: 4.664, metrics: {'f1': 0.0, 'f1_macro': 0.4978448275862069, 'prec_macro': 0.5, 'rec_macro': 0.4989200863930886, 'f1_micro': 0.9956896551724138, 'prec_micro': 0.9956896551724138, 'rec_micro': 0.9956896551724138}
/home/azureuser/.local/lib/python3.8/site-packages/sklearn/metrics/_classification.py:1344: UndefinedMetricWarning: Precision and F-score are ill-defined and being set to 0.0 in labels with no predicted samples. Use `zero_division` parameter to control this behavior.
  _warn_prf(average, modifier, msg_start, len(result))
epoch 19 time: 59.2s, train loss: 4.65, metrics: {'f1': 0.0, 'f1_macro': 0.4978448275862069, 'prec_macro': 0.5, 'rec_macro': 0.4989200863930886, 'f1_micro': 0.9956896551724138, 'prec_micro': 0.9956896551724138, 'rec_micro': 0.9956896551724138}
/home/azureuser/.local/lib/python3.8/site-packages/sklearn/metrics/_classification.py:1344: UndefinedMetricWarning: Precision and F-score are ill-defined and being set to 0.0 in labels with no predicted samples. Use `zero_division` parameter to control this behavior.
  _warn_prf(average, modifier, msg_start, len(result))
epoch 20 time: 59.2s, train loss: 4.636, metrics: {'f1': 0.0, 'f1_macro': 0.4978448275862069, 'prec_macro': 0.5, 'rec_macro': 0.4989200863930886, 'f1_micro': 0.9956896551724138, 'prec_micro': 0.9956896551724138, 'rec_micro': 0.9956896551724138}
/home/azureuser/.local/lib/python3.8/site-packages/sklearn/metrics/_classification.py:1344: UndefinedMetricWarning: Precision and F-score are ill-defined and being set to 0.0 in labels with no predicted samples. Use `zero_division` parameter to control this behavior.
  _warn_prf(average, modifier, msg_start, len(result))
epoch 21 time: 59.3s, train loss: 4.623, metrics: {'f1': 0.0, 'f1_macro': 0.4978448275862069, 'prec_macro': 0.5, 'rec_macro': 0.4989200863930886, 'f1_micro': 0.9956896551724138, 'prec_micro': 0.9956896551724138, 'rec_micro': 0.9956896551724138}
/home/azureuser/.local/lib/python3.8/site-packages/sklearn/metrics/_classification.py:1344: UndefinedMetricWarning: Precision and F-score are ill-defined and being set to 0.0 in labels with no predicted samples. Use `zero_division` parameter to control this behavior.
  _warn_prf(average, modifier, msg_start, len(result))
epoch 22 time: 59.2s, train loss: 4.611, metrics: {'f1': 0.0, 'f1_macro': 0.4978448275862069, 'prec_macro': 0.5, 'rec_macro': 0.4989200863930886, 'f1_micro': 0.9956896551724138, 'prec_micro': 0.9956896551724138, 'rec_micro': 0.9956896551724138}
/home/azureuser/.local/lib/python3.8/site-packages/sklearn/metrics/_classification.py:1344: UndefinedMetricWarning: Precision and F-score are ill-defined and being set to 0.0 in labels with no predicted samples. Use `zero_division` parameter to control this behavior.
  _warn_prf(average, modifier, msg_start, len(result))
epoch 23 time: 59.2s, train loss: 4.599, metrics: {'f1': 0.0, 'f1_macro': 0.4978448275862069, 'prec_macro': 0.5, 'rec_macro': 0.4989200863930886, 'f1_micro': 0.9956896551724138, 'prec_micro': 0.9956896551724138, 'rec_micro': 0.9956896551724138}
/home/azureuser/.local/lib/python3.8/site-packages/sklearn/metrics/_classification.py:1344: UndefinedMetricWarning: Precision and F-score are ill-defined and being set to 0.0 in labels with no predicted samples. Use `zero_division` parameter to control this behavior.
  _warn_prf(average, modifier, msg_start, len(result))
epoch 24 time: 59.2s, train loss: 4.587, metrics: {'f1': 0.0, 'f1_macro': 0.4978448275862069, 'prec_macro': 0.5, 'rec_macro': 0.4989200863930886, 'f1_micro': 0.9956896551724138, 'prec_micro': 0.9956896551724138, 'rec_micro': 0.9956896551724138}
/home/azureuser/.local/lib/python3.8/site-packages/sklearn/metrics/_classification.py:1344: UndefinedMetricWarning: Precision and F-score are ill-defined and being set to 0.0 in labels with no predicted samples. Use `zero_division` parameter to control this behavior.
  _warn_prf(average, modifier, msg_start, len(result))
epoch 25 time: 59.2s, train loss: 4.576, metrics: {'f1': 0.0, 'f1_macro': 0.4978448275862069, 'prec_macro': 0.5, 'rec_macro': 0.4989200863930886, 'f1_micro': 0.9956896551724138, 'prec_micro': 0.9956896551724138, 'rec_micro': 0.9956896551724138}
/home/azureuser/.local/lib/python3.8/site-packages/sklearn/metrics/_classification.py:1344: UndefinedMetricWarning: Precision and F-score are ill-defined and being set to 0.0 in labels with no predicted samples. Use `zero_division` parameter to control this behavior.
  _warn_prf(average, modifier, msg_start, len(result))
epoch 26 time: 59.2s, train loss: 4.566, metrics: {'f1': 0.0, 'f1_macro': 0.4978448275862069, 'prec_macro': 0.5, 'rec_macro': 0.4989200863930886, 'f1_micro': 0.9956896551724138, 'prec_micro': 0.9956896551724138, 'rec_micro': 0.9956896551724138}
/home/azureuser/.local/lib/python3.8/site-packages/sklearn/metrics/_classification.py:1344: UndefinedMetricWarning: Precision and F-score are ill-defined and being set to 0.0 in labels with no predicted samples. Use `zero_division` parameter to control this behavior.
  _warn_prf(average, modifier, msg_start, len(result))
epoch 27 time: 59.2s, train loss: 4.556, metrics: {'f1': 0.0, 'f1_macro': 0.4978448275862069, 'prec_macro': 0.5, 'rec_macro': 0.4989200863930886, 'f1_micro': 0.9956896551724138, 'prec_micro': 0.9956896551724138, 'rec_micro': 0.9956896551724138}
/home/azureuser/.local/lib/python3.8/site-packages/sklearn/metrics/_classification.py:1344: UndefinedMetricWarning: Precision and F-score are ill-defined and being set to 0.0 in labels with no predicted samples. Use `zero_division` parameter to control this behavior.
  _warn_prf(average, modifier, msg_start, len(result))
epoch 28 time: 59.2s, train loss: 4.546, metrics: {'f1': 0.0, 'f1_macro': 0.4978448275862069, 'prec_macro': 0.5, 'rec_macro': 0.4989200863930886, 'f1_micro': 0.9956896551724138, 'prec_micro': 0.9956896551724138, 'rec_micro': 0.9956896551724138}
/home/azureuser/.local/lib/python3.8/site-packages/sklearn/metrics/_classification.py:1344: UndefinedMetricWarning: Precision and F-score are ill-defined and being set to 0.0 in labels with no predicted samples. Use `zero_division` parameter to control this behavior.
  _warn_prf(average, modifier, msg_start, len(result))
epoch 29 time: 59.2s, train loss: 4.537, metrics: {'f1': 0.0, 'f1_macro': 0.4978448275862069, 'prec_macro': 0.5, 'rec_macro': 0.4989200863930886, 'f1_micro': 0.9956896551724138, 'prec_micro': 0.9956896551724138, 'rec_micro': 0.9956896551724138}
/home/azureuser/.local/lib/python3.8/site-packages/sklearn/metrics/_classification.py:1344: UndefinedMetricWarning: Precision and F-score are ill-defined and being set to 0.0 in labels with no predicted samples. Use `zero_division` parameter to control this behavior.
  _warn_prf(average, modifier, msg_start, len(result))
epoch 30 time: 59.2s, train loss: 4.528, metrics: {'f1': 0.0, 'f1_macro': 0.4978448275862069, 'prec_macro': 0.5, 'rec_macro': 0.4989200863930886, 'f1_micro': 0.9956896551724138, 'prec_micro': 0.9956896551724138, 'rec_micro': 0.9956896551724138}
/home/azureuser/.local/lib/python3.8/site-packages/sklearn/metrics/_classification.py:1344: UndefinedMetricWarning: Precision and F-score are ill-defined and being set to 0.0 in labels with no predicted samples. Use `zero_division` parameter to control this behavior.
  _warn_prf(average, modifier, msg_start, len(result))
epoch 31 time: 59.2s, train loss: 4.52, metrics: {'f1': 0.0, 'f1_macro': 0.4978448275862069, 'prec_macro': 0.5, 'rec_macro': 0.4989200863930886, 'f1_micro': 0.9956896551724138, 'prec_micro': 0.9956896551724138, 'rec_micro': 0.9956896551724138}
/home/azureuser/.local/lib/python3.8/site-packages/sklearn/metrics/_classification.py:1344: UndefinedMetricWarning: Precision and F-score are ill-defined and being set to 0.0 in labels with no predicted samples. Use `zero_division` parameter to control this behavior.
  _warn_prf(average, modifier, msg_start, len(result))
epoch 32 time: 59.2s, train loss: 4.512, metrics: {'f1': 0.0, 'f1_macro': 0.4978448275862069, 'prec_macro': 0.5, 'rec_macro': 0.4989200863930886, 'f1_micro': 0.9956896551724138, 'prec_micro': 0.9956896551724138, 'rec_micro': 0.9956896551724138}
/home/azureuser/.local/lib/python3.8/site-packages/sklearn/metrics/_classification.py:1344: UndefinedMetricWarning: Precision and F-score are ill-defined and being set to 0.0 in labels with no predicted samples. Use `zero_division` parameter to control this behavior.
  _warn_prf(average, modifier, msg_start, len(result))
epoch 33 time: 59.3s, train loss: 4.504, metrics: {'f1': 0.0, 'f1_macro': 0.4978448275862069, 'prec_macro': 0.5, 'rec_macro': 0.4989200863930886, 'f1_micro': 0.9956896551724138, 'prec_micro': 0.9956896551724138, 'rec_micro': 0.9956896551724138}
/home/azureuser/.local/lib/python3.8/site-packages/sklearn/metrics/_classification.py:1344: UndefinedMetricWarning: Precision and F-score are ill-defined and being set to 0.0 in labels with no predicted samples. Use `zero_division` parameter to control this behavior.
  _warn_prf(average, modifier, msg_start, len(result))
epoch 34 time: 59.2s, train loss: 4.496, metrics: {'f1': 0.0, 'f1_macro': 0.4978448275862069, 'prec_macro': 0.5, 'rec_macro': 0.4989200863930886, 'f1_micro': 0.9956896551724138, 'prec_micro': 0.9956896551724138, 'rec_micro': 0.9956896551724138}
/home/azureuser/.local/lib/python3.8/site-packages/sklearn/metrics/_classification.py:1344: UndefinedMetricWarning: Precision and F-score are ill-defined and being set to 0.0 in labels with no predicted samples. Use `zero_division` parameter to control this behavior.
  _warn_prf(average, modifier, msg_start, len(result))
epoch 35 time: 59.2s, train loss: 4.489, metrics: {'f1': 0.0, 'f1_macro': 0.4978448275862069, 'prec_macro': 0.5, 'rec_macro': 0.4989200863930886, 'f1_micro': 0.9956896551724138, 'prec_micro': 0.9956896551724138, 'rec_micro': 0.9956896551724138}
/home/azureuser/.local/lib/python3.8/site-packages/sklearn/metrics/_classification.py:1344: UndefinedMetricWarning: Precision and F-score are ill-defined and being set to 0.0 in labels with no predicted samples. Use `zero_division` parameter to control this behavior.
  _warn_prf(average, modifier, msg_start, len(result))
epoch 36 time: 59.1s, train loss: 4.482, metrics: {'f1': 0.0, 'f1_macro': 0.4978448275862069, 'prec_macro': 0.5, 'rec_macro': 0.4989200863930886, 'f1_micro': 0.9956896551724138, 'prec_micro': 0.9956896551724138, 'rec_micro': 0.9956896551724138}
/home/azureuser/.local/lib/python3.8/site-packages/sklearn/metrics/_classification.py:1344: UndefinedMetricWarning: Precision and F-score are ill-defined and being set to 0.0 in labels with no predicted samples. Use `zero_division` parameter to control this behavior.
  _warn_prf(average, modifier, msg_start, len(result))
epoch 37 time: 59.1s, train loss: 4.475, metrics: {'f1': 0.0, 'f1_macro': 0.4978448275862069, 'prec_macro': 0.5, 'rec_macro': 0.4989200863930886, 'f1_micro': 0.9956896551724138, 'prec_micro': 0.9956896551724138, 'rec_micro': 0.9956896551724138}
/home/azureuser/.local/lib/python3.8/site-packages/sklearn/metrics/_classification.py:1344: UndefinedMetricWarning: Precision and F-score are ill-defined and being set to 0.0 in labels with no predicted samples. Use `zero_division` parameter to control this behavior.
  _warn_prf(average, modifier, msg_start, len(result))
epoch 38 time: 59.1s, train loss: 4.469, metrics: {'f1': 0.0, 'f1_macro': 0.4978448275862069, 'prec_macro': 0.5, 'rec_macro': 0.4989200863930886, 'f1_micro': 0.9956896551724138, 'prec_micro': 0.9956896551724138, 'rec_micro': 0.9956896551724138}
/home/azureuser/.local/lib/python3.8/site-packages/sklearn/metrics/_classification.py:1344: UndefinedMetricWarning: Precision and F-score are ill-defined and being set to 0.0 in labels with no predicted samples. Use `zero_division` parameter to control this behavior.
  _warn_prf(average, modifier, msg_start, len(result))
epoch 39 time: 59.0s, train loss: 4.463, metrics: {'f1': 0.0, 'f1_macro': 0.4978448275862069, 'prec_macro': 0.5, 'rec_macro': 0.4989200863930886, 'f1_micro': 0.9956896551724138, 'prec_micro': 0.9956896551724138, 'rec_micro': 0.9956896551724138}
/home/azureuser/.local/lib/python3.8/site-packages/sklearn/metrics/_classification.py:1344: UndefinedMetricWarning: Precision and F-score are ill-defined and being set to 0.0 in labels with no predicted samples. Use `zero_division` parameter to control this behavior.
  _warn_prf(average, modifier, msg_start, len(result))
epoch 40 time: 59.0s, train loss: 4.457, metrics: {'f1': 0.0, 'f1_macro': 0.4978448275862069, 'prec_macro': 0.5, 'rec_macro': 0.4989200863930886, 'f1_micro': 0.9956896551724138, 'prec_micro': 0.9956896551724138, 'rec_micro': 0.9956896551724138}
/home/azureuser/.local/lib/python3.8/site-packages/sklearn/metrics/_classification.py:1344: UndefinedMetricWarning: Precision and F-score are ill-defined and being set to 0.0 in labels with no predicted samples. Use `zero_division` parameter to control this behavior.
  _warn_prf(average, modifier, msg_start, len(result))
epoch 41 time: 59.0s, train loss: 4.452, metrics: {'f1': 0.0, 'f1_macro': 0.4978448275862069, 'prec_macro': 0.5, 'rec_macro': 0.4989200863930886, 'f1_micro': 0.9956896551724138, 'prec_micro': 0.9956896551724138, 'rec_micro': 0.9956896551724138}
/home/azureuser/.local/lib/python3.8/site-packages/sklearn/metrics/_classification.py:1344: UndefinedMetricWarning: Precision and F-score are ill-defined and being set to 0.0 in labels with no predicted samples. Use `zero_division` parameter to control this behavior.
  _warn_prf(average, modifier, msg_start, len(result))
epoch 42 time: 59.1s, train loss: 4.446, metrics: {'f1': 0.0, 'f1_macro': 0.4978448275862069, 'prec_macro': 0.5, 'rec_macro': 0.4989200863930886, 'f1_micro': 0.9956896551724138, 'prec_micro': 0.9956896551724138, 'rec_micro': 0.9956896551724138}
/home/azureuser/.local/lib/python3.8/site-packages/sklearn/metrics/_classification.py:1344: UndefinedMetricWarning: Precision and F-score are ill-defined and being set to 0.0 in labels with no predicted samples. Use `zero_division` parameter to control this behavior.
  _warn_prf(average, modifier, msg_start, len(result))
epoch 43 time: 59.0s, train loss: 4.441, metrics: {'f1': 0.0, 'f1_macro': 0.4978448275862069, 'prec_macro': 0.5, 'rec_macro': 0.4989200863930886, 'f1_micro': 0.9956896551724138, 'prec_micro': 0.9956896551724138, 'rec_micro': 0.9956896551724138}
/home/azureuser/.local/lib/python3.8/site-packages/sklearn/metrics/_classification.py:1344: UndefinedMetricWarning: Precision and F-score are ill-defined and being set to 0.0 in labels with no predicted samples. Use `zero_division` parameter to control this behavior.
  _warn_prf(average, modifier, msg_start, len(result))
epoch 44 time: 59.0s, train loss: 4.436, metrics: {'f1': 0.0, 'f1_macro': 0.4978448275862069, 'prec_macro': 0.5, 'rec_macro': 0.4989200863930886, 'f1_micro': 0.9956896551724138, 'prec_micro': 0.9956896551724138, 'rec_micro': 0.9956896551724138}
/home/azureuser/.local/lib/python3.8/site-packages/sklearn/metrics/_classification.py:1344: UndefinedMetricWarning: Precision and F-score are ill-defined and being set to 0.0 in labels with no predicted samples. Use `zero_division` parameter to control this behavior.
  _warn_prf(average, modifier, msg_start, len(result))
epoch 45 time: 59.0s, train loss: 4.431, metrics: {'f1': 0.0, 'f1_macro': 0.4978448275862069, 'prec_macro': 0.5, 'rec_macro': 0.4989200863930886, 'f1_micro': 0.9956896551724138, 'prec_micro': 0.9956896551724138, 'rec_micro': 0.9956896551724138}
/home/azureuser/.local/lib/python3.8/site-packages/sklearn/metrics/_classification.py:1344: UndefinedMetricWarning: Precision and F-score are ill-defined and being set to 0.0 in labels with no predicted samples. Use `zero_division` parameter to control this behavior.
  _warn_prf(average, modifier, msg_start, len(result))
epoch 46 time: 59.1s, train loss: 4.427, metrics: {'f1': 0.0, 'f1_macro': 0.4978448275862069, 'prec_macro': 0.5, 'rec_macro': 0.4989200863930886, 'f1_micro': 0.9956896551724138, 'prec_micro': 0.9956896551724138, 'rec_micro': 0.9956896551724138}
/home/azureuser/.local/lib/python3.8/site-packages/sklearn/metrics/_classification.py:1344: UndefinedMetricWarning: Precision and F-score are ill-defined and being set to 0.0 in labels with no predicted samples. Use `zero_division` parameter to control this behavior.
  _warn_prf(average, modifier, msg_start, len(result))
epoch 47 time: 59.0s, train loss: 4.422, metrics: {'f1': 0.0, 'f1_macro': 0.4978448275862069, 'prec_macro': 0.5, 'rec_macro': 0.4989200863930886, 'f1_micro': 0.9956896551724138, 'prec_micro': 0.9956896551724138, 'rec_micro': 0.9956896551724138}
/home/azureuser/.local/lib/python3.8/site-packages/sklearn/metrics/_classification.py:1344: UndefinedMetricWarning: Precision and F-score are ill-defined and being set to 0.0 in labels with no predicted samples. Use `zero_division` parameter to control this behavior.
  _warn_prf(average, modifier, msg_start, len(result))
epoch 48 time: 59.0s, train loss: 4.418, metrics: {'f1': 0.0, 'f1_macro': 0.4978448275862069, 'prec_macro': 0.5, 'rec_macro': 0.4989200863930886, 'f1_micro': 0.9956896551724138, 'prec_micro': 0.9956896551724138, 'rec_micro': 0.9956896551724138}
/home/azureuser/.local/lib/python3.8/site-packages/sklearn/metrics/_classification.py:1344: UndefinedMetricWarning: Precision and F-score are ill-defined and being set to 0.0 in labels with no predicted samples. Use `zero_division` parameter to control this behavior.
  _warn_prf(average, modifier, msg_start, len(result))
epoch 49 time: 59.0s, train loss: 4.414, metrics: {'f1': 0.0, 'f1_macro': 0.4978448275862069, 'prec_macro': 0.5, 'rec_macro': 0.4989200863930886, 'f1_micro': 0.9956896551724138, 'prec_micro': 0.9956896551724138, 'rec_micro': 0.9956896551724138}
/home/azureuser/.local/lib/python3.8/site-packages/sklearn/metrics/_classification.py:1344: UndefinedMetricWarning: Precision and F-score are ill-defined and being set to 0.0 in labels with no predicted samples. Use `zero_division` parameter to control this behavior.
  _warn_prf(average, modifier, msg_start, len(result))
epoch 50 time: 59.0s, train loss: 4.41, metrics: {'f1': 0.0, 'f1_macro': 0.4978448275862069, 'prec_macro': 0.5, 'rec_macro': 0.4989200863930886, 'f1_micro': 0.9956896551724138, 'prec_micro': 0.9956896551724138, 'rec_micro': 0.9956896551724138}
/home/azureuser/.local/lib/python3.8/site-packages/sklearn/metrics/_classification.py:1344: UndefinedMetricWarning: Precision and F-score are ill-defined and being set to 0.0 in labels with no predicted samples. Use `zero_division` parameter to control this behavior.
  _warn_prf(average, modifier, msg_start, len(result))
epoch 51 time: 59.0s, train loss: 4.406, metrics: {'f1': 0.0, 'f1_macro': 0.4978448275862069, 'prec_macro': 0.5, 'rec_macro': 0.4989200863930886, 'f1_micro': 0.9956896551724138, 'prec_micro': 0.9956896551724138, 'rec_micro': 0.9956896551724138}
/home/azureuser/.local/lib/python3.8/site-packages/sklearn/metrics/_classification.py:1344: UndefinedMetricWarning: Precision and F-score are ill-defined and being set to 0.0 in labels with no predicted samples. Use `zero_division` parameter to control this behavior.
  _warn_prf(average, modifier, msg_start, len(result))
epoch 52 time: 59.0s, train loss: 4.402, metrics: {'f1': 0.0, 'f1_macro': 0.4978448275862069, 'prec_macro': 0.5, 'rec_macro': 0.4989200863930886, 'f1_micro': 0.9956896551724138, 'prec_micro': 0.9956896551724138, 'rec_micro': 0.9956896551724138}
/home/azureuser/.local/lib/python3.8/site-packages/sklearn/metrics/_classification.py:1344: UndefinedMetricWarning: Precision and F-score are ill-defined and being set to 0.0 in labels with no predicted samples. Use `zero_division` parameter to control this behavior.
  _warn_prf(average, modifier, msg_start, len(result))
epoch 53 time: 59.1s, train loss: 4.399, metrics: {'f1': 0.0, 'f1_macro': 0.4978448275862069, 'prec_macro': 0.5, 'rec_macro': 0.4989200863930886, 'f1_micro': 0.9956896551724138, 'prec_micro': 0.9956896551724138, 'rec_micro': 0.9956896551724138}
/home/azureuser/.local/lib/python3.8/site-packages/sklearn/metrics/_classification.py:1344: UndefinedMetricWarning: Precision and F-score are ill-defined and being set to 0.0 in labels with no predicted samples. Use `zero_division` parameter to control this behavior.
  _warn_prf(average, modifier, msg_start, len(result))
epoch 54 time: 58.9s, train loss: 4.395, metrics: {'f1': 0.0, 'f1_macro': 0.4978448275862069, 'prec_macro': 0.5, 'rec_macro': 0.4989200863930886, 'f1_micro': 0.9956896551724138, 'prec_micro': 0.9956896551724138, 'rec_micro': 0.9956896551724138}
/home/azureuser/.local/lib/python3.8/site-packages/sklearn/metrics/_classification.py:1344: UndefinedMetricWarning: Precision and F-score are ill-defined and being set to 0.0 in labels with no predicted samples. Use `zero_division` parameter to control this behavior.
  _warn_prf(average, modifier, msg_start, len(result))
epoch 55 time: 59.0s, train loss: 4.392, metrics: {'f1': 0.0, 'f1_macro': 0.4978448275862069, 'prec_macro': 0.5, 'rec_macro': 0.4989200863930886, 'f1_micro': 0.9956896551724138, 'prec_micro': 0.9956896551724138, 'rec_micro': 0.9956896551724138}
/home/azureuser/.local/lib/python3.8/site-packages/sklearn/metrics/_classification.py:1344: UndefinedMetricWarning: Precision and F-score are ill-defined and being set to 0.0 in labels with no predicted samples. Use `zero_division` parameter to control this behavior.
  _warn_prf(average, modifier, msg_start, len(result))
epoch 56 time: 59.0s, train loss: 4.389, metrics: {'f1': 0.0, 'f1_macro': 0.4978448275862069, 'prec_macro': 0.5, 'rec_macro': 0.4989200863930886, 'f1_micro': 0.9956896551724138, 'prec_micro': 0.9956896551724138, 'rec_micro': 0.9956896551724138}
/home/azureuser/.local/lib/python3.8/site-packages/sklearn/metrics/_classification.py:1344: UndefinedMetricWarning: Precision and F-score are ill-defined and being set to 0.0 in labels with no predicted samples. Use `zero_division` parameter to control this behavior.
  _warn_prf(average, modifier, msg_start, len(result))
epoch 57 time: 59.2s, train loss: 4.386, metrics: {'f1': 0.0, 'f1_macro': 0.4978448275862069, 'prec_macro': 0.5, 'rec_macro': 0.4989200863930886, 'f1_micro': 0.9956896551724138, 'prec_micro': 0.9956896551724138, 'rec_micro': 0.9956896551724138}
/home/azureuser/.local/lib/python3.8/site-packages/sklearn/metrics/_classification.py:1344: UndefinedMetricWarning: Precision and F-score are ill-defined and being set to 0.0 in labels with no predicted samples. Use `zero_division` parameter to control this behavior.
  _warn_prf(average, modifier, msg_start, len(result))
epoch 58 time: 58.9s, train loss: 4.383, metrics: {'f1': 0.0, 'f1_macro': 0.4978448275862069, 'prec_macro': 0.5, 'rec_macro': 0.4989200863930886, 'f1_micro': 0.9956896551724138, 'prec_micro': 0.9956896551724138, 'rec_micro': 0.9956896551724138}
/home/azureuser/.local/lib/python3.8/site-packages/sklearn/metrics/_classification.py:1344: UndefinedMetricWarning: Precision and F-score are ill-defined and being set to 0.0 in labels with no predicted samples. Use `zero_division` parameter to control this behavior.
  _warn_prf(average, modifier, msg_start, len(result))
epoch 59 time: 59.0s, train loss: 4.38, metrics: {'f1': 0.0, 'f1_macro': 0.4978448275862069, 'prec_macro': 0.5, 'rec_macro': 0.4989200863930886, 'f1_micro': 0.9956896551724138, 'prec_micro': 0.9956896551724138, 'rec_micro': 0.9956896551724138}
/home/azureuser/.local/lib/python3.8/site-packages/sklearn/metrics/_classification.py:1344: UndefinedMetricWarning: Precision and F-score are ill-defined and being set to 0.0 in labels with no predicted samples. Use `zero_division` parameter to control this behavior.
  _warn_prf(average, modifier, msg_start, len(result))
epoch 60 time: 59.0s, train loss: 4.377, metrics: {'f1': 0.0, 'f1_macro': 0.4978448275862069, 'prec_macro': 0.5, 'rec_macro': 0.4989200863930886, 'f1_micro': 0.9956896551724138, 'prec_micro': 0.9956896551724138, 'rec_micro': 0.9956896551724138}
/home/azureuser/.local/lib/python3.8/site-packages/sklearn/metrics/_classification.py:1344: UndefinedMetricWarning: Precision and F-score are ill-defined and being set to 0.0 in labels with no predicted samples. Use `zero_division` parameter to control this behavior.
  _warn_prf(average, modifier, msg_start, len(result))
epoch 61 time: 59.0s, train loss: 4.374, metrics: {'f1': 0.0, 'f1_macro': 0.4978448275862069, 'prec_macro': 0.5, 'rec_macro': 0.4989200863930886, 'f1_micro': 0.9956896551724138, 'prec_micro': 0.9956896551724138, 'rec_micro': 0.9956896551724138}
/home/azureuser/.local/lib/python3.8/site-packages/sklearn/metrics/_classification.py:1344: UndefinedMetricWarning: Precision and F-score are ill-defined and being set to 0.0 in labels with no predicted samples. Use `zero_division` parameter to control this behavior.
  _warn_prf(average, modifier, msg_start, len(result))
epoch 62 time: 58.9s, train loss: 4.372, metrics: {'f1': 0.0, 'f1_macro': 0.4978448275862069, 'prec_macro': 0.5, 'rec_macro': 0.4989200863930886, 'f1_micro': 0.9956896551724138, 'prec_micro': 0.9956896551724138, 'rec_micro': 0.9956896551724138}
/home/azureuser/.local/lib/python3.8/site-packages/sklearn/metrics/_classification.py:1344: UndefinedMetricWarning: Precision and F-score are ill-defined and being set to 0.0 in labels with no predicted samples. Use `zero_division` parameter to control this behavior.
  _warn_prf(average, modifier, msg_start, len(result))
epoch 63 time: 59.0s, train loss: 4.369, metrics: {'f1': 0.0, 'f1_macro': 0.4978448275862069, 'prec_macro': 0.5, 'rec_macro': 0.4989200863930886, 'f1_micro': 0.9956896551724138, 'prec_micro': 0.9956896551724138, 'rec_micro': 0.9956896551724138}
/home/azureuser/.local/lib/python3.8/site-packages/sklearn/metrics/_classification.py:1344: UndefinedMetricWarning: Precision and F-score are ill-defined and being set to 0.0 in labels with no predicted samples. Use `zero_division` parameter to control this behavior.
  _warn_prf(average, modifier, msg_start, len(result))
epoch 64 time: 58.9s, train loss: 4.367, metrics: {'f1': 0.0, 'f1_macro': 0.4978448275862069, 'prec_macro': 0.5, 'rec_macro': 0.4989200863930886, 'f1_micro': 0.9956896551724138, 'prec_micro': 0.9956896551724138, 'rec_micro': 0.9956896551724138}
/home/azureuser/.local/lib/python3.8/site-packages/sklearn/metrics/_classification.py:1344: UndefinedMetricWarning: Precision and F-score are ill-defined and being set to 0.0 in labels with no predicted samples. Use `zero_division` parameter to control this behavior.
  _warn_prf(average, modifier, msg_start, len(result))
epoch 65 time: 59.1s, train loss: 4.364, metrics: {'f1': 0.0, 'f1_macro': 0.4978448275862069, 'prec_macro': 0.5, 'rec_macro': 0.4989200863930886, 'f1_micro': 0.9956896551724138, 'prec_micro': 0.9956896551724138, 'rec_micro': 0.9956896551724138}
/home/azureuser/.local/lib/python3.8/site-packages/sklearn/metrics/_classification.py:1344: UndefinedMetricWarning: Precision and F-score are ill-defined and being set to 0.0 in labels with no predicted samples. Use `zero_division` parameter to control this behavior.
  _warn_prf(average, modifier, msg_start, len(result))
epoch 66 time: 59.1s, train loss: 4.362, metrics: {'f1': 0.0, 'f1_macro': 0.4978448275862069, 'prec_macro': 0.5, 'rec_macro': 0.4989200863930886, 'f1_micro': 0.9956896551724138, 'prec_micro': 0.9956896551724138, 'rec_micro': 0.9956896551724138}
/home/azureuser/.local/lib/python3.8/site-packages/sklearn/metrics/_classification.py:1344: UndefinedMetricWarning: Precision and F-score are ill-defined and being set to 0.0 in labels with no predicted samples. Use `zero_division` parameter to control this behavior.
  _warn_prf(average, modifier, msg_start, len(result))
epoch 67 time: 59.3s, train loss: 4.36, metrics: {'f1': 0.0, 'f1_macro': 0.4978448275862069, 'prec_macro': 0.5, 'rec_macro': 0.4989200863930886, 'f1_micro': 0.9956896551724138, 'prec_micro': 0.9956896551724138, 'rec_micro': 0.9956896551724138}
/home/azureuser/.local/lib/python3.8/site-packages/sklearn/metrics/_classification.py:1344: UndefinedMetricWarning: Precision and F-score are ill-defined and being set to 0.0 in labels with no predicted samples. Use `zero_division` parameter to control this behavior.
  _warn_prf(average, modifier, msg_start, len(result))
epoch 68 time: 59.1s, train loss: 4.357, metrics: {'f1': 0.0, 'f1_macro': 0.4978448275862069, 'prec_macro': 0.5, 'rec_macro': 0.4989200863930886, 'f1_micro': 0.9956896551724138, 'prec_micro': 0.9956896551724138, 'rec_micro': 0.9956896551724138}
/home/azureuser/.local/lib/python3.8/site-packages/sklearn/metrics/_classification.py:1344: UndefinedMetricWarning: Precision and F-score are ill-defined and being set to 0.0 in labels with no predicted samples. Use `zero_division` parameter to control this behavior.
  _warn_prf(average, modifier, msg_start, len(result))
epoch 69 time: 59.1s, train loss: 4.355, metrics: {'f1': 0.0, 'f1_macro': 0.4978448275862069, 'prec_macro': 0.5, 'rec_macro': 0.4989200863930886, 'f1_micro': 0.9956896551724138, 'prec_micro': 0.9956896551724138, 'rec_micro': 0.9956896551724138}
/home/azureuser/.local/lib/python3.8/site-packages/sklearn/metrics/_classification.py:1344: UndefinedMetricWarning: Precision and F-score are ill-defined and being set to 0.0 in labels with no predicted samples. Use `zero_division` parameter to control this behavior.
  _warn_prf(average, modifier, msg_start, len(result))
epoch 70 time: 59.1s, train loss: 4.353, metrics: {'f1': 0.0, 'f1_macro': 0.4978448275862069, 'prec_macro': 0.5, 'rec_macro': 0.4989200863930886, 'f1_micro': 0.9956896551724138, 'prec_micro': 0.9956896551724138, 'rec_micro': 0.9956896551724138}
/home/azureuser/.local/lib/python3.8/site-packages/sklearn/metrics/_classification.py:1344: UndefinedMetricWarning: Precision and F-score are ill-defined and being set to 0.0 in labels with no predicted samples. Use `zero_division` parameter to control this behavior.
  _warn_prf(average, modifier, msg_start, len(result))
epoch 71 time: 59.0s, train loss: 4.351, metrics: {'f1': 0.0, 'f1_macro': 0.4978448275862069, 'prec_macro': 0.5, 'rec_macro': 0.4989200863930886, 'f1_micro': 0.9956896551724138, 'prec_micro': 0.9956896551724138, 'rec_micro': 0.9956896551724138}
/home/azureuser/.local/lib/python3.8/site-packages/sklearn/metrics/_classification.py:1344: UndefinedMetricWarning: Precision and F-score are ill-defined and being set to 0.0 in labels with no predicted samples. Use `zero_division` parameter to control this behavior.
  _warn_prf(average, modifier, msg_start, len(result))
epoch 72 time: 59.1s, train loss: 4.349, metrics: {'f1': 0.0, 'f1_macro': 0.4978448275862069, 'prec_macro': 0.5, 'rec_macro': 0.4989200863930886, 'f1_micro': 0.9956896551724138, 'prec_micro': 0.9956896551724138, 'rec_micro': 0.9956896551724138}
/home/azureuser/.local/lib/python3.8/site-packages/sklearn/metrics/_classification.py:1344: UndefinedMetricWarning: Precision and F-score are ill-defined and being set to 0.0 in labels with no predicted samples. Use `zero_division` parameter to control this behavior.
  _warn_prf(average, modifier, msg_start, len(result))
epoch 73 time: 59.1s, train loss: 4.347, metrics: {'f1': 0.0, 'f1_macro': 0.4978448275862069, 'prec_macro': 0.5, 'rec_macro': 0.4989200863930886, 'f1_micro': 0.9956896551724138, 'prec_micro': 0.9956896551724138, 'rec_micro': 0.9956896551724138}
/home/azureuser/.local/lib/python3.8/site-packages/sklearn/metrics/_classification.py:1344: UndefinedMetricWarning: Precision and F-score are ill-defined and being set to 0.0 in labels with no predicted samples. Use `zero_division` parameter to control this behavior.
  _warn_prf(average, modifier, msg_start, len(result))
epoch 74 time: 59.2s, train loss: 4.346, metrics: {'f1': 0.0, 'f1_macro': 0.4978448275862069, 'prec_macro': 0.5, 'rec_macro': 0.4989200863930886, 'f1_micro': 0.9956896551724138, 'prec_micro': 0.9956896551724138, 'rec_micro': 0.9956896551724138}
/home/azureuser/.local/lib/python3.8/site-packages/sklearn/metrics/_classification.py:1344: UndefinedMetricWarning: Precision and F-score are ill-defined and being set to 0.0 in labels with no predicted samples. Use `zero_division` parameter to control this behavior.
  _warn_prf(average, modifier, msg_start, len(result))
epoch 75 time: 59.0s, train loss: 4.344, metrics: {'f1': 0.0, 'f1_macro': 0.4978448275862069, 'prec_macro': 0.5, 'rec_macro': 0.4989200863930886, 'f1_micro': 0.9956896551724138, 'prec_micro': 0.9956896551724138, 'rec_micro': 0.9956896551724138}
/home/azureuser/.local/lib/python3.8/site-packages/sklearn/metrics/_classification.py:1344: UndefinedMetricWarning: Precision and F-score are ill-defined and being set to 0.0 in labels with no predicted samples. Use `zero_division` parameter to control this behavior.
  _warn_prf(average, modifier, msg_start, len(result))
epoch 76 time: 59.1s, train loss: 4.342, metrics: {'f1': 0.0, 'f1_macro': 0.4978448275862069, 'prec_macro': 0.5, 'rec_macro': 0.4989200863930886, 'f1_micro': 0.9956896551724138, 'prec_micro': 0.9956896551724138, 'rec_micro': 0.9956896551724138}
/home/azureuser/.local/lib/python3.8/site-packages/sklearn/metrics/_classification.py:1344: UndefinedMetricWarning: Precision and F-score are ill-defined and being set to 0.0 in labels with no predicted samples. Use `zero_division` parameter to control this behavior.
  _warn_prf(average, modifier, msg_start, len(result))
epoch 77 time: 59.1s, train loss: 4.341, metrics: {'f1': 0.0, 'f1_macro': 0.4978448275862069, 'prec_macro': 0.5, 'rec_macro': 0.4989200863930886, 'f1_micro': 0.9956896551724138, 'prec_micro': 0.9956896551724138, 'rec_micro': 0.9956896551724138}
/home/azureuser/.local/lib/python3.8/site-packages/sklearn/metrics/_classification.py:1344: UndefinedMetricWarning: Precision and F-score are ill-defined and being set to 0.0 in labels with no predicted samples. Use `zero_division` parameter to control this behavior.
  _warn_prf(average, modifier, msg_start, len(result))
epoch 78 time: 59.0s, train loss: 4.339, metrics: {'f1': 0.0, 'f1_macro': 0.4978448275862069, 'prec_macro': 0.5, 'rec_macro': 0.4989200863930886, 'f1_micro': 0.9956896551724138, 'prec_micro': 0.9956896551724138, 'rec_micro': 0.9956896551724138}
/home/azureuser/.local/lib/python3.8/site-packages/sklearn/metrics/_classification.py:1344: UndefinedMetricWarning: Precision and F-score are ill-defined and being set to 0.0 in labels with no predicted samples. Use `zero_division` parameter to control this behavior.
  _warn_prf(average, modifier, msg_start, len(result))
epoch 79 time: 59.0s, train loss: 4.337, metrics: {'f1': 0.0, 'f1_macro': 0.4978448275862069, 'prec_macro': 0.5, 'rec_macro': 0.4989200863930886, 'f1_micro': 0.9956896551724138, 'prec_micro': 0.9956896551724138, 'rec_micro': 0.9956896551724138}
/home/azureuser/.local/lib/python3.8/site-packages/sklearn/metrics/_classification.py:1344: UndefinedMetricWarning: Precision and F-score are ill-defined and being set to 0.0 in labels with no predicted samples. Use `zero_division` parameter to control this behavior.
  _warn_prf(average, modifier, msg_start, len(result))
epoch 80 time: 59.0s, train loss: 4.336, metrics: {'f1': 0.0, 'f1_macro': 0.4978448275862069, 'prec_macro': 0.5, 'rec_macro': 0.4989200863930886, 'f1_micro': 0.9956896551724138, 'prec_micro': 0.9956896551724138, 'rec_micro': 0.9956896551724138}
/home/azureuser/.local/lib/python3.8/site-packages/sklearn/metrics/_classification.py:1344: UndefinedMetricWarning: Precision and F-score are ill-defined and being set to 0.0 in labels with no predicted samples. Use `zero_division` parameter to control this behavior.
  _warn_prf(average, modifier, msg_start, len(result))
epoch 81 time: 59.0s, train loss: 4.334, metrics: {'f1': 0.0, 'f1_macro': 0.4978448275862069, 'prec_macro': 0.5, 'rec_macro': 0.4989200863930886, 'f1_micro': 0.9956896551724138, 'prec_micro': 0.9956896551724138, 'rec_micro': 0.9956896551724138}
/home/azureuser/.local/lib/python3.8/site-packages/sklearn/metrics/_classification.py:1344: UndefinedMetricWarning: Precision and F-score are ill-defined and being set to 0.0 in labels with no predicted samples. Use `zero_division` parameter to control this behavior.
  _warn_prf(average, modifier, msg_start, len(result))
epoch 82 time: 58.9s, train loss: 4.333, metrics: {'f1': 0.0, 'f1_macro': 0.4978448275862069, 'prec_macro': 0.5, 'rec_macro': 0.4989200863930886, 'f1_micro': 0.9956896551724138, 'prec_micro': 0.9956896551724138, 'rec_micro': 0.9956896551724138}
/home/azureuser/.local/lib/python3.8/site-packages/sklearn/metrics/_classification.py:1344: UndefinedMetricWarning: Precision and F-score are ill-defined and being set to 0.0 in labels with no predicted samples. Use `zero_division` parameter to control this behavior.
  _warn_prf(average, modifier, msg_start, len(result))
epoch 83 time: 59.0s, train loss: 4.332, metrics: {'f1': 0.0, 'f1_macro': 0.4978448275862069, 'prec_macro': 0.5, 'rec_macro': 0.4989200863930886, 'f1_micro': 0.9956896551724138, 'prec_micro': 0.9956896551724138, 'rec_micro': 0.9956896551724138}
/home/azureuser/.local/lib/python3.8/site-packages/sklearn/metrics/_classification.py:1344: UndefinedMetricWarning: Precision and F-score are ill-defined and being set to 0.0 in labels with no predicted samples. Use `zero_division` parameter to control this behavior.
  _warn_prf(average, modifier, msg_start, len(result))
epoch 84 time: 59.0s, train loss: 4.33, metrics: {'f1': 0.0, 'f1_macro': 0.4978448275862069, 'prec_macro': 0.5, 'rec_macro': 0.4989200863930886, 'f1_micro': 0.9956896551724138, 'prec_micro': 0.9956896551724138, 'rec_micro': 0.9956896551724138}
/home/azureuser/.local/lib/python3.8/site-packages/sklearn/metrics/_classification.py:1344: UndefinedMetricWarning: Precision and F-score are ill-defined and being set to 0.0 in labels with no predicted samples. Use `zero_division` parameter to control this behavior.
  _warn_prf(average, modifier, msg_start, len(result))
epoch 85 time: 58.9s, train loss: 4.329, metrics: {'f1': 0.0, 'f1_macro': 0.4978448275862069, 'prec_macro': 0.5, 'rec_macro': 0.4989200863930886, 'f1_micro': 0.9956896551724138, 'prec_micro': 0.9956896551724138, 'rec_micro': 0.9956896551724138}
/home/azureuser/.local/lib/python3.8/site-packages/sklearn/metrics/_classification.py:1344: UndefinedMetricWarning: Precision and F-score are ill-defined and being set to 0.0 in labels with no predicted samples. Use `zero_division` parameter to control this behavior.
  _warn_prf(average, modifier, msg_start, len(result))
epoch 86 time: 59.1s, train loss: 4.328, metrics: {'f1': 0.0, 'f1_macro': 0.4978448275862069, 'prec_macro': 0.5, 'rec_macro': 0.4989200863930886, 'f1_micro': 0.9956896551724138, 'prec_micro': 0.9956896551724138, 'rec_micro': 0.9956896551724138}
/home/azureuser/.local/lib/python3.8/site-packages/sklearn/metrics/_classification.py:1344: UndefinedMetricWarning: Precision and F-score are ill-defined and being set to 0.0 in labels with no predicted samples. Use `zero_division` parameter to control this behavior.
  _warn_prf(average, modifier, msg_start, len(result))
epoch 87 time: 59.1s, train loss: 4.326, metrics: {'f1': 0.0, 'f1_macro': 0.4978448275862069, 'prec_macro': 0.5, 'rec_macro': 0.4989200863930886, 'f1_micro': 0.9956896551724138, 'prec_micro': 0.9956896551724138, 'rec_micro': 0.9956896551724138}
/home/azureuser/.local/lib/python3.8/site-packages/sklearn/metrics/_classification.py:1344: UndefinedMetricWarning: Precision and F-score are ill-defined and being set to 0.0 in labels with no predicted samples. Use `zero_division` parameter to control this behavior.
  _warn_prf(average, modifier, msg_start, len(result))
epoch 88 time: 58.9s, train loss: 4.325, metrics: {'f1': 0.0, 'f1_macro': 0.4978448275862069, 'prec_macro': 0.5, 'rec_macro': 0.4989200863930886, 'f1_micro': 0.9956896551724138, 'prec_micro': 0.9956896551724138, 'rec_micro': 0.9956896551724138}
/home/azureuser/.local/lib/python3.8/site-packages/sklearn/metrics/_classification.py:1344: UndefinedMetricWarning: Precision and F-score are ill-defined and being set to 0.0 in labels with no predicted samples. Use `zero_division` parameter to control this behavior.
  _warn_prf(average, modifier, msg_start, len(result))
epoch 89 time: 58.9s, train loss: 4.324, metrics: {'f1': 0.0, 'f1_macro': 0.4978448275862069, 'prec_macro': 0.5, 'rec_macro': 0.4989200863930886, 'f1_micro': 0.9956896551724138, 'prec_micro': 0.9956896551724138, 'rec_micro': 0.9956896551724138}
/home/azureuser/.local/lib/python3.8/site-packages/sklearn/metrics/_classification.py:1344: UndefinedMetricWarning: Precision and F-score are ill-defined and being set to 0.0 in labels with no predicted samples. Use `zero_division` parameter to control this behavior.
  _warn_prf(average, modifier, msg_start, len(result))
epoch 90 time: 59.0s, train loss: 4.323, metrics: {'f1': 0.0, 'f1_macro': 0.4978448275862069, 'prec_macro': 0.5, 'rec_macro': 0.4989200863930886, 'f1_micro': 0.9956896551724138, 'prec_micro': 0.9956896551724138, 'rec_micro': 0.9956896551724138}
/home/azureuser/.local/lib/python3.8/site-packages/sklearn/metrics/_classification.py:1344: UndefinedMetricWarning: Precision and F-score are ill-defined and being set to 0.0 in labels with no predicted samples. Use `zero_division` parameter to control this behavior.
  _warn_prf(average, modifier, msg_start, len(result))
epoch 91 time: 58.9s, train loss: 4.322, metrics: {'f1': 0.0, 'f1_macro': 0.4978448275862069, 'prec_macro': 0.5, 'rec_macro': 0.4989200863930886, 'f1_micro': 0.9956896551724138, 'prec_micro': 0.9956896551724138, 'rec_micro': 0.9956896551724138}
/home/azureuser/.local/lib/python3.8/site-packages/sklearn/metrics/_classification.py:1344: UndefinedMetricWarning: Precision and F-score are ill-defined and being set to 0.0 in labels with no predicted samples. Use `zero_division` parameter to control this behavior.
  _warn_prf(average, modifier, msg_start, len(result))
epoch 92 time: 58.9s, train loss: 4.321, metrics: {'f1': 0.0, 'f1_macro': 0.4978448275862069, 'prec_macro': 0.5, 'rec_macro': 0.4989200863930886, 'f1_micro': 0.9956896551724138, 'prec_micro': 0.9956896551724138, 'rec_micro': 0.9956896551724138}
/home/azureuser/.local/lib/python3.8/site-packages/sklearn/metrics/_classification.py:1344: UndefinedMetricWarning: Precision and F-score are ill-defined and being set to 0.0 in labels with no predicted samples. Use `zero_division` parameter to control this behavior.
  _warn_prf(average, modifier, msg_start, len(result))
epoch 93 time: 58.9s, train loss: 4.319, metrics: {'f1': 0.0, 'f1_macro': 0.4978448275862069, 'prec_macro': 0.5, 'rec_macro': 0.4989200863930886, 'f1_micro': 0.9956896551724138, 'prec_micro': 0.9956896551724138, 'rec_micro': 0.9956896551724138}
/home/azureuser/.local/lib/python3.8/site-packages/sklearn/metrics/_classification.py:1344: UndefinedMetricWarning: Precision and F-score are ill-defined and being set to 0.0 in labels with no predicted samples. Use `zero_division` parameter to control this behavior.
  _warn_prf(average, modifier, msg_start, len(result))
epoch 94 time: 59.0s, train loss: 4.318, metrics: {'f1': 0.0, 'f1_macro': 0.4978448275862069, 'prec_macro': 0.5, 'rec_macro': 0.4989200863930886, 'f1_micro': 0.9956896551724138, 'prec_micro': 0.9956896551724138, 'rec_micro': 0.9956896551724138}
/home/azureuser/.local/lib/python3.8/site-packages/sklearn/metrics/_classification.py:1344: UndefinedMetricWarning: Precision and F-score are ill-defined and being set to 0.0 in labels with no predicted samples. Use `zero_division` parameter to control this behavior.
  _warn_prf(average, modifier, msg_start, len(result))
epoch 95 time: 58.9s, train loss: 4.317, metrics: {'f1': 0.0, 'f1_macro': 0.4978448275862069, 'prec_macro': 0.5, 'rec_macro': 0.4989200863930886, 'f1_micro': 0.9956896551724138, 'prec_micro': 0.9956896551724138, 'rec_micro': 0.9956896551724138}
/home/azureuser/.local/lib/python3.8/site-packages/sklearn/metrics/_classification.py:1344: UndefinedMetricWarning: Precision and F-score are ill-defined and being set to 0.0 in labels with no predicted samples. Use `zero_division` parameter to control this behavior.
  _warn_prf(average, modifier, msg_start, len(result))
epoch 96 time: 58.9s, train loss: 4.316, metrics: {'f1': 0.0, 'f1_macro': 0.4978448275862069, 'prec_macro': 0.5, 'rec_macro': 0.4989200863930886, 'f1_micro': 0.9956896551724138, 'prec_micro': 0.9956896551724138, 'rec_micro': 0.9956896551724138}
/home/azureuser/.local/lib/python3.8/site-packages/sklearn/metrics/_classification.py:1344: UndefinedMetricWarning: Precision and F-score are ill-defined and being set to 0.0 in labels with no predicted samples. Use `zero_division` parameter to control this behavior.
  _warn_prf(average, modifier, msg_start, len(result))
epoch 97 time: 58.9s, train loss: 4.315, metrics: {'f1': 0.0, 'f1_macro': 0.4978448275862069, 'prec_macro': 0.5, 'rec_macro': 0.4989200863930886, 'f1_micro': 0.9956896551724138, 'prec_micro': 0.9956896551724138, 'rec_micro': 0.9956896551724138}
/home/azureuser/.local/lib/python3.8/site-packages/sklearn/metrics/_classification.py:1344: UndefinedMetricWarning: Precision and F-score are ill-defined and being set to 0.0 in labels with no predicted samples. Use `zero_division` parameter to control this behavior.
  _warn_prf(average, modifier, msg_start, len(result))
epoch 98 time: 58.9s, train loss: 4.314, metrics: {'f1': 0.0, 'f1_macro': 0.4978448275862069, 'prec_macro': 0.5, 'rec_macro': 0.4989200863930886, 'f1_micro': 0.9956896551724138, 'prec_micro': 0.9956896551724138, 'rec_micro': 0.9956896551724138}
/home/azureuser/.local/lib/python3.8/site-packages/sklearn/metrics/_classification.py:1344: UndefinedMetricWarning: Precision and F-score are ill-defined and being set to 0.0 in labels with no predicted samples. Use `zero_division` parameter to control this behavior.
  _warn_prf(average, modifier, msg_start, len(result))
epoch 99 time: 58.9s, train loss: 4.313, metrics: {'f1': 0.0, 'f1_macro': 0.4978448275862069, 'prec_macro': 0.5, 'rec_macro': 0.4989200863930886, 'f1_micro': 0.9956896551724138, 'prec_micro': 0.9956896551724138, 'rec_micro': 0.9956896551724138}
/home/azureuser/.local/lib/python3.8/site-packages/sklearn/metrics/_classification.py:1344: UndefinedMetricWarning: Precision and F-score are ill-defined and being set to 0.0 in labels with no predicted samples. Use `zero_division` parameter to control this behavior.
  _warn_prf(average, modifier, msg_start, len(result))
epoch 100 time: 58.8s, train loss: 4.312, metrics: {'f1': 0.0, 'f1_macro': 0.4978448275862069, 'prec_macro': 0.5, 'rec_macro': 0.4989200863930886, 'f1_micro': 0.9956896551724138, 'prec_micro': 0.9956896551724138, 'rec_micro': 0.9956896551724138}
post-training summary -- best {}
run 2 start -- seed=1
epoch 1 time: 58.8s, train loss: 4.931, metrics: {'f1': 0.010240279118003593, 'f1_macro': 0.5011217994446066, 'prec_macro': 0.5613733766233766, 'rec_macro': 0.278814896286813, 'f1_micro': 0.3788340517241379, 'prec_micro': 0.3788340517241379, 'rec_micro': 0.3788340517241379}
epoch 2 time: 58.9s, train loss: 4.897, metrics: {'f1': 0.0348887257260045, 'f1_macro': 0.5081451441411231, 'prec_macro': 0.7626645021645022, 'rec_macro': 0.4725459758080227, 'f1_micro': 0.8356939655172414, 'prec_micro': 0.8356939655172414, 'rec_micro': 0.8356939655172414}
epoch 3 time: 58.8s, train loss: 4.866, metrics: {'f1': 0.03484702093397746, 'f1_macro': 0.5078652439875936, 'prec_macro': 0.7066277056277057, 'rec_macro': 0.4828144332063351, 'f1_micro': 0.8708275862068966, 'prec_micro': 0.8708275862068966, 'rec_micro': 0.8708275862068966}
epoch 4 time: 58.8s, train loss: 4.833, metrics: {'f1': 0.034940966322485084, 'f1_macro': 0.5077072767364974, 'prec_macro': 0.6538506493506493, 'rec_macro': 0.492358647007726, 'f1_micro': 0.904521551724138, 'prec_micro': 0.904521551724138, 'rec_micro': 0.904521551724138}
epoch 5 time: 58.9s, train loss: 4.802, metrics: {'f1': 0.03541245524732702, 'f1_macro': 0.5078085788601329, 'prec_macro': 0.6402651515151515, 'rec_macro': 0.4953794888665196, 'f1_micro': 0.9146443965517241, 'prec_micro': 0.9146443965517241, 'rec_micro': 0.9146443965517241}
epoch 6 time: 58.8s, train loss: 4.772, metrics: {'f1': 0.03497035949312014, 'f1_macro': 0.5076646609088369, 'prec_macro': 0.6238116883116883, 'rec_macro': 0.4975755272005168, 'f1_micro': 0.9235172413793103, 'prec_micro': 0.9235172413793103, 'rec_micro': 0.9235172413793103}
epoch 7 time: 59.0s, train loss: 4.743, metrics: {'f1': 0.03467736452029646, 'f1_macro': 0.5075953944876599, 'prec_macro': 0.5983831168831169, 'rec_macro': 0.5015394154120113, 'f1_micro': 0.9388060344827586, 'prec_micro': 0.9388060344827586, 'rec_micro': 0.9388060344827586}
epoch 8 time: 58.9s, train loss: 4.714, metrics: {'f1': 0.03536678913157576, 'f1_macro': 0.5078482928376786, 'prec_macro': 0.5853322510822511, 'rec_macro': 0.5044569884747657, 'f1_micro': 0.9485064655172414, 'prec_micro': 0.9485064655172414, 'rec_micro': 0.9485064655172414}
epoch 9 time: 58.9s, train loss: 4.686, metrics: {'f1': 0.03484028040129287, 'f1_macro': 0.507716048206473, 'prec_macro': 0.5805811688311688, 'rec_macro': 0.50470526247206, 'f1_micro': 0.9504461206896552, 'prec_micro': 0.9504461206896552, 'rec_micro': 0.9504461206896552}
epoch 10 time: 58.9s, train loss: 4.66, metrics: {'f1': 0.03494684976504402, 'f1_macro': 0.5077933226356518, 'prec_macro': 0.5746071428571429, 'rec_macro': 0.5058006274173946, 'f1_micro': 0.9544116379310345, 'prec_micro': 0.9544116379310345, 'rec_micro': 0.9544116379310345}
epoch 11 time: 58.9s, train loss: 4.634, metrics: {'f1': 0.03418803418803419, 'f1_macro': 0.5076558530241696, 'prec_macro': 0.5648798701298701, 'rec_macro': 0.506707770463727, 'f1_micro': 0.9593297413793104, 'prec_micro': 0.9593297413793104, 'rec_micro': 0.9593297413793104}
epoch 12 time: 58.9s, train loss: 4.609, metrics: {'f1': 0.03374494358100916, 'f1_macro': 0.5075596096559192, 'prec_macro': 0.5614242424242425, 'rec_macro': 0.5068891015754173, 'f1_micro': 0.960875, 'prec_micro': 0.960875, 'rec_micro': 0.960875}
epoch 13 time: 58.9s, train loss: 4.584, metrics: {'f1': 0.03457756159458601, 'f1_macro': 0.5077955437377634, 'prec_macro': 0.5637987012987014, 'rec_macro': 0.5072457265648002, 'f1_micro': 0.9606465517241379, 'prec_micro': 0.9606465517241379, 'rec_micro': 0.9606465517241379}
epoch 14 time: 58.9s, train loss: 4.561, metrics: {'f1': 0.033777485332017326, 'f1_macro': 0.5075951183060207, 'prec_macro': 0.5597608225108225, 'rec_macro': 0.5072043523357798, 'f1_micro': 0.9620237068965517, 'prec_micro': 0.9620237068965517, 'rec_micro': 0.9620237068965517}
epoch 15 time: 58.8s, train loss: 4.539, metrics: {'f1': 0.032999478955595435, 'f1_macro': 0.5074192290791344, 'prec_macro': 0.5550292207792208, 'rec_macro': 0.507329592990431, 'f1_micro': 0.9640021551724138, 'prec_micro': 0.9640021551724138, 'rec_micro': 0.9640021551724138}
epoch 16 time: 58.9s, train loss: 4.518, metrics: {'f1': 0.03328397986378443, 'f1_macro': 0.5075252688477913, 'prec_macro': 0.5544448051948052, 'rec_macro': 0.5076842842635628, 'f1_micro': 0.9648211206896552, 'prec_micro': 0.9648211206896552, 'rec_micro': 0.9648211206896552}
epoch 17 time: 59.0s, train loss: 4.497, metrics: {'f1': 0.03270889087124591, 'f1_macro': 0.507360989724552, 'prec_macro': 0.5530140692640693, 'rec_macro': 0.5074292546126836, 'f1_micro': 0.9649461206896551, 'prec_micro': 0.9649461206896551, 'rec_micro': 0.9649461206896551}
epoch 18 time: 58.9s, train loss: 4.477, metrics: {'f1': 0.03232784521091215, 'f1_macro': 0.507259822355895, 'prec_macro': 0.5516948051948052, 'rec_macro': 0.5073287557445737, 'f1_micro': 0.9652931034482759, 'prec_micro': 0.9652931034482759, 'rec_micro': 0.9652931034482759}
epoch 19 time: 58.8s, train loss: 4.458, metrics: {'f1': 0.03291978872374401, 'f1_macro': 0.5074567882483987, 'prec_macro': 0.5518333333333334, 'rec_macro': 0.5078245487835242, 'f1_micro': 0.9660646551724138, 'prec_micro': 0.9660646551724138, 'rec_micro': 0.9660646551724138}
epoch 20 time: 58.8s, train loss: 4.44, metrics: {'f1': 0.03297526854858856, 'f1_macro': 0.507491556389802, 'prec_macro': 0.5511212121212121, 'rec_macro': 0.5079984874872752, 'f1_micro': 0.9666293103448276, 'prec_micro': 0.9666293103448276, 'rec_micro': 0.9666293103448276}
epoch 21 time: 58.8s, train loss: 4.422, metrics: {'f1': 0.03312990409764604, 'f1_macro': 0.5075338902108499, 'prec_macro': 0.5515735930735931, 'rec_macro': 0.5080523492736465, 'f1_micro': 0.9665387931034483, 'prec_micro': 0.9665387931034483, 'rec_micro': 0.9665387931034483}
epoch 22 time: 58.7s, train loss: 4.406, metrics: {'f1': 0.033308751229105205, 'f1_macro': 0.507571841331418, 'prec_macro': 0.5525974025974026, 'rec_macro': 0.5080278992970544, 'f1_micro': 0.9660991379310345, 'prec_micro': 0.9660991379310345, 'rec_micro': 0.9660991379310345}
epoch 23 time: 58.7s, train loss: 4.39, metrics: {'f1': 0.03299070597648797, 'f1_macro': 0.5074799875441204, 'prec_macro': 0.5518712121212122, 'rec_macro': 0.5078795326948092, 'f1_micro': 0.9661400862068965, 'prec_micro': 0.9661400862068965, 'rec_micro': 0.9661400862068965}
epoch 24 time: 58.7s, train loss: 4.375, metrics: {'f1': 0.03308592275757957, 'f1_macro': 0.5075322304312803, 'prec_macro': 0.5509935064935065, 'rec_macro': 0.5081162722584941, 'f1_micro': 0.9668706896551724, 'prec_micro': 0.9668706896551724, 'rec_micro': 0.9668706896551724}
epoch 25 time: 58.7s, train loss: 4.36, metrics: {'f1': 0.03316834865333933, 'f1_macro': 0.5075817275261371, 'prec_macro': 0.5501071428571429, 'rec_macro': 0.5083420156384009, 'f1_micro': 0.967584051724138, 'prec_micro': 0.967584051724138, 'rec_micro': 0.967584051724138}
epoch 26 time: 58.7s, train loss: 4.346, metrics: {'f1': 0.03283138370063983, 'f1_macro': 0.5074885292252175, 'prec_macro': 0.5491937229437229, 'rec_macro': 0.508215934473278, 'f1_micro': 0.9677478448275862, 'prec_micro': 0.9677478448275862, 'rec_micro': 0.9677478448275862}
epoch 27 time: 58.6s, train loss: 4.333, metrics: {'f1': 0.03298178331735379, 'f1_macro': 0.507519982637857, 'prec_macro': 0.5500119047619048, 'rec_macro': 0.5081997111423209, 'f1_micro': 0.9673943965517241, 'prec_micro': 0.9673943965517241, 'rec_micro': 0.9673943965517241}
epoch 28 time: 58.7s, train loss: 4.321, metrics: {'f1': 0.03348185868873329, 'f1_macro': 0.5076627819993595, 'prec_macro': 0.5511969696969697, 'rec_macro': 0.5084190141638867, 'f1_micro': 0.9672758620689655, 'prec_micro': 0.9672758620689655, 'rec_micro': 0.9672758620689655}
epoch 29 time: 58.7s, train loss: 4.309, metrics: {'f1': 0.03376506218184161, 'f1_macro': 0.5077610166613865, 'prec_macro': 0.5511525974025975, 'rec_macro': 0.50866592164919, 'f1_micro': 0.9676831896551724, 'prec_micro': 0.9676831896551724, 'rec_micro': 0.9676831896551724}
epoch 30 time: 58.7s, train loss: 4.297, metrics: {'f1': 0.03421953145564622, 'f1_macro': 0.5079215848708194, 'prec_macro': 0.5509999999999999, 'rec_macro': 0.5090708000791186, 'f1_micro': 0.9683706896551724, 'prec_micro': 0.9683706896551724, 'rec_micro': 0.9683706896551724}
epoch 31 time: 58.7s, train loss: 4.287, metrics: {'f1': 0.034177804375290916, 'f1_macro': 0.5079225106129709, 'prec_macro': 0.5504166666666667, 'rec_macro': 0.5091340169296772, 'f1_micro': 0.9686961206896552, 'prec_micro': 0.9686961206896552, 'rec_micro': 0.9686961206896552}
epoch 32 time: 58.6s, train loss: 4.276, metrics: {'f1': 0.034065202927478375, 'f1_macro': 0.5078898744925899, 'prec_macro': 0.5501753246753247, 'rec_macro': 0.5090816282663724, 'f1_micro': 0.9687112068965518, 'prec_micro': 0.9687112068965518, 'rec_micro': 0.9687112068965518}
epoch 33 time: 58.7s, train loss: 4.267, metrics: {'f1': 0.033849001718894614, 'f1_macro': 0.507817616492156, 'prec_macro': 0.5500714285714285, 'rec_macro': 0.5089201103301958, 'f1_micro': 0.9685043103448275, 'prec_micro': 0.9685043103448275, 'rec_micro': 0.9685043103448275}
epoch 34 time: 58.7s, train loss: 4.258, metrics: {'f1': 0.03403973509933775, 'f1_macro': 0.507876359240806, 'prec_macro': 0.5503506493506494, 'rec_macro': 0.5090310407340264, 'f1_micro': 0.9685646551724137, 'prec_micro': 0.9685646551724137, 'rec_micro': 0.9685646551724137}
epoch 35 time: 58.7s, train loss: 4.249, metrics: {'f1': 0.033319951826575676, 'f1_macro': 0.5076758607952139, 'prec_macro': 0.548508658008658, 'rec_macro': 0.5087480670886181, 'f1_micro': 0.9688620689655172, 'prec_micro': 0.9688620689655172, 'rec_micro': 0.9688620689655172}
epoch 36 time: 58.7s, train loss: 4.241, metrics: {'f1': 0.033591731266149866, 'f1_macro': 0.5077776245148872, 'prec_macro': 0.5482662337662337, 'rec_macro': 0.5090152385841727, 'f1_micro': 0.9693706896551724, 'prec_micro': 0.9693706896551724, 'rec_micro': 0.9693706896551724}
epoch 37 time: 58.7s, train loss: 4.233, metrics: {'f1': 0.0329557157569516, 'f1_macro': 0.5076009989121175, 'prec_macro': 0.5466612554112554, 'rec_macro': 0.508767949674827, 'f1_micro': 0.9696443965517242, 'prec_micro': 0.9696443965517242, 'rec_micro': 0.9696443965517242}
epoch 38 time: 58.7s, train loss: 4.226, metrics: {'f1': 0.03293825799338478, 'f1_macro': 0.5076006132560541, 'prec_macro': 0.5464675324675324, 'rec_macro': 0.5087875830978956, 'f1_micro': 0.9697543103448276, 'prec_micro': 0.9697543103448276, 'rec_micro': 0.9697543103448276}
epoch 39 time: 58.7s, train loss: 4.22, metrics: {'f1': 0.032991958210186266, 'f1_macro': 0.5076132446994764, 'prec_macro': 0.5466785714285713, 'rec_macro': 0.5087949639439077, 'f1_micro': 0.9696788793103448, 'prec_micro': 0.9696788793103448, 'rec_micro': 0.9696788793103448}
epoch 40 time: 58.7s, train loss: 4.214, metrics: {'f1': 0.03323719269331136, 'f1_macro': 0.507685112936905, 'prec_macro': 0.5471666666666667, 'rec_macro': 0.5089125451423047, 'f1_micro': 0.9696594827586207, 'prec_micro': 0.9696594827586207, 'rec_micro': 0.9696594827586207}
epoch 41 time: 58.7s, train loss: 4.208, metrics: {'f1': 0.03295415374008962, 'f1_macro': 0.5076059898192684, 'prec_macro': 0.5464751082251083, 'rec_macro': 0.5087994212725867, 'f1_micro': 0.9697693965517241, 'prec_micro': 0.9697693965517241, 'rec_micro': 0.9697693965517241}
epoch 42 time: 58.7s, train loss: 4.203, metrics: {'f1': 0.0330014620900926, 'f1_macro': 0.5076332634565294, 'prec_macro': 0.5461266233766233, 'rec_macro': 0.5088997910656016, 'f1_micro': 0.9700668103448276, 'prec_micro': 0.9700668103448276, 'rec_micro': 0.9700668103448276}
epoch 43 time: 58.7s, train loss: 4.198, metrics: {'f1': 0.03267605633802817, 'f1_macro': 0.5075515787487572, 'prec_macro': 0.5450476190476191, 'rec_macro': 0.5088221603642428, 'f1_micro': 0.970396551724138, 'prec_micro': 0.970396551724138, 'rec_micro': 0.970396551724138}
epoch 44 time: 58.6s, train loss: 4.193, metrics: {'f1': 0.033328585671556755, 'f1_macro': 0.5077622726574372, 'prec_macro': 0.5457207792207792, 'rec_macro': 0.5092383498493391, 'f1_micro': 0.9707456896551724, 'prec_micro': 0.9707456896551724, 'rec_micro': 0.9707456896551724}
epoch 45 time: 58.8s, train loss: 4.189, metrics: {'f1': 0.033233061166022065, 'f1_macro': 0.5077417872163345, 'prec_macro': 0.5453051948051948, 'rec_macro': 0.5092328113065695, 'f1_micro': 0.9709094827586207, 'prec_micro': 0.9709094827586207, 'rec_micro': 0.9709094827586207}
epoch 46 time: 58.6s, train loss: 4.186, metrics: {'f1': 0.03344817685902957, 'f1_macro': 0.5078093087440757, 'prec_macro': 0.5455887445887446, 'rec_macro': 0.5093581156572484, 'f1_micro': 0.9709784482758621, 'prec_micro': 0.9709784482758621, 'rec_micro': 0.9709784482758621}
epoch 47 time: 58.7s, train loss: 4.182, metrics: {'f1': 0.033754056978002156, 'f1_macro': 0.5079079789961819, 'prec_macro': 0.5459123376623377, 'rec_macro': 0.5095493361897236, 'f1_micro': 0.9711271551724138, 'prec_micro': 0.9711271551724138, 'rec_micro': 0.9711271551724138}
epoch 48 time: 58.6s, train loss: 4.179, metrics: {'f1': 0.0333889816360601, 'f1_macro': 0.5078077966972447, 'prec_macro': 0.5450032467532467, 'rec_macro': 0.5094112568587006, 'f1_micro': 0.9712995689655173, 'prec_micro': 0.9712995689655173, 'rec_micro': 0.9712995689655173}
epoch 49 time: 58.6s, train loss: 4.177, metrics: {'f1': 0.03354328401933499, 'f1_macro': 0.5078673805050542, 'prec_macro': 0.5448852813852814, 'rec_macro': 0.5095555553203837, 'f1_micro': 0.9715603448275862, 'prec_micro': 0.9715603448275862, 'rec_micro': 0.9715603448275862}
epoch 50 time: 58.6s, train loss: 4.174, metrics: {'f1': 0.03316871821331171, 'f1_macro': 0.5077643280811444, 'prec_macro': 0.5439751082251082, 'rec_macro': 0.5094121551288904, 'f1_micro': 0.9717306034482759, 'prec_micro': 0.9717306034482759, 'rec_micro': 0.9717306034482759}
epoch 51 time: 58.6s, train loss: 4.172, metrics: {'f1': 0.033318459021270265, 'f1_macro': 0.5078228809799042, 'prec_macro': 0.5438549783549784, 'rec_macro': 0.5095530334850314, 'f1_micro': 0.9719870689655172, 'prec_micro': 0.9719870689655172, 'rec_micro': 0.9719870689655172}
epoch 52 time: 58.7s, train loss: 4.171, metrics: {'f1': 0.033516194484106115, 'f1_macro': 0.5078984491788211, 'prec_macro': 0.543754329004329, 'rec_macro': 0.5097278696137668, 'f1_micro': 0.9722823275862069, 'prec_micro': 0.9722823275862069, 'rec_micro': 0.9722823275862069}
epoch 53 time: 58.6s, train loss: 4.169, metrics: {'f1': 0.03378276018785033, 'f1_macro': 0.5079913360684214, 'prec_macro': 0.5438679653679653, 'rec_macro': 0.5099193491100358, 'f1_micro': 0.9725086206896552, 'prec_micro': 0.9725086206896552, 'rec_micro': 0.9725086206896552}
epoch 54 time: 58.7s, train loss: 4.168, metrics: {'f1': 0.033630069238377844, 'f1_macro': 0.507952343328328, 'prec_macro': 0.5434296536796537, 'rec_macro': 0.5098735126108312, 'f1_micro': 0.9726271551724138, 'prec_micro': 0.9726271551724138, 'rec_micro': 0.9726271551724138}
epoch 55 time: 58.7s, train loss: 4.167, metrics: {'f1': 0.033598045204642636, 'f1_macro': 0.5079483859800162, 'prec_macro': 0.5432294372294373, 'rec_macro': 0.5098824499345879, 'f1_micro': 0.9727241379310345, 'prec_micro': 0.9727241379310345, 'rec_micro': 0.9727241379310345}
epoch 56 time: 58.7s, train loss: 4.167, metrics: {'f1': 0.03354265584316128, 'f1_macro': 0.5079362977660397, 'prec_macro': 0.5430194805194805, 'rec_macro': 0.5098747158959003, 'f1_micro': 0.9728017241379311, 'prec_micro': 0.9728017241379311, 'rec_micro': 0.9728017241379311}
epoch 57 time: 58.7s, train loss: 4.167, metrics: {'f1': 0.033192470226661545, 'f1_macro': 0.5078356514938025, 'prec_macro': 0.5423127705627706, 'rec_macro': 0.509720166106735, 'f1_micro': 0.9728814655172414, 'prec_micro': 0.9728814655172414, 'rec_micro': 0.9728814655172414}
epoch 58 time: 58.7s, train loss: 4.166, metrics: {'f1': 0.03378847489007174, 'f1_macro': 0.5080225188150773, 'prec_macro': 0.5431222943722943, 'rec_macro': 0.5100502519012818, 'f1_micro': 0.9730064655172413, 'prec_micro': 0.9730064655172413, 'rec_micro': 0.9730064655172413}
epoch 59 time: 58.7s, train loss: 4.166, metrics: {'f1': 0.03347799132052077, 'f1_macro': 0.5079359444374946, 'prec_macro': 0.5424329004329005, 'rec_macro': 0.509924410086725, 'f1_micro': 0.9731206896551724, 'prec_micro': 0.9731206896551724, 'rec_micro': 0.9731206896551724}
epoch 60 time: 58.7s, train loss: 4.167, metrics: {'f1': 0.033499532564661885, 'f1_macro': 0.5079511492598145, 'prec_macro': 0.5422554112554112, 'rec_macro': 0.5099717461679033, 'f1_micro': 0.9732629310344828, 'prec_micro': 0.9732629310344828, 'rec_micro': 0.9732629310344828}
epoch 61 time: 58.7s, train loss: 4.167, metrics: {'f1': 0.03347149448658795, 'f1_macro': 0.5079489714024766, 'prec_macro': 0.5420573593073593, 'rec_macro': 0.5099837671031517, 'f1_micro': 0.973364224137931, 'prec_micro': 0.973364224137931, 'rec_micro': 0.973364224137931}
epoch 62 time: 58.7s, train loss: 4.168, metrics: {'f1': 0.03332290362953692, 'f1_macro': 0.5079042756955842, 'prec_macro': 0.5418095238095239, 'rec_macro': 0.5099100401261616, 'f1_micro': 0.9733663793103449, 'prec_micro': 0.9733663793103449, 'rec_micro': 0.9733663793103449}
epoch 63 time: 58.7s, train loss: 4.169, metrics: {'f1': 0.03312758809281975, 'f1_macro': 0.5078430890193246, 'prec_macro': 0.5415422077922079, 'rec_macro': 0.5098029841259661, 'f1_micro': 0.9733297413793104, 'prec_micro': 0.9733297413793104, 'rec_micro': 0.9733297413793104}
epoch 64 time: 58.8s, train loss: 4.17, metrics: {'f1': 0.03306169965075669, 'f1_macro': 0.5078122009817906, 'prec_macro': 0.5417002164502165, 'rec_macro': 0.5097235086715343, 'f1_micro': 0.9731487068965518, 'prec_micro': 0.9731487068965518, 'rec_micro': 0.9731487068965518}
epoch 65 time: 58.8s, train loss: 4.171, metrics: {'f1': 0.03321489263092847, 'f1_macro': 0.5078509753104866, 'prec_macro': 0.5421363636363636, 'rec_macro': 0.5097685056627814, 'f1_micro': 0.9730258620689655, 'prec_micro': 0.9730258620689655, 'rec_micro': 0.9730258620689655}
epoch 66 time: 58.7s, train loss: 4.172, metrics: {'f1': 0.033430455451617845, 'f1_macro': 0.5079043303141255, 'prec_macro': 0.5427857142857143, 'rec_macro': 0.5098263869265591, 'f1_micro': 0.9728318965517241, 'prec_micro': 0.9728318965517241, 'rec_micro': 0.9728318965517241}
epoch 67 time: 58.7s, train loss: 4.173, metrics: {'f1': 0.033411800440428276, 'f1_macro': 0.5078832751884795, 'prec_macro': 0.543150432900433, 'rec_macro': 0.5097488775570119, 'f1_micro': 0.9725668103448276, 'prec_micro': 0.9725668103448276, 'rec_micro': 0.9725668103448275}
epoch 68 time: 58.7s, train loss: 4.175, metrics: {'f1': 0.0334859974472558, 'f1_macro': 0.5078879427128852, 'prec_macro': 0.5437413419913419, 'rec_macro': 0.5097061191995096, 'f1_micro': 0.9722564655172414, 'prec_micro': 0.9722564655172414, 'rec_micro': 0.9722564655172414}
epoch 69 time: 58.7s, train loss: 4.176, metrics: {'f1': 0.03366204493215689, 'f1_macro': 0.5079216750039031, 'prec_macro': 0.5445638528138528, 'rec_macro': 0.5097053719832532, 'f1_micro': 0.9719116379310345, 'prec_micro': 0.9719116379310345, 'rec_micro': 0.9719116379310345}
epoch 70 time: 58.7s, train loss: 4.178, metrics: {'f1': 0.03394294074615947, 'f1_macro': 0.5079856917560491, 'prec_macro': 0.5456212121212122, 'rec_macro': 0.509749788923275, 'f1_micro': 0.9715387931034483, 'prec_micro': 0.9715387931034483, 'rec_micro': 0.9715387931034483}
epoch 71 time: 58.9s, train loss: 4.179, metrics: {'f1': 0.03444796771403863, 'f1_macro': 0.5081148359556523, 'prec_macro': 0.5471558441558442, 'rec_macro': 0.509895656409102, 'f1_micro': 0.971125, 'prec_micro': 0.971125, 'rec_micro': 0.971125}
epoch 72 time: 58.7s, train loss: 4.181, metrics: {'f1': 0.03420137656992833, 'f1_macro': 0.5080182453448182, 'prec_macro': 0.5474231601731602, 'rec_macro': 0.5096540881385598, 'f1_micro': 0.9706659482758621, 'prec_micro': 0.9706659482758621, 'rec_micro': 0.9706659482758621}
epoch 73 time: 58.7s, train loss: 4.182, metrics: {'f1': 0.035134193098640645, 'f1_macro': 0.5082714560260507, 'prec_macro': 0.5499123376623376, 'rec_macro': 0.5099925744375824, 'f1_micro': 0.9701702586206896, 'prec_micro': 0.9701702586206896, 'rec_micro': 0.9701702586206896}
epoch 74 time: 58.7s, train loss: 4.184, metrics: {'f1': 0.03589778721655135, 'f1_macro': 0.5084741923720746, 'prec_macro': 0.552150432900433, 'rec_macro': 0.510245284139071, 'f1_micro': 0.9696702586206897, 'prec_micro': 0.9696702586206897, 'rec_micro': 0.9696702586206897}
epoch 75 time: 58.7s, train loss: 4.186, metrics: {'f1': 0.0363758389261745, 'f1_macro': 0.508587449456024, 'prec_macro': 0.5540822510822511, 'rec_macro': 0.5103256918866992, 'f1_micro': 0.9690560344827586, 'prec_micro': 0.9690560344827586, 'rec_micro': 0.9690560344827586}
epoch 76 time: 58.7s, train loss: 4.188, metrics: {'f1': 0.03591632679910538, 'f1_macro': 0.5084238504409315, 'prec_macro': 0.5542575757575757, 'rec_macro': 0.509930100235523, 'f1_micro': 0.9684137931034483, 'prec_micro': 0.9684137931034483, 'rec_micro': 0.9684137931034483}
epoch 77 time: 58.7s, train loss: 4.189, metrics: {'f1': 0.03577424770760687, 'f1_macro': 0.5083576493174865, 'prec_macro': 0.5549545454545455, 'rec_macro': 0.5097053315744521, 'f1_micro': 0.9678189655172413, 'prec_micro': 0.9678189655172413, 'rec_micro': 0.9678189655172413}
epoch 78 time: 58.7s, train loss: 4.191, metrics: {'f1': 0.03581598430677719, 'f1_macro': 0.5083444516638308, 'prec_macro': 0.5561179653679654, 'rec_macro': 0.5095561777974984, 'f1_micro': 0.9671616379310345, 'prec_micro': 0.9671616379310345, 'rec_micro': 0.9671616379310346}
epoch 79 time: 58.7s, train loss: 4.193, metrics: {'f1': 0.03562783191608218, 'f1_macro': 0.5082655684743153, 'prec_macro': 0.556788961038961, 'rec_macro': 0.5092947869851069, 'f1_micro': 0.9665150862068965, 'prec_micro': 0.9665150862068965, 'rec_micro': 0.9665150862068965}
epoch 80 time: 58.9s, train loss: 4.195, metrics: {'f1': 0.035588485363779905, 'f1_macro': 0.5082285619951864, 'prec_macro': 0.5579112554112554, 'rec_macro': 0.5090836515245662, 'f1_micro': 0.9657758620689655, 'prec_micro': 0.9657758620689655, 'rec_micro': 0.9657758620689655}
epoch 81 time: 58.7s, train loss: 4.197, metrics: {'f1': 0.03560795522210313, 'f1_macro': 0.5082121074601875, 'prec_macro': 0.5590627705627705, 'rec_macro': 0.5089168543919331, 'f1_micro': 0.9650948275862069, 'prec_micro': 0.9650948275862069, 'rec_micro': 0.9650948275862068}
epoch 82 time: 58.7s, train loss: 4.198, metrics: {'f1': 0.0354034001285272, 'f1_macro': 0.5081315821580412, 'prec_macro': 0.5597175324675325, 'rec_macro': 0.5086385163183819, 'f1_micro': 0.9644159482758621, 'prec_micro': 0.9644159482758621, 'rec_micro': 0.9644159482758621}
epoch 83 time: 58.7s, train loss: 4.2, metrics: {'f1': 0.03508972453994742, 'f1_macro': 0.5080171097707958, 'prec_macro': 0.5603095238095238, 'rec_macro': 0.5082730539708157, 'f1_micro': 0.9636120689655172, 'prec_micro': 0.9636120689655172, 'rec_micro': 0.9636120689655172}
epoch 84 time: 58.7s, train loss: 4.202, metrics: {'f1': 0.03484203450593771, 'f1_macro': 0.5079250656512438, 'prec_macro': 0.560930735930736, 'rec_macro': 0.5079555237288387, 'f1_micro': 0.9628663793103448, 'prec_micro': 0.9628663793103448, 'rec_micro': 0.9628663793103449}
epoch 85 time: 58.7s, train loss: 4.204, metrics: {'f1': 0.03461538461538461, 'f1_macro': 0.5078408019453129, 'prec_macro': 0.5615584415584416, 'rec_macro': 0.5076517239630012, 'f1_micro': 0.9621336206896551, 'prec_micro': 0.9621336206896551, 'rec_micro': 0.9621336206896551}
epoch 86 time: 58.7s, train loss: 4.205, metrics: {'f1': 0.03429428785767871, 'f1_macro': 0.5077249140053445, 'prec_macro': 0.5623138528138528, 'rec_macro': 0.5072377373055595, 'f1_micro': 0.9611594827586207, 'prec_micro': 0.9611594827586207, 'rec_micro': 0.9611594827586207}
epoch 87 time: 58.7s, train loss: 4.207, metrics: {'f1': 0.034188927805949086, 'f1_macro': 0.507673310848637, 'prec_macro': 0.5635660173160173, 'rec_macro': 0.5069307553018639, 'f1_micro': 0.9601831896551725, 'prec_micro': 0.9601831896551725, 'rec_micro': 0.9601831896551725}
epoch 88 time: 58.6s, train loss: 4.208, metrics: {'f1': 0.03436145806780525, 'f1_macro': 0.5077029692381257, 'prec_macro': 0.5655508658008658, 'rec_macro': 0.5067550835201612, 'f1_micro': 0.9591788793103448, 'prec_micro': 0.9591788793103448, 'rec_micro': 0.9591788793103448}
epoch 89 time: 58.7s, train loss: 4.21, metrics: {'f1': 0.034542657203831456, 'f1_macro': 0.507734668218206, 'prec_macro': 0.5677348484848485, 'rec_macro': 0.506557566101241, 'f1_micro': 0.9580754310344828, 'prec_micro': 0.9580754310344828, 'rec_micro': 0.9580754310344828}
epoch 90 time: 58.7s, train loss: 4.211, metrics: {'f1': 0.03450942484291929, 'f1_macro': 0.5077057795112557, 'prec_macro': 0.569409090909091, 'rec_macro': 0.506246347033665, 'f1_micro': 0.956948275862069, 'prec_micro': 0.956948275862069, 'rec_micro': 0.956948275862069}
epoch 91 time: 58.7s, train loss: 4.213, metrics: {'f1': 0.03470654627539503, 'f1_macro': 0.5077437780550178, 'prec_macro': 0.5718008658008658, 'rec_macro': 0.5060346533850903, 'f1_micro': 0.9557629310344827, 'prec_micro': 0.9557629310344827, 'rec_micro': 0.9557629310344827}
epoch 92 time: 58.7s, train loss: 4.214, metrics: {'f1': 0.03448749028038238, 'f1_macro': 0.5076628676214818, 'prec_macro': 0.5731612554112554, 'rec_macro': 0.5055959479527902, 'f1_micro': 0.9545064655172414, 'prec_micro': 0.9545064655172414, 'rec_micro': 0.9545064655172414}
epoch 93 time: 58.7s, train loss: 4.215, metrics: {'f1': 0.03414092020448989, 'f1_macro': 0.507546287632964, 'prec_macro': 0.5742348484848485, 'rec_macro': 0.5050732872539447, 'f1_micro': 0.9531745689655172, 'prec_micro': 0.9531745689655172, 'rec_micro': 0.9531745689655172}
epoch 94 time: 58.7s, train loss: 4.216, metrics: {'f1': 0.034145289933175255, 'f1_macro': 0.5075306449084442, 'prec_macro': 0.5764902597402597, 'rec_macro': 0.5046926293831193, 'f1_micro': 0.9517176724137931, 'prec_micro': 0.9517176724137931, 'rec_micro': 0.9517176724137931}
epoch 95 time: 58.7s, train loss: 4.218, metrics: {'f1': 0.03438944169199384, 'f1_macro': 0.5075829381829228, 'prec_macro': 0.5798668831168831, 'rec_macro': 0.5043664644999011, 'f1_micro': 0.9500150862068966, 'prec_micro': 0.9500150862068966, 'rec_micro': 0.9500150862068966}
epoch 96 time: 58.7s, train loss: 4.219, metrics: {'f1': 0.03515405035797603, 'f1_macro': 0.5077857895848357, 'prec_macro': 0.5849805194805194, 'rec_macro': 0.5042966627094652, 'f1_micro': 0.948301724137931, 'prec_micro': 0.948301724137931, 'rec_micro': 0.948301724137931}
epoch 97 time: 58.6s, train loss: 4.219, metrics: {'f1': 0.034904013961605584, 'f1_macro': 0.5076992401454531, 'prec_macro': 0.587245670995671, 'rec_macro': 0.503660948308535, 'f1_micro': 0.9463685344827586, 'prec_micro': 0.9463685344827586, 'rec_micro': 0.9463685344827586}
epoch 98 time: 58.6s, train loss: 4.22, metrics: {'f1': 0.0344686089454247, 'f1_macro': 0.5075609491202184, 'prec_macro': 0.5891525974025974, 'rec_macro': 0.502873895548098, 'f1_micro': 0.9442176724137931, 'prec_micro': 0.9442176724137931, 'rec_micro': 0.9442176724137931}
epoch 99 time: 58.7s, train loss: 4.221, metrics: {'f1': 0.03491433724075743, 'f1_macro': 0.5076776837188423, 'prec_macro': 0.5936829004329005, 'rec_macro': 0.5025967093162771, 'f1_micro': 0.942334051724138, 'prec_micro': 0.942334051724138, 'rec_micro': 0.942334051724138}
epoch 100 time: 58.7s, train loss: 4.221, metrics: {'f1': 0.03517430746237531, 'f1_macro': 0.5077420379646337, 'prec_macro': 0.5980746753246753, 'rec_macro': 0.5021522645094211, 'f1_micro': 0.9401745689655172, 'prec_micro': 0.9401745689655172, 'rec_micro': 0.9401745689655172}
post-training summary -- best {'f1': 0.0363758389261745, 'f1_macro': 0.508587449456024, 'prec_macro': 0.5540822510822511, 'rec_macro': 0.5103256918866992, 'f1_micro': 0.9690560344827586, 'prec_micro': 0.9690560344827586, 'rec_micro': 0.9690560344827586}
run 3 start -- seed=2
epoch 1 time: 58.6s, train loss: 4.881, metrics: {'f1': 0.0, 'f1_macro': 0.4978447811375245, 'prec_macro': 0.4999891774891775, 'rec_macro': 0.4989146751044828, 'f1_micro': 0.9956681034482758, 'prec_micro': 0.9956681034482758, 'rec_micro': 0.9956681034482758}
epoch 2 time: 58.6s, train loss: 4.846, metrics: {'f1': 0.0009657170449058426, 'f1_macro': 0.5048878290294481, 'prec_macro': 0.5001742424242425, 'rec_macro': 0.4993656022317438, 'f1_micro': 0.995540948275862, 'prec_micro': 0.995540948275862, 'rec_micro': 0.995540948275862}
epoch 3 time: 58.6s, train loss: 4.821, metrics: {'f1': 0.0026869682042095834, 'f1_macro': 0.504284747434637, 'prec_macro': 0.5005010822510823, 'rec_macro': 0.5001406976558391, 'f1_micro': 0.9952004310344827, 'prec_micro': 0.9952004310344827, 'rec_micro': 0.9952004310344827}
epoch 4 time: 58.6s, train loss: 4.801, metrics: {'f1': 0.010351966873706006, 'f1_macro': 0.5062087367284885, 'prec_macro': 0.5027943722943723, 'rec_macro': 0.503625884096456, 'f1_micro': 0.9938189655172414, 'prec_micro': 0.9938189655172414, 'rec_micro': 0.9938189655172414}
epoch 5 time: 58.6s, train loss: 4.782, metrics: {'f1': 0.023946974556339536, 'f1_macro': 0.5083524859452905, 'prec_macro': 0.5111634199134198, 'rec_macro': 0.5095014379519859, 'f1_micro': 0.9901616379310345, 'prec_micro': 0.9901616379310345, 'rec_micro': 0.9901616379310345}
epoch 6 time: 58.6s, train loss: 4.764, metrics: {'f1': 0.031580117869454014, 'f1_macro': 0.5081202185327505, 'prec_macro': 0.5280854978354979, 'rec_macro': 0.5110517925232633, 'f1_micro': 0.9812306034482758, 'prec_micro': 0.9812306034482758, 'rec_micro': 0.9812306034482758}
epoch 7 time: 58.6s, train loss: 4.745, metrics: {'f1': 0.03307403018906805, 'f1_macro': 0.507338505790162, 'prec_macro': 0.561754329004329, 'rec_macro': 0.5062083626455169, 'f1_micro': 0.9595495689655172, 'prec_micro': 0.9595495689655172, 'rec_micro': 0.9595495689655172}
epoch 8 time: 58.7s, train loss: 4.727, metrics: {'f1': 0.035010230262089576, 'f1_macro': 0.5076820601739254, 'prec_macro': 0.6041742424242424, 'rec_macro': 0.5009465429366062, 'f1_micro': 0.9359633620689655, 'prec_micro': 0.9359633620689655, 'rec_micro': 0.9359633620689655}
epoch 9 time: 58.8s, train loss: 4.709, metrics: {'f1': 0.035122402624716074, 'f1_macro': 0.5077741189798918, 'prec_macro': 0.6603593073593074, 'rec_macro': 0.4915075379667129, 'f1_micro': 0.901125, 'prec_micro': 0.901125, 'rec_micro': 0.901125}
epoch 10 time: 58.7s, train loss: 4.691, metrics: {'f1': 0.03538680873414872, 'f1_macro': 0.5080925638167231, 'prec_macro': 0.7260746753246754, 'rec_macro': 0.4803822760997312, 'f1_micro': 0.8614719827586207, 'prec_micro': 0.8614719827586207, 'rec_micro': 0.8614719827586207}
epoch 11 time: 58.6s, train loss: 4.674, metrics: {'f1': 0.03531050405932767, 'f1_macro': 0.508287345533356, 'prec_macro': 0.7691893939393939, 'rec_macro': 0.472342057631881, 'f1_micro': 0.8343125, 'prec_micro': 0.8343125, 'rec_micro': 0.8343125000000001}
epoch 12 time: 58.6s, train loss: 4.657, metrics: {'f1': 0.03518761538290442, 'f1_macro': 0.5084412900829858, 'prec_macro': 0.8020627705627705, 'rec_macro': 0.4658363424314896, 'f1_micro': 0.813030172413793, 'prec_micro': 0.813030172413793, 'rec_micro': 0.813030172413793}
epoch 13 time: 58.6s, train loss: 4.64, metrics: {'f1': 0.034906374602533694, 'f1_macro': 0.5085371277136433, 'prec_macro': 0.8290725108225108, 'rec_macro': 0.4597846125638025, 'f1_micro': 0.7939504310344827, 'prec_micro': 0.7939504310344827, 'rec_micro': 0.7939504310344826}
epoch 14 time: 58.6s, train loss: 4.624, metrics: {'f1': 0.034774923629656666, 'f1_macro': 0.5086015305928284, 'prec_macro': 0.8439632034632034, 'rec_macro': 0.45641054951215154, 'f1_micro': 0.7834525862068965, 'prec_micro': 0.7834525862068965, 'rec_micro': 0.7834525862068965}
epoch 15 time: 58.7s, train loss: 4.608, metrics: {'f1': 0.03455184173989209, 'f1_macro': 0.5085984754478337, 'prec_macro': 0.8515270562770563, 'rec_macro': 0.4541522787328481, 'f1_micro': 0.7767047413793103, 'prec_micro': 0.7767047413793103, 'rec_micro': 0.7767047413793103}
epoch 16 time: 58.6s, train loss: 4.593, metrics: {'f1': 0.03442168838835657, 'f1_macro': 0.5086171115641522, 'prec_macro': 0.8588041125541126, 'rec_macro': 0.45221778273763436, 'f1_micro': 0.7708728448275862, 'prec_micro': 0.7708728448275862, 'rec_micro': 0.7708728448275862}
epoch 17 time: 58.6s, train loss: 4.577, metrics: {'f1': 0.034320202849898215, 'f1_macro': 0.5086258752255725, 'prec_macro': 0.8635281385281386, 'rec_macro': 0.45088526674438695, 'f1_micro': 0.766896551724138, 'prec_micro': 0.766896551724138, 'rec_micro': 0.766896551724138}
epoch 18 time: 58.6s, train loss: 4.563, metrics: {'f1': 0.03423864530212909, 'f1_macro': 0.508624413176393, 'prec_macro': 0.8660573593073593, 'rec_macro': 0.45006857852911863, 'f1_micro': 0.7644978448275862, 'prec_micro': 0.7644978448275862, 'rec_micro': 0.7644978448275862}
epoch 19 time: 58.6s, train loss: 4.549, metrics: {'f1': 0.0341203671267428, 'f1_macro': 0.5086082627475247, 'prec_macro': 0.8676969696969696, 'rec_macro': 0.4493003951099618, 'f1_micro': 0.7623103448275862, 'prec_micro': 0.7623103448275862, 'rec_micro': 0.7623103448275863}
epoch 20 time: 58.6s, train loss: 4.535, metrics: {'f1': 0.012323509083728278, 'f1_macro': 0.5030894369246415, 'prec_macro': 0.6528225108225109, 'rec_macro': 0.24113453167200405, 'f1_micro': 0.310125, 'prec_micro': 0.310125, 'rec_micro': 0.310125}
epoch 21 time: 58.6s, train loss: 4.521, metrics: {'f1': 0.012333719983217748, 'f1_macro': 0.5030990477987091, 'prec_macro': 0.6532640692640693, 'rec_macro': 0.24107200168289541, 'f1_micro': 0.31001293103448274, 'prec_micro': 0.31001293103448274, 'rec_micro': 0.31001293103448274}
epoch 22 time: 58.6s, train loss: 4.509, metrics: {'f1': 0.012332540571220577, 'f1_macro': 0.5030987485029673, 'prec_macro': 0.6532305194805195, 'rec_macro': 0.24103213196224407, 'f1_micro': 0.30994612068965516, 'prec_micro': 0.30994612068965516, 'rec_micro': 0.30994612068965516}
epoch 23 time: 58.6s, train loss: 4.496, metrics: {'f1': 0.012331665669358371, 'f1_macro': 0.5030985264817386, 'prec_macro': 0.6532056277056277, 'rec_macro': 0.24100254866822507, 'f1_micro': 0.30989655172413794, 'prec_micro': 0.30989655172413794, 'rec_micro': 0.30989655172413794}
epoch 24 time: 58.6s, train loss: 4.484, metrics: {'f1': 0.01233075286062363, 'f1_macro': 0.5030982948409197, 'prec_macro': 0.6531796536796537, 'rec_macro': 0.2409716768427205, 'f1_micro': 0.3098448275862069, 'prec_micro': 0.3098448275862069, 'rec_micro': 0.3098448275862069}
epoch 25 time: 58.6s, train loss: 4.472, metrics: {'f1': 0.012330334535114314, 'f1_macro': 0.5030981886836452, 'prec_macro': 0.653167748917749, 'rec_macro': 0.24095752647048418, 'f1_micro': 0.30982112068965517, 'prec_micro': 0.30982112068965517, 'rec_micro': 0.30982112068965517}
epoch 26 time: 58.6s, train loss: 4.461, metrics: {'f1': 0.012335894059341818, 'f1_macro': 0.5031031133536277, 'prec_macro': 0.6534015151515151, 'rec_macro': 0.24094168353676085, 'f1_micro': 0.30979094827586207, 'prec_micro': 0.30979094827586207, 'rec_micro': 0.30979094827586207}
epoch 27 time: 58.6s, train loss: 4.45, metrics: {'f1': 0.01233574188693676, 'f1_macro': 0.5031030748368558, 'prec_macro': 0.6533971861471861, 'rec_macro': 0.24093653753615166, 'f1_micro': 0.3097823275862069, 'prec_micro': 0.3097823275862069, 'rec_micro': 0.3097823275862069}
epoch 28 time: 58.6s, train loss: 4.44, metrics: {'f1': 0.012335247352547539, 'f1_macro': 0.5031029496639505, 'prec_macro': 0.6533831168831169, 'rec_macro': 0.24091981258316197, 'f1_micro': 0.3097543103448276, 'prec_micro': 0.3097543103448276, 'rec_micro': 0.3097543103448276}
epoch 29 time: 58.7s, train loss: 4.429, metrics: {'f1': 0.012335209313083031, 'f1_macro': 0.5031029400356838, 'prec_macro': 0.6533820346320346, 'rec_macro': 0.24091852601974495, 'f1_micro': 0.3097521551724138, 'prec_micro': 0.3097521551724138, 'rec_micro': 0.3097521551724138}
epoch 30 time: 58.7s, train loss: 4.419, metrics: {'f1': 0.012335133234857852, 'f1_macro': 0.5031029207793296, 'prec_macro': 0.6533798701298701, 'rec_macro': 0.24091595288066553, 'f1_micro': 0.3097478448275862, 'prec_micro': 0.3097478448275862, 'rec_micro': 0.3097478448275862}
epoch 31 time: 58.6s, train loss: 4.41, metrics: {'f1': 0.012335095196097177, 'f1_macro': 0.5031029111512421, 'prec_macro': 0.6533787878787879, 'rec_macro': 0.2409146663050031, 'f1_micro': 0.3097456896551724, 'prec_micro': 0.3097456896551724, 'rec_micro': 0.3097456896551724}
epoch 32 time: 58.6s, train loss: 4.401, metrics: {'f1': 0.012334905005812823, 'f1_macro': 0.5031028630117009, 'prec_macro': 0.6533733766233767, 'rec_macro': 0.24090823336546285, 'f1_micro': 0.3097349137931035, 'prec_micro': 0.3097349137931035, 'rec_micro': 0.3097349137931035}
epoch 33 time: 58.6s, train loss: 4.392, metrics: {'f1': 0.012334905005812823, 'f1_macro': 0.5031028630117009, 'prec_macro': 0.6533733766233767, 'rec_macro': 0.24090823336546285, 'f1_micro': 0.3097349137931035, 'prec_micro': 0.3097349137931035, 'rec_micro': 0.3097349137931035}
epoch 34 time: 58.6s, train loss: 4.384, metrics: {'f1': 0.012334905005812823, 'f1_macro': 0.5031028630117009, 'prec_macro': 0.6533733766233767, 'rec_macro': 0.24090823336546285, 'f1_micro': 0.3097349137931035, 'prec_micro': 0.3097349137931035, 'rec_micro': 0.3097349137931035}
epoch 35 time: 58.7s, train loss: 4.375, metrics: {'f1': 0.012334866968459746, 'f1_macro': 0.5031028533839719, 'prec_macro': 0.6533722943722944, 'rec_macro': 0.24090694676530908, 'f1_micro': 0.30973275862068966, 'prec_micro': 0.30973275862068966, 'rec_micro': 0.30973275862068966}
epoch 36 time: 58.7s, train loss: 4.368, metrics: {'f1': 0.012334828931341258, 'f1_macro': 0.5031028437563027, 'prec_macro': 0.6533712121212121, 'rec_macro': 0.2409056601610733, 'f1_micro': 0.30973060344827585, 'prec_micro': 0.30973060344827585, 'rec_micro': 0.30973060344827585}
epoch 37 time: 58.6s, train loss: 4.36, metrics: {'f1': 0.012334828931341258, 'f1_macro': 0.5031028437563027, 'prec_macro': 0.6533712121212121, 'rec_macro': 0.2409056601610733, 'f1_micro': 0.30973060344827585, 'prec_micro': 0.30973060344827585, 'rec_micro': 0.30973060344827585}
epoch 38 time: 58.5s, train loss: 4.353, metrics: {'f1': 0.012334828931341258, 'f1_macro': 0.5031028437563027, 'prec_macro': 0.6533712121212121, 'rec_macro': 0.2409056601610733, 'f1_micro': 0.30973060344827585, 'prec_micro': 0.30973060344827585, 'rec_micro': 0.30973060344827585}
epoch 39 time: 58.5s, train loss: 4.346, metrics: {'f1': 0.012334638749267629, 'f1_macro': 0.5031027956188526, 'prec_macro': 0.6533658008658009, 'rec_macro': 0.2408992270786639, 'f1_micro': 0.3097198275862069, 'prec_micro': 0.3097198275862069, 'rec_micro': 0.3097198275862069}
epoch 40 time: 58.5s, train loss: 4.34, metrics: {'f1': 0.012334600713556652, 'f1_macro': 0.5031027859915418, 'prec_macro': 0.6533647186147187, 'rec_macro': 0.24089794044993576, 'f1_micro': 0.3097176724137931, 'prec_micro': 0.3097176724137931, 'rec_micro': 0.3097176724137931}
epoch 41 time: 58.6s, train loss: 4.334, metrics: {'f1': 0.01233452464283842, 'f1_macro': 0.5031027667370995, 'prec_macro': 0.6533625541125541, 'rec_macro': 0.2408953671802332, 'f1_micro': 0.3097133620689655, 'prec_micro': 0.3097133620689655, 'rec_micro': 0.3097133620689655}
epoch 42 time: 58.7s, train loss: 4.327, metrics: {'f1': 0.012334486607831166, 'f1_macro': 0.5031027571099679, 'prec_macro': 0.6533614718614719, 'rec_macro': 0.24089408053925862, 'f1_micro': 0.30971120689655174, 'prec_micro': 0.30971120689655174, 'rec_micro': 0.30971120689655174}
epoch 43 time: 58.5s, train loss: 4.322, metrics: {'f1': 0.012334486607831166, 'f1_macro': 0.5031027571099679, 'prec_macro': 0.6533614718614719, 'rec_macro': 0.24089408053925862, 'f1_micro': 0.30971120689655174, 'prec_micro': 0.30971120689655174, 'rec_micro': 0.30971120689655174}
epoch 44 time: 58.6s, train loss: 4.316, metrics: {'f1': 0.012334486607831166, 'f1_macro': 0.5031027571099679, 'prec_macro': 0.6533614718614719, 'rec_macro': 0.24089408053925862, 'f1_micro': 0.30971120689655174, 'prec_micro': 0.30971120689655174, 'rec_micro': 0.30971120689655174}
epoch 45 time: 58.6s, train loss: 4.311, metrics: {'f1': 0.012334486607831166, 'f1_macro': 0.5031027571099679, 'prec_macro': 0.6533614718614719, 'rec_macro': 0.24089408053925862, 'f1_micro': 0.30971120689655174, 'prec_micro': 0.30971120689655174, 'rec_micro': 0.30971120689655174}
epoch 46 time: 58.6s, train loss: 4.306, metrics: {'f1': 0.012334486607831166, 'f1_macro': 0.5031027571099679, 'prec_macro': 0.6533614718614719, 'rec_macro': 0.24089408053925862, 'f1_micro': 0.30971120689655174, 'prec_micro': 0.30971120689655174, 'rec_micro': 0.30971120689655174}
epoch 47 time: 58.6s, train loss: 4.302, metrics: {'f1': 0.012334486607831166, 'f1_macro': 0.5031027571099679, 'prec_macro': 0.6533614718614719, 'rec_macro': 0.24089408053925862, 'f1_micro': 0.30971120689655174, 'prec_micro': 0.30971120689655174, 'rec_micro': 0.30971120689655174}
epoch 48 time: 58.6s, train loss: 4.297, metrics: {'f1': 0.012334448573058482, 'f1_macro': 0.5031027474828961, 'prec_macro': 0.6533603896103897, 'rec_macro': 0.24089279389420185, 'f1_micro': 0.30970905172413793, 'prec_micro': 0.30970905172413793, 'rec_micro': 0.30970905172413793}
epoch 49 time: 58.6s, train loss: 4.293, metrics: {'f1': 0.012334448573058482, 'f1_macro': 0.5031027474828961, 'prec_macro': 0.6533603896103897, 'rec_macro': 0.24089279389420185, 'f1_micro': 0.30970905172413793, 'prec_micro': 0.30970905172413793, 'rec_micro': 0.30970905172413793}
epoch 50 time: 58.6s, train loss: 4.289, metrics: {'f1': 0.012334448573058482, 'f1_macro': 0.5031027474828961, 'prec_macro': 0.6533603896103897, 'rec_macro': 0.24089279389420185, 'f1_micro': 0.30970905172413793, 'prec_micro': 0.30970905172413793, 'rec_micro': 0.30970905172413793}
epoch 51 time: 58.7s, train loss: 4.285, metrics: {'f1': 0.012334372504216814, 'f1_macro': 0.5031027282289317, 'prec_macro': 0.653358225108225, 'rec_macro': 0.2408902205918417, 'f1_micro': 0.30970474137931037, 'prec_micro': 0.30970474137931037, 'rec_micro': 0.30970474137931037}
epoch 52 time: 58.6s, train loss: 4.282, metrics: {'f1': 0.012334372504216814, 'f1_macro': 0.5031027282289317, 'prec_macro': 0.653358225108225, 'rec_macro': 0.2408902205918417, 'f1_micro': 0.30970474137931037, 'prec_micro': 0.30970474137931037, 'rec_micro': 0.30970474137931037}
epoch 53 time: 58.6s, train loss: 4.278, metrics: {'f1': 0.012334372504216814, 'f1_macro': 0.5031027282289317, 'prec_macro': 0.653358225108225, 'rec_macro': 0.2408902205918417, 'f1_micro': 0.30970474137931037, 'prec_micro': 0.30970474137931037, 'rec_micro': 0.30970474137931037}
epoch 54 time: 58.6s, train loss: 4.275, metrics: {'f1': 0.012334372504216814, 'f1_macro': 0.5031027282289317, 'prec_macro': 0.653358225108225, 'rec_macro': 0.2408902205918417, 'f1_micro': 0.30970474137931037, 'prec_micro': 0.30970474137931037, 'rec_micro': 0.30970474137931037}
epoch 55 time: 58.6s, train loss: 4.273, metrics: {'f1': 0.012334372504216814, 'f1_macro': 0.5031027282289317, 'prec_macro': 0.653358225108225, 'rec_macro': 0.2408902205918417, 'f1_micro': 0.30970474137931037, 'prec_micro': 0.30970474137931037, 'rec_micro': 0.30970474137931037}
epoch 56 time: 58.6s, train loss: 4.27, metrics: {'f1': 0.012334372504216814, 'f1_macro': 0.5031027282289317, 'prec_macro': 0.653358225108225, 'rec_macro': 0.2408902205918417, 'f1_micro': 0.30970474137931037, 'prec_micro': 0.30970474137931037, 'rec_micro': 0.30970474137931037}
epoch 57 time: 58.6s, train loss: 4.267, metrics: {'f1': 0.012334372504216814, 'f1_macro': 0.5031027282289317, 'prec_macro': 0.653358225108225, 'rec_macro': 0.2408902205918417, 'f1_micro': 0.30970474137931037, 'prec_micro': 0.30970474137931037, 'rec_micro': 0.30970474137931037}
epoch 58 time: 58.6s, train loss: 4.265, metrics: {'f1': 0.012334372504216814, 'f1_macro': 0.5031027282289317, 'prec_macro': 0.653358225108225, 'rec_macro': 0.2408902205918417, 'f1_micro': 0.30970474137931037, 'prec_micro': 0.30970474137931037, 'rec_micro': 0.30970474137931037}
epoch 59 time: 59.0s, train loss: 4.263, metrics: {'f1': 0.012334372504216814, 'f1_macro': 0.5031027282289317, 'prec_macro': 0.653358225108225, 'rec_macro': 0.2408902205918417, 'f1_micro': 0.30970474137931037, 'prec_micro': 0.30970474137931037, 'rec_micro': 0.30970474137931037}
epoch 60 time: 58.8s, train loss: 4.261, metrics: {'f1': 0.012334372504216814, 'f1_macro': 0.5031027282289317, 'prec_macro': 0.653358225108225, 'rec_macro': 0.2408902205918417, 'f1_micro': 0.30970474137931037, 'prec_micro': 0.30970474137931037, 'rec_micro': 0.30970474137931037}
epoch 61 time: 58.7s, train loss: 4.259, metrics: {'f1': 0.012334372504216814, 'f1_macro': 0.5031027282289317, 'prec_macro': 0.653358225108225, 'rec_macro': 0.2408902205918417, 'f1_micro': 0.30970474137931037, 'prec_micro': 0.30970474137931037, 'rec_micro': 0.30970474137931037}
epoch 62 time: 58.6s, train loss: 4.258, metrics: {'f1': 0.012334372504216814, 'f1_macro': 0.5031027282289317, 'prec_macro': 0.653358225108225, 'rec_macro': 0.2408902205918417, 'f1_micro': 0.30970474137931037, 'prec_micro': 0.30970474137931037, 'rec_micro': 0.30970474137931037}
epoch 63 time: 58.6s, train loss: 4.256, metrics: {'f1': 0.012334372504216814, 'f1_macro': 0.5031027282289317, 'prec_macro': 0.653358225108225, 'rec_macro': 0.2408902205918417, 'f1_micro': 0.30970474137931037, 'prec_micro': 0.30970474137931037, 'rec_micro': 0.30970474137931037}
epoch 64 time: 58.7s, train loss: 4.255, metrics: {'f1': 0.012334372504216814, 'f1_macro': 0.5031027282289317, 'prec_macro': 0.653358225108225, 'rec_macro': 0.2408902205918417, 'f1_micro': 0.30970474137931037, 'prec_micro': 0.30970474137931037, 'rec_micro': 0.30970474137931037}
epoch 65 time: 58.6s, train loss: 4.254, metrics: {'f1': 0.012334372504216814, 'f1_macro': 0.5031027282289317, 'prec_macro': 0.653358225108225, 'rec_macro': 0.2408902205918417, 'f1_micro': 0.30970474137931037, 'prec_micro': 0.30970474137931037, 'rec_micro': 0.30970474137931037}
epoch 66 time: 58.6s, train loss: 4.253, metrics: {'f1': 0.012334372504216814, 'f1_macro': 0.5031027282289317, 'prec_macro': 0.653358225108225, 'rec_macro': 0.2408902205918417, 'f1_micro': 0.30970474137931037, 'prec_micro': 0.30970474137931037, 'rec_micro': 0.30970474137931037}
epoch 67 time: 58.6s, train loss: 4.252, metrics: {'f1': 0.012334372504216814, 'f1_macro': 0.5031027282289317, 'prec_macro': 0.653358225108225, 'rec_macro': 0.2408902205918417, 'f1_micro': 0.30970474137931037, 'prec_micro': 0.30970474137931037, 'rec_micro': 0.30970474137931037}
epoch 68 time: 58.6s, train loss: 4.251, metrics: {'f1': 0.012334372504216814, 'f1_macro': 0.5031027282289317, 'prec_macro': 0.653358225108225, 'rec_macro': 0.2408902205918417, 'f1_micro': 0.30970474137931037, 'prec_micro': 0.30970474137931037, 'rec_micro': 0.30970474137931037}
epoch 69 time: 58.6s, train loss: 4.251, metrics: {'f1': 0.012334372504216814, 'f1_macro': 0.5031027282289317, 'prec_macro': 0.653358225108225, 'rec_macro': 0.2408902205918417, 'f1_micro': 0.30970474137931037, 'prec_micro': 0.30970474137931037, 'rec_micro': 0.30970474137931037}
epoch 70 time: 58.6s, train loss: 4.25, metrics: {'f1': 0.012334372504216814, 'f1_macro': 0.5031027282289317, 'prec_macro': 0.653358225108225, 'rec_macro': 0.2408902205918417, 'f1_micro': 0.30970474137931037, 'prec_micro': 0.30970474137931037, 'rec_micro': 0.30970474137931037}
epoch 71 time: 58.6s, train loss: 4.25, metrics: {'f1': 0.012334372504216814, 'f1_macro': 0.5031027282289317, 'prec_macro': 0.653358225108225, 'rec_macro': 0.2408902205918417, 'f1_micro': 0.30970474137931037, 'prec_micro': 0.30970474137931037, 'rec_micro': 0.30970474137931037}
epoch 72 time: 58.6s, train loss: 4.249, metrics: {'f1': 0.012334372504216814, 'f1_macro': 0.5031027282289317, 'prec_macro': 0.653358225108225, 'rec_macro': 0.2408902205918417, 'f1_micro': 0.30970474137931037, 'prec_micro': 0.30970474137931037, 'rec_micro': 0.30970474137931037}
epoch 73 time: 58.6s, train loss: 4.249, metrics: {'f1': 0.012334372504216814, 'f1_macro': 0.5031027282289317, 'prec_macro': 0.653358225108225, 'rec_macro': 0.2408902205918417, 'f1_micro': 0.30970474137931037, 'prec_micro': 0.30970474137931037, 'rec_micro': 0.30970474137931037}
epoch 74 time: 58.6s, train loss: 4.249, metrics: {'f1': 0.012334372504216814, 'f1_macro': 0.5031027282289317, 'prec_macro': 0.653358225108225, 'rec_macro': 0.2408902205918417, 'f1_micro': 0.30970474137931037, 'prec_micro': 0.30970474137931037, 'rec_micro': 0.30970474137931037}
epoch 75 time: 58.6s, train loss: 4.249, metrics: {'f1': 0.012334372504216814, 'f1_macro': 0.5031027282289317, 'prec_macro': 0.653358225108225, 'rec_macro': 0.2408902205918417, 'f1_micro': 0.30970474137931037, 'prec_micro': 0.30970474137931037, 'rec_micro': 0.30970474137931037}
epoch 76 time: 58.6s, train loss: 4.249, metrics: {'f1': 0.012334372504216814, 'f1_macro': 0.5031027282289317, 'prec_macro': 0.653358225108225, 'rec_macro': 0.2408902205918417, 'f1_micro': 0.30970474137931037, 'prec_micro': 0.30970474137931037, 'rec_micro': 0.30970474137931037}
epoch 77 time: 58.6s, train loss: 4.249, metrics: {'f1': 0.012334372504216814, 'f1_macro': 0.5031027282289317, 'prec_macro': 0.653358225108225, 'rec_macro': 0.2408902205918417, 'f1_micro': 0.30970474137931037, 'prec_micro': 0.30970474137931037, 'rec_micro': 0.30970474137931037}
epoch 78 time: 58.6s, train loss: 4.249, metrics: {'f1': 0.012334372504216814, 'f1_macro': 0.5031027282289317, 'prec_macro': 0.653358225108225, 'rec_macro': 0.2408902205918417, 'f1_micro': 0.30970474137931037, 'prec_micro': 0.30970474137931037, 'rec_micro': 0.30970474137931037}
epoch 79 time: 58.6s, train loss: 4.249, metrics: {'f1': 0.012334372504216814, 'f1_macro': 0.5031027282289317, 'prec_macro': 0.653358225108225, 'rec_macro': 0.2408902205918417, 'f1_micro': 0.30970474137931037, 'prec_micro': 0.30970474137931037, 'rec_micro': 0.30970474137931037}
epoch 80 time: 58.5s, train loss: 4.25, metrics: {'f1': 0.012334372504216814, 'f1_macro': 0.5031027282289317, 'prec_macro': 0.653358225108225, 'rec_macro': 0.2408902205918417, 'f1_micro': 0.30970474137931037, 'prec_micro': 0.30970474137931037, 'rec_micro': 0.30970474137931037}
epoch 81 time: 58.5s, train loss: 4.25, metrics: {'f1': 0.012334372504216814, 'f1_macro': 0.5031027282289317, 'prec_macro': 0.653358225108225, 'rec_macro': 0.2408902205918417, 'f1_micro': 0.30970474137931037, 'prec_micro': 0.30970474137931037, 'rec_micro': 0.30970474137931037}
epoch 82 time: 58.5s, train loss: 4.25, metrics: {'f1': 0.012334372504216814, 'f1_macro': 0.5031027282289317, 'prec_macro': 0.653358225108225, 'rec_macro': 0.2408902205918417, 'f1_micro': 0.30970474137931037, 'prec_micro': 0.30970474137931037, 'rec_micro': 0.30970474137931037}
epoch 83 time: 58.5s, train loss: 4.251, metrics: {'f1': 0.012334372504216814, 'f1_macro': 0.5031027282289317, 'prec_macro': 0.653358225108225, 'rec_macro': 0.2408902205918417, 'f1_micro': 0.30970474137931037, 'prec_micro': 0.30970474137931037, 'rec_micro': 0.30970474137931037}
epoch 84 time: 58.6s, train loss: 4.252, metrics: {'f1': 0.012334372504216814, 'f1_macro': 0.5031027282289317, 'prec_macro': 0.653358225108225, 'rec_macro': 0.2408902205918417, 'f1_micro': 0.30970474137931037, 'prec_micro': 0.30970474137931037, 'rec_micro': 0.30970474137931037}
epoch 85 time: 58.6s, train loss: 4.252, metrics: {'f1': 0.012334372504216814, 'f1_macro': 0.5031027282289317, 'prec_macro': 0.653358225108225, 'rec_macro': 0.2408902205918417, 'f1_micro': 0.30970474137931037, 'prec_micro': 0.30970474137931037, 'rec_micro': 0.30970474137931037}
epoch 86 time: 58.5s, train loss: 4.253, metrics: {'f1': 0.012334372504216814, 'f1_macro': 0.5031027282289317, 'prec_macro': 0.653358225108225, 'rec_macro': 0.2408902205918417, 'f1_micro': 0.30970474137931037, 'prec_micro': 0.30970474137931037, 'rec_micro': 0.30970474137931037}
epoch 87 time: 58.6s, train loss: 4.253, metrics: {'f1': 0.012334372504216814, 'f1_macro': 0.5031027282289317, 'prec_macro': 0.653358225108225, 'rec_macro': 0.2408902205918417, 'f1_micro': 0.30970474137931037, 'prec_micro': 0.30970474137931037, 'rec_micro': 0.30970474137931037}
epoch 88 time: 58.6s, train loss: 4.254, metrics: {'f1': 0.012334372504216814, 'f1_macro': 0.5031027282289317, 'prec_macro': 0.653358225108225, 'rec_macro': 0.2408902205918417, 'f1_micro': 0.30970474137931037, 'prec_micro': 0.30970474137931037, 'rec_micro': 0.30970474137931037}
epoch 89 time: 58.6s, train loss: 4.255, metrics: {'f1': 0.012334372504216814, 'f1_macro': 0.5031027282289317, 'prec_macro': 0.653358225108225, 'rec_macro': 0.2408902205918417, 'f1_micro': 0.30970474137931037, 'prec_micro': 0.30970474137931037, 'rec_micro': 0.30970474137931037}
epoch 90 time: 58.5s, train loss: 4.256, metrics: {'f1': 0.012334372504216814, 'f1_macro': 0.5031027282289317, 'prec_macro': 0.653358225108225, 'rec_macro': 0.2408902205918417, 'f1_micro': 0.30970474137931037, 'prec_micro': 0.30970474137931037, 'rec_micro': 0.30970474137931037}
epoch 91 time: 58.6s, train loss: 4.256, metrics: {'f1': 0.012334372504216814, 'f1_macro': 0.5031027282289317, 'prec_macro': 0.653358225108225, 'rec_macro': 0.2408902205918417, 'f1_micro': 0.30970474137931037, 'prec_micro': 0.30970474137931037, 'rec_micro': 0.30970474137931037}
epoch 92 time: 58.6s, train loss: 4.257, metrics: {'f1': 0.012334372504216814, 'f1_macro': 0.5031027282289317, 'prec_macro': 0.653358225108225, 'rec_macro': 0.2408902205918417, 'f1_micro': 0.30970474137931037, 'prec_micro': 0.30970474137931037, 'rec_micro': 0.30970474137931037}
epoch 93 time: 58.6s, train loss: 4.258, metrics: {'f1': 0.012334372504216814, 'f1_macro': 0.5031027282289317, 'prec_macro': 0.653358225108225, 'rec_macro': 0.2408902205918417, 'f1_micro': 0.30970474137931037, 'prec_micro': 0.30970474137931037, 'rec_micro': 0.30970474137931037}
epoch 94 time: 58.6s, train loss: 4.259, metrics: {'f1': 0.012334372504216814, 'f1_macro': 0.5031027282289317, 'prec_macro': 0.653358225108225, 'rec_macro': 0.2408902205918417, 'f1_micro': 0.30970474137931037, 'prec_micro': 0.30970474137931037, 'rec_micro': 0.30970474137931037}
epoch 95 time: 58.5s, train loss: 4.26, metrics: {'f1': 0.012334372504216814, 'f1_macro': 0.5031027282289317, 'prec_macro': 0.653358225108225, 'rec_macro': 0.2408902205918417, 'f1_micro': 0.30970474137931037, 'prec_micro': 0.30970474137931037, 'rec_micro': 0.30970474137931037}
epoch 96 time: 58.6s, train loss: 4.261, metrics: {'f1': 0.012334372504216814, 'f1_macro': 0.5031027282289317, 'prec_macro': 0.653358225108225, 'rec_macro': 0.2408902205918417, 'f1_micro': 0.30970474137931037, 'prec_micro': 0.30970474137931037, 'rec_micro': 0.30970474137931037}
epoch 97 time: 58.6s, train loss: 4.261, metrics: {'f1': 0.012334372504216814, 'f1_macro': 0.5031027282289317, 'prec_macro': 0.653358225108225, 'rec_macro': 0.2408902205918417, 'f1_micro': 0.30970474137931037, 'prec_micro': 0.30970474137931037, 'rec_micro': 0.30970474137931037}
epoch 98 time: 58.6s, train loss: 4.262, metrics: {'f1': 0.012334372504216814, 'f1_macro': 0.5031027282289317, 'prec_macro': 0.653358225108225, 'rec_macro': 0.2408902205918417, 'f1_micro': 0.30970474137931037, 'prec_micro': 0.30970474137931037, 'rec_micro': 0.30970474137931037}
epoch 99 time: 58.6s, train loss: 4.263, metrics: {'f1': 0.012334372504216814, 'f1_macro': 0.5031027282289317, 'prec_macro': 0.653358225108225, 'rec_macro': 0.2408902205918417, 'f1_micro': 0.30970474137931037, 'prec_micro': 0.30970474137931037, 'rec_micro': 0.30970474137931037}
epoch 100 time: 58.6s, train loss: 4.264, metrics: {'f1': 0.012334372504216814, 'f1_macro': 0.5031027282289317, 'prec_macro': 0.653358225108225, 'rec_macro': 0.2408902205918417, 'f1_micro': 0.30970474137931037, 'prec_micro': 0.30970474137931037, 'rec_micro': 0.30970474137931037}
post-training summary -- best {'f1': 0.03538680873414872, 'f1_macro': 0.5080925638167231, 'prec_macro': 0.7260746753246754, 'rec_macro': 0.4803822760997312, 'f1_micro': 0.8614719827586207, 'prec_micro': 0.8614719827586207, 'rec_micro': 0.8614719827586207}
run 4 start -- seed=3
epoch 1 time: 58.6s, train loss: 4.85, metrics: {'f1': 0.012313468550944352, 'f1_macro': 0.5030763870923392, 'prec_macro': 0.6523106060606061, 'rec_macro': 0.2414069382888667, 'f1_micro': 0.3105926724137931, 'prec_micro': 0.3105926724137931, 'rec_micro': 0.3105926724137931}
epoch 2 time: 58.6s, train loss: 4.8, metrics: {'f1': 0.012337111573752793, 'f1_macro': 0.5031034215222283, 'prec_macro': 0.6534361471861472, 'rec_macro': 0.2409828491908762, 'f1_micro': 0.30985991379310346, 'prec_micro': 0.30985991379310346, 'rec_micro': 0.30985991379310346}
epoch 3 time: 58.9s, train loss: 4.751, metrics: {'f1': 0.012335665802142088, 'f1_macro': 0.5031030555788285, 'prec_macro': 0.6533950216450216, 'rec_macro': 0.2409339645113583, 'f1_micro': 0.3097780172413793, 'prec_micro': 0.3097780172413793, 'rec_micro': 0.3097780172413793}
epoch 4 time: 58.7s, train loss: 4.706, metrics: {'f1': 0.012334638749267629, 'f1_macro': 0.5031027956188526, 'prec_macro': 0.6533658008658009, 'rec_macro': 0.2408992270786639, 'f1_micro': 0.3097198275862069, 'prec_micro': 0.3097198275862069, 'rec_micro': 0.3097198275862069}
epoch 5 time: 58.6s, train loss: 4.661, metrics: {'f1': 0.012334638749267629, 'f1_macro': 0.5031027956188526, 'prec_macro': 0.6533658008658009, 'rec_macro': 0.2408992270786639, 'f1_micro': 0.3097198275862069, 'prec_micro': 0.3097198275862069, 'rec_micro': 0.3097198275862069}
epoch 6 time: 58.6s, train loss: 4.619, metrics: {'f1': 0.012334638749267629, 'f1_macro': 0.5031027956188526, 'prec_macro': 0.6533658008658009, 'rec_macro': 0.2408992270786639, 'f1_micro': 0.3097198275862069, 'prec_micro': 0.3097198275862069, 'rec_micro': 0.3097198275862069}
epoch 7 time: 58.7s, train loss: 4.581, metrics: {'f1': 0.012334334470147826, 'f1_macro': 0.5031027186020391, 'prec_macro': 0.6533571428571429, 'rec_macro': 0.24088893393453822, 'f1_micro': 0.30970258620689656, 'prec_micro': 0.30970258620689656, 'rec_micro': 0.30970258620689656}
epoch 8 time: 58.6s, train loss: 4.544, metrics: {'f1': 0.012334334470147826, 'f1_macro': 0.5031027186020391, 'prec_macro': 0.6533571428571429, 'rec_macro': 0.24088893393453822, 'f1_micro': 0.30970258620689656, 'prec_micro': 0.30970258620689656, 'rec_micro': 0.30970258620689656}
epoch 9 time: 58.6s, train loss: 4.509, metrics: {'f1': 0.012334334470147826, 'f1_macro': 0.5031027186020391, 'prec_macro': 0.6533571428571429, 'rec_macro': 0.24088893393453822, 'f1_micro': 0.30970258620689656, 'prec_micro': 0.30970258620689656, 'rec_micro': 0.30970258620689656}
epoch 10 time: 58.7s, train loss: 4.478, metrics: {'f1': 0.012334334470147826, 'f1_macro': 0.5031027186020391, 'prec_macro': 0.6533571428571429, 'rec_macro': 0.24088893393453822, 'f1_micro': 0.30970258620689656, 'prec_micro': 0.30970258620689656, 'rec_micro': 0.30970258620689656}
epoch 11 time: 58.6s, train loss: 4.447, metrics: {'f1': 0.012334334470147826, 'f1_macro': 0.5031027186020391, 'prec_macro': 0.6533571428571429, 'rec_macro': 0.24088893393453822, 'f1_micro': 0.30970258620689656, 'prec_micro': 0.30970258620689656, 'rec_micro': 0.30970258620689656}
epoch 12 time: 58.6s, train loss: 4.42, metrics: {'f1': 0.012334334470147826, 'f1_macro': 0.5031027186020391, 'prec_macro': 0.6533571428571429, 'rec_macro': 0.24088893393453822, 'f1_micro': 0.30970258620689656, 'prec_micro': 0.30970258620689656, 'rec_micro': 0.30970258620689656}
epoch 13 time: 58.6s, train loss: 4.394, metrics: {'f1': 0.012334334470147826, 'f1_macro': 0.5031027186020391, 'prec_macro': 0.6533571428571429, 'rec_macro': 0.24088893393453822, 'f1_micro': 0.30970258620689656, 'prec_micro': 0.30970258620689656, 'rec_micro': 0.30970258620689656}
epoch 14 time: 58.6s, train loss: 4.37, metrics: {'f1': 0.012334334470147826, 'f1_macro': 0.5031027186020391, 'prec_macro': 0.6533571428571429, 'rec_macro': 0.24088893393453822, 'f1_micro': 0.30970258620689656, 'prec_micro': 0.30970258620689656, 'rec_micro': 0.30970258620689656}
epoch 15 time: 58.6s, train loss: 4.349, metrics: {'f1': 0.012334334470147826, 'f1_macro': 0.5031027186020391, 'prec_macro': 0.6533571428571429, 'rec_macro': 0.24088893393453822, 'f1_micro': 0.30970258620689656, 'prec_micro': 0.30970258620689656, 'rec_micro': 0.30970258620689656}
epoch 16 time: 58.6s, train loss: 4.329, metrics: {'f1': 0.012334334470147826, 'f1_macro': 0.5031027186020391, 'prec_macro': 0.6533571428571429, 'rec_macro': 0.24088893393453822, 'f1_micro': 0.30970258620689656, 'prec_micro': 0.30970258620689656, 'rec_micro': 0.30970258620689656}
epoch 17 time: 58.7s, train loss: 4.311, metrics: {'f1': 0.012334334470147826, 'f1_macro': 0.5031027186020391, 'prec_macro': 0.6533571428571429, 'rec_macro': 0.24088893393453822, 'f1_micro': 0.30970258620689656, 'prec_micro': 0.30970258620689656, 'rec_micro': 0.30970258620689656}
epoch 18 time: 58.6s, train loss: 4.295, metrics: {'f1': 0.012334334470147826, 'f1_macro': 0.5031027186020391, 'prec_macro': 0.6533571428571429, 'rec_macro': 0.24088893393453822, 'f1_micro': 0.30970258620689656, 'prec_micro': 0.30970258620689656, 'rec_micro': 0.30970258620689656}
epoch 19 time: 59.6s, train loss: 4.28, metrics: {'f1': 0.012334334470147826, 'f1_macro': 0.5031027186020391, 'prec_macro': 0.6533571428571429, 'rec_macro': 0.24088893393453822, 'f1_micro': 0.30970258620689656, 'prec_micro': 0.30970258620689656, 'rec_micro': 0.30970258620689656}
epoch 20 time: 58.6s, train loss: 4.267, metrics: {'f1': 0.012334334470147826, 'f1_macro': 0.5031027186020391, 'prec_macro': 0.6533571428571429, 'rec_macro': 0.24088893393453822, 'f1_micro': 0.30970258620689656, 'prec_micro': 0.30970258620689656, 'rec_micro': 0.30970258620689656}
epoch 21 time: 58.6s, train loss: 4.255, metrics: {'f1': 0.012334334470147826, 'f1_macro': 0.5031027186020391, 'prec_macro': 0.6533571428571429, 'rec_macro': 0.24088893393453822, 'f1_micro': 0.30970258620689656, 'prec_micro': 0.30970258620689656, 'rec_micro': 0.30970258620689656}
epoch 22 time: 58.7s, train loss: 4.245, metrics: {'f1': 0.012334334470147826, 'f1_macro': 0.5031027186020391, 'prec_macro': 0.6533571428571429, 'rec_macro': 0.24088893393453822, 'f1_micro': 0.30970258620689656, 'prec_micro': 0.30970258620689656, 'rec_micro': 0.30970258620689656}
epoch 23 time: 58.7s, train loss: 4.236, metrics: {'f1': 0.012334334470147826, 'f1_macro': 0.5031027186020391, 'prec_macro': 0.6533571428571429, 'rec_macro': 0.24088893393453822, 'f1_micro': 0.30970258620689656, 'prec_micro': 0.30970258620689656, 'rec_micro': 0.30970258620689656}
epoch 24 time: 58.6s, train loss: 4.227, metrics: {'f1': 0.012334334470147826, 'f1_macro': 0.5031027186020391, 'prec_macro': 0.6533571428571429, 'rec_macro': 0.24088893393453822, 'f1_micro': 0.30970258620689656, 'prec_micro': 0.30970258620689656, 'rec_micro': 0.30970258620689656}
epoch 25 time: 58.6s, train loss: 4.22, metrics: {'f1': 0.012334334470147826, 'f1_macro': 0.5031027186020391, 'prec_macro': 0.6533571428571429, 'rec_macro': 0.24088893393453822, 'f1_micro': 0.30970258620689656, 'prec_micro': 0.30970258620689656, 'rec_micro': 0.30970258620689656}
epoch 26 time: 58.6s, train loss: 4.214, metrics: {'f1': 0.012334334470147826, 'f1_macro': 0.5031027186020391, 'prec_macro': 0.6533571428571429, 'rec_macro': 0.24088893393453822, 'f1_micro': 0.30970258620689656, 'prec_micro': 0.30970258620689656, 'rec_micro': 0.30970258620689656}
epoch 27 time: 58.6s, train loss: 4.209, metrics: {'f1': 0.012334334470147826, 'f1_macro': 0.5031027186020391, 'prec_macro': 0.6533571428571429, 'rec_macro': 0.24088893393453822, 'f1_micro': 0.30970258620689656, 'prec_micro': 0.30970258620689656, 'rec_micro': 0.30970258620689656}
epoch 28 time: 58.6s, train loss: 4.205, metrics: {'f1': 0.012334334470147826, 'f1_macro': 0.5031027186020391, 'prec_macro': 0.6533571428571429, 'rec_macro': 0.24088893393453822, 'f1_micro': 0.30970258620689656, 'prec_micro': 0.30970258620689656, 'rec_micro': 0.30970258620689656}
epoch 29 time: 58.6s, train loss: 4.201, metrics: {'f1': 0.012334334470147826, 'f1_macro': 0.5031027186020391, 'prec_macro': 0.6533571428571429, 'rec_macro': 0.24088893393453822, 'f1_micro': 0.30970258620689656, 'prec_micro': 0.30970258620689656, 'rec_micro': 0.30970258620689656}
epoch 30 time: 58.5s, train loss: 4.199, metrics: {'f1': 0.012334334470147826, 'f1_macro': 0.5031027186020391, 'prec_macro': 0.6533571428571429, 'rec_macro': 0.24088893393453822, 'f1_micro': 0.30970258620689656, 'prec_micro': 0.30970258620689656, 'rec_micro': 0.30970258620689656}
epoch 31 time: 58.6s, train loss: 4.197, metrics: {'f1': 0.012334334470147826, 'f1_macro': 0.5031027186020391, 'prec_macro': 0.6533571428571429, 'rec_macro': 0.24088893393453822, 'f1_micro': 0.30970258620689656, 'prec_micro': 0.30970258620689656, 'rec_micro': 0.30970258620689656}
epoch 32 time: 58.7s, train loss: 4.195, metrics: {'f1': 0.012334334470147826, 'f1_macro': 0.5031027186020391, 'prec_macro': 0.6533571428571429, 'rec_macro': 0.24088893393453822, 'f1_micro': 0.30970258620689656, 'prec_micro': 0.30970258620689656, 'rec_micro': 0.30970258620689656}
epoch 33 time: 58.6s, train loss: 4.194, metrics: {'f1': 0.012334334470147826, 'f1_macro': 0.5031027186020391, 'prec_macro': 0.6533571428571429, 'rec_macro': 0.24088893393453822, 'f1_micro': 0.30970258620689656, 'prec_micro': 0.30970258620689656, 'rec_micro': 0.30970258620689656}
epoch 34 time: 58.6s, train loss: 4.193, metrics: {'f1': 0.012334334470147826, 'f1_macro': 0.5031027186020391, 'prec_macro': 0.6533571428571429, 'rec_macro': 0.24088893393453822, 'f1_micro': 0.30970258620689656, 'prec_micro': 0.30970258620689656, 'rec_micro': 0.30970258620689656}
epoch 35 time: 58.6s, train loss: 4.193, metrics: {'f1': 0.012334334470147826, 'f1_macro': 0.5031027186020391, 'prec_macro': 0.6533571428571429, 'rec_macro': 0.24088893393453822, 'f1_micro': 0.30970258620689656, 'prec_micro': 0.30970258620689656, 'rec_micro': 0.30970258620689656}
/home/azureuser/.local/lib/python3.8/site-packages/sklearn/metrics/_classification.py:1344: UndefinedMetricWarning: Precision and F-score are ill-defined and being set to 0.0 in labels with no predicted samples. Use `zero_division` parameter to control this behavior.
  _warn_prf(average, modifier, msg_start, len(result))
epoch 36 time: 58.6s, train loss: 4.193, metrics: {'f1': 0.008583690987124462, 'f1_macro': 0.0021551724137931034, 'prec_macro': 0.5, 'rec_macro': 0.004291845493562231, 'f1_micro': 0.004310344827586207, 'prec_micro': 0.004310344827586207, 'rec_micro': 0.004310344827586207}
/home/azureuser/.local/lib/python3.8/site-packages/sklearn/metrics/_classification.py:1344: UndefinedMetricWarning: Precision and F-score are ill-defined and being set to 0.0 in labels with no predicted samples. Use `zero_division` parameter to control this behavior.
  _warn_prf(average, modifier, msg_start, len(result))
epoch 37 time: 58.6s, train loss: 4.194, metrics: {'f1': 0.008583690987124462, 'f1_macro': 0.0021551724137931034, 'prec_macro': 0.5, 'rec_macro': 0.004291845493562231, 'f1_micro': 0.004310344827586207, 'prec_micro': 0.004310344827586207, 'rec_micro': 0.004310344827586207}
/home/azureuser/.local/lib/python3.8/site-packages/sklearn/metrics/_classification.py:1344: UndefinedMetricWarning: Precision and F-score are ill-defined and being set to 0.0 in labels with no predicted samples. Use `zero_division` parameter to control this behavior.
  _warn_prf(average, modifier, msg_start, len(result))
epoch 38 time: 58.6s, train loss: 4.194, metrics: {'f1': 0.008583690987124462, 'f1_macro': 0.0021551724137931034, 'prec_macro': 0.5, 'rec_macro': 0.004291845493562231, 'f1_micro': 0.004310344827586207, 'prec_micro': 0.004310344827586207, 'rec_micro': 0.004310344827586207}
/home/azureuser/.local/lib/python3.8/site-packages/sklearn/metrics/_classification.py:1344: UndefinedMetricWarning: Precision and F-score are ill-defined and being set to 0.0 in labels with no predicted samples. Use `zero_division` parameter to control this behavior.
  _warn_prf(average, modifier, msg_start, len(result))
epoch 39 time: 58.6s, train loss: 4.195, metrics: {'f1': 0.008583690987124462, 'f1_macro': 0.0021551724137931034, 'prec_macro': 0.5, 'rec_macro': 0.004291845493562231, 'f1_micro': 0.004310344827586207, 'prec_micro': 0.004310344827586207, 'rec_micro': 0.004310344827586207}
/home/azureuser/.local/lib/python3.8/site-packages/sklearn/metrics/_classification.py:1344: UndefinedMetricWarning: Precision and F-score are ill-defined and being set to 0.0 in labels with no predicted samples. Use `zero_division` parameter to control this behavior.
  _warn_prf(average, modifier, msg_start, len(result))
epoch 40 time: 58.6s, train loss: 4.196, metrics: {'f1': 0.008583690987124462, 'f1_macro': 0.0021551724137931034, 'prec_macro': 0.5, 'rec_macro': 0.004291845493562231, 'f1_micro': 0.004310344827586207, 'prec_micro': 0.004310344827586207, 'rec_micro': 0.004310344827586207}
/home/azureuser/.local/lib/python3.8/site-packages/sklearn/metrics/_classification.py:1344: UndefinedMetricWarning: Precision and F-score are ill-defined and being set to 0.0 in labels with no predicted samples. Use `zero_division` parameter to control this behavior.
  _warn_prf(average, modifier, msg_start, len(result))
epoch 41 time: 58.6s, train loss: 4.197, metrics: {'f1': 0.008583690987124462, 'f1_macro': 0.0021551724137931034, 'prec_macro': 0.5, 'rec_macro': 0.004291845493562231, 'f1_micro': 0.004310344827586207, 'prec_micro': 0.004310344827586207, 'rec_micro': 0.004310344827586207}
/home/azureuser/.local/lib/python3.8/site-packages/sklearn/metrics/_classification.py:1344: UndefinedMetricWarning: Precision and F-score are ill-defined and being set to 0.0 in labels with no predicted samples. Use `zero_division` parameter to control this behavior.
  _warn_prf(average, modifier, msg_start, len(result))
epoch 42 time: 58.6s, train loss: 4.199, metrics: {'f1': 0.008583690987124462, 'f1_macro': 0.0021551724137931034, 'prec_macro': 0.5, 'rec_macro': 0.004291845493562231, 'f1_micro': 0.004310344827586207, 'prec_micro': 0.004310344827586207, 'rec_micro': 0.004310344827586207}
/home/azureuser/.local/lib/python3.8/site-packages/sklearn/metrics/_classification.py:1344: UndefinedMetricWarning: Precision and F-score are ill-defined and being set to 0.0 in labels with no predicted samples. Use `zero_division` parameter to control this behavior.
  _warn_prf(average, modifier, msg_start, len(result))
epoch 43 time: 58.6s, train loss: 4.2, metrics: {'f1': 0.008583690987124462, 'f1_macro': 0.0021551724137931034, 'prec_macro': 0.5, 'rec_macro': 0.004291845493562231, 'f1_micro': 0.004310344827586207, 'prec_micro': 0.004310344827586207, 'rec_micro': 0.004310344827586207}
/home/azureuser/.local/lib/python3.8/site-packages/sklearn/metrics/_classification.py:1344: UndefinedMetricWarning: Precision and F-score are ill-defined and being set to 0.0 in labels with no predicted samples. Use `zero_division` parameter to control this behavior.
  _warn_prf(average, modifier, msg_start, len(result))
epoch 44 time: 58.6s, train loss: 4.201, metrics: {'f1': 0.008583690987124462, 'f1_macro': 0.0021551724137931034, 'prec_macro': 0.5, 'rec_macro': 0.004291845493562231, 'f1_micro': 0.004310344827586207, 'prec_micro': 0.004310344827586207, 'rec_micro': 0.004310344827586207}
/home/azureuser/.local/lib/python3.8/site-packages/sklearn/metrics/_classification.py:1344: UndefinedMetricWarning: Precision and F-score are ill-defined and being set to 0.0 in labels with no predicted samples. Use `zero_division` parameter to control this behavior.
  _warn_prf(average, modifier, msg_start, len(result))
epoch 45 time: 58.6s, train loss: 4.203, metrics: {'f1': 0.008583690987124462, 'f1_macro': 0.0021551724137931034, 'prec_macro': 0.5, 'rec_macro': 0.004291845493562231, 'f1_micro': 0.004310344827586207, 'prec_micro': 0.004310344827586207, 'rec_micro': 0.004310344827586207}
/home/azureuser/.local/lib/python3.8/site-packages/sklearn/metrics/_classification.py:1344: UndefinedMetricWarning: Precision and F-score are ill-defined and being set to 0.0 in labels with no predicted samples. Use `zero_division` parameter to control this behavior.
  _warn_prf(average, modifier, msg_start, len(result))
epoch 46 time: 58.6s, train loss: 4.204, metrics: {'f1': 0.008583690987124462, 'f1_macro': 0.0021551724137931034, 'prec_macro': 0.5, 'rec_macro': 0.004291845493562231, 'f1_micro': 0.004310344827586207, 'prec_micro': 0.004310344827586207, 'rec_micro': 0.004310344827586207}
/home/azureuser/.local/lib/python3.8/site-packages/sklearn/metrics/_classification.py:1344: UndefinedMetricWarning: Precision and F-score are ill-defined and being set to 0.0 in labels with no predicted samples. Use `zero_division` parameter to control this behavior.
  _warn_prf(average, modifier, msg_start, len(result))
epoch 47 time: 58.6s, train loss: 4.205, metrics: {'f1': 0.008583690987124462, 'f1_macro': 0.0021551724137931034, 'prec_macro': 0.5, 'rec_macro': 0.004291845493562231, 'f1_micro': 0.004310344827586207, 'prec_micro': 0.004310344827586207, 'rec_micro': 0.004310344827586207}
/home/azureuser/.local/lib/python3.8/site-packages/sklearn/metrics/_classification.py:1344: UndefinedMetricWarning: Precision and F-score are ill-defined and being set to 0.0 in labels with no predicted samples. Use `zero_division` parameter to control this behavior.
  _warn_prf(average, modifier, msg_start, len(result))
epoch 48 time: 58.6s, train loss: 4.206, metrics: {'f1': 0.008583690987124462, 'f1_macro': 0.0021551724137931034, 'prec_macro': 0.5, 'rec_macro': 0.004291845493562231, 'f1_micro': 0.004310344827586207, 'prec_micro': 0.004310344827586207, 'rec_micro': 0.004310344827586207}
/home/azureuser/.local/lib/python3.8/site-packages/sklearn/metrics/_classification.py:1344: UndefinedMetricWarning: Precision and F-score are ill-defined and being set to 0.0 in labels with no predicted samples. Use `zero_division` parameter to control this behavior.
  _warn_prf(average, modifier, msg_start, len(result))
epoch 49 time: 58.6s, train loss: 4.208, metrics: {'f1': 0.008583690987124462, 'f1_macro': 0.0021551724137931034, 'prec_macro': 0.5, 'rec_macro': 0.004291845493562231, 'f1_micro': 0.004310344827586207, 'prec_micro': 0.004310344827586207, 'rec_micro': 0.004310344827586207}
/home/azureuser/.local/lib/python3.8/site-packages/sklearn/metrics/_classification.py:1344: UndefinedMetricWarning: Precision and F-score are ill-defined and being set to 0.0 in labels with no predicted samples. Use `zero_division` parameter to control this behavior.
  _warn_prf(average, modifier, msg_start, len(result))
epoch 50 time: 58.6s, train loss: 4.209, metrics: {'f1': 0.008583690987124462, 'f1_macro': 0.0021551724137931034, 'prec_macro': 0.5, 'rec_macro': 0.004291845493562231, 'f1_micro': 0.004310344827586207, 'prec_micro': 0.004310344827586207, 'rec_micro': 0.004310344827586207}
/home/azureuser/.local/lib/python3.8/site-packages/sklearn/metrics/_classification.py:1344: UndefinedMetricWarning: Precision and F-score are ill-defined and being set to 0.0 in labels with no predicted samples. Use `zero_division` parameter to control this behavior.
  _warn_prf(average, modifier, msg_start, len(result))
epoch 51 time: 58.7s, train loss: 4.21, metrics: {'f1': 0.008583690987124462, 'f1_macro': 0.0021551724137931034, 'prec_macro': 0.5, 'rec_macro': 0.004291845493562231, 'f1_micro': 0.004310344827586207, 'prec_micro': 0.004310344827586207, 'rec_micro': 0.004310344827586207}
/home/azureuser/.local/lib/python3.8/site-packages/sklearn/metrics/_classification.py:1344: UndefinedMetricWarning: Precision and F-score are ill-defined and being set to 0.0 in labels with no predicted samples. Use `zero_division` parameter to control this behavior.
  _warn_prf(average, modifier, msg_start, len(result))
epoch 52 time: 58.7s, train loss: 4.21, metrics: {'f1': 0.008583690987124462, 'f1_macro': 0.0021551724137931034, 'prec_macro': 0.5, 'rec_macro': 0.004291845493562231, 'f1_micro': 0.004310344827586207, 'prec_micro': 0.004310344827586207, 'rec_micro': 0.004310344827586207}
/home/azureuser/.local/lib/python3.8/site-packages/sklearn/metrics/_classification.py:1344: UndefinedMetricWarning: Precision and F-score are ill-defined and being set to 0.0 in labels with no predicted samples. Use `zero_division` parameter to control this behavior.
  _warn_prf(average, modifier, msg_start, len(result))
epoch 53 time: 58.7s, train loss: 4.211, metrics: {'f1': 0.008583690987124462, 'f1_macro': 0.0021551724137931034, 'prec_macro': 0.5, 'rec_macro': 0.004291845493562231, 'f1_micro': 0.004310344827586207, 'prec_micro': 0.004310344827586207, 'rec_micro': 0.004310344827586207}
/home/azureuser/.local/lib/python3.8/site-packages/sklearn/metrics/_classification.py:1344: UndefinedMetricWarning: Precision and F-score are ill-defined and being set to 0.0 in labels with no predicted samples. Use `zero_division` parameter to control this behavior.
  _warn_prf(average, modifier, msg_start, len(result))
epoch 54 time: 58.6s, train loss: 4.212, metrics: {'f1': 0.008583690987124462, 'f1_macro': 0.0021551724137931034, 'prec_macro': 0.5, 'rec_macro': 0.004291845493562231, 'f1_micro': 0.004310344827586207, 'prec_micro': 0.004310344827586207, 'rec_micro': 0.004310344827586207}
/home/azureuser/.local/lib/python3.8/site-packages/sklearn/metrics/_classification.py:1344: UndefinedMetricWarning: Precision and F-score are ill-defined and being set to 0.0 in labels with no predicted samples. Use `zero_division` parameter to control this behavior.
  _warn_prf(average, modifier, msg_start, len(result))
epoch 55 time: 58.6s, train loss: 4.212, metrics: {'f1': 0.008583690987124462, 'f1_macro': 0.0021551724137931034, 'prec_macro': 0.5, 'rec_macro': 0.004291845493562231, 'f1_micro': 0.004310344827586207, 'prec_micro': 0.004310344827586207, 'rec_micro': 0.004310344827586207}
/home/azureuser/.local/lib/python3.8/site-packages/sklearn/metrics/_classification.py:1344: UndefinedMetricWarning: Precision and F-score are ill-defined and being set to 0.0 in labels with no predicted samples. Use `zero_division` parameter to control this behavior.
  _warn_prf(average, modifier, msg_start, len(result))
epoch 56 time: 58.6s, train loss: 4.213, metrics: {'f1': 0.008583690987124462, 'f1_macro': 0.0021551724137931034, 'prec_macro': 0.5, 'rec_macro': 0.004291845493562231, 'f1_micro': 0.004310344827586207, 'prec_micro': 0.004310344827586207, 'rec_micro': 0.004310344827586207}
/home/azureuser/.local/lib/python3.8/site-packages/sklearn/metrics/_classification.py:1344: UndefinedMetricWarning: Precision and F-score are ill-defined and being set to 0.0 in labels with no predicted samples. Use `zero_division` parameter to control this behavior.
  _warn_prf(average, modifier, msg_start, len(result))
epoch 57 time: 58.6s, train loss: 4.213, metrics: {'f1': 0.008583690987124462, 'f1_macro': 0.0021551724137931034, 'prec_macro': 0.5, 'rec_macro': 0.004291845493562231, 'f1_micro': 0.004310344827586207, 'prec_micro': 0.004310344827586207, 'rec_micro': 0.004310344827586207}
/home/azureuser/.local/lib/python3.8/site-packages/sklearn/metrics/_classification.py:1344: UndefinedMetricWarning: Precision and F-score are ill-defined and being set to 0.0 in labels with no predicted samples. Use `zero_division` parameter to control this behavior.
  _warn_prf(average, modifier, msg_start, len(result))
epoch 58 time: 58.6s, train loss: 4.213, metrics: {'f1': 0.008583690987124462, 'f1_macro': 0.0021551724137931034, 'prec_macro': 0.5, 'rec_macro': 0.004291845493562231, 'f1_micro': 0.004310344827586207, 'prec_micro': 0.004310344827586207, 'rec_micro': 0.004310344827586207}
/home/azureuser/.local/lib/python3.8/site-packages/sklearn/metrics/_classification.py:1344: UndefinedMetricWarning: Precision and F-score are ill-defined and being set to 0.0 in labels with no predicted samples. Use `zero_division` parameter to control this behavior.
  _warn_prf(average, modifier, msg_start, len(result))
epoch 59 time: 58.6s, train loss: 4.212, metrics: {'f1': 0.008583690987124462, 'f1_macro': 0.0021551724137931034, 'prec_macro': 0.5, 'rec_macro': 0.004291845493562231, 'f1_micro': 0.004310344827586207, 'prec_micro': 0.004310344827586207, 'rec_micro': 0.004310344827586207}
/home/azureuser/.local/lib/python3.8/site-packages/sklearn/metrics/_classification.py:1344: UndefinedMetricWarning: Precision and F-score are ill-defined and being set to 0.0 in labels with no predicted samples. Use `zero_division` parameter to control this behavior.
  _warn_prf(average, modifier, msg_start, len(result))
epoch 60 time: 58.7s, train loss: 4.212, metrics: {'f1': 0.008583690987124462, 'f1_macro': 0.0021551724137931034, 'prec_macro': 0.5, 'rec_macro': 0.004291845493562231, 'f1_micro': 0.004310344827586207, 'prec_micro': 0.004310344827586207, 'rec_micro': 0.004310344827586207}
/home/azureuser/.local/lib/python3.8/site-packages/sklearn/metrics/_classification.py:1344: UndefinedMetricWarning: Precision and F-score are ill-defined and being set to 0.0 in labels with no predicted samples. Use `zero_division` parameter to control this behavior.
  _warn_prf(average, modifier, msg_start, len(result))
epoch 61 time: 58.7s, train loss: 4.212, metrics: {'f1': 0.008583690987124462, 'f1_macro': 0.0021551724137931034, 'prec_macro': 0.5, 'rec_macro': 0.004291845493562231, 'f1_micro': 0.004310344827586207, 'prec_micro': 0.004310344827586207, 'rec_micro': 0.004310344827586207}
/home/azureuser/.local/lib/python3.8/site-packages/sklearn/metrics/_classification.py:1344: UndefinedMetricWarning: Precision and F-score are ill-defined and being set to 0.0 in labels with no predicted samples. Use `zero_division` parameter to control this behavior.
  _warn_prf(average, modifier, msg_start, len(result))
epoch 62 time: 58.6s, train loss: 4.211, metrics: {'f1': 0.008583690987124462, 'f1_macro': 0.0021551724137931034, 'prec_macro': 0.5, 'rec_macro': 0.004291845493562231, 'f1_micro': 0.004310344827586207, 'prec_micro': 0.004310344827586207, 'rec_micro': 0.004310344827586207}
/home/azureuser/.local/lib/python3.8/site-packages/sklearn/metrics/_classification.py:1344: UndefinedMetricWarning: Precision and F-score are ill-defined and being set to 0.0 in labels with no predicted samples. Use `zero_division` parameter to control this behavior.
  _warn_prf(average, modifier, msg_start, len(result))
epoch 63 time: 64.3s, train loss: 4.21, metrics: {'f1': 0.008583690987124462, 'f1_macro': 0.0021551724137931034, 'prec_macro': 0.5, 'rec_macro': 0.004291845493562231, 'f1_micro': 0.004310344827586207, 'prec_micro': 0.004310344827586207, 'rec_micro': 0.004310344827586207}
/home/azureuser/.local/lib/python3.8/site-packages/sklearn/metrics/_classification.py:1344: UndefinedMetricWarning: Precision and F-score are ill-defined and being set to 0.0 in labels with no predicted samples. Use `zero_division` parameter to control this behavior.
  _warn_prf(average, modifier, msg_start, len(result))
epoch 64 time: 58.6s, train loss: 4.209, metrics: {'f1': 0.008583690987124462, 'f1_macro': 0.0021551724137931034, 'prec_macro': 0.5, 'rec_macro': 0.004291845493562231, 'f1_micro': 0.004310344827586207, 'prec_micro': 0.004310344827586207, 'rec_micro': 0.004310344827586207}
/home/azureuser/.local/lib/python3.8/site-packages/sklearn/metrics/_classification.py:1344: UndefinedMetricWarning: Precision and F-score are ill-defined and being set to 0.0 in labels with no predicted samples. Use `zero_division` parameter to control this behavior.
  _warn_prf(average, modifier, msg_start, len(result))
epoch 65 time: 58.8s, train loss: 4.207, metrics: {'f1': 0.008583690987124462, 'f1_macro': 0.0021551724137931034, 'prec_macro': 0.5, 'rec_macro': 0.004291845493562231, 'f1_micro': 0.004310344827586207, 'prec_micro': 0.004310344827586207, 'rec_micro': 0.004310344827586207}
/home/azureuser/.local/lib/python3.8/site-packages/sklearn/metrics/_classification.py:1344: UndefinedMetricWarning: Precision and F-score are ill-defined and being set to 0.0 in labels with no predicted samples. Use `zero_division` parameter to control this behavior.
  _warn_prf(average, modifier, msg_start, len(result))
epoch 66 time: 58.6s, train loss: 4.206, metrics: {'f1': 0.008583690987124462, 'f1_macro': 0.0021551724137931034, 'prec_macro': 0.5, 'rec_macro': 0.004291845493562231, 'f1_micro': 0.004310344827586207, 'prec_micro': 0.004310344827586207, 'rec_micro': 0.004310344827586207}
/home/azureuser/.local/lib/python3.8/site-packages/sklearn/metrics/_classification.py:1344: UndefinedMetricWarning: Precision and F-score are ill-defined and being set to 0.0 in labels with no predicted samples. Use `zero_division` parameter to control this behavior.
  _warn_prf(average, modifier, msg_start, len(result))
epoch 67 time: 58.7s, train loss: 4.204, metrics: {'f1': 0.008583690987124462, 'f1_macro': 0.0021551724137931034, 'prec_macro': 0.5, 'rec_macro': 0.004291845493562231, 'f1_micro': 0.004310344827586207, 'prec_micro': 0.004310344827586207, 'rec_micro': 0.004310344827586207}
/home/azureuser/.local/lib/python3.8/site-packages/sklearn/metrics/_classification.py:1344: UndefinedMetricWarning: Precision and F-score are ill-defined and being set to 0.0 in labels with no predicted samples. Use `zero_division` parameter to control this behavior.
  _warn_prf(average, modifier, msg_start, len(result))
epoch 68 time: 58.6s, train loss: 4.202, metrics: {'f1': 0.008583690987124462, 'f1_macro': 0.0021551724137931034, 'prec_macro': 0.5, 'rec_macro': 0.004291845493562231, 'f1_micro': 0.004310344827586207, 'prec_micro': 0.004310344827586207, 'rec_micro': 0.004310344827586207}
/home/azureuser/.local/lib/python3.8/site-packages/sklearn/metrics/_classification.py:1344: UndefinedMetricWarning: Precision and F-score are ill-defined and being set to 0.0 in labels with no predicted samples. Use `zero_division` parameter to control this behavior.
  _warn_prf(average, modifier, msg_start, len(result))
epoch 69 time: 58.6s, train loss: 4.2, metrics: {'f1': 0.008583690987124462, 'f1_macro': 0.0021551724137931034, 'prec_macro': 0.5, 'rec_macro': 0.004291845493562231, 'f1_micro': 0.004310344827586207, 'prec_micro': 0.004310344827586207, 'rec_micro': 0.004310344827586207}
/home/azureuser/.local/lib/python3.8/site-packages/sklearn/metrics/_classification.py:1344: UndefinedMetricWarning: Precision and F-score are ill-defined and being set to 0.0 in labels with no predicted samples. Use `zero_division` parameter to control this behavior.
  _warn_prf(average, modifier, msg_start, len(result))
epoch 70 time: 58.6s, train loss: 4.198, metrics: {'f1': 0.008583690987124462, 'f1_macro': 0.0021551724137931034, 'prec_macro': 0.5, 'rec_macro': 0.004291845493562231, 'f1_micro': 0.004310344827586207, 'prec_micro': 0.004310344827586207, 'rec_micro': 0.004310344827586207}
/home/azureuser/.local/lib/python3.8/site-packages/sklearn/metrics/_classification.py:1344: UndefinedMetricWarning: Precision and F-score are ill-defined and being set to 0.0 in labels with no predicted samples. Use `zero_division` parameter to control this behavior.
  _warn_prf(average, modifier, msg_start, len(result))
epoch 71 time: 58.6s, train loss: 4.196, metrics: {'f1': 0.008583690987124462, 'f1_macro': 0.0021551724137931034, 'prec_macro': 0.5, 'rec_macro': 0.004291845493562231, 'f1_micro': 0.004310344827586207, 'prec_micro': 0.004310344827586207, 'rec_micro': 0.004310344827586207}
/home/azureuser/.local/lib/python3.8/site-packages/sklearn/metrics/_classification.py:1344: UndefinedMetricWarning: Precision and F-score are ill-defined and being set to 0.0 in labels with no predicted samples. Use `zero_division` parameter to control this behavior.
  _warn_prf(average, modifier, msg_start, len(result))
epoch 72 time: 58.6s, train loss: 4.193, metrics: {'f1': 0.008583690987124462, 'f1_macro': 0.0021551724137931034, 'prec_macro': 0.5, 'rec_macro': 0.004291845493562231, 'f1_micro': 0.004310344827586207, 'prec_micro': 0.004310344827586207, 'rec_micro': 0.004310344827586207}
/home/azureuser/.local/lib/python3.8/site-packages/sklearn/metrics/_classification.py:1344: UndefinedMetricWarning: Precision and F-score are ill-defined and being set to 0.0 in labels with no predicted samples. Use `zero_division` parameter to control this behavior.
  _warn_prf(average, modifier, msg_start, len(result))
epoch 73 time: 58.7s, train loss: 4.191, metrics: {'f1': 0.008583690987124462, 'f1_macro': 0.0021551724137931034, 'prec_macro': 0.5, 'rec_macro': 0.004291845493562231, 'f1_micro': 0.004310344827586207, 'prec_micro': 0.004310344827586207, 'rec_micro': 0.004310344827586207}
/home/azureuser/.local/lib/python3.8/site-packages/sklearn/metrics/_classification.py:1344: UndefinedMetricWarning: Precision and F-score are ill-defined and being set to 0.0 in labels with no predicted samples. Use `zero_division` parameter to control this behavior.
  _warn_prf(average, modifier, msg_start, len(result))
epoch 74 time: 58.6s, train loss: 4.188, metrics: {'f1': 0.008583690987124462, 'f1_macro': 0.0021551724137931034, 'prec_macro': 0.5, 'rec_macro': 0.004291845493562231, 'f1_micro': 0.004310344827586207, 'prec_micro': 0.004310344827586207, 'rec_micro': 0.004310344827586207}
/home/azureuser/.local/lib/python3.8/site-packages/sklearn/metrics/_classification.py:1344: UndefinedMetricWarning: Precision and F-score are ill-defined and being set to 0.0 in labels with no predicted samples. Use `zero_division` parameter to control this behavior.
  _warn_prf(average, modifier, msg_start, len(result))
epoch 75 time: 58.6s, train loss: 4.186, metrics: {'f1': 0.008583690987124462, 'f1_macro': 0.0021551724137931034, 'prec_macro': 0.5, 'rec_macro': 0.004291845493562231, 'f1_micro': 0.004310344827586207, 'prec_micro': 0.004310344827586207, 'rec_micro': 0.004310344827586207}
/home/azureuser/.local/lib/python3.8/site-packages/sklearn/metrics/_classification.py:1344: UndefinedMetricWarning: Precision and F-score are ill-defined and being set to 0.0 in labels with no predicted samples. Use `zero_division` parameter to control this behavior.
  _warn_prf(average, modifier, msg_start, len(result))
epoch 76 time: 58.6s, train loss: 4.183, metrics: {'f1': 0.008583690987124462, 'f1_macro': 0.0021551724137931034, 'prec_macro': 0.5, 'rec_macro': 0.004291845493562231, 'f1_micro': 0.004310344827586207, 'prec_micro': 0.004310344827586207, 'rec_micro': 0.004310344827586207}
/home/azureuser/.local/lib/python3.8/site-packages/sklearn/metrics/_classification.py:1344: UndefinedMetricWarning: Precision and F-score are ill-defined and being set to 0.0 in labels with no predicted samples. Use `zero_division` parameter to control this behavior.
  _warn_prf(average, modifier, msg_start, len(result))
epoch 77 time: 58.6s, train loss: 4.181, metrics: {'f1': 0.008583690987124462, 'f1_macro': 0.0021551724137931034, 'prec_macro': 0.5, 'rec_macro': 0.004291845493562231, 'f1_micro': 0.004310344827586207, 'prec_micro': 0.004310344827586207, 'rec_micro': 0.004310344827586207}
/home/azureuser/.local/lib/python3.8/site-packages/sklearn/metrics/_classification.py:1344: UndefinedMetricWarning: Precision and F-score are ill-defined and being set to 0.0 in labels with no predicted samples. Use `zero_division` parameter to control this behavior.
  _warn_prf(average, modifier, msg_start, len(result))
epoch 78 time: 58.6s, train loss: 4.178, metrics: {'f1': 0.008583690987124462, 'f1_macro': 0.0021551724137931034, 'prec_macro': 0.5, 'rec_macro': 0.004291845493562231, 'f1_micro': 0.004310344827586207, 'prec_micro': 0.004310344827586207, 'rec_micro': 0.004310344827586207}
/home/azureuser/.local/lib/python3.8/site-packages/sklearn/metrics/_classification.py:1344: UndefinedMetricWarning: Precision and F-score are ill-defined and being set to 0.0 in labels with no predicted samples. Use `zero_division` parameter to control this behavior.
  _warn_prf(average, modifier, msg_start, len(result))
epoch 79 time: 58.6s, train loss: 4.176, metrics: {'f1': 0.008583690987124462, 'f1_macro': 0.0021551724137931034, 'prec_macro': 0.5, 'rec_macro': 0.004291845493562231, 'f1_micro': 0.004310344827586207, 'prec_micro': 0.004310344827586207, 'rec_micro': 0.004310344827586207}
/home/azureuser/.local/lib/python3.8/site-packages/sklearn/metrics/_classification.py:1344: UndefinedMetricWarning: Precision and F-score are ill-defined and being set to 0.0 in labels with no predicted samples. Use `zero_division` parameter to control this behavior.
  _warn_prf(average, modifier, msg_start, len(result))
epoch 80 time: 58.6s, train loss: 4.173, metrics: {'f1': 0.008583690987124462, 'f1_macro': 0.0021551724137931034, 'prec_macro': 0.5, 'rec_macro': 0.004291845493562231, 'f1_micro': 0.004310344827586207, 'prec_micro': 0.004310344827586207, 'rec_micro': 0.004310344827586207}
/home/azureuser/.local/lib/python3.8/site-packages/sklearn/metrics/_classification.py:1344: UndefinedMetricWarning: Precision and F-score are ill-defined and being set to 0.0 in labels with no predicted samples. Use `zero_division` parameter to control this behavior.
  _warn_prf(average, modifier, msg_start, len(result))
epoch 81 time: 58.6s, train loss: 4.171, metrics: {'f1': 0.008583690987124462, 'f1_macro': 0.0021551724137931034, 'prec_macro': 0.5, 'rec_macro': 0.004291845493562231, 'f1_micro': 0.004310344827586207, 'prec_micro': 0.004310344827586207, 'rec_micro': 0.004310344827586207}
/home/azureuser/.local/lib/python3.8/site-packages/sklearn/metrics/_classification.py:1344: UndefinedMetricWarning: Precision and F-score are ill-defined and being set to 0.0 in labels with no predicted samples. Use `zero_division` parameter to control this behavior.
  _warn_prf(average, modifier, msg_start, len(result))
epoch 82 time: 58.6s, train loss: 4.169, metrics: {'f1': 0.008583690987124462, 'f1_macro': 0.0021551724137931034, 'prec_macro': 0.5, 'rec_macro': 0.004291845493562231, 'f1_micro': 0.004310344827586207, 'prec_micro': 0.004310344827586207, 'rec_micro': 0.004310344827586207}
/home/azureuser/.local/lib/python3.8/site-packages/sklearn/metrics/_classification.py:1344: UndefinedMetricWarning: Precision and F-score are ill-defined and being set to 0.0 in labels with no predicted samples. Use `zero_division` parameter to control this behavior.
  _warn_prf(average, modifier, msg_start, len(result))
epoch 83 time: 58.7s, train loss: 4.167, metrics: {'f1': 0.008583690987124462, 'f1_macro': 0.0021551724137931034, 'prec_macro': 0.5, 'rec_macro': 0.004291845493562231, 'f1_micro': 0.004310344827586207, 'prec_micro': 0.004310344827586207, 'rec_micro': 0.004310344827586207}
/home/azureuser/.local/lib/python3.8/site-packages/sklearn/metrics/_classification.py:1344: UndefinedMetricWarning: Precision and F-score are ill-defined and being set to 0.0 in labels with no predicted samples. Use `zero_division` parameter to control this behavior.
  _warn_prf(average, modifier, msg_start, len(result))
epoch 84 time: 58.7s, train loss: 4.165, metrics: {'f1': 0.008583690987124462, 'f1_macro': 0.0021551724137931034, 'prec_macro': 0.5, 'rec_macro': 0.004291845493562231, 'f1_micro': 0.004310344827586207, 'prec_micro': 0.004310344827586207, 'rec_micro': 0.004310344827586207}
/home/azureuser/.local/lib/python3.8/site-packages/sklearn/metrics/_classification.py:1344: UndefinedMetricWarning: Precision and F-score are ill-defined and being set to 0.0 in labels with no predicted samples. Use `zero_division` parameter to control this behavior.
  _warn_prf(average, modifier, msg_start, len(result))
epoch 85 time: 58.6s, train loss: 4.163, metrics: {'f1': 0.008583690987124462, 'f1_macro': 0.0021551724137931034, 'prec_macro': 0.5, 'rec_macro': 0.004291845493562231, 'f1_micro': 0.004310344827586207, 'prec_micro': 0.004310344827586207, 'rec_micro': 0.004310344827586207}
/home/azureuser/.local/lib/python3.8/site-packages/sklearn/metrics/_classification.py:1344: UndefinedMetricWarning: Precision and F-score are ill-defined and being set to 0.0 in labels with no predicted samples. Use `zero_division` parameter to control this behavior.
  _warn_prf(average, modifier, msg_start, len(result))
epoch 86 time: 58.7s, train loss: 4.161, metrics: {'f1': 0.008583690987124462, 'f1_macro': 0.0021551724137931034, 'prec_macro': 0.5, 'rec_macro': 0.004291845493562231, 'f1_micro': 0.004310344827586207, 'prec_micro': 0.004310344827586207, 'rec_micro': 0.004310344827586207}
/home/azureuser/.local/lib/python3.8/site-packages/sklearn/metrics/_classification.py:1344: UndefinedMetricWarning: Precision and F-score are ill-defined and being set to 0.0 in labels with no predicted samples. Use `zero_division` parameter to control this behavior.
  _warn_prf(average, modifier, msg_start, len(result))
epoch 87 time: 58.6s, train loss: 4.16, metrics: {'f1': 0.008583690987124462, 'f1_macro': 0.0021551724137931034, 'prec_macro': 0.5, 'rec_macro': 0.004291845493562231, 'f1_micro': 0.004310344827586207, 'prec_micro': 0.004310344827586207, 'rec_micro': 0.004310344827586207}
/home/azureuser/.local/lib/python3.8/site-packages/sklearn/metrics/_classification.py:1344: UndefinedMetricWarning: Precision and F-score are ill-defined and being set to 0.0 in labels with no predicted samples. Use `zero_division` parameter to control this behavior.
  _warn_prf(average, modifier, msg_start, len(result))
epoch 88 time: 58.6s, train loss: 4.158, metrics: {'f1': 0.008583690987124462, 'f1_macro': 0.0021551724137931034, 'prec_macro': 0.5, 'rec_macro': 0.004291845493562231, 'f1_micro': 0.004310344827586207, 'prec_micro': 0.004310344827586207, 'rec_micro': 0.004310344827586207}
/home/azureuser/.local/lib/python3.8/site-packages/sklearn/metrics/_classification.py:1344: UndefinedMetricWarning: Precision and F-score are ill-defined and being set to 0.0 in labels with no predicted samples. Use `zero_division` parameter to control this behavior.
  _warn_prf(average, modifier, msg_start, len(result))
epoch 89 time: 58.6s, train loss: 4.156, metrics: {'f1': 0.008583690987124462, 'f1_macro': 0.0021551724137931034, 'prec_macro': 0.5, 'rec_macro': 0.004291845493562231, 'f1_micro': 0.004310344827586207, 'prec_micro': 0.004310344827586207, 'rec_micro': 0.004310344827586207}
/home/azureuser/.local/lib/python3.8/site-packages/sklearn/metrics/_classification.py:1344: UndefinedMetricWarning: Precision and F-score are ill-defined and being set to 0.0 in labels with no predicted samples. Use `zero_division` parameter to control this behavior.
  _warn_prf(average, modifier, msg_start, len(result))
epoch 90 time: 58.7s, train loss: 4.155, metrics: {'f1': 0.008583690987124462, 'f1_macro': 0.0021551724137931034, 'prec_macro': 0.5, 'rec_macro': 0.004291845493562231, 'f1_micro': 0.004310344827586207, 'prec_micro': 0.004310344827586207, 'rec_micro': 0.004310344827586207}
/home/azureuser/.local/lib/python3.8/site-packages/sklearn/metrics/_classification.py:1344: UndefinedMetricWarning: Precision and F-score are ill-defined and being set to 0.0 in labels with no predicted samples. Use `zero_division` parameter to control this behavior.
  _warn_prf(average, modifier, msg_start, len(result))
epoch 91 time: 58.6s, train loss: 4.153, metrics: {'f1': 0.008583690987124462, 'f1_macro': 0.0021551724137931034, 'prec_macro': 0.5, 'rec_macro': 0.004291845493562231, 'f1_micro': 0.004310344827586207, 'prec_micro': 0.004310344827586207, 'rec_micro': 0.004310344827586207}
/home/azureuser/.local/lib/python3.8/site-packages/sklearn/metrics/_classification.py:1344: UndefinedMetricWarning: Precision and F-score are ill-defined and being set to 0.0 in labels with no predicted samples. Use `zero_division` parameter to control this behavior.
  _warn_prf(average, modifier, msg_start, len(result))
epoch 92 time: 58.6s, train loss: 4.152, metrics: {'f1': 0.008583690987124462, 'f1_macro': 0.0021551724137931034, 'prec_macro': 0.5, 'rec_macro': 0.004291845493562231, 'f1_micro': 0.004310344827586207, 'prec_micro': 0.004310344827586207, 'rec_micro': 0.004310344827586207}
/home/azureuser/.local/lib/python3.8/site-packages/sklearn/metrics/_classification.py:1344: UndefinedMetricWarning: Precision and F-score are ill-defined and being set to 0.0 in labels with no predicted samples. Use `zero_division` parameter to control this behavior.
  _warn_prf(average, modifier, msg_start, len(result))
epoch 93 time: 58.6s, train loss: 4.151, metrics: {'f1': 0.008583690987124462, 'f1_macro': 0.0021551724137931034, 'prec_macro': 0.5, 'rec_macro': 0.004291845493562231, 'f1_micro': 0.004310344827586207, 'prec_micro': 0.004310344827586207, 'rec_micro': 0.004310344827586207}
/home/azureuser/.local/lib/python3.8/site-packages/sklearn/metrics/_classification.py:1344: UndefinedMetricWarning: Precision and F-score are ill-defined and being set to 0.0 in labels with no predicted samples. Use `zero_division` parameter to control this behavior.
  _warn_prf(average, modifier, msg_start, len(result))
epoch 94 time: 58.6s, train loss: 4.149, metrics: {'f1': 0.008583690987124462, 'f1_macro': 0.0021551724137931034, 'prec_macro': 0.5, 'rec_macro': 0.004291845493562231, 'f1_micro': 0.004310344827586207, 'prec_micro': 0.004310344827586207, 'rec_micro': 0.004310344827586207}
/home/azureuser/.local/lib/python3.8/site-packages/sklearn/metrics/_classification.py:1344: UndefinedMetricWarning: Precision and F-score are ill-defined and being set to 0.0 in labels with no predicted samples. Use `zero_division` parameter to control this behavior.
  _warn_prf(average, modifier, msg_start, len(result))
epoch 95 time: 58.7s, train loss: 4.148, metrics: {'f1': 0.008583690987124462, 'f1_macro': 0.0021551724137931034, 'prec_macro': 0.5, 'rec_macro': 0.004291845493562231, 'f1_micro': 0.004310344827586207, 'prec_micro': 0.004310344827586207, 'rec_micro': 0.004310344827586207}
/home/azureuser/.local/lib/python3.8/site-packages/sklearn/metrics/_classification.py:1344: UndefinedMetricWarning: Precision and F-score are ill-defined and being set to 0.0 in labels with no predicted samples. Use `zero_division` parameter to control this behavior.
  _warn_prf(average, modifier, msg_start, len(result))
epoch 96 time: 58.7s, train loss: 4.147, metrics: {'f1': 0.008583690987124462, 'f1_macro': 0.0021551724137931034, 'prec_macro': 0.5, 'rec_macro': 0.004291845493562231, 'f1_micro': 0.004310344827586207, 'prec_micro': 0.004310344827586207, 'rec_micro': 0.004310344827586207}
/home/azureuser/.local/lib/python3.8/site-packages/sklearn/metrics/_classification.py:1344: UndefinedMetricWarning: Precision and F-score are ill-defined and being set to 0.0 in labels with no predicted samples. Use `zero_division` parameter to control this behavior.
  _warn_prf(average, modifier, msg_start, len(result))
epoch 97 time: 58.6s, train loss: 4.145, metrics: {'f1': 0.008583690987124462, 'f1_macro': 0.0021551724137931034, 'prec_macro': 0.5, 'rec_macro': 0.004291845493562231, 'f1_micro': 0.004310344827586207, 'prec_micro': 0.004310344827586207, 'rec_micro': 0.004310344827586207}
/home/azureuser/.local/lib/python3.8/site-packages/sklearn/metrics/_classification.py:1344: UndefinedMetricWarning: Precision and F-score are ill-defined and being set to 0.0 in labels with no predicted samples. Use `zero_division` parameter to control this behavior.
  _warn_prf(average, modifier, msg_start, len(result))
epoch 98 time: 58.6s, train loss: 4.144, metrics: {'f1': 0.008583690987124462, 'f1_macro': 0.0021551724137931034, 'prec_macro': 0.5, 'rec_macro': 0.004291845493562231, 'f1_micro': 0.004310344827586207, 'prec_micro': 0.004310344827586207, 'rec_micro': 0.004310344827586207}
/home/azureuser/.local/lib/python3.8/site-packages/sklearn/metrics/_classification.py:1344: UndefinedMetricWarning: Precision and F-score are ill-defined and being set to 0.0 in labels with no predicted samples. Use `zero_division` parameter to control this behavior.
  _warn_prf(average, modifier, msg_start, len(result))
epoch 99 time: 58.6s, train loss: 4.143, metrics: {'f1': 0.008583690987124462, 'f1_macro': 0.0021551724137931034, 'prec_macro': 0.5, 'rec_macro': 0.004291845493562231, 'f1_micro': 0.004310344827586207, 'prec_micro': 0.004310344827586207, 'rec_micro': 0.004310344827586207}
/home/azureuser/.local/lib/python3.8/site-packages/sklearn/metrics/_classification.py:1344: UndefinedMetricWarning: Precision and F-score are ill-defined and being set to 0.0 in labels with no predicted samples. Use `zero_division` parameter to control this behavior.
  _warn_prf(average, modifier, msg_start, len(result))
epoch 100 time: 58.6s, train loss: 4.142, metrics: {'f1': 0.008583690987124462, 'f1_macro': 0.0021551724137931034, 'prec_macro': 0.5, 'rec_macro': 0.004291845493562231, 'f1_micro': 0.004310344827586207, 'prec_micro': 0.004310344827586207, 'rec_micro': 0.004310344827586207}
post-training summary -- best {'f1': 0.012337111573752793, 'f1_macro': 0.5031034215222283, 'prec_macro': 0.6534361471861472, 'rec_macro': 0.2409828491908762, 'f1_micro': 0.30985991379310346, 'prec_micro': 0.30985991379310346, 'rec_micro': 0.30985991379310346}
run 5 start -- seed=4
epoch 1 time: 58.6s, train loss: 4.872, metrics: {'f1': 0.010465116279069767, 'f1_macro': 0.5041075752334833, 'prec_macro': 0.5029610389610389, 'rec_macro': 0.5033916824797616, 'f1_micro': 0.9926637931034483, 'prec_micro': 0.9926637931034483, 'rec_micro': 0.9926637931034483}
epoch 2 time: 58.7s, train loss: 4.824, metrics: {'f1': 0.010770975056689341, 'f1_macro': 0.504075526202509, 'prec_macro': 0.5031168831168831, 'rec_macro': 0.5034979235999617, 'f1_micro': 0.9924784482758621, 'prec_micro': 0.9924784482758621, 'rec_micro': 0.9924784482758621}
epoch 3 time: 58.6s, train loss: 4.78, metrics: {'f1': 0.009184845005740528, 'f1_macro': 0.5032460449128136, 'prec_macro': 0.5024112554112554, 'rec_macro': 0.5027254997021832, 'f1_micro': 0.9925603448275863, 'prec_micro': 0.9925603448275863, 'rec_micro': 0.9925603448275863}
epoch 4 time: 58.6s, train loss: 4.758, metrics: {'f1': 0.019979681679647816, 'f1_macro': 0.5054431317916466, 'prec_macro': 0.5105865800865801, 'rec_macro': 0.5068513321845242, 'f1_micro': 0.9875258620689655, 'prec_micro': 0.9875258620689655, 'rec_micro': 0.9875258620689655}
epoch 5 time: 58.7s, train loss: 4.736, metrics: {'f1': 0.031621942114278184, 'f1_macro': 0.5068167118620116, 'prec_macro': 0.5679123376623376, 'rec_macro': 0.5036323116873208, 'f1_micro': 0.9524806034482759, 'prec_micro': 0.9524806034482759, 'rec_micro': 0.9524806034482759}
epoch 6 time: 58.7s, train loss: 4.706, metrics: {'f1': 0.03362750565926315, 'f1_macro': 0.5074884481661355, 'prec_macro': 0.6935476190476191, 'rec_macro': 0.48284061670411005, 'f1_micro': 0.8730344827586207, 'prec_micro': 0.8730344827586207, 'rec_micro': 0.8730344827586207}
epoch 7 time: 58.7s, train loss: 4.673, metrics: {'f1': 0.03405569630474498, 'f1_macro': 0.508262821534878, 'prec_macro': 0.8185183982683983, 'rec_macro': 0.45930322342667296, 'f1_micro': 0.7937521551724138, 'prec_micro': 0.7937521551724138, 'rec_micro': 0.7937521551724138}
epoch 8 time: 58.7s, train loss: 4.642, metrics: {'f1': 0.01212290850283013, 'f1_macro': 0.5028731769868792, 'prec_macro': 0.6435367965367965, 'rec_macro': 0.24417938453535795, 'f1_micro': 0.31542672413793105, 'prec_micro': 0.31542672413793105, 'rec_micro': 0.31542672413793105}
epoch 9 time: 58.7s, train loss: 4.621, metrics: {'f1': 0.012302154268643424, 'f1_macro': 0.5030561213856157, 'prec_macro': 0.6516125541125541, 'rec_macro': 0.2420443825944122, 'f1_micro': 0.31168103448275863, 'prec_micro': 0.31168103448275863, 'rec_micro': 0.31168103448275863}
epoch 10 time: 58.6s, train loss: 4.596, metrics: {'f1': 0.01233374610517344, 'f1_macro': 0.5030920480746405, 'prec_macro': 0.6531136363636364, 'rec_macro': 0.24148026838802872, 'f1_micro': 0.31070474137931037, 'prec_micro': 0.31070474137931037, 'rec_micro': 0.31070474137931037}
epoch 11 time: 58.6s, train loss: 4.569, metrics: {'f1': 0.01233169671926257, 'f1_macro': 0.5030950258337559, 'prec_macro': 0.6531309523809523, 'rec_macro': 0.24120741588844546, 'f1_micro': 0.3102435344827586, 'prec_micro': 0.3102435344827586, 'rec_micro': 0.3102435344827586}
epoch 12 time: 58.7s, train loss: 4.549, metrics: {'f1': 0.012334062435406594, 'f1_macro': 0.5030991347017196, 'prec_macro': 0.6532738095238095, 'rec_macro': 0.24108357602880923, 'f1_micro': 0.3100323275862069, 'prec_micro': 0.3100323275862069, 'rec_micro': 0.3100323275862069}
epoch 13 time: 58.6s, train loss: 4.528, metrics: {'f1': 0.01233764431188331, 'f1_macro': 0.503103556365239, 'prec_macro': 0.6534512987012987, 'rec_macro': 0.24100085785053033, 'f1_micro': 0.30989008620689656, 'prec_micro': 0.30989008620689656, 'rec_micro': 0.30989008620689656}
epoch 14 time: 58.7s, train loss: 4.505, metrics: {'f1': 0.012336274506780324, 'f1_macro': 0.5031032096497408, 'prec_macro': 0.6534123376623376, 'rec_macro': 0.2409545482525902, 'f1_micro': 0.3098125, 'prec_micro': 0.3098125, 'rec_micro': 0.3098125}
epoch 15 time: 58.6s, train loss: 4.484, metrics: {'f1': 0.012335247352547539, 'f1_macro': 0.5031029496639505, 'prec_macro': 0.6533831168831169, 'rec_macro': 0.24091981258316197, 'f1_micro': 0.3097543103448276, 'prec_micro': 0.3097543103448276, 'rec_micro': 0.3097543103448276}
epoch 16 time: 58.7s, train loss: 4.466, metrics: {'f1': 0.012335171273853139, 'f1_macro': 0.5031029304074768, 'prec_macro': 0.6533809523809524, 'rec_macro': 0.24091723945224613, 'f1_micro': 0.30975, 'prec_micro': 0.30975, 'rec_micro': 0.30975}
epoch 17 time: 58.7s, train loss: 4.447, metrics: {'f1': 0.012334866968459746, 'f1_macro': 0.5031028533839719, 'prec_macro': 0.6533722943722944, 'rec_macro': 0.24090694676530908, 'f1_micro': 0.30973275862068966, 'prec_micro': 0.30973275862068966, 'rec_micro': 0.30973275862068966}
epoch 18 time: 58.6s, train loss: 4.428, metrics: {'f1': 0.012334828931341258, 'f1_macro': 0.5031028437563027, 'prec_macro': 0.6533712121212121, 'rec_macro': 0.2409056601610733, 'f1_micro': 0.30973060344827585, 'prec_micro': 0.30973060344827585, 'rec_micro': 0.30973060344827585}
epoch 19 time: 58.6s, train loss: 4.412, metrics: {'f1': 0.012334600713556652, 'f1_macro': 0.5031027859915418, 'prec_macro': 0.6533647186147187, 'rec_macro': 0.24089794044993576, 'f1_micro': 0.3097176724137931, 'prec_micro': 0.3097176724137931, 'rec_micro': 0.3097176724137931}
epoch 20 time: 58.6s, train loss: 4.396, metrics: {'f1': 0.01233452464283842, 'f1_macro': 0.5031027667370995, 'prec_macro': 0.6533625541125541, 'rec_macro': 0.2408953671802332, 'f1_micro': 0.3097133620689655, 'prec_micro': 0.3097133620689655, 'rec_micro': 0.3097133620689655}
epoch 21 time: 58.6s, train loss: 4.379, metrics: {'f1': 0.012334448573058482, 'f1_macro': 0.5031027474828961, 'prec_macro': 0.6533603896103897, 'rec_macro': 0.24089279389420185, 'f1_micro': 0.30970905172413793, 'prec_micro': 0.30970905172413793, 'rec_micro': 0.30970905172413793}
epoch 22 time: 58.5s, train loss: 4.365, metrics: {'f1': 0.012334448573058482, 'f1_macro': 0.5031027474828961, 'prec_macro': 0.6533603896103897, 'rec_macro': 0.24089279389420185, 'f1_micro': 0.30970905172413793, 'prec_micro': 0.30970905172413793, 'rec_micro': 0.30970905172413793}
epoch 23 time: 58.7s, train loss: 4.352, metrics: {'f1': 0.012334448573058482, 'f1_macro': 0.5031027474828961, 'prec_macro': 0.6533603896103897, 'rec_macro': 0.24089279389420185, 'f1_micro': 0.30970905172413793, 'prec_micro': 0.30970905172413793, 'rec_micro': 0.30970905172413793}
epoch 24 time: 58.7s, train loss: 4.339, metrics: {'f1': 0.012334448573058482, 'f1_macro': 0.5031027474828961, 'prec_macro': 0.6533603896103897, 'rec_macro': 0.24089279389420185, 'f1_micro': 0.30970905172413793, 'prec_micro': 0.30970905172413793, 'rec_micro': 0.30970905172413793}
epoch 25 time: 58.6s, train loss: 4.326, metrics: {'f1': 0.012334448573058482, 'f1_macro': 0.5031027474828961, 'prec_macro': 0.6533603896103897, 'rec_macro': 0.24089279389420185, 'f1_micro': 0.30970905172413793, 'prec_micro': 0.30970905172413793, 'rec_micro': 0.30970905172413793}
epoch 26 time: 58.9s, train loss: 4.315, metrics: {'f1': 0.012334448573058482, 'f1_macro': 0.5031027474828961, 'prec_macro': 0.6533603896103897, 'rec_macro': 0.24089279389420185, 'f1_micro': 0.30970905172413793, 'prec_micro': 0.30970905172413793, 'rec_micro': 0.30970905172413793}
epoch 27 time: 58.6s, train loss: 4.304, metrics: {'f1': 0.012334410538520364, 'f1_macro': 0.503102737855884, 'prec_macro': 0.6533593073593074, 'rec_macro': 0.2408915072450629, 'f1_micro': 0.3097068965517241, 'prec_micro': 0.3097068965517241, 'rec_micro': 0.3097068965517241}
epoch 28 time: 58.6s, train loss: 4.293, metrics: {'f1': 0.012334410538520364, 'f1_macro': 0.503102737855884, 'prec_macro': 0.6533593073593074, 'rec_macro': 0.2408915072450629, 'f1_micro': 0.3097068965517241, 'prec_micro': 0.3097068965517241, 'rec_micro': 0.3097068965517241}
epoch 29 time: 58.7s, train loss: 4.284, metrics: {'f1': 0.012334410538520364, 'f1_macro': 0.503102737855884, 'prec_macro': 0.6533593073593074, 'rec_macro': 0.2408915072450629, 'f1_micro': 0.3097068965517241, 'prec_micro': 0.3097068965517241, 'rec_micro': 0.3097068965517241}
epoch 30 time: 58.7s, train loss: 4.275, metrics: {'f1': 0.012334410538520364, 'f1_macro': 0.503102737855884, 'prec_macro': 0.6533593073593074, 'rec_macro': 0.2408915072450629, 'f1_micro': 0.3097068965517241, 'prec_micro': 0.3097068965517241, 'rec_micro': 0.3097068965517241}
epoch 31 time: 58.6s, train loss: 4.267, metrics: {'f1': 0.012334410538520364, 'f1_macro': 0.503102737855884, 'prec_macro': 0.6533593073593074, 'rec_macro': 0.2408915072450629, 'f1_micro': 0.3097068965517241, 'prec_micro': 0.3097068965517241, 'rec_micro': 0.3097068965517241}
epoch 32 time: 58.6s, train loss: 4.259, metrics: {'f1': 0.012334410538520364, 'f1_macro': 0.503102737855884, 'prec_macro': 0.6533593073593074, 'rec_macro': 0.2408915072450629, 'f1_micro': 0.3097068965517241, 'prec_micro': 0.3097068965517241, 'rec_micro': 0.3097068965517241}
epoch 33 time: 58.6s, train loss: 4.252, metrics: {'f1': 0.012334410538520364, 'f1_macro': 0.503102737855884, 'prec_macro': 0.6533593073593074, 'rec_macro': 0.2408915072450629, 'f1_micro': 0.3097068965517241, 'prec_micro': 0.3097068965517241, 'rec_micro': 0.3097068965517241}
epoch 34 time: 58.7s, train loss: 4.245, metrics: {'f1': 0.012334410538520364, 'f1_macro': 0.503102737855884, 'prec_macro': 0.6533593073593074, 'rec_macro': 0.2408915072450629, 'f1_micro': 0.3097068965517241, 'prec_micro': 0.3097068965517241, 'rec_micro': 0.3097068965517241}
epoch 35 time: 58.7s, train loss: 4.239, metrics: {'f1': 0.012334410538520364, 'f1_macro': 0.503102737855884, 'prec_macro': 0.6533593073593074, 'rec_macro': 0.2408915072450629, 'f1_micro': 0.3097068965517241, 'prec_micro': 0.3097068965517241, 'rec_micro': 0.3097068965517241}
epoch 36 time: 58.6s, train loss: 4.233, metrics: {'f1': 0.012334372504216814, 'f1_macro': 0.5031027282289317, 'prec_macro': 0.653358225108225, 'rec_macro': 0.2408902205918417, 'f1_micro': 0.30970474137931037, 'prec_micro': 0.30970474137931037, 'rec_micro': 0.30970474137931037}
epoch 37 time: 58.6s, train loss: 4.228, metrics: {'f1': 0.012334372504216814, 'f1_macro': 0.5031027282289317, 'prec_macro': 0.653358225108225, 'rec_macro': 0.2408902205918417, 'f1_micro': 0.30970474137931037, 'prec_micro': 0.30970474137931037, 'rec_micro': 0.30970474137931037}
epoch 38 time: 58.7s, train loss: 4.224, metrics: {'f1': 0.012334334470147826, 'f1_macro': 0.5031027186020391, 'prec_macro': 0.6533571428571429, 'rec_macro': 0.24088893393453822, 'f1_micro': 0.30970258620689656, 'prec_micro': 0.30970258620689656, 'rec_micro': 0.30970258620689656}
epoch 39 time: 58.7s, train loss: 4.219, metrics: {'f1': 0.012334334470147826, 'f1_macro': 0.5031027186020391, 'prec_macro': 0.6533571428571429, 'rec_macro': 0.24088893393453822, 'f1_micro': 0.30970258620689656, 'prec_micro': 0.30970258620689656, 'rec_micro': 0.30970258620689656}
epoch 40 time: 58.7s, train loss: 4.215, metrics: {'f1': 0.012334334470147826, 'f1_macro': 0.5031027186020391, 'prec_macro': 0.6533571428571429, 'rec_macro': 0.24088893393453822, 'f1_micro': 0.30970258620689656, 'prec_micro': 0.30970258620689656, 'rec_micro': 0.30970258620689656}
epoch 41 time: 58.7s, train loss: 4.212, metrics: {'f1': 0.012334334470147826, 'f1_macro': 0.5031027186020391, 'prec_macro': 0.6533571428571429, 'rec_macro': 0.24088893393453822, 'f1_micro': 0.30970258620689656, 'prec_micro': 0.30970258620689656, 'rec_micro': 0.30970258620689656}
epoch 42 time: 58.6s, train loss: 4.209, metrics: {'f1': 0.012334334470147826, 'f1_macro': 0.5031027186020391, 'prec_macro': 0.6533571428571429, 'rec_macro': 0.24088893393453822, 'f1_micro': 0.30970258620689656, 'prec_micro': 0.30970258620689656, 'rec_micro': 0.30970258620689656}
epoch 43 time: 58.7s, train loss: 4.206, metrics: {'f1': 0.012334334470147826, 'f1_macro': 0.5031027186020391, 'prec_macro': 0.6533571428571429, 'rec_macro': 0.24088893393453822, 'f1_micro': 0.30970258620689656, 'prec_micro': 0.30970258620689656, 'rec_micro': 0.30970258620689656}
epoch 44 time: 58.7s, train loss: 4.204, metrics: {'f1': 0.012334334470147826, 'f1_macro': 0.5031027186020391, 'prec_macro': 0.6533571428571429, 'rec_macro': 0.24088893393453822, 'f1_micro': 0.30970258620689656, 'prec_micro': 0.30970258620689656, 'rec_micro': 0.30970258620689656}
epoch 45 time: 58.7s, train loss: 4.202, metrics: {'f1': 0.012334334470147826, 'f1_macro': 0.5031027186020391, 'prec_macro': 0.6533571428571429, 'rec_macro': 0.24088893393453822, 'f1_micro': 0.30970258620689656, 'prec_micro': 0.30970258620689656, 'rec_micro': 0.30970258620689656}
epoch 46 time: 58.7s, train loss: 4.2, metrics: {'f1': 0.012334334470147826, 'f1_macro': 0.5031027186020391, 'prec_macro': 0.6533571428571429, 'rec_macro': 0.24088893393453822, 'f1_micro': 0.30970258620689656, 'prec_micro': 0.30970258620689656, 'rec_micro': 0.30970258620689656}
epoch 47 time: 58.7s, train loss: 4.198, metrics: {'f1': 0.012334334470147826, 'f1_macro': 0.5031027186020391, 'prec_macro': 0.6533571428571429, 'rec_macro': 0.24088893393453822, 'f1_micro': 0.30970258620689656, 'prec_micro': 0.30970258620689656, 'rec_micro': 0.30970258620689656}
epoch 48 time: 58.6s, train loss: 4.197, metrics: {'f1': 0.012334334470147826, 'f1_macro': 0.5031027186020391, 'prec_macro': 0.6533571428571429, 'rec_macro': 0.24088893393453822, 'f1_micro': 0.30970258620689656, 'prec_micro': 0.30970258620689656, 'rec_micro': 0.30970258620689656}
epoch 49 time: 58.6s, train loss: 4.196, metrics: {'f1': 0.012334334470147826, 'f1_macro': 0.5031027186020391, 'prec_macro': 0.6533571428571429, 'rec_macro': 0.24088893393453822, 'f1_micro': 0.30970258620689656, 'prec_micro': 0.30970258620689656, 'rec_micro': 0.30970258620689656}
epoch 50 time: 58.7s, train loss: 4.195, metrics: {'f1': 0.012334334470147826, 'f1_macro': 0.5031027186020391, 'prec_macro': 0.6533571428571429, 'rec_macro': 0.24088893393453822, 'f1_micro': 0.30970258620689656, 'prec_micro': 0.30970258620689656, 'rec_micro': 0.30970258620689656}
epoch 51 time: 58.7s, train loss: 4.195, metrics: {'f1': 0.012334334470147826, 'f1_macro': 0.5031027186020391, 'prec_macro': 0.6533571428571429, 'rec_macro': 0.24088893393453822, 'f1_micro': 0.30970258620689656, 'prec_micro': 0.30970258620689656, 'rec_micro': 0.30970258620689656}
epoch 52 time: 58.7s, train loss: 4.195, metrics: {'f1': 0.012334334470147826, 'f1_macro': 0.5031027186020391, 'prec_macro': 0.6533571428571429, 'rec_macro': 0.24088893393453822, 'f1_micro': 0.30970258620689656, 'prec_micro': 0.30970258620689656, 'rec_micro': 0.30970258620689656}
epoch 53 time: 58.7s, train loss: 4.195, metrics: {'f1': 0.012334334470147826, 'f1_macro': 0.5031027186020391, 'prec_macro': 0.6533571428571429, 'rec_macro': 0.24088893393453822, 'f1_micro': 0.30970258620689656, 'prec_micro': 0.30970258620689656, 'rec_micro': 0.30970258620689656}
epoch 54 time: 58.6s, train loss: 4.195, metrics: {'f1': 0.012334334470147826, 'f1_macro': 0.5031027186020391, 'prec_macro': 0.6533571428571429, 'rec_macro': 0.24088893393453822, 'f1_micro': 0.30970258620689656, 'prec_micro': 0.30970258620689656, 'rec_micro': 0.30970258620689656}
epoch 55 time: 58.7s, train loss: 4.195, metrics: {'f1': 0.012334334470147826, 'f1_macro': 0.5031027186020391, 'prec_macro': 0.6533571428571429, 'rec_macro': 0.24088893393453822, 'f1_micro': 0.30970258620689656, 'prec_micro': 0.30970258620689656, 'rec_micro': 0.30970258620689656}
epoch 56 time: 58.8s, train loss: 4.195, metrics: {'f1': 0.012334334470147826, 'f1_macro': 0.5031027186020391, 'prec_macro': 0.6533571428571429, 'rec_macro': 0.24088893393453822, 'f1_micro': 0.30970258620689656, 'prec_micro': 0.30970258620689656, 'rec_micro': 0.30970258620689656}
epoch 57 time: 58.8s, train loss: 4.196, metrics: {'f1': 0.012334334470147826, 'f1_macro': 0.5031027186020391, 'prec_macro': 0.6533571428571429, 'rec_macro': 0.24088893393453822, 'f1_micro': 0.30970258620689656, 'prec_micro': 0.30970258620689656, 'rec_micro': 0.30970258620689656}
epoch 58 time: 58.7s, train loss: 4.197, metrics: {'f1': 0.012334334470147826, 'f1_macro': 0.5031027186020391, 'prec_macro': 0.6533571428571429, 'rec_macro': 0.24088893393453822, 'f1_micro': 0.30970258620689656, 'prec_micro': 0.30970258620689656, 'rec_micro': 0.30970258620689656}
epoch 59 time: 58.7s, train loss: 4.197, metrics: {'f1': 0.012334334470147826, 'f1_macro': 0.5031027186020391, 'prec_macro': 0.6533571428571429, 'rec_macro': 0.24088893393453822, 'f1_micro': 0.30970258620689656, 'prec_micro': 0.30970258620689656, 'rec_micro': 0.30970258620689656}
epoch 60 time: 58.7s, train loss: 4.198, metrics: {'f1': 0.012334334470147826, 'f1_macro': 0.5031027186020391, 'prec_macro': 0.6533571428571429, 'rec_macro': 0.24088893393453822, 'f1_micro': 0.30970258620689656, 'prec_micro': 0.30970258620689656, 'rec_micro': 0.30970258620689656}
epoch 61 time: 58.7s, train loss: 4.199, metrics: {'f1': 0.012334334470147826, 'f1_macro': 0.5031027186020391, 'prec_macro': 0.6533571428571429, 'rec_macro': 0.24088893393453822, 'f1_micro': 0.30970258620689656, 'prec_micro': 0.30970258620689656, 'rec_micro': 0.30970258620689656}
epoch 62 time: 58.7s, train loss: 4.201, metrics: {'f1': 0.012334334470147826, 'f1_macro': 0.5031027186020391, 'prec_macro': 0.6533571428571429, 'rec_macro': 0.24088893393453822, 'f1_micro': 0.30970258620689656, 'prec_micro': 0.30970258620689656, 'rec_micro': 0.30970258620689656}
epoch 63 time: 58.6s, train loss: 4.202, metrics: {'f1': 0.012334334470147826, 'f1_macro': 0.5031027186020391, 'prec_macro': 0.6533571428571429, 'rec_macro': 0.24088893393453822, 'f1_micro': 0.30970258620689656, 'prec_micro': 0.30970258620689656, 'rec_micro': 0.30970258620689656}
epoch 64 time: 58.6s, train loss: 4.203, metrics: {'f1': 0.012334334470147826, 'f1_macro': 0.5031027186020391, 'prec_macro': 0.6533571428571429, 'rec_macro': 0.24088893393453822, 'f1_micro': 0.30970258620689656, 'prec_micro': 0.30970258620689656, 'rec_micro': 0.30970258620689656}
epoch 65 time: 58.6s, train loss: 4.204, metrics: {'f1': 0.012334334470147826, 'f1_macro': 0.5031027186020391, 'prec_macro': 0.6533571428571429, 'rec_macro': 0.24088893393453822, 'f1_micro': 0.30970258620689656, 'prec_micro': 0.30970258620689656, 'rec_micro': 0.30970258620689656}
epoch 66 time: 58.6s, train loss: 4.206, metrics: {'f1': 0.012334334470147826, 'f1_macro': 0.5031027186020391, 'prec_macro': 0.6533571428571429, 'rec_macro': 0.24088893393453822, 'f1_micro': 0.30970258620689656, 'prec_micro': 0.30970258620689656, 'rec_micro': 0.30970258620689656}
epoch 67 time: 58.6s, train loss: 4.207, metrics: {'f1': 0.012334334470147826, 'f1_macro': 0.5031027186020391, 'prec_macro': 0.6533571428571429, 'rec_macro': 0.24088893393453822, 'f1_micro': 0.30970258620689656, 'prec_micro': 0.30970258620689656, 'rec_micro': 0.30970258620689656}
epoch 68 time: 58.7s, train loss: 4.208, metrics: {'f1': 0.012334334470147826, 'f1_macro': 0.5031027186020391, 'prec_macro': 0.6533571428571429, 'rec_macro': 0.24088893393453822, 'f1_micro': 0.30970258620689656, 'prec_micro': 0.30970258620689656, 'rec_micro': 0.30970258620689656}
epoch 69 time: 58.6s, train loss: 4.21, metrics: {'f1': 0.012334334470147826, 'f1_macro': 0.5031027186020391, 'prec_macro': 0.6533571428571429, 'rec_macro': 0.24088893393453822, 'f1_micro': 0.30970258620689656, 'prec_micro': 0.30970258620689656, 'rec_micro': 0.30970258620689656}
epoch 70 time: 58.6s, train loss: 4.211, metrics: {'f1': 0.012334334470147826, 'f1_macro': 0.5031027186020391, 'prec_macro': 0.6533571428571429, 'rec_macro': 0.24088893393453822, 'f1_micro': 0.30970258620689656, 'prec_micro': 0.30970258620689656, 'rec_micro': 0.30970258620689656}
epoch 71 time: 58.7s, train loss: 4.213, metrics: {'f1': 0.012334334470147826, 'f1_macro': 0.5031027186020391, 'prec_macro': 0.6533571428571429, 'rec_macro': 0.24088893393453822, 'f1_micro': 0.30970258620689656, 'prec_micro': 0.30970258620689656, 'rec_micro': 0.30970258620689656}
epoch 72 time: 58.6s, train loss: 4.214, metrics: {'f1': 0.012334334470147826, 'f1_macro': 0.5031027186020391, 'prec_macro': 0.6533571428571429, 'rec_macro': 0.24088893393453822, 'f1_micro': 0.30970258620689656, 'prec_micro': 0.30970258620689656, 'rec_micro': 0.30970258620689656}
epoch 73 time: 58.7s, train loss: 4.215, metrics: {'f1': 0.012334334470147826, 'f1_macro': 0.5031027186020391, 'prec_macro': 0.6533571428571429, 'rec_macro': 0.24088893393453822, 'f1_micro': 0.30970258620689656, 'prec_micro': 0.30970258620689656, 'rec_micro': 0.30970258620689656}
epoch 74 time: 58.7s, train loss: 4.217, metrics: {'f1': 0.012334334470147826, 'f1_macro': 0.5031027186020391, 'prec_macro': 0.6533571428571429, 'rec_macro': 0.24088893393453822, 'f1_micro': 0.30970258620689656, 'prec_micro': 0.30970258620689656, 'rec_micro': 0.30970258620689656}
epoch 75 time: 58.7s, train loss: 4.218, metrics: {'f1': 0.012334334470147826, 'f1_macro': 0.5031027186020391, 'prec_macro': 0.6533571428571429, 'rec_macro': 0.24088893393453822, 'f1_micro': 0.30970258620689656, 'prec_micro': 0.30970258620689656, 'rec_micro': 0.30970258620689656}
epoch 76 time: 58.7s, train loss: 4.219, metrics: {'f1': 0.012334334470147826, 'f1_macro': 0.5031027186020391, 'prec_macro': 0.6533571428571429, 'rec_macro': 0.24088893393453822, 'f1_micro': 0.30970258620689656, 'prec_micro': 0.30970258620689656, 'rec_micro': 0.30970258620689656}
epoch 77 time: 58.6s, train loss: 4.22, metrics: {'f1': 0.012334334470147826, 'f1_macro': 0.5031027186020391, 'prec_macro': 0.6533571428571429, 'rec_macro': 0.24088893393453822, 'f1_micro': 0.30970258620689656, 'prec_micro': 0.30970258620689656, 'rec_micro': 0.30970258620689656}
epoch 78 time: 58.7s, train loss: 4.221, metrics: {'f1': 0.012334334470147826, 'f1_macro': 0.5031027186020391, 'prec_macro': 0.6533571428571429, 'rec_macro': 0.24088893393453822, 'f1_micro': 0.30970258620689656, 'prec_micro': 0.30970258620689656, 'rec_micro': 0.30970258620689656}
epoch 79 time: 67.5s, train loss: 4.222, metrics: {'f1': 0.012334334470147826, 'f1_macro': 0.5031027186020391, 'prec_macro': 0.6533571428571429, 'rec_macro': 0.24088893393453822, 'f1_micro': 0.30970258620689656, 'prec_micro': 0.30970258620689656, 'rec_micro': 0.30970258620689656}
epoch 80 time: 66.0s, train loss: 4.223, metrics: {'f1': 0.012334334470147826, 'f1_macro': 0.5031027186020391, 'prec_macro': 0.6533571428571429, 'rec_macro': 0.24088893393453822, 'f1_micro': 0.30970258620689656, 'prec_micro': 0.30970258620689656, 'rec_micro': 0.30970258620689656}
epoch 81 time: 58.7s, train loss: 4.224, metrics: {'f1': 0.012334334470147826, 'f1_macro': 0.5031027186020391, 'prec_macro': 0.6533571428571429, 'rec_macro': 0.24088893393453822, 'f1_micro': 0.30970258620689656, 'prec_micro': 0.30970258620689656, 'rec_micro': 0.30970258620689656}
epoch 82 time: 59.0s, train loss: 4.224, metrics: {'f1': 0.012334334470147826, 'f1_macro': 0.5031027186020391, 'prec_macro': 0.6533571428571429, 'rec_macro': 0.24088893393453822, 'f1_micro': 0.30970258620689656, 'prec_micro': 0.30970258620689656, 'rec_micro': 0.30970258620689656}
epoch 83 time: 58.7s, train loss: 4.225, metrics: {'f1': 0.012334334470147826, 'f1_macro': 0.5031027186020391, 'prec_macro': 0.6533571428571429, 'rec_macro': 0.24088893393453822, 'f1_micro': 0.30970258620689656, 'prec_micro': 0.30970258620689656, 'rec_micro': 0.30970258620689656}
epoch 84 time: 58.6s, train loss: 4.225, metrics: {'f1': 0.012334334470147826, 'f1_macro': 0.5031027186020391, 'prec_macro': 0.6533571428571429, 'rec_macro': 0.24088893393453822, 'f1_micro': 0.30970258620689656, 'prec_micro': 0.30970258620689656, 'rec_micro': 0.30970258620689656}
epoch 85 time: 58.6s, train loss: 4.226, metrics: {'f1': 0.012334334470147826, 'f1_macro': 0.5031027186020391, 'prec_macro': 0.6533571428571429, 'rec_macro': 0.24088893393453822, 'f1_micro': 0.30970258620689656, 'prec_micro': 0.30970258620689656, 'rec_micro': 0.30970258620689656}
epoch 86 time: 58.7s, train loss: 4.226, metrics: {'f1': 0.012334334470147826, 'f1_macro': 0.5031027186020391, 'prec_macro': 0.6533571428571429, 'rec_macro': 0.24088893393453822, 'f1_micro': 0.30970258620689656, 'prec_micro': 0.30970258620689656, 'rec_micro': 0.30970258620689656}
epoch 87 time: 58.8s, train loss: 4.226, metrics: {'f1': 0.012334334470147826, 'f1_macro': 0.5031027186020391, 'prec_macro': 0.6533571428571429, 'rec_macro': 0.24088893393453822, 'f1_micro': 0.30970258620689656, 'prec_micro': 0.30970258620689656, 'rec_micro': 0.30970258620689656}
epoch 88 time: 58.7s, train loss: 4.226, metrics: {'f1': 0.012334334470147826, 'f1_macro': 0.5031027186020391, 'prec_macro': 0.6533571428571429, 'rec_macro': 0.24088893393453822, 'f1_micro': 0.30970258620689656, 'prec_micro': 0.30970258620689656, 'rec_micro': 0.30970258620689656}
epoch 89 time: 58.7s, train loss: 4.226, metrics: {'f1': 0.012334334470147826, 'f1_macro': 0.5031027186020391, 'prec_macro': 0.6533571428571429, 'rec_macro': 0.24088893393453822, 'f1_micro': 0.30970258620689656, 'prec_micro': 0.30970258620689656, 'rec_micro': 0.30970258620689656}
epoch 90 time: 58.6s, train loss: 4.226, metrics: {'f1': 0.012334334470147826, 'f1_macro': 0.5031027186020391, 'prec_macro': 0.6533571428571429, 'rec_macro': 0.24088893393453822, 'f1_micro': 0.30970258620689656, 'prec_micro': 0.30970258620689656, 'rec_micro': 0.30970258620689656}
epoch 91 time: 58.6s, train loss: 4.225, metrics: {'f1': 0.012334334470147826, 'f1_macro': 0.5031027186020391, 'prec_macro': 0.6533571428571429, 'rec_macro': 0.24088893393453822, 'f1_micro': 0.30970258620689656, 'prec_micro': 0.30970258620689656, 'rec_micro': 0.30970258620689656}
epoch 92 time: 58.6s, train loss: 4.225, metrics: {'f1': 0.012334334470147826, 'f1_macro': 0.5031027186020391, 'prec_macro': 0.6533571428571429, 'rec_macro': 0.24088893393453822, 'f1_micro': 0.30970258620689656, 'prec_micro': 0.30970258620689656, 'rec_micro': 0.30970258620689656}
epoch 93 time: 58.6s, train loss: 4.224, metrics: {'f1': 0.012334334470147826, 'f1_macro': 0.5031027186020391, 'prec_macro': 0.6533571428571429, 'rec_macro': 0.24088893393453822, 'f1_micro': 0.30970258620689656, 'prec_micro': 0.30970258620689656, 'rec_micro': 0.30970258620689656}
epoch 94 time: 58.6s, train loss: 4.223, metrics: {'f1': 0.012334334470147826, 'f1_macro': 0.5031027186020391, 'prec_macro': 0.6533571428571429, 'rec_macro': 0.24088893393453822, 'f1_micro': 0.30970258620689656, 'prec_micro': 0.30970258620689656, 'rec_micro': 0.30970258620689656}
epoch 95 time: 58.6s, train loss: 4.222, metrics: {'f1': 0.012334334470147826, 'f1_macro': 0.5031027186020391, 'prec_macro': 0.6533571428571429, 'rec_macro': 0.24088893393453822, 'f1_micro': 0.30970258620689656, 'prec_micro': 0.30970258620689656, 'rec_micro': 0.30970258620689656}
epoch 96 time: 58.7s, train loss: 4.221, metrics: {'f1': 0.012334334470147826, 'f1_macro': 0.5031027186020391, 'prec_macro': 0.6533571428571429, 'rec_macro': 0.24088893393453822, 'f1_micro': 0.30970258620689656, 'prec_micro': 0.30970258620689656, 'rec_micro': 0.30970258620689656}
epoch 97 time: 58.7s, train loss: 4.22, metrics: {'f1': 0.012334334470147826, 'f1_macro': 0.5031027186020391, 'prec_macro': 0.6533571428571429, 'rec_macro': 0.24088893393453822, 'f1_micro': 0.30970258620689656, 'prec_micro': 0.30970258620689656, 'rec_micro': 0.30970258620689656}
epoch 98 time: 58.8s, train loss: 4.219, metrics: {'f1': 0.012334334470147826, 'f1_macro': 0.5031027186020391, 'prec_macro': 0.6533571428571429, 'rec_macro': 0.24088893393453822, 'f1_micro': 0.30970258620689656, 'prec_micro': 0.30970258620689656, 'rec_micro': 0.30970258620689656}
epoch 99 time: 58.7s, train loss: 4.217, metrics: {'f1': 0.012334334470147826, 'f1_macro': 0.5031027186020391, 'prec_macro': 0.6533571428571429, 'rec_macro': 0.24088893393453822, 'f1_micro': 0.30970258620689656, 'prec_micro': 0.30970258620689656, 'rec_micro': 0.30970258620689656}
epoch 100 time: 58.6s, train loss: 4.216, metrics: {'f1': 0.012334334470147826, 'f1_macro': 0.5031027186020391, 'prec_macro': 0.6533571428571429, 'rec_macro': 0.24088893393453822, 'f1_micro': 0.30970258620689656, 'prec_micro': 0.30970258620689656, 'rec_micro': 0.30970258620689656}
post-training summary -- best {'f1': 0.03405569630474498, 'f1_macro': 0.508262821534878, 'prec_macro': 0.8185183982683983, 'rec_macro': 0.45930322342667296, 'f1_micro': 0.7937521551724138, 'prec_micro': 0.7937521551724138, 'rec_micro': 0.7937521551724138}
run 1: {}
run 2: {'f1': 0.0363758389261745, 'f1_macro': 0.508587449456024, 'prec_macro': 0.5540822510822511, 'rec_macro': 0.5103256918866992, 'f1_micro': 0.9690560344827586, 'prec_micro': 0.9690560344827586, 'rec_micro': 0.9690560344827586}
run 3: {'f1': 0.03538680873414872, 'f1_macro': 0.5080925638167231, 'prec_macro': 0.7260746753246754, 'rec_macro': 0.4803822760997312, 'f1_micro': 0.8614719827586207, 'prec_micro': 0.8614719827586207, 'rec_micro': 0.8614719827586207}
run 4: {'f1': 0.012337111573752793, 'f1_macro': 0.5031034215222283, 'prec_macro': 0.6534361471861472, 'rec_macro': 0.2409828491908762, 'f1_micro': 0.30985991379310346, 'prec_micro': 0.30985991379310346, 'rec_micro': 0.30985991379310346}
run 5: {'f1': 0.03405569630474498, 'f1_macro': 0.508262821534878, 'prec_macro': 0.8185183982683983, 'rec_macro': 0.45930322342667296, 'f1_micro': 0.7937521551724138, 'prec_micro': 0.7937521551724138, 'rec_micro': 0.7937521551724138}
done.
Traceback (most recent call last):
  File "train.py", line 488, in <module>
    all_runs_main_metric = [
  File "train.py", line 489, in <listcomp>
    single_run_metric[main_metric] for single_run_metric in all_runs_metrics
KeyError: 'f1'
