reading data...
done.
creating training artifacts...
Using cached encoded data file: train_2_error.pkl
Using cached encoded data file: test_2_error.pkl
done.
training textcnn model...
run 1 start -- seed=0
/home/azureuser/.local/lib/python3.8/site-packages/sklearn/metrics/_classification.py:1344: UndefinedMetricWarning: Precision and F-score are ill-defined and being set to 0.0 in labels with no predicted samples. Use `zero_division` parameter to control this behavior.
  _warn_prf(average, modifier, msg_start, len(result))
epoch 1 time: 65.7s, train loss: 10.21, metrics: {'f1': 0.0, 'f1_macro': 0.4956896551724138, 'prec_macro': 0.5, 'rec_macro': 0.49783549783549785, 'f1_micro': 0.9913793103448276, 'prec_micro': 0.9913793103448276, 'rec_micro': 0.9913793103448276}
/home/azureuser/.local/lib/python3.8/site-packages/sklearn/metrics/_classification.py:1344: UndefinedMetricWarning: Precision and F-score are ill-defined and being set to 0.0 in labels with no predicted samples. Use `zero_division` parameter to control this behavior.
  _warn_prf(average, modifier, msg_start, len(result))
epoch 2 time: 59.0s, train loss: 10.07, metrics: {'f1': 0.0, 'f1_macro': 0.4956896551724138, 'prec_macro': 0.5, 'rec_macro': 0.49783549783549785, 'f1_micro': 0.9913793103448276, 'prec_micro': 0.9913793103448276, 'rec_micro': 0.9913793103448276}
/home/azureuser/.local/lib/python3.8/site-packages/sklearn/metrics/_classification.py:1344: UndefinedMetricWarning: Precision and F-score are ill-defined and being set to 0.0 in labels with no predicted samples. Use `zero_division` parameter to control this behavior.
  _warn_prf(average, modifier, msg_start, len(result))
epoch 3 time: 58.9s, train loss: 9.972, metrics: {'f1': 0.0, 'f1_macro': 0.4956896551724138, 'prec_macro': 0.5, 'rec_macro': 0.49783549783549785, 'f1_micro': 0.9913793103448276, 'prec_micro': 0.9913793103448276, 'rec_micro': 0.9913793103448276}
/home/azureuser/.local/lib/python3.8/site-packages/sklearn/metrics/_classification.py:1344: UndefinedMetricWarning: Precision and F-score are ill-defined and being set to 0.0 in labels with no predicted samples. Use `zero_division` parameter to control this behavior.
  _warn_prf(average, modifier, msg_start, len(result))
epoch 4 time: 58.9s, train loss: 9.905, metrics: {'f1': 0.0, 'f1_macro': 0.4956896551724138, 'prec_macro': 0.5, 'rec_macro': 0.49783549783549785, 'f1_micro': 0.9913793103448276, 'prec_micro': 0.9913793103448276, 'rec_micro': 0.9913793103448276}
/home/azureuser/.local/lib/python3.8/site-packages/sklearn/metrics/_classification.py:1344: UndefinedMetricWarning: Precision and F-score are ill-defined and being set to 0.0 in labels with no predicted samples. Use `zero_division` parameter to control this behavior.
  _warn_prf(average, modifier, msg_start, len(result))
epoch 5 time: 58.9s, train loss: 9.847, metrics: {'f1': 0.0, 'f1_macro': 0.4956896551724138, 'prec_macro': 0.5, 'rec_macro': 0.49783549783549785, 'f1_micro': 0.9913793103448276, 'prec_micro': 0.9913793103448276, 'rec_micro': 0.9913793103448276}
/home/azureuser/.local/lib/python3.8/site-packages/sklearn/metrics/_classification.py:1344: UndefinedMetricWarning: Precision and F-score are ill-defined and being set to 0.0 in labels with no predicted samples. Use `zero_division` parameter to control this behavior.
  _warn_prf(average, modifier, msg_start, len(result))
epoch 6 time: 58.9s, train loss: 9.794, metrics: {'f1': 0.0, 'f1_macro': 0.4956896551724138, 'prec_macro': 0.5, 'rec_macro': 0.49783549783549785, 'f1_micro': 0.9913793103448276, 'prec_micro': 0.9913793103448276, 'rec_micro': 0.9913793103448276}
/home/azureuser/.local/lib/python3.8/site-packages/sklearn/metrics/_classification.py:1344: UndefinedMetricWarning: Precision and F-score are ill-defined and being set to 0.0 in labels with no predicted samples. Use `zero_division` parameter to control this behavior.
  _warn_prf(average, modifier, msg_start, len(result))
epoch 7 time: 58.9s, train loss: 9.745, metrics: {'f1': 0.0, 'f1_macro': 0.4956896551724138, 'prec_macro': 0.5, 'rec_macro': 0.49783549783549785, 'f1_micro': 0.9913793103448276, 'prec_micro': 0.9913793103448276, 'rec_micro': 0.9913793103448276}
/home/azureuser/.local/lib/python3.8/site-packages/sklearn/metrics/_classification.py:1344: UndefinedMetricWarning: Precision and F-score are ill-defined and being set to 0.0 in labels with no predicted samples. Use `zero_division` parameter to control this behavior.
  _warn_prf(average, modifier, msg_start, len(result))
epoch 8 time: 58.9s, train loss: 9.699, metrics: {'f1': 0.0, 'f1_macro': 0.4956896551724138, 'prec_macro': 0.5, 'rec_macro': 0.49783549783549785, 'f1_micro': 0.9913793103448276, 'prec_micro': 0.9913793103448276, 'rec_micro': 0.9913793103448276}
/home/azureuser/.local/lib/python3.8/site-packages/sklearn/metrics/_classification.py:1344: UndefinedMetricWarning: Precision and F-score are ill-defined and being set to 0.0 in labels with no predicted samples. Use `zero_division` parameter to control this behavior.
  _warn_prf(average, modifier, msg_start, len(result))
epoch 9 time: 58.9s, train loss: 9.655, metrics: {'f1': 0.0, 'f1_macro': 0.4956896551724138, 'prec_macro': 0.5, 'rec_macro': 0.49783549783549785, 'f1_micro': 0.9913793103448276, 'prec_micro': 0.9913793103448276, 'rec_micro': 0.9913793103448276}
/home/azureuser/.local/lib/python3.8/site-packages/sklearn/metrics/_classification.py:1344: UndefinedMetricWarning: Precision and F-score are ill-defined and being set to 0.0 in labels with no predicted samples. Use `zero_division` parameter to control this behavior.
  _warn_prf(average, modifier, msg_start, len(result))
epoch 10 time: 58.9s, train loss: 9.613, metrics: {'f1': 0.0, 'f1_macro': 0.4956896551724138, 'prec_macro': 0.5, 'rec_macro': 0.49783549783549785, 'f1_micro': 0.9913793103448276, 'prec_micro': 0.9913793103448276, 'rec_micro': 0.9913793103448276}
/home/azureuser/.local/lib/python3.8/site-packages/sklearn/metrics/_classification.py:1344: UndefinedMetricWarning: Precision and F-score are ill-defined and being set to 0.0 in labels with no predicted samples. Use `zero_division` parameter to control this behavior.
  _warn_prf(average, modifier, msg_start, len(result))
epoch 11 time: 58.8s, train loss: 9.574, metrics: {'f1': 0.0, 'f1_macro': 0.4956896551724138, 'prec_macro': 0.5, 'rec_macro': 0.49783549783549785, 'f1_micro': 0.9913793103448276, 'prec_micro': 0.9913793103448276, 'rec_micro': 0.9913793103448276}
/home/azureuser/.local/lib/python3.8/site-packages/sklearn/metrics/_classification.py:1344: UndefinedMetricWarning: Precision and F-score are ill-defined and being set to 0.0 in labels with no predicted samples. Use `zero_division` parameter to control this behavior.
  _warn_prf(average, modifier, msg_start, len(result))
epoch 12 time: 58.8s, train loss: 9.535, metrics: {'f1': 0.0, 'f1_macro': 0.4956896551724138, 'prec_macro': 0.5, 'rec_macro': 0.49783549783549785, 'f1_micro': 0.9913793103448276, 'prec_micro': 0.9913793103448276, 'rec_micro': 0.9913793103448276}
/home/azureuser/.local/lib/python3.8/site-packages/sklearn/metrics/_classification.py:1344: UndefinedMetricWarning: Precision and F-score are ill-defined and being set to 0.0 in labels with no predicted samples. Use `zero_division` parameter to control this behavior.
  _warn_prf(average, modifier, msg_start, len(result))
epoch 13 time: 58.9s, train loss: 9.499, metrics: {'f1': 0.0, 'f1_macro': 0.4956896551724138, 'prec_macro': 0.5, 'rec_macro': 0.49783549783549785, 'f1_micro': 0.9913793103448276, 'prec_micro': 0.9913793103448276, 'rec_micro': 0.9913793103448276}
/home/azureuser/.local/lib/python3.8/site-packages/sklearn/metrics/_classification.py:1344: UndefinedMetricWarning: Precision and F-score are ill-defined and being set to 0.0 in labels with no predicted samples. Use `zero_division` parameter to control this behavior.
  _warn_prf(average, modifier, msg_start, len(result))
epoch 14 time: 58.9s, train loss: 9.464, metrics: {'f1': 0.0, 'f1_macro': 0.4956896551724138, 'prec_macro': 0.5, 'rec_macro': 0.49783549783549785, 'f1_micro': 0.9913793103448276, 'prec_micro': 0.9913793103448276, 'rec_micro': 0.9913793103448276}
/home/azureuser/.local/lib/python3.8/site-packages/sklearn/metrics/_classification.py:1344: UndefinedMetricWarning: Precision and F-score are ill-defined and being set to 0.0 in labels with no predicted samples. Use `zero_division` parameter to control this behavior.
  _warn_prf(average, modifier, msg_start, len(result))
epoch 15 time: 58.9s, train loss: 9.431, metrics: {'f1': 0.0, 'f1_macro': 0.4956896551724138, 'prec_macro': 0.5, 'rec_macro': 0.49783549783549785, 'f1_micro': 0.9913793103448276, 'prec_micro': 0.9913793103448276, 'rec_micro': 0.9913793103448276}
/home/azureuser/.local/lib/python3.8/site-packages/sklearn/metrics/_classification.py:1344: UndefinedMetricWarning: Precision and F-score are ill-defined and being set to 0.0 in labels with no predicted samples. Use `zero_division` parameter to control this behavior.
  _warn_prf(average, modifier, msg_start, len(result))
epoch 16 time: 58.9s, train loss: 9.399, metrics: {'f1': 0.0, 'f1_macro': 0.4956896551724138, 'prec_macro': 0.5, 'rec_macro': 0.49783549783549785, 'f1_micro': 0.9913793103448276, 'prec_micro': 0.9913793103448276, 'rec_micro': 0.9913793103448276}
/home/azureuser/.local/lib/python3.8/site-packages/sklearn/metrics/_classification.py:1344: UndefinedMetricWarning: Precision and F-score are ill-defined and being set to 0.0 in labels with no predicted samples. Use `zero_division` parameter to control this behavior.
  _warn_prf(average, modifier, msg_start, len(result))
epoch 17 time: 58.8s, train loss: 9.369, metrics: {'f1': 0.0, 'f1_macro': 0.4956896551724138, 'prec_macro': 0.5, 'rec_macro': 0.49783549783549785, 'f1_micro': 0.9913793103448276, 'prec_micro': 0.9913793103448276, 'rec_micro': 0.9913793103448276}
/home/azureuser/.local/lib/python3.8/site-packages/sklearn/metrics/_classification.py:1344: UndefinedMetricWarning: Precision and F-score are ill-defined and being set to 0.0 in labels with no predicted samples. Use `zero_division` parameter to control this behavior.
  _warn_prf(average, modifier, msg_start, len(result))
epoch 18 time: 58.8s, train loss: 9.341, metrics: {'f1': 0.0, 'f1_macro': 0.4956896551724138, 'prec_macro': 0.5, 'rec_macro': 0.49783549783549785, 'f1_micro': 0.9913793103448276, 'prec_micro': 0.9913793103448276, 'rec_micro': 0.9913793103448276}
/home/azureuser/.local/lib/python3.8/site-packages/sklearn/metrics/_classification.py:1344: UndefinedMetricWarning: Precision and F-score are ill-defined and being set to 0.0 in labels with no predicted samples. Use `zero_division` parameter to control this behavior.
  _warn_prf(average, modifier, msg_start, len(result))
epoch 19 time: 58.8s, train loss: 9.313, metrics: {'f1': 0.0, 'f1_macro': 0.4956896551724138, 'prec_macro': 0.5, 'rec_macro': 0.49783549783549785, 'f1_micro': 0.9913793103448276, 'prec_micro': 0.9913793103448276, 'rec_micro': 0.9913793103448276}
/home/azureuser/.local/lib/python3.8/site-packages/sklearn/metrics/_classification.py:1344: UndefinedMetricWarning: Precision and F-score are ill-defined and being set to 0.0 in labels with no predicted samples. Use `zero_division` parameter to control this behavior.
  _warn_prf(average, modifier, msg_start, len(result))
epoch 20 time: 58.9s, train loss: 9.287, metrics: {'f1': 0.0, 'f1_macro': 0.4956896551724138, 'prec_macro': 0.5, 'rec_macro': 0.49783549783549785, 'f1_micro': 0.9913793103448276, 'prec_micro': 0.9913793103448276, 'rec_micro': 0.9913793103448276}
/home/azureuser/.local/lib/python3.8/site-packages/sklearn/metrics/_classification.py:1344: UndefinedMetricWarning: Precision and F-score are ill-defined and being set to 0.0 in labels with no predicted samples. Use `zero_division` parameter to control this behavior.
  _warn_prf(average, modifier, msg_start, len(result))
epoch 21 time: 58.8s, train loss: 9.262, metrics: {'f1': 0.0, 'f1_macro': 0.4956896551724138, 'prec_macro': 0.5, 'rec_macro': 0.49783549783549785, 'f1_micro': 0.9913793103448276, 'prec_micro': 0.9913793103448276, 'rec_micro': 0.9913793103448276}
/home/azureuser/.local/lib/python3.8/site-packages/sklearn/metrics/_classification.py:1344: UndefinedMetricWarning: Precision and F-score are ill-defined and being set to 0.0 in labels with no predicted samples. Use `zero_division` parameter to control this behavior.
  _warn_prf(average, modifier, msg_start, len(result))
epoch 22 time: 58.9s, train loss: 9.238, metrics: {'f1': 0.0, 'f1_macro': 0.4956896551724138, 'prec_macro': 0.5, 'rec_macro': 0.49783549783549785, 'f1_micro': 0.9913793103448276, 'prec_micro': 0.9913793103448276, 'rec_micro': 0.9913793103448276}
/home/azureuser/.local/lib/python3.8/site-packages/sklearn/metrics/_classification.py:1344: UndefinedMetricWarning: Precision and F-score are ill-defined and being set to 0.0 in labels with no predicted samples. Use `zero_division` parameter to control this behavior.
  _warn_prf(average, modifier, msg_start, len(result))
epoch 23 time: 58.8s, train loss: 9.215, metrics: {'f1': 0.0, 'f1_macro': 0.4956896551724138, 'prec_macro': 0.5, 'rec_macro': 0.49783549783549785, 'f1_micro': 0.9913793103448276, 'prec_micro': 0.9913793103448276, 'rec_micro': 0.9913793103448276}
/home/azureuser/.local/lib/python3.8/site-packages/sklearn/metrics/_classification.py:1344: UndefinedMetricWarning: Precision and F-score are ill-defined and being set to 0.0 in labels with no predicted samples. Use `zero_division` parameter to control this behavior.
  _warn_prf(average, modifier, msg_start, len(result))
epoch 24 time: 58.9s, train loss: 9.193, metrics: {'f1': 0.0, 'f1_macro': 0.4956896551724138, 'prec_macro': 0.5, 'rec_macro': 0.49783549783549785, 'f1_micro': 0.9913793103448276, 'prec_micro': 0.9913793103448276, 'rec_micro': 0.9913793103448276}
/home/azureuser/.local/lib/python3.8/site-packages/sklearn/metrics/_classification.py:1344: UndefinedMetricWarning: Precision and F-score are ill-defined and being set to 0.0 in labels with no predicted samples. Use `zero_division` parameter to control this behavior.
  _warn_prf(average, modifier, msg_start, len(result))
epoch 25 time: 58.9s, train loss: 9.172, metrics: {'f1': 0.0, 'f1_macro': 0.4956896551724138, 'prec_macro': 0.5, 'rec_macro': 0.49783549783549785, 'f1_micro': 0.9913793103448276, 'prec_micro': 0.9913793103448276, 'rec_micro': 0.9913793103448276}
/home/azureuser/.local/lib/python3.8/site-packages/sklearn/metrics/_classification.py:1344: UndefinedMetricWarning: Precision and F-score are ill-defined and being set to 0.0 in labels with no predicted samples. Use `zero_division` parameter to control this behavior.
  _warn_prf(average, modifier, msg_start, len(result))
epoch 26 time: 58.9s, train loss: 9.152, metrics: {'f1': 0.0, 'f1_macro': 0.4956896551724138, 'prec_macro': 0.5, 'rec_macro': 0.49783549783549785, 'f1_micro': 0.9913793103448276, 'prec_micro': 0.9913793103448276, 'rec_micro': 0.9913793103448276}
/home/azureuser/.local/lib/python3.8/site-packages/sklearn/metrics/_classification.py:1344: UndefinedMetricWarning: Precision and F-score are ill-defined and being set to 0.0 in labels with no predicted samples. Use `zero_division` parameter to control this behavior.
  _warn_prf(average, modifier, msg_start, len(result))
epoch 27 time: 58.9s, train loss: 9.133, metrics: {'f1': 0.0, 'f1_macro': 0.4956896551724138, 'prec_macro': 0.5, 'rec_macro': 0.49783549783549785, 'f1_micro': 0.9913793103448276, 'prec_micro': 0.9913793103448276, 'rec_micro': 0.9913793103448276}
/home/azureuser/.local/lib/python3.8/site-packages/sklearn/metrics/_classification.py:1344: UndefinedMetricWarning: Precision and F-score are ill-defined and being set to 0.0 in labels with no predicted samples. Use `zero_division` parameter to control this behavior.
  _warn_prf(average, modifier, msg_start, len(result))
epoch 28 time: 58.9s, train loss: 9.114, metrics: {'f1': 0.0, 'f1_macro': 0.4956896551724138, 'prec_macro': 0.5, 'rec_macro': 0.49783549783549785, 'f1_micro': 0.9913793103448276, 'prec_micro': 0.9913793103448276, 'rec_micro': 0.9913793103448276}
/home/azureuser/.local/lib/python3.8/site-packages/sklearn/metrics/_classification.py:1344: UndefinedMetricWarning: Precision and F-score are ill-defined and being set to 0.0 in labels with no predicted samples. Use `zero_division` parameter to control this behavior.
  _warn_prf(average, modifier, msg_start, len(result))
epoch 29 time: 58.8s, train loss: 9.097, metrics: {'f1': 0.0, 'f1_macro': 0.4956896551724138, 'prec_macro': 0.5, 'rec_macro': 0.49783549783549785, 'f1_micro': 0.9913793103448276, 'prec_micro': 0.9913793103448276, 'rec_micro': 0.9913793103448276}
/home/azureuser/.local/lib/python3.8/site-packages/sklearn/metrics/_classification.py:1344: UndefinedMetricWarning: Precision and F-score are ill-defined and being set to 0.0 in labels with no predicted samples. Use `zero_division` parameter to control this behavior.
  _warn_prf(average, modifier, msg_start, len(result))
epoch 30 time: 59.0s, train loss: 9.08, metrics: {'f1': 0.0, 'f1_macro': 0.4956896551724138, 'prec_macro': 0.5, 'rec_macro': 0.49783549783549785, 'f1_micro': 0.9913793103448276, 'prec_micro': 0.9913793103448276, 'rec_micro': 0.9913793103448276}
/home/azureuser/.local/lib/python3.8/site-packages/sklearn/metrics/_classification.py:1344: UndefinedMetricWarning: Precision and F-score are ill-defined and being set to 0.0 in labels with no predicted samples. Use `zero_division` parameter to control this behavior.
  _warn_prf(average, modifier, msg_start, len(result))
epoch 31 time: 58.9s, train loss: 9.063, metrics: {'f1': 0.0, 'f1_macro': 0.4956896551724138, 'prec_macro': 0.5, 'rec_macro': 0.49783549783549785, 'f1_micro': 0.9913793103448276, 'prec_micro': 0.9913793103448276, 'rec_micro': 0.9913793103448276}
/home/azureuser/.local/lib/python3.8/site-packages/sklearn/metrics/_classification.py:1344: UndefinedMetricWarning: Precision and F-score are ill-defined and being set to 0.0 in labels with no predicted samples. Use `zero_division` parameter to control this behavior.
  _warn_prf(average, modifier, msg_start, len(result))
epoch 32 time: 58.9s, train loss: 9.048, metrics: {'f1': 0.0, 'f1_macro': 0.4956896551724138, 'prec_macro': 0.5, 'rec_macro': 0.49783549783549785, 'f1_micro': 0.9913793103448276, 'prec_micro': 0.9913793103448276, 'rec_micro': 0.9913793103448276}
/home/azureuser/.local/lib/python3.8/site-packages/sklearn/metrics/_classification.py:1344: UndefinedMetricWarning: Precision and F-score are ill-defined and being set to 0.0 in labels with no predicted samples. Use `zero_division` parameter to control this behavior.
  _warn_prf(average, modifier, msg_start, len(result))
epoch 33 time: 58.8s, train loss: 9.032, metrics: {'f1': 0.0, 'f1_macro': 0.4956896551724138, 'prec_macro': 0.5, 'rec_macro': 0.49783549783549785, 'f1_micro': 0.9913793103448276, 'prec_micro': 0.9913793103448276, 'rec_micro': 0.9913793103448276}
/home/azureuser/.local/lib/python3.8/site-packages/sklearn/metrics/_classification.py:1344: UndefinedMetricWarning: Precision and F-score are ill-defined and being set to 0.0 in labels with no predicted samples. Use `zero_division` parameter to control this behavior.
  _warn_prf(average, modifier, msg_start, len(result))
epoch 34 time: 58.8s, train loss: 9.018, metrics: {'f1': 0.0, 'f1_macro': 0.4956896551724138, 'prec_macro': 0.5, 'rec_macro': 0.49783549783549785, 'f1_micro': 0.9913793103448276, 'prec_micro': 0.9913793103448276, 'rec_micro': 0.9913793103448276}
/home/azureuser/.local/lib/python3.8/site-packages/sklearn/metrics/_classification.py:1344: UndefinedMetricWarning: Precision and F-score are ill-defined and being set to 0.0 in labels with no predicted samples. Use `zero_division` parameter to control this behavior.
  _warn_prf(average, modifier, msg_start, len(result))
epoch 35 time: 58.9s, train loss: 9.004, metrics: {'f1': 0.0, 'f1_macro': 0.4956896551724138, 'prec_macro': 0.5, 'rec_macro': 0.49783549783549785, 'f1_micro': 0.9913793103448276, 'prec_micro': 0.9913793103448276, 'rec_micro': 0.9913793103448276}
/home/azureuser/.local/lib/python3.8/site-packages/sklearn/metrics/_classification.py:1344: UndefinedMetricWarning: Precision and F-score are ill-defined and being set to 0.0 in labels with no predicted samples. Use `zero_division` parameter to control this behavior.
  _warn_prf(average, modifier, msg_start, len(result))
epoch 36 time: 58.9s, train loss: 8.99, metrics: {'f1': 0.0, 'f1_macro': 0.4956896551724138, 'prec_macro': 0.5, 'rec_macro': 0.49783549783549785, 'f1_micro': 0.9913793103448276, 'prec_micro': 0.9913793103448276, 'rec_micro': 0.9913793103448276}
/home/azureuser/.local/lib/python3.8/site-packages/sklearn/metrics/_classification.py:1344: UndefinedMetricWarning: Precision and F-score are ill-defined and being set to 0.0 in labels with no predicted samples. Use `zero_division` parameter to control this behavior.
  _warn_prf(average, modifier, msg_start, len(result))
epoch 37 time: 58.9s, train loss: 8.977, metrics: {'f1': 0.0, 'f1_macro': 0.4956896551724138, 'prec_macro': 0.5, 'rec_macro': 0.49783549783549785, 'f1_micro': 0.9913793103448276, 'prec_micro': 0.9913793103448276, 'rec_micro': 0.9913793103448276}
/home/azureuser/.local/lib/python3.8/site-packages/sklearn/metrics/_classification.py:1344: UndefinedMetricWarning: Precision and F-score are ill-defined and being set to 0.0 in labels with no predicted samples. Use `zero_division` parameter to control this behavior.
  _warn_prf(average, modifier, msg_start, len(result))
epoch 38 time: 58.9s, train loss: 8.965, metrics: {'f1': 0.0, 'f1_macro': 0.4956896551724138, 'prec_macro': 0.5, 'rec_macro': 0.49783549783549785, 'f1_micro': 0.9913793103448276, 'prec_micro': 0.9913793103448276, 'rec_micro': 0.9913793103448276}
/home/azureuser/.local/lib/python3.8/site-packages/sklearn/metrics/_classification.py:1344: UndefinedMetricWarning: Precision and F-score are ill-defined and being set to 0.0 in labels with no predicted samples. Use `zero_division` parameter to control this behavior.
  _warn_prf(average, modifier, msg_start, len(result))
epoch 39 time: 58.9s, train loss: 8.953, metrics: {'f1': 0.0, 'f1_macro': 0.4956896551724138, 'prec_macro': 0.5, 'rec_macro': 0.49783549783549785, 'f1_micro': 0.9913793103448276, 'prec_micro': 0.9913793103448276, 'rec_micro': 0.9913793103448276}
/home/azureuser/.local/lib/python3.8/site-packages/sklearn/metrics/_classification.py:1344: UndefinedMetricWarning: Precision and F-score are ill-defined and being set to 0.0 in labels with no predicted samples. Use `zero_division` parameter to control this behavior.
  _warn_prf(average, modifier, msg_start, len(result))
epoch 40 time: 58.8s, train loss: 8.941, metrics: {'f1': 0.0, 'f1_macro': 0.4956896551724138, 'prec_macro': 0.5, 'rec_macro': 0.49783549783549785, 'f1_micro': 0.9913793103448276, 'prec_micro': 0.9913793103448276, 'rec_micro': 0.9913793103448276}
/home/azureuser/.local/lib/python3.8/site-packages/sklearn/metrics/_classification.py:1344: UndefinedMetricWarning: Precision and F-score are ill-defined and being set to 0.0 in labels with no predicted samples. Use `zero_division` parameter to control this behavior.
  _warn_prf(average, modifier, msg_start, len(result))
epoch 41 time: 58.8s, train loss: 8.93, metrics: {'f1': 0.0, 'f1_macro': 0.4956896551724138, 'prec_macro': 0.5, 'rec_macro': 0.49783549783549785, 'f1_micro': 0.9913793103448276, 'prec_micro': 0.9913793103448276, 'rec_micro': 0.9913793103448276}
/home/azureuser/.local/lib/python3.8/site-packages/sklearn/metrics/_classification.py:1344: UndefinedMetricWarning: Precision and F-score are ill-defined and being set to 0.0 in labels with no predicted samples. Use `zero_division` parameter to control this behavior.
  _warn_prf(average, modifier, msg_start, len(result))
epoch 42 time: 58.8s, train loss: 8.92, metrics: {'f1': 0.0, 'f1_macro': 0.4956896551724138, 'prec_macro': 0.5, 'rec_macro': 0.49783549783549785, 'f1_micro': 0.9913793103448276, 'prec_micro': 0.9913793103448276, 'rec_micro': 0.9913793103448276}
/home/azureuser/.local/lib/python3.8/site-packages/sklearn/metrics/_classification.py:1344: UndefinedMetricWarning: Precision and F-score are ill-defined and being set to 0.0 in labels with no predicted samples. Use `zero_division` parameter to control this behavior.
  _warn_prf(average, modifier, msg_start, len(result))
epoch 43 time: 58.9s, train loss: 8.909, metrics: {'f1': 0.0, 'f1_macro': 0.4956896551724138, 'prec_macro': 0.5, 'rec_macro': 0.49783549783549785, 'f1_micro': 0.9913793103448276, 'prec_micro': 0.9913793103448276, 'rec_micro': 0.9913793103448276}
/home/azureuser/.local/lib/python3.8/site-packages/sklearn/metrics/_classification.py:1344: UndefinedMetricWarning: Precision and F-score are ill-defined and being set to 0.0 in labels with no predicted samples. Use `zero_division` parameter to control this behavior.
  _warn_prf(average, modifier, msg_start, len(result))
epoch 44 time: 58.8s, train loss: 8.9, metrics: {'f1': 0.0, 'f1_macro': 0.4956896551724138, 'prec_macro': 0.5, 'rec_macro': 0.49783549783549785, 'f1_micro': 0.9913793103448276, 'prec_micro': 0.9913793103448276, 'rec_micro': 0.9913793103448276}
/home/azureuser/.local/lib/python3.8/site-packages/sklearn/metrics/_classification.py:1344: UndefinedMetricWarning: Precision and F-score are ill-defined and being set to 0.0 in labels with no predicted samples. Use `zero_division` parameter to control this behavior.
  _warn_prf(average, modifier, msg_start, len(result))
epoch 45 time: 58.9s, train loss: 8.89, metrics: {'f1': 0.0, 'f1_macro': 0.4956896551724138, 'prec_macro': 0.5, 'rec_macro': 0.49783549783549785, 'f1_micro': 0.9913793103448276, 'prec_micro': 0.9913793103448276, 'rec_micro': 0.9913793103448276}
/home/azureuser/.local/lib/python3.8/site-packages/sklearn/metrics/_classification.py:1344: UndefinedMetricWarning: Precision and F-score are ill-defined and being set to 0.0 in labels with no predicted samples. Use `zero_division` parameter to control this behavior.
  _warn_prf(average, modifier, msg_start, len(result))
epoch 46 time: 58.9s, train loss: 8.881, metrics: {'f1': 0.0, 'f1_macro': 0.4956896551724138, 'prec_macro': 0.5, 'rec_macro': 0.49783549783549785, 'f1_micro': 0.9913793103448276, 'prec_micro': 0.9913793103448276, 'rec_micro': 0.9913793103448276}
/home/azureuser/.local/lib/python3.8/site-packages/sklearn/metrics/_classification.py:1344: UndefinedMetricWarning: Precision and F-score are ill-defined and being set to 0.0 in labels with no predicted samples. Use `zero_division` parameter to control this behavior.
  _warn_prf(average, modifier, msg_start, len(result))
epoch 47 time: 58.9s, train loss: 8.872, metrics: {'f1': 0.0, 'f1_macro': 0.4956896551724138, 'prec_macro': 0.5, 'rec_macro': 0.49783549783549785, 'f1_micro': 0.9913793103448276, 'prec_micro': 0.9913793103448276, 'rec_micro': 0.9913793103448276}
/home/azureuser/.local/lib/python3.8/site-packages/sklearn/metrics/_classification.py:1344: UndefinedMetricWarning: Precision and F-score are ill-defined and being set to 0.0 in labels with no predicted samples. Use `zero_division` parameter to control this behavior.
  _warn_prf(average, modifier, msg_start, len(result))
epoch 48 time: 58.9s, train loss: 8.863, metrics: {'f1': 0.0, 'f1_macro': 0.4956896551724138, 'prec_macro': 0.5, 'rec_macro': 0.49783549783549785, 'f1_micro': 0.9913793103448276, 'prec_micro': 0.9913793103448276, 'rec_micro': 0.9913793103448276}
/home/azureuser/.local/lib/python3.8/site-packages/sklearn/metrics/_classification.py:1344: UndefinedMetricWarning: Precision and F-score are ill-defined and being set to 0.0 in labels with no predicted samples. Use `zero_division` parameter to control this behavior.
  _warn_prf(average, modifier, msg_start, len(result))
epoch 49 time: 58.9s, train loss: 8.855, metrics: {'f1': 0.0, 'f1_macro': 0.4956896551724138, 'prec_macro': 0.5, 'rec_macro': 0.49783549783549785, 'f1_micro': 0.9913793103448276, 'prec_micro': 0.9913793103448276, 'rec_micro': 0.9913793103448276}
/home/azureuser/.local/lib/python3.8/site-packages/sklearn/metrics/_classification.py:1344: UndefinedMetricWarning: Precision and F-score are ill-defined and being set to 0.0 in labels with no predicted samples. Use `zero_division` parameter to control this behavior.
  _warn_prf(average, modifier, msg_start, len(result))
epoch 50 time: 58.9s, train loss: 8.847, metrics: {'f1': 0.0, 'f1_macro': 0.4956896551724138, 'prec_macro': 0.5, 'rec_macro': 0.49783549783549785, 'f1_micro': 0.9913793103448276, 'prec_micro': 0.9913793103448276, 'rec_micro': 0.9913793103448276}
/home/azureuser/.local/lib/python3.8/site-packages/sklearn/metrics/_classification.py:1344: UndefinedMetricWarning: Precision and F-score are ill-defined and being set to 0.0 in labels with no predicted samples. Use `zero_division` parameter to control this behavior.
  _warn_prf(average, modifier, msg_start, len(result))
epoch 51 time: 58.9s, train loss: 8.839, metrics: {'f1': 0.0, 'f1_macro': 0.4956896551724138, 'prec_macro': 0.5, 'rec_macro': 0.49783549783549785, 'f1_micro': 0.9913793103448276, 'prec_micro': 0.9913793103448276, 'rec_micro': 0.9913793103448276}
/home/azureuser/.local/lib/python3.8/site-packages/sklearn/metrics/_classification.py:1344: UndefinedMetricWarning: Precision and F-score are ill-defined and being set to 0.0 in labels with no predicted samples. Use `zero_division` parameter to control this behavior.
  _warn_prf(average, modifier, msg_start, len(result))
epoch 52 time: 58.9s, train loss: 8.832, metrics: {'f1': 0.0, 'f1_macro': 0.4956896551724138, 'prec_macro': 0.5, 'rec_macro': 0.49783549783549785, 'f1_micro': 0.9913793103448276, 'prec_micro': 0.9913793103448276, 'rec_micro': 0.9913793103448276}
/home/azureuser/.local/lib/python3.8/site-packages/sklearn/metrics/_classification.py:1344: UndefinedMetricWarning: Precision and F-score are ill-defined and being set to 0.0 in labels with no predicted samples. Use `zero_division` parameter to control this behavior.
  _warn_prf(average, modifier, msg_start, len(result))
epoch 53 time: 58.9s, train loss: 8.824, metrics: {'f1': 0.0, 'f1_macro': 0.4956896551724138, 'prec_macro': 0.5, 'rec_macro': 0.49783549783549785, 'f1_micro': 0.9913793103448276, 'prec_micro': 0.9913793103448276, 'rec_micro': 0.9913793103448276}
/home/azureuser/.local/lib/python3.8/site-packages/sklearn/metrics/_classification.py:1344: UndefinedMetricWarning: Precision and F-score are ill-defined and being set to 0.0 in labels with no predicted samples. Use `zero_division` parameter to control this behavior.
  _warn_prf(average, modifier, msg_start, len(result))
epoch 54 time: 58.8s, train loss: 8.817, metrics: {'f1': 0.0, 'f1_macro': 0.4956896551724138, 'prec_macro': 0.5, 'rec_macro': 0.49783549783549785, 'f1_micro': 0.9913793103448276, 'prec_micro': 0.9913793103448276, 'rec_micro': 0.9913793103448276}
/home/azureuser/.local/lib/python3.8/site-packages/sklearn/metrics/_classification.py:1344: UndefinedMetricWarning: Precision and F-score are ill-defined and being set to 0.0 in labels with no predicted samples. Use `zero_division` parameter to control this behavior.
  _warn_prf(average, modifier, msg_start, len(result))
epoch 55 time: 58.8s, train loss: 8.81, metrics: {'f1': 0.0, 'f1_macro': 0.4956896551724138, 'prec_macro': 0.5, 'rec_macro': 0.49783549783549785, 'f1_micro': 0.9913793103448276, 'prec_micro': 0.9913793103448276, 'rec_micro': 0.9913793103448276}
/home/azureuser/.local/lib/python3.8/site-packages/sklearn/metrics/_classification.py:1344: UndefinedMetricWarning: Precision and F-score are ill-defined and being set to 0.0 in labels with no predicted samples. Use `zero_division` parameter to control this behavior.
  _warn_prf(average, modifier, msg_start, len(result))
epoch 56 time: 58.8s, train loss: 8.804, metrics: {'f1': 0.0, 'f1_macro': 0.4956896551724138, 'prec_macro': 0.5, 'rec_macro': 0.49783549783549785, 'f1_micro': 0.9913793103448276, 'prec_micro': 0.9913793103448276, 'rec_micro': 0.9913793103448276}
/home/azureuser/.local/lib/python3.8/site-packages/sklearn/metrics/_classification.py:1344: UndefinedMetricWarning: Precision and F-score are ill-defined and being set to 0.0 in labels with no predicted samples. Use `zero_division` parameter to control this behavior.
  _warn_prf(average, modifier, msg_start, len(result))
epoch 57 time: 58.9s, train loss: 8.797, metrics: {'f1': 0.0, 'f1_macro': 0.4956896551724138, 'prec_macro': 0.5, 'rec_macro': 0.49783549783549785, 'f1_micro': 0.9913793103448276, 'prec_micro': 0.9913793103448276, 'rec_micro': 0.9913793103448276}
/home/azureuser/.local/lib/python3.8/site-packages/sklearn/metrics/_classification.py:1344: UndefinedMetricWarning: Precision and F-score are ill-defined and being set to 0.0 in labels with no predicted samples. Use `zero_division` parameter to control this behavior.
  _warn_prf(average, modifier, msg_start, len(result))
epoch 58 time: 58.8s, train loss: 8.791, metrics: {'f1': 0.0, 'f1_macro': 0.4956896551724138, 'prec_macro': 0.5, 'rec_macro': 0.49783549783549785, 'f1_micro': 0.9913793103448276, 'prec_micro': 0.9913793103448276, 'rec_micro': 0.9913793103448276}
/home/azureuser/.local/lib/python3.8/site-packages/sklearn/metrics/_classification.py:1344: UndefinedMetricWarning: Precision and F-score are ill-defined and being set to 0.0 in labels with no predicted samples. Use `zero_division` parameter to control this behavior.
  _warn_prf(average, modifier, msg_start, len(result))
epoch 59 time: 58.8s, train loss: 8.785, metrics: {'f1': 0.0, 'f1_macro': 0.4956896551724138, 'prec_macro': 0.5, 'rec_macro': 0.49783549783549785, 'f1_micro': 0.9913793103448276, 'prec_micro': 0.9913793103448276, 'rec_micro': 0.9913793103448276}
/home/azureuser/.local/lib/python3.8/site-packages/sklearn/metrics/_classification.py:1344: UndefinedMetricWarning: Precision and F-score are ill-defined and being set to 0.0 in labels with no predicted samples. Use `zero_division` parameter to control this behavior.
  _warn_prf(average, modifier, msg_start, len(result))
epoch 60 time: 58.9s, train loss: 8.779, metrics: {'f1': 0.0, 'f1_macro': 0.4956896551724138, 'prec_macro': 0.5, 'rec_macro': 0.49783549783549785, 'f1_micro': 0.9913793103448276, 'prec_micro': 0.9913793103448276, 'rec_micro': 0.9913793103448276}
/home/azureuser/.local/lib/python3.8/site-packages/sklearn/metrics/_classification.py:1344: UndefinedMetricWarning: Precision and F-score are ill-defined and being set to 0.0 in labels with no predicted samples. Use `zero_division` parameter to control this behavior.
  _warn_prf(average, modifier, msg_start, len(result))
epoch 61 time: 59.0s, train loss: 8.773, metrics: {'f1': 0.0, 'f1_macro': 0.4956896551724138, 'prec_macro': 0.5, 'rec_macro': 0.49783549783549785, 'f1_micro': 0.9913793103448276, 'prec_micro': 0.9913793103448276, 'rec_micro': 0.9913793103448276}
/home/azureuser/.local/lib/python3.8/site-packages/sklearn/metrics/_classification.py:1344: UndefinedMetricWarning: Precision and F-score are ill-defined and being set to 0.0 in labels with no predicted samples. Use `zero_division` parameter to control this behavior.
  _warn_prf(average, modifier, msg_start, len(result))
epoch 62 time: 58.9s, train loss: 8.767, metrics: {'f1': 0.0, 'f1_macro': 0.4956896551724138, 'prec_macro': 0.5, 'rec_macro': 0.49783549783549785, 'f1_micro': 0.9913793103448276, 'prec_micro': 0.9913793103448276, 'rec_micro': 0.9913793103448276}
/home/azureuser/.local/lib/python3.8/site-packages/sklearn/metrics/_classification.py:1344: UndefinedMetricWarning: Precision and F-score are ill-defined and being set to 0.0 in labels with no predicted samples. Use `zero_division` parameter to control this behavior.
  _warn_prf(average, modifier, msg_start, len(result))
epoch 63 time: 59.2s, train loss: 8.762, metrics: {'f1': 0.0, 'f1_macro': 0.4956896551724138, 'prec_macro': 0.5, 'rec_macro': 0.49783549783549785, 'f1_micro': 0.9913793103448276, 'prec_micro': 0.9913793103448276, 'rec_micro': 0.9913793103448276}
/home/azureuser/.local/lib/python3.8/site-packages/sklearn/metrics/_classification.py:1344: UndefinedMetricWarning: Precision and F-score are ill-defined and being set to 0.0 in labels with no predicted samples. Use `zero_division` parameter to control this behavior.
  _warn_prf(average, modifier, msg_start, len(result))
epoch 64 time: 59.2s, train loss: 8.757, metrics: {'f1': 0.0, 'f1_macro': 0.4956896551724138, 'prec_macro': 0.5, 'rec_macro': 0.49783549783549785, 'f1_micro': 0.9913793103448276, 'prec_micro': 0.9913793103448276, 'rec_micro': 0.9913793103448276}
/home/azureuser/.local/lib/python3.8/site-packages/sklearn/metrics/_classification.py:1344: UndefinedMetricWarning: Precision and F-score are ill-defined and being set to 0.0 in labels with no predicted samples. Use `zero_division` parameter to control this behavior.
  _warn_prf(average, modifier, msg_start, len(result))
epoch 65 time: 59.2s, train loss: 8.752, metrics: {'f1': 0.0, 'f1_macro': 0.4956896551724138, 'prec_macro': 0.5, 'rec_macro': 0.49783549783549785, 'f1_micro': 0.9913793103448276, 'prec_micro': 0.9913793103448276, 'rec_micro': 0.9913793103448276}
/home/azureuser/.local/lib/python3.8/site-packages/sklearn/metrics/_classification.py:1344: UndefinedMetricWarning: Precision and F-score are ill-defined and being set to 0.0 in labels with no predicted samples. Use `zero_division` parameter to control this behavior.
  _warn_prf(average, modifier, msg_start, len(result))
epoch 66 time: 59.1s, train loss: 8.747, metrics: {'f1': 0.0, 'f1_macro': 0.4956896551724138, 'prec_macro': 0.5, 'rec_macro': 0.49783549783549785, 'f1_micro': 0.9913793103448276, 'prec_micro': 0.9913793103448276, 'rec_micro': 0.9913793103448276}
/home/azureuser/.local/lib/python3.8/site-packages/sklearn/metrics/_classification.py:1344: UndefinedMetricWarning: Precision and F-score are ill-defined and being set to 0.0 in labels with no predicted samples. Use `zero_division` parameter to control this behavior.
  _warn_prf(average, modifier, msg_start, len(result))
epoch 67 time: 59.2s, train loss: 8.742, metrics: {'f1': 0.0, 'f1_macro': 0.4956896551724138, 'prec_macro': 0.5, 'rec_macro': 0.49783549783549785, 'f1_micro': 0.9913793103448276, 'prec_micro': 0.9913793103448276, 'rec_micro': 0.9913793103448276}
/home/azureuser/.local/lib/python3.8/site-packages/sklearn/metrics/_classification.py:1344: UndefinedMetricWarning: Precision and F-score are ill-defined and being set to 0.0 in labels with no predicted samples. Use `zero_division` parameter to control this behavior.
  _warn_prf(average, modifier, msg_start, len(result))
epoch 68 time: 59.1s, train loss: 8.737, metrics: {'f1': 0.0, 'f1_macro': 0.4956896551724138, 'prec_macro': 0.5, 'rec_macro': 0.49783549783549785, 'f1_micro': 0.9913793103448276, 'prec_micro': 0.9913793103448276, 'rec_micro': 0.9913793103448276}
/home/azureuser/.local/lib/python3.8/site-packages/sklearn/metrics/_classification.py:1344: UndefinedMetricWarning: Precision and F-score are ill-defined and being set to 0.0 in labels with no predicted samples. Use `zero_division` parameter to control this behavior.
  _warn_prf(average, modifier, msg_start, len(result))
epoch 69 time: 59.0s, train loss: 8.733, metrics: {'f1': 0.0, 'f1_macro': 0.4956896551724138, 'prec_macro': 0.5, 'rec_macro': 0.49783549783549785, 'f1_micro': 0.9913793103448276, 'prec_micro': 0.9913793103448276, 'rec_micro': 0.9913793103448276}
/home/azureuser/.local/lib/python3.8/site-packages/sklearn/metrics/_classification.py:1344: UndefinedMetricWarning: Precision and F-score are ill-defined and being set to 0.0 in labels with no predicted samples. Use `zero_division` parameter to control this behavior.
  _warn_prf(average, modifier, msg_start, len(result))
epoch 70 time: 59.2s, train loss: 8.728, metrics: {'f1': 0.0, 'f1_macro': 0.4956896551724138, 'prec_macro': 0.5, 'rec_macro': 0.49783549783549785, 'f1_micro': 0.9913793103448276, 'prec_micro': 0.9913793103448276, 'rec_micro': 0.9913793103448276}
/home/azureuser/.local/lib/python3.8/site-packages/sklearn/metrics/_classification.py:1344: UndefinedMetricWarning: Precision and F-score are ill-defined and being set to 0.0 in labels with no predicted samples. Use `zero_division` parameter to control this behavior.
  _warn_prf(average, modifier, msg_start, len(result))
epoch 71 time: 59.2s, train loss: 8.724, metrics: {'f1': 0.0, 'f1_macro': 0.4956896551724138, 'prec_macro': 0.5, 'rec_macro': 0.49783549783549785, 'f1_micro': 0.9913793103448276, 'prec_micro': 0.9913793103448276, 'rec_micro': 0.9913793103448276}
/home/azureuser/.local/lib/python3.8/site-packages/sklearn/metrics/_classification.py:1344: UndefinedMetricWarning: Precision and F-score are ill-defined and being set to 0.0 in labels with no predicted samples. Use `zero_division` parameter to control this behavior.
  _warn_prf(average, modifier, msg_start, len(result))
epoch 72 time: 59.2s, train loss: 8.72, metrics: {'f1': 0.0, 'f1_macro': 0.4956896551724138, 'prec_macro': 0.5, 'rec_macro': 0.49783549783549785, 'f1_micro': 0.9913793103448276, 'prec_micro': 0.9913793103448276, 'rec_micro': 0.9913793103448276}
/home/azureuser/.local/lib/python3.8/site-packages/sklearn/metrics/_classification.py:1344: UndefinedMetricWarning: Precision and F-score are ill-defined and being set to 0.0 in labels with no predicted samples. Use `zero_division` parameter to control this behavior.
  _warn_prf(average, modifier, msg_start, len(result))
epoch 73 time: 59.3s, train loss: 8.716, metrics: {'f1': 0.0, 'f1_macro': 0.4956896551724138, 'prec_macro': 0.5, 'rec_macro': 0.49783549783549785, 'f1_micro': 0.9913793103448276, 'prec_micro': 0.9913793103448276, 'rec_micro': 0.9913793103448276}
/home/azureuser/.local/lib/python3.8/site-packages/sklearn/metrics/_classification.py:1344: UndefinedMetricWarning: Precision and F-score are ill-defined and being set to 0.0 in labels with no predicted samples. Use `zero_division` parameter to control this behavior.
  _warn_prf(average, modifier, msg_start, len(result))
epoch 74 time: 59.3s, train loss: 8.712, metrics: {'f1': 0.0, 'f1_macro': 0.4956896551724138, 'prec_macro': 0.5, 'rec_macro': 0.49783549783549785, 'f1_micro': 0.9913793103448276, 'prec_micro': 0.9913793103448276, 'rec_micro': 0.9913793103448276}
/home/azureuser/.local/lib/python3.8/site-packages/sklearn/metrics/_classification.py:1344: UndefinedMetricWarning: Precision and F-score are ill-defined and being set to 0.0 in labels with no predicted samples. Use `zero_division` parameter to control this behavior.
  _warn_prf(average, modifier, msg_start, len(result))
epoch 75 time: 59.2s, train loss: 8.709, metrics: {'f1': 0.0, 'f1_macro': 0.4956896551724138, 'prec_macro': 0.5, 'rec_macro': 0.49783549783549785, 'f1_micro': 0.9913793103448276, 'prec_micro': 0.9913793103448276, 'rec_micro': 0.9913793103448276}
/home/azureuser/.local/lib/python3.8/site-packages/sklearn/metrics/_classification.py:1344: UndefinedMetricWarning: Precision and F-score are ill-defined and being set to 0.0 in labels with no predicted samples. Use `zero_division` parameter to control this behavior.
  _warn_prf(average, modifier, msg_start, len(result))
epoch 76 time: 59.1s, train loss: 8.705, metrics: {'f1': 0.0, 'f1_macro': 0.4956896551724138, 'prec_macro': 0.5, 'rec_macro': 0.49783549783549785, 'f1_micro': 0.9913793103448276, 'prec_micro': 0.9913793103448276, 'rec_micro': 0.9913793103448276}
/home/azureuser/.local/lib/python3.8/site-packages/sklearn/metrics/_classification.py:1344: UndefinedMetricWarning: Precision and F-score are ill-defined and being set to 0.0 in labels with no predicted samples. Use `zero_division` parameter to control this behavior.
  _warn_prf(average, modifier, msg_start, len(result))
epoch 77 time: 59.2s, train loss: 8.701, metrics: {'f1': 0.0, 'f1_macro': 0.4956896551724138, 'prec_macro': 0.5, 'rec_macro': 0.49783549783549785, 'f1_micro': 0.9913793103448276, 'prec_micro': 0.9913793103448276, 'rec_micro': 0.9913793103448276}
/home/azureuser/.local/lib/python3.8/site-packages/sklearn/metrics/_classification.py:1344: UndefinedMetricWarning: Precision and F-score are ill-defined and being set to 0.0 in labels with no predicted samples. Use `zero_division` parameter to control this behavior.
  _warn_prf(average, modifier, msg_start, len(result))
epoch 78 time: 59.0s, train loss: 8.698, metrics: {'f1': 0.0, 'f1_macro': 0.4956896551724138, 'prec_macro': 0.5, 'rec_macro': 0.49783549783549785, 'f1_micro': 0.9913793103448276, 'prec_micro': 0.9913793103448276, 'rec_micro': 0.9913793103448276}
/home/azureuser/.local/lib/python3.8/site-packages/sklearn/metrics/_classification.py:1344: UndefinedMetricWarning: Precision and F-score are ill-defined and being set to 0.0 in labels with no predicted samples. Use `zero_division` parameter to control this behavior.
  _warn_prf(average, modifier, msg_start, len(result))
epoch 79 time: 59.1s, train loss: 8.695, metrics: {'f1': 0.0, 'f1_macro': 0.4956896551724138, 'prec_macro': 0.5, 'rec_macro': 0.49783549783549785, 'f1_micro': 0.9913793103448276, 'prec_micro': 0.9913793103448276, 'rec_micro': 0.9913793103448276}
/home/azureuser/.local/lib/python3.8/site-packages/sklearn/metrics/_classification.py:1344: UndefinedMetricWarning: Precision and F-score are ill-defined and being set to 0.0 in labels with no predicted samples. Use `zero_division` parameter to control this behavior.
  _warn_prf(average, modifier, msg_start, len(result))
epoch 80 time: 59.1s, train loss: 8.691, metrics: {'f1': 0.0, 'f1_macro': 0.4956896551724138, 'prec_macro': 0.5, 'rec_macro': 0.49783549783549785, 'f1_micro': 0.9913793103448276, 'prec_micro': 0.9913793103448276, 'rec_micro': 0.9913793103448276}
/home/azureuser/.local/lib/python3.8/site-packages/sklearn/metrics/_classification.py:1344: UndefinedMetricWarning: Precision and F-score are ill-defined and being set to 0.0 in labels with no predicted samples. Use `zero_division` parameter to control this behavior.
  _warn_prf(average, modifier, msg_start, len(result))
epoch 81 time: 59.2s, train loss: 8.688, metrics: {'f1': 0.0, 'f1_macro': 0.4956896551724138, 'prec_macro': 0.5, 'rec_macro': 0.49783549783549785, 'f1_micro': 0.9913793103448276, 'prec_micro': 0.9913793103448276, 'rec_micro': 0.9913793103448276}
/home/azureuser/.local/lib/python3.8/site-packages/sklearn/metrics/_classification.py:1344: UndefinedMetricWarning: Precision and F-score are ill-defined and being set to 0.0 in labels with no predicted samples. Use `zero_division` parameter to control this behavior.
  _warn_prf(average, modifier, msg_start, len(result))
epoch 82 time: 59.3s, train loss: 8.685, metrics: {'f1': 0.0, 'f1_macro': 0.4956896551724138, 'prec_macro': 0.5, 'rec_macro': 0.49783549783549785, 'f1_micro': 0.9913793103448276, 'prec_micro': 0.9913793103448276, 'rec_micro': 0.9913793103448276}
/home/azureuser/.local/lib/python3.8/site-packages/sklearn/metrics/_classification.py:1344: UndefinedMetricWarning: Precision and F-score are ill-defined and being set to 0.0 in labels with no predicted samples. Use `zero_division` parameter to control this behavior.
  _warn_prf(average, modifier, msg_start, len(result))
epoch 83 time: 59.1s, train loss: 8.682, metrics: {'f1': 0.0, 'f1_macro': 0.4956896551724138, 'prec_macro': 0.5, 'rec_macro': 0.49783549783549785, 'f1_micro': 0.9913793103448276, 'prec_micro': 0.9913793103448276, 'rec_micro': 0.9913793103448276}
/home/azureuser/.local/lib/python3.8/site-packages/sklearn/metrics/_classification.py:1344: UndefinedMetricWarning: Precision and F-score are ill-defined and being set to 0.0 in labels with no predicted samples. Use `zero_division` parameter to control this behavior.
  _warn_prf(average, modifier, msg_start, len(result))
epoch 84 time: 59.0s, train loss: 8.679, metrics: {'f1': 0.0, 'f1_macro': 0.4956896551724138, 'prec_macro': 0.5, 'rec_macro': 0.49783549783549785, 'f1_micro': 0.9913793103448276, 'prec_micro': 0.9913793103448276, 'rec_micro': 0.9913793103448276}
/home/azureuser/.local/lib/python3.8/site-packages/sklearn/metrics/_classification.py:1344: UndefinedMetricWarning: Precision and F-score are ill-defined and being set to 0.0 in labels with no predicted samples. Use `zero_division` parameter to control this behavior.
  _warn_prf(average, modifier, msg_start, len(result))
epoch 85 time: 59.0s, train loss: 8.676, metrics: {'f1': 0.0, 'f1_macro': 0.4956896551724138, 'prec_macro': 0.5, 'rec_macro': 0.49783549783549785, 'f1_micro': 0.9913793103448276, 'prec_micro': 0.9913793103448276, 'rec_micro': 0.9913793103448276}
/home/azureuser/.local/lib/python3.8/site-packages/sklearn/metrics/_classification.py:1344: UndefinedMetricWarning: Precision and F-score are ill-defined and being set to 0.0 in labels with no predicted samples. Use `zero_division` parameter to control this behavior.
  _warn_prf(average, modifier, msg_start, len(result))
epoch 86 time: 59.3s, train loss: 8.673, metrics: {'f1': 0.0, 'f1_macro': 0.4956896551724138, 'prec_macro': 0.5, 'rec_macro': 0.49783549783549785, 'f1_micro': 0.9913793103448276, 'prec_micro': 0.9913793103448276, 'rec_micro': 0.9913793103448276}
/home/azureuser/.local/lib/python3.8/site-packages/sklearn/metrics/_classification.py:1344: UndefinedMetricWarning: Precision and F-score are ill-defined and being set to 0.0 in labels with no predicted samples. Use `zero_division` parameter to control this behavior.
  _warn_prf(average, modifier, msg_start, len(result))
epoch 87 time: 59.4s, train loss: 8.67, metrics: {'f1': 0.0, 'f1_macro': 0.4956896551724138, 'prec_macro': 0.5, 'rec_macro': 0.49783549783549785, 'f1_micro': 0.9913793103448276, 'prec_micro': 0.9913793103448276, 'rec_micro': 0.9913793103448276}
/home/azureuser/.local/lib/python3.8/site-packages/sklearn/metrics/_classification.py:1344: UndefinedMetricWarning: Precision and F-score are ill-defined and being set to 0.0 in labels with no predicted samples. Use `zero_division` parameter to control this behavior.
  _warn_prf(average, modifier, msg_start, len(result))
epoch 88 time: 59.2s, train loss: 8.667, metrics: {'f1': 0.0, 'f1_macro': 0.4956896551724138, 'prec_macro': 0.5, 'rec_macro': 0.49783549783549785, 'f1_micro': 0.9913793103448276, 'prec_micro': 0.9913793103448276, 'rec_micro': 0.9913793103448276}
/home/azureuser/.local/lib/python3.8/site-packages/sklearn/metrics/_classification.py:1344: UndefinedMetricWarning: Precision and F-score are ill-defined and being set to 0.0 in labels with no predicted samples. Use `zero_division` parameter to control this behavior.
  _warn_prf(average, modifier, msg_start, len(result))
epoch 89 time: 59.1s, train loss: 8.665, metrics: {'f1': 0.0, 'f1_macro': 0.4956896551724138, 'prec_macro': 0.5, 'rec_macro': 0.49783549783549785, 'f1_micro': 0.9913793103448276, 'prec_micro': 0.9913793103448276, 'rec_micro': 0.9913793103448276}
/home/azureuser/.local/lib/python3.8/site-packages/sklearn/metrics/_classification.py:1344: UndefinedMetricWarning: Precision and F-score are ill-defined and being set to 0.0 in labels with no predicted samples. Use `zero_division` parameter to control this behavior.
  _warn_prf(average, modifier, msg_start, len(result))
epoch 90 time: 59.4s, train loss: 8.662, metrics: {'f1': 0.0, 'f1_macro': 0.4956896551724138, 'prec_macro': 0.5, 'rec_macro': 0.49783549783549785, 'f1_micro': 0.9913793103448276, 'prec_micro': 0.9913793103448276, 'rec_micro': 0.9913793103448276}
/home/azureuser/.local/lib/python3.8/site-packages/sklearn/metrics/_classification.py:1344: UndefinedMetricWarning: Precision and F-score are ill-defined and being set to 0.0 in labels with no predicted samples. Use `zero_division` parameter to control this behavior.
  _warn_prf(average, modifier, msg_start, len(result))
epoch 91 time: 59.3s, train loss: 8.66, metrics: {'f1': 0.0, 'f1_macro': 0.4956896551724138, 'prec_macro': 0.5, 'rec_macro': 0.49783549783549785, 'f1_micro': 0.9913793103448276, 'prec_micro': 0.9913793103448276, 'rec_micro': 0.9913793103448276}
/home/azureuser/.local/lib/python3.8/site-packages/sklearn/metrics/_classification.py:1344: UndefinedMetricWarning: Precision and F-score are ill-defined and being set to 0.0 in labels with no predicted samples. Use `zero_division` parameter to control this behavior.
  _warn_prf(average, modifier, msg_start, len(result))
epoch 92 time: 59.2s, train loss: 8.657, metrics: {'f1': 0.0, 'f1_macro': 0.4956896551724138, 'prec_macro': 0.5, 'rec_macro': 0.49783549783549785, 'f1_micro': 0.9913793103448276, 'prec_micro': 0.9913793103448276, 'rec_micro': 0.9913793103448276}
/home/azureuser/.local/lib/python3.8/site-packages/sklearn/metrics/_classification.py:1344: UndefinedMetricWarning: Precision and F-score are ill-defined and being set to 0.0 in labels with no predicted samples. Use `zero_division` parameter to control this behavior.
  _warn_prf(average, modifier, msg_start, len(result))
epoch 93 time: 59.1s, train loss: 8.655, metrics: {'f1': 0.0, 'f1_macro': 0.4956896551724138, 'prec_macro': 0.5, 'rec_macro': 0.49783549783549785, 'f1_micro': 0.9913793103448276, 'prec_micro': 0.9913793103448276, 'rec_micro': 0.9913793103448276}
/home/azureuser/.local/lib/python3.8/site-packages/sklearn/metrics/_classification.py:1344: UndefinedMetricWarning: Precision and F-score are ill-defined and being set to 0.0 in labels with no predicted samples. Use `zero_division` parameter to control this behavior.
  _warn_prf(average, modifier, msg_start, len(result))
epoch 94 time: 59.0s, train loss: 8.652, metrics: {'f1': 0.0, 'f1_macro': 0.4956896551724138, 'prec_macro': 0.5, 'rec_macro': 0.49783549783549785, 'f1_micro': 0.9913793103448276, 'prec_micro': 0.9913793103448276, 'rec_micro': 0.9913793103448276}
/home/azureuser/.local/lib/python3.8/site-packages/sklearn/metrics/_classification.py:1344: UndefinedMetricWarning: Precision and F-score are ill-defined and being set to 0.0 in labels with no predicted samples. Use `zero_division` parameter to control this behavior.
  _warn_prf(average, modifier, msg_start, len(result))
epoch 95 time: 59.1s, train loss: 8.65, metrics: {'f1': 0.0, 'f1_macro': 0.4956896551724138, 'prec_macro': 0.5, 'rec_macro': 0.49783549783549785, 'f1_micro': 0.9913793103448276, 'prec_micro': 0.9913793103448276, 'rec_micro': 0.9913793103448276}
/home/azureuser/.local/lib/python3.8/site-packages/sklearn/metrics/_classification.py:1344: UndefinedMetricWarning: Precision and F-score are ill-defined and being set to 0.0 in labels with no predicted samples. Use `zero_division` parameter to control this behavior.
  _warn_prf(average, modifier, msg_start, len(result))
epoch 96 time: 59.1s, train loss: 8.648, metrics: {'f1': 0.0, 'f1_macro': 0.4956896551724138, 'prec_macro': 0.5, 'rec_macro': 0.49783549783549785, 'f1_micro': 0.9913793103448276, 'prec_micro': 0.9913793103448276, 'rec_micro': 0.9913793103448276}
/home/azureuser/.local/lib/python3.8/site-packages/sklearn/metrics/_classification.py:1344: UndefinedMetricWarning: Precision and F-score are ill-defined and being set to 0.0 in labels with no predicted samples. Use `zero_division` parameter to control this behavior.
  _warn_prf(average, modifier, msg_start, len(result))
epoch 97 time: 59.7s, train loss: 8.645, metrics: {'f1': 0.0, 'f1_macro': 0.4956896551724138, 'prec_macro': 0.5, 'rec_macro': 0.49783549783549785, 'f1_micro': 0.9913793103448276, 'prec_micro': 0.9913793103448276, 'rec_micro': 0.9913793103448276}
/home/azureuser/.local/lib/python3.8/site-packages/sklearn/metrics/_classification.py:1344: UndefinedMetricWarning: Precision and F-score are ill-defined and being set to 0.0 in labels with no predicted samples. Use `zero_division` parameter to control this behavior.
  _warn_prf(average, modifier, msg_start, len(result))
epoch 98 time: 59.4s, train loss: 8.643, metrics: {'f1': 0.0, 'f1_macro': 0.4956896551724138, 'prec_macro': 0.5, 'rec_macro': 0.49783549783549785, 'f1_micro': 0.9913793103448276, 'prec_micro': 0.9913793103448276, 'rec_micro': 0.9913793103448276}
/home/azureuser/.local/lib/python3.8/site-packages/sklearn/metrics/_classification.py:1344: UndefinedMetricWarning: Precision and F-score are ill-defined and being set to 0.0 in labels with no predicted samples. Use `zero_division` parameter to control this behavior.
  _warn_prf(average, modifier, msg_start, len(result))
epoch 99 time: 59.4s, train loss: 8.641, metrics: {'f1': 0.0, 'f1_macro': 0.4956896551724138, 'prec_macro': 0.5, 'rec_macro': 0.49783549783549785, 'f1_micro': 0.9913793103448276, 'prec_micro': 0.9913793103448276, 'rec_micro': 0.9913793103448276}
/home/azureuser/.local/lib/python3.8/site-packages/sklearn/metrics/_classification.py:1344: UndefinedMetricWarning: Precision and F-score are ill-defined and being set to 0.0 in labels with no predicted samples. Use `zero_division` parameter to control this behavior.
  _warn_prf(average, modifier, msg_start, len(result))
epoch 100 time: 59.5s, train loss: 8.639, metrics: {'f1': 0.0, 'f1_macro': 0.4956896551724138, 'prec_macro': 0.5, 'rec_macro': 0.49783549783549785, 'f1_micro': 0.9913793103448276, 'prec_micro': 0.9913793103448276, 'rec_micro': 0.9913793103448276}
post-training summary -- best {}
run 2 start -- seed=1
epoch 1 time: 59.5s, train loss: 9.858, metrics: {'f1': 0.0193560713368075, 'f1_macro': 0.5016742135486468, 'prec_macro': 0.5448195652173913, 'rec_macro': 0.27130070993244787, 'f1_micro': 0.35840948275862067, 'prec_micro': 0.35840948275862067, 'rec_micro': 0.35840948275862067}
epoch 2 time: 59.6s, train loss: 9.793, metrics: {'f1': 0.06668928415644841, 'f1_macro': 0.5159027084711345, 'prec_macro': 0.7616304347826086, 'rec_macro': 0.48779117346675693, 'f1_micro': 0.8339913793103448, 'prec_micro': 0.8339913793103448, 'rec_micro': 0.8339913793103448}
epoch 3 time: 59.6s, train loss: 9.732, metrics: {'f1': 0.06781357154420097, 'f1_macro': 0.5158940514775447, 'prec_macro': 0.7209923913043478, 'rec_macro': 0.49708155837226625, 'f1_micro': 0.8634849137931034, 'prec_micro': 0.8634849137931034, 'rec_micro': 0.8634849137931034}
epoch 4 time: 59.4s, train loss: 9.668, metrics: {'f1': 0.06800249980470276, 'f1_macro': 0.5157312749649667, 'prec_macro': 0.668208695652174, 'rec_macro': 0.5067873939997241, 'f1_micro': 0.8971508620689655, 'prec_micro': 0.8971508620689655, 'rec_micro': 0.8971508620689655}
epoch 5 time: 59.5s, train loss: 9.61, metrics: {'f1': 0.06753360288493061, 'f1_macro': 0.5155936983371094, 'prec_macro': 0.6494184782608696, 'rec_macro': 0.5095870101146596, 'f1_micro': 0.9080495689655173, 'prec_micro': 0.9080495689655173, 'rec_micro': 0.9080495689655173}
epoch 6 time: 59.5s, train loss: 9.55, metrics: {'f1': 0.06740462985832005, 'f1_macro': 0.515563279203378, 'prec_macro': 0.6451945652173913, 'rec_macro': 0.510195388210101, 'f1_micro': 0.9104849137931035, 'prec_micro': 0.9104849137931035, 'rec_micro': 0.9104849137931036}
epoch 7 time: 59.5s, train loss: 9.494, metrics: {'f1': 0.06599809224264612, 'f1_macro': 0.5152280149022535, 'prec_macro': 0.6235771739130435, 'rec_macro': 0.5126276157184153, 'f1_micro': 0.9219202586206896, 'prec_micro': 0.9219202586206896, 'rec_micro': 0.9219202586206896}
epoch 8 time: 59.6s, train loss: 9.438, metrics: {'f1': 0.06520439875687306, 'f1_macro': 0.5151668703654066, 'prec_macro': 0.6055347826086956, 'rec_macro': 0.5151171568535968, 'f1_micro': 0.9325818965517242, 'prec_micro': 0.9325818965517242, 'rec_micro': 0.9325818965517241}
epoch 9 time: 59.6s, train loss: 9.385, metrics: {'f1': 0.06513100707810754, 'f1_macro': 0.5152055589264204, 'prec_macro': 0.6015999999999999, 'rec_macro': 0.5157568389889593, 'f1_micro': 0.9350991379310345, 'prec_micro': 0.9350991379310345, 'rec_micro': 0.9350991379310345}
epoch 10 time: 59.5s, train loss: 9.332, metrics: {'f1': 0.06532396565183451, 'f1_macro': 0.5152741000758142, 'prec_macro': 0.601425, 'rec_macro': 0.515957833714614, 'f1_micro': 0.935489224137931, 'prec_micro': 0.935489224137931, 'rec_micro': 0.935489224137931}
epoch 11 time: 59.6s, train loss: 9.283, metrics: {'f1': 0.06528228848866582, 'f1_macro': 0.515351483795481, 'prec_macro': 0.596670652173913, 'rec_macro': 0.5167679073028599, 'f1_micro': 0.9385926724137931, 'prec_micro': 0.9385926724137931, 'rec_micro': 0.938592672413793}
epoch 12 time: 59.5s, train loss: 9.234, metrics: {'f1': 0.06362902942930303, 'f1_macro': 0.5149845635224622, 'prec_macro': 0.5877206521739131, 'rec_macro': 0.5169755669097262, 'f1_micro': 0.9424676724137931, 'prec_micro': 0.9424676724137931, 'rec_micro': 0.9424676724137931}
epoch 13 time: 59.6s, train loss: 9.187, metrics: {'f1': 0.06345654057175859, 'f1_macro': 0.5149969678606846, 'prec_macro': 0.5850652173913043, 'rec_macro': 0.5173185650333846, 'f1_micro': 0.9440818965517241, 'prec_micro': 0.9440818965517241, 'rec_micro': 0.9440818965517241}
epoch 14 time: 59.5s, train loss: 9.142, metrics: {'f1': 0.06299435028248589, 'f1_macro': 0.5148044271431855, 'prec_macro': 0.5860347826086957, 'rec_macro': 0.5167497093756374, 'f1_micro': 0.9428103448275862, 'prec_micro': 0.9428103448275862, 'rec_micro': 0.9428103448275862}
epoch 15 time: 59.4s, train loss: 9.099, metrics: {'f1': 0.06312011821828162, 'f1_macro': 0.514835067809109, 'prec_macro': 0.586554347826087, 'rec_macro': 0.5167597860922374, 'f1_micro': 0.9426120689655172, 'prec_micro': 0.9426120689655172, 'rec_micro': 0.9426120689655173}
epoch 16 time: 59.5s, train loss: 9.056, metrics: {'f1': 0.06249771305206921, 'f1_macro': 0.5147338427762594, 'prec_macro': 0.582320652173913, 'rec_macro': 0.5170255718860273, 'f1_micro': 0.944782327586207, 'prec_micro': 0.944782327586207, 'rec_micro': 0.944782327586207}
epoch 17 time: 59.4s, train loss: 9.016, metrics: {'f1': 0.06283116004659726, 'f1_macro': 0.5149024372626932, 'prec_macro': 0.5808315217391304, 'rec_macro': 0.5175819299565683, 'f1_micro': 0.9462521551724138, 'prec_micro': 0.9462521551724138, 'rec_micro': 0.9462521551724138}
epoch 18 time: 59.2s, train loss: 8.978, metrics: {'f1': 0.06280085906835518, 'f1_macro': 0.5148562300216829, 'prec_macro': 0.5819152173913044, 'rec_macro': 0.5173548310063295, 'f1_micro': 0.9454525862068965, 'prec_micro': 0.9454525862068965, 'rec_micro': 0.9454525862068965}
epoch 19 time: 58.6s, train loss: 8.941, metrics: {'f1': 0.06267475216965032, 'f1_macro': 0.5147702382766622, 'prec_macro': 0.5832271739130435, 'rec_macro': 0.5170041623198759, 'f1_micro': 0.9443685344827586, 'prec_micro': 0.9443685344827586, 'rec_micro': 0.9443685344827586}
epoch 20 time: 58.6s, train loss: 8.906, metrics: {'f1': 0.06254348383316854, 'f1_macro': 0.5147497097803791, 'prec_macro': 0.5823423913043478, 'rec_macro': 0.517059875693873, 'f1_micro': 0.9448254310344828, 'prec_micro': 0.9448254310344828, 'rec_micro': 0.9448254310344828}
epoch 21 time: 58.6s, train loss: 8.871, metrics: {'f1': 0.06228063624822641, 'f1_macro': 0.5147161285484713, 'prec_macro': 0.5803934782608695, 'rec_macro': 0.5172069523901842, 'f1_micro': 0.945875, 'prec_micro': 0.945875, 'rec_micro': 0.945875}
epoch 22 time: 58.6s, train loss: 8.839, metrics: {'f1': 0.062248096730855344, 'f1_macro': 0.5147047734790454, 'prec_macro': 0.5803782608695652, 'rec_macro': 0.5171826987930778, 'f1_micro': 0.9458448275862069, 'prec_micro': 0.9458448275862069, 'rec_micro': 0.9458448275862069}
epoch 23 time: 58.6s, train loss: 8.808, metrics: {'f1': 0.0625229593710969, 'f1_macro': 0.5147510488672002, 'prec_macro': 0.5820586956521738, 'rec_macro': 0.51709594722361, 'f1_micro': 0.945, 'prec_micro': 0.945, 'rec_micro': 0.945}
epoch 24 time: 58.5s, train loss: 8.779, metrics: {'f1': 0.061891617027458955, 'f1_macro': 0.5145295368163806, 'prec_macro': 0.5818478260869565, 'rec_macro': 0.5166043771691398, 'f1_micro': 0.9443362068965517, 'prec_micro': 0.9443362068965517, 'rec_micro': 0.9443362068965517}
epoch 25 time: 58.6s, train loss: 8.751, metrics: {'f1': 0.061992942118092184, 'f1_macro': 0.5145645863824179, 'prec_macro': 0.5818967391304348, 'rec_macro': 0.5166807421356435, 'f1_micro': 0.9444331896551724, 'prec_micro': 0.9444331896551724, 'rec_micro': 0.9444331896551724}
epoch 26 time: 58.5s, train loss: 8.724, metrics: {'f1': 0.061887344550109726, 'f1_macro': 0.5145446704913418, 'prec_macro': 0.5812999999999999, 'rec_macro': 0.5167052249142307, 'f1_micro': 0.9447241379310345, 'prec_micro': 0.9447241379310345, 'rec_micro': 0.9447241379310344}
epoch 27 time: 58.5s, train loss: 8.698, metrics: {'f1': 0.062117267426937045, 'f1_macro': 0.5146215882432265, 'prec_macro': 0.5815010869565218, 'rec_macro': 0.516860689603753, 'f1_micro': 0.9448771551724138, 'prec_micro': 0.9448771551724138, 'rec_micro': 0.9448771551724138}
epoch 28 time: 58.5s, train loss: 8.674, metrics: {'f1': 0.06234714363935025, 'f1_macro': 0.5146816720725609, 'prec_macro': 0.5822489130434783, 'rec_macro': 0.5169126028044021, 'f1_micro': 0.9446400862068965, 'prec_micro': 0.9446400862068965, 'rec_micro': 0.9446400862068965}
epoch 29 time: 58.6s, train loss: 8.651, metrics: {'f1': 0.06280596148964718, 'f1_macro': 0.5148074129081636, 'prec_macro': 0.5835641304347826, 'rec_macro': 0.5170513926578911, 'f1_micro': 0.9442995689655173, 'prec_micro': 0.9442995689655173, 'rec_micro': 0.9442995689655173}
epoch 30 time: 58.6s, train loss: 8.629, metrics: {'f1': 0.0631449808760915, 'f1_macro': 0.5149001878336611, 'prec_macro': 0.58455, 'rec_macro': 0.5171526283053457, 'f1_micro': 0.9440431034482759, 'prec_micro': 0.9440431034482759, 'rec_micro': 0.9440431034482759}
epoch 31 time: 58.6s, train loss: 8.609, metrics: {'f1': 0.06327789602799523, 'f1_macro': 0.5149406900220302, 'prec_macro': 0.5847967391304347, 'rec_macro': 0.5172184504138039, 'f1_micro': 0.944040948275862, 'prec_micro': 0.944040948275862, 'rec_micro': 0.944040948275862}
epoch 32 time: 58.7s, train loss: 8.589, metrics: {'f1': 0.06344509004294632, 'f1_macro': 0.5149930174569105, 'prec_macro': 0.5850597826086956, 'rec_macro': 0.5173099828610163, 'f1_micro': 0.9440711206896552, 'prec_micro': 0.9440711206896552, 'rec_micro': 0.9440711206896552}
epoch 33 time: 58.6s, train loss: 8.571, metrics: {'f1': 0.06348862405200434, 'f1_macro': 0.5150080377673203, 'prec_macro': 0.5850804347826086, 'rec_macro': 0.5173426059469849, 'f1_micro': 0.9441120689655172, 'prec_micro': 0.9441120689655172, 'rec_micro': 0.9441120689655172}
epoch 34 time: 58.6s, train loss: 8.554, metrics: {'f1': 0.06319662374201926, 'f1_macro': 0.514915328367105, 'prec_macro': 0.5846663043478261, 'rec_macro': 0.5171744178917121, 'f1_micro': 0.9440280172413793, 'prec_micro': 0.9440280172413793, 'rec_micro': 0.9440280172413793}
epoch 35 time: 58.6s, train loss: 8.538, metrics: {'f1': 0.06349548772156904, 'f1_macro': 0.5149997523924674, 'prec_macro': 0.5854510869565217, 'rec_macro': 0.5172801943405183, 'f1_micro': 0.943864224137931, 'prec_micro': 0.943864224137931, 'rec_micro': 0.943864224137931}
epoch 36 time: 58.6s, train loss: 8.523, metrics: {'f1': 0.06366409474250852, 'f1_macro': 0.5150472850154582, 'prec_macro': 0.5858989130434782, 'rec_macro': 0.5173392212951656, 'f1_micro': 0.9437693965517241, 'prec_micro': 0.9437693965517241, 'rec_micro': 0.9437693965517241}
epoch 37 time: 58.5s, train loss: 8.508, metrics: {'f1': 0.06353769855530798, 'f1_macro': 0.5150116532196461, 'prec_macro': 0.5855630434782609, 'rec_macro': 0.5172949808922085, 'f1_micro': 0.9438405172413793, 'prec_micro': 0.9438405172413793, 'rec_micro': 0.9438405172413793}
epoch 38 time: 58.5s, train loss: 8.495, metrics: {'f1': 0.06330665513014637, 'f1_macro': 0.5149479386185809, 'prec_macro': 0.5849021739130434, 'rec_macro': 0.5172230839248885, 'f1_micro': 0.9440043103448276, 'prec_micro': 0.9440043103448276, 'rec_micro': 0.9440043103448276}
epoch 39 time: 58.5s, train loss: 8.483, metrics: {'f1': 0.06317702653580516, 'f1_macro': 0.5149275005497097, 'prec_macro': 0.5840152173913044, 'rec_macro': 0.5172785264829299, 'f1_micro': 0.9444568965517242, 'prec_micro': 0.9444568965517242, 'rec_micro': 0.9444568965517243}
epoch 40 time: 58.4s, train loss: 8.471, metrics: {'f1': 0.06296146640708224, 'f1_macro': 0.514886240193673, 'prec_macro': 0.5828141304347826, 'rec_macro': 0.517321290855435, 'f1_micro': 0.9450237068965517, 'prec_micro': 0.9450237068965517, 'rec_micro': 0.9450237068965517}
epoch 41 time: 58.5s, train loss: 8.461, metrics: {'f1': 0.06292334456083207, 'f1_macro': 0.5148930468611944, 'prec_macro': 0.5821554347826087, 'rec_macro': 0.5174120176254448, 'f1_micro': 0.9454375, 'prec_micro': 0.9454375, 'rec_micro': 0.9454375}
epoch 42 time: 58.5s, train loss: 8.451, metrics: {'f1': 0.06286266924564797, 'f1_macro': 0.5148865245108505, 'prec_macro': 0.5816695652173913, 'rec_macro': 0.5174520023282027, 'f1_micro': 0.9457025862068965, 'prec_micro': 0.9457025862068965, 'rec_micro': 0.9457025862068965}
epoch 43 time: 58.5s, train loss: 8.442, metrics: {'f1': 0.06289025986165638, 'f1_macro': 0.5149080168500286, 'prec_macro': 0.5813163043478261, 'rec_macro': 0.5175406300944888, 'f1_micro': 0.9459849137931035, 'prec_micro': 0.9459849137931035, 'rec_micro': 0.9459849137931035}
epoch 44 time: 58.5s, train loss: 8.434, metrics: {'f1': 0.06286186931348221, 'f1_macro': 0.5149131776344414, 'prec_macro': 0.580845652173913, 'rec_macro': 0.5176046950877141, 'f1_micro': 0.9462801724137931, 'prec_micro': 0.9462801724137931, 'rec_micro': 0.9462801724137931}
epoch 45 time: 58.6s, train loss: 8.427, metrics: {'f1': 0.06269829279347335, 'f1_macro': 0.514874300695648, 'prec_macro': 0.5802217391304347, 'rec_macro': 0.5175857856875375, 'f1_micro': 0.9465172413793104, 'prec_micro': 0.9465172413793104, 'rec_micro': 0.9465172413793104}
epoch 46 time: 58.6s, train loss: 8.42, metrics: {'f1': 0.06264712582580302, 'f1_macro': 0.5148719130248685, 'prec_macro': 0.5797413043478261, 'rec_macro': 0.5176332887303365, 'f1_micro': 0.9467931034482758, 'prec_micro': 0.9467931034482758, 'rec_micro': 0.9467931034482758}
epoch 47 time: 58.6s, train loss: 8.414, metrics: {'f1': 0.06274839498624274, 'f1_macro': 0.5149201619170897, 'prec_macro': 0.5794217391304348, 'rec_macro': 0.5177763211702586, 'f1_micro': 0.9471422413793104, 'prec_micro': 0.9471422413793104, 'rec_micro': 0.9471422413793104}
epoch 48 time: 58.6s, train loss: 8.409, metrics: {'f1': 0.06241112947234926, 'f1_macro': 0.5148304403595488, 'prec_macro': 0.5784467391304348, 'rec_macro': 0.5176814139521763, 'f1_micro': 0.9474202586206897, 'prec_micro': 0.9474202586206897, 'rec_micro': 0.9474202586206897}
epoch 49 time: 58.7s, train loss: 8.405, metrics: {'f1': 0.062408506048231754, 'f1_macro': 0.5148360483405509, 'prec_macro': 0.5782630434782609, 'rec_macro': 0.5177137503645944, 'f1_micro': 0.9475474137931035, 'prec_micro': 0.9475474137931035, 'rec_micro': 0.9475474137931035}
epoch 50 time: 58.6s, train loss: 8.401, metrics: {'f1': 0.06297209804223831, 'f1_macro': 0.5150119190563988, 'prec_macro': 0.5791565217391305, 'rec_macro': 0.5180089989175775, 'f1_micro': 0.9475991379310345, 'prec_micro': 0.9475991379310345, 'rec_micro': 0.9475991379310345}
epoch 51 time: 58.6s, train loss: 8.398, metrics: {'f1': 0.06297394049039609, 'f1_macro': 0.5150092954138883, 'prec_macro': 0.5792489130434783, 'rec_macro': 0.5179933819584509, 'f1_micro': 0.9475366379310345, 'prec_micro': 0.9475366379310345, 'rec_micro': 0.9475366379310345}
epoch 52 time: 58.7s, train loss: 8.395, metrics: {'f1': 0.06291581740568396, 'f1_macro': 0.5149888023697977, 'prec_macro': 0.5792228260869565, 'rec_macro': 0.5179506575700776, 'f1_micro': 0.9474849137931034, 'prec_micro': 0.9474849137931034, 'rec_micro': 0.9474849137931034}
epoch 53 time: 58.8s, train loss: 8.393, metrics: {'f1': 0.06301517602650028, 'f1_macro': 0.5150238381480116, 'prec_macro': 0.5792673913043478, 'rec_macro': 0.5180236771358813, 'f1_micro': 0.947573275862069, 'prec_micro': 0.947573275862069, 'rec_micro': 0.947573275862069}
epoch 54 time: 58.9s, train loss: 8.391, metrics: {'f1': 0.0630505331478906, 'f1_macro': 0.5150428930653345, 'prec_macro': 0.5791000000000001, 'rec_macro': 0.5180835362421476, 'f1_micro': 0.9477327586206896, 'prec_micro': 0.9477327586206896, 'rec_micro': 0.9477327586206896}
epoch 55 time: 58.9s, train loss: 8.391, metrics: {'f1': 0.06301592838042087, 'f1_macro': 0.5150406257804111, 'prec_macro': 0.5788097826086956, 'rec_macro': 0.5181090058695776, 'f1_micro': 0.9478943965517241, 'prec_micro': 0.9478943965517241, 'rec_micro': 0.9478943965517241}
epoch 56 time: 58.8s, train loss: 8.39, metrics: {'f1': 0.06303302837649247, 'f1_macro': 0.5150466706005034, 'prec_macro': 0.5788173913043478, 'rec_macro': 0.5181215392158453, 'f1_micro': 0.9479094827586206, 'prec_micro': 0.9479094827586206, 'rec_micro': 0.9479094827586206}
epoch 57 time: 58.8s, train loss: 8.39, metrics: {'f1': 0.0630214598936707, 'f1_macro': 0.5150459233181657, 'prec_macro': 0.578720652173913, 'rec_macro': 0.5181300103750184, 'f1_micro': 0.9479633620689655, 'prec_micro': 0.9479633620689655, 'rec_micro': 0.9479633620689655}
epoch 58 time: 58.7s, train loss: 8.39, metrics: {'f1': 0.06323466656321526, 'f1_macro': 0.5151112786743539, 'prec_macro': 0.5790902173913044, 'rec_macro': 0.5182353866896897, 'f1_micro': 0.947959051724138, 'prec_micro': 0.947959051724138, 'rec_micro': 0.947959051724138}
epoch 59 time: 58.6s, train loss: 8.391, metrics: {'f1': 0.06332392623806395, 'f1_macro': 0.5151295148421504, 'prec_macro': 0.5794967391304348, 'rec_macro': 0.5182332336523126, 'f1_micro': 0.947782327586207, 'prec_micro': 0.947782327586207, 'rec_micro': 0.947782327586207}
epoch 60 time: 58.8s, train loss: 8.393, metrics: {'f1': 0.06326483491110599, 'f1_macro': 0.5150988054232059, 'prec_macro': 0.579745652173913, 'rec_macro': 0.5181392787681269, 'f1_micro': 0.9475387931034482, 'prec_micro': 0.9475387931034482, 'rec_micro': 0.9475387931034482}
epoch 61 time: 58.8s, train loss: 8.394, metrics: {'f1': 0.06311833729580489, 'f1_macro': 0.5150439378981668, 'prec_macro': 0.5797717391304348, 'rec_macro': 0.5180147601513806, 'f1_micro': 0.9473448275862069, 'prec_micro': 0.9473448275862069, 'rec_micro': 0.9473448275862069}
epoch 62 time: 58.8s, train loss: 8.396, metrics: {'f1': 0.06344711464870656, 'f1_macro': 0.5151403622094589, 'prec_macro': 0.5804695652173913, 'rec_macro': 0.5181550528425445, 'f1_micro': 0.9472543103448275, 'prec_micro': 0.9472543103448275, 'rec_micro': 0.9472543103448275}
epoch 63 time: 58.7s, train loss: 8.398, metrics: {'f1': 0.06335603336138955, 'f1_macro': 0.5151115203684941, 'prec_macro': 0.5803369565217391, 'rec_macro': 0.5181049866605808, 'f1_micro': 0.9472370689655173, 'prec_micro': 0.9472370689655173, 'rec_micro': 0.9472370689655173}
epoch 64 time: 58.6s, train loss: 8.401, metrics: {'f1': 0.06347145312201642, 'f1_macro': 0.5151425281586894, 'prec_macro': 0.5806641304347826, 'rec_macro': 0.5181392572186265, 'f1_micro': 0.9471487068965517, 'prec_micro': 0.9471487068965517, 'rec_micro': 0.9471487068965517}
epoch 65 time: 58.7s, train loss: 8.403, metrics: {'f1': 0.06367527900932579, 'f1_macro': 0.515207825382285, 'prec_macro': 0.5809391304347826, 'rec_macro': 0.518255347380596, 'f1_micro': 0.9472025862068966, 'prec_micro': 0.9472025862068966, 'rec_micro': 0.9472025862068966}
epoch 66 time: 58.8s, train loss: 8.406, metrics: {'f1': 0.06374289095003627, 'f1_macro': 0.5152252240546698, 'prec_macro': 0.5811532608695652, 'rec_macro': 0.5182714383781086, 'f1_micro': 0.947135775862069, 'prec_micro': 0.947135775862069, 'rec_micro': 0.947135775862069}
epoch 67 time: 58.9s, train loss: 8.41, metrics: {'f1': 0.06371465589512995, 'f1_macro': 0.5152121277477141, 'prec_macro': 0.5812326086956522, 'rec_macro': 0.5182339389673729, 'f1_micro': 0.9470474137931034, 'prec_micro': 0.9470474137931034, 'rec_micro': 0.9470474137931034}
epoch 68 time: 58.6s, train loss: 8.413, metrics: {'f1': 0.06338241991802035, 'f1_macro': 0.5150986233762862, 'prec_macro': 0.5809913043478261, 'rec_macro': 0.5180063293176984, 'f1_micro': 0.9468146551724138, 'prec_micro': 0.9468146551724138, 'rec_micro': 0.9468146551724138}
epoch 69 time: 58.6s, train loss: 8.417, metrics: {'f1': 0.06343100652411661, 'f1_macro': 0.5150970648516535, 'prec_macro': 0.5815641304347826, 'rec_macro': 0.5179409783958101, 'f1_micro': 0.9464762931034483, 'prec_micro': 0.9464762931034483, 'rec_micro': 0.9464762931034483}
epoch 70 time: 58.7s, train loss: 8.421, metrics: {'f1': 0.06348375518749767, 'f1_macro': 0.5150912875880722, 'prec_macro': 0.5823228260869565, 'rec_macro': 0.5178451138659166, 'f1_micro': 0.9460150862068966, 'prec_micro': 0.9460150862068966, 'rec_micro': 0.9460150862068966}
epoch 71 time: 58.7s, train loss: 8.424, metrics: {'f1': 0.06394184407684891, 'f1_macro': 0.5152126253878232, 'prec_macro': 0.5837282608695652, 'rec_macro': 0.5179659633130433, 'f1_micro': 0.9456077586206897, 'prec_micro': 0.9456077586206897, 'rec_micro': 0.9456077586206897}
epoch 72 time: 58.9s, train loss: 8.428, metrics: {'f1': 0.06374208744295598, 'f1_macro': 0.5151316712040299, 'prec_macro': 0.5840043478260869, 'rec_macro': 0.5177507011033533, 'f1_micro': 0.9451724137931035, 'prec_micro': 0.9451724137931035, 'rec_micro': 0.9451724137931035}
epoch 73 time: 58.7s, train loss: 8.432, metrics: {'f1': 0.0637647401368467, 'f1_macro': 0.5151115748878928, 'prec_macro': 0.5849347826086957, 'rec_macro': 0.5175995747181605, 'f1_micro': 0.9445603448275862, 'prec_micro': 0.9445603448275862, 'rec_micro': 0.9445603448275862}
epoch 74 time: 58.5s, train loss: 8.436, metrics: {'f1': 0.06357091432685384, 'f1_macro': 0.5150257465502283, 'prec_macro': 0.5854869565217391, 'rec_macro': 0.517336766843283, 'f1_micro': 0.9439353448275862, 'prec_micro': 0.9439353448275862, 'rec_micro': 0.9439353448275862}
epoch 75 time: 58.5s, train loss: 8.44, metrics: {'f1': 0.06366481718594395, 'f1_macro': 0.5150268057445727, 'prec_macro': 0.5866347826086957, 'rec_macro': 0.5172049677228153, 'f1_micro': 0.9432629310344828, 'prec_micro': 0.9432629310344828, 'rec_micro': 0.9432629310344828}
epoch 76 time: 58.5s, train loss: 8.445, metrics: {'f1': 0.06363828141480908, 'f1_macro': 0.5149926329186291, 'prec_macro': 0.5875413043478261, 'rec_macro': 0.5170163153198253, 'f1_micro': 0.9426034482758621, 'prec_micro': 0.9426034482758621, 'rec_micro': 0.9426034482758621}
epoch 77 time: 58.5s, train loss: 8.449, metrics: {'f1': 0.06365403304178814, 'f1_macro': 0.5149690753659115, 'prec_macro': 0.5886521739130435, 'rec_macro': 0.5168257042258012, 'f1_micro': 0.9418577586206897, 'prec_micro': 0.9418577586206897, 'rec_micro': 0.9418577586206897}
epoch 78 time: 58.4s, train loss: 8.453, metrics: {'f1': 0.06354320183706344, 'f1_macro': 0.5149082478790358, 'prec_macro': 0.5895163043478261, 'rec_macro': 0.5165722791388264, 'f1_micro': 0.941114224137931, 'prec_micro': 0.941114224137931, 'rec_micro': 0.941114224137931}
epoch 79 time: 58.5s, train loss: 8.457, metrics: {'f1': 0.06373774923960798, 'f1_macro': 0.514938703636669, 'prec_macro': 0.5910847826086957, 'rec_macro': 0.5164505244233459, 'f1_micro': 0.9402931034482759, 'prec_micro': 0.9402931034482759, 'rec_micro': 0.9402931034482759}
epoch 80 time: 58.7s, train loss: 8.462, metrics: {'f1': 0.0635776579455429, 'f1_macro': 0.5148594045552832, 'prec_macro': 0.5921065217391304, 'rec_macro': 0.5161243992332959, 'f1_micro': 0.9393706896551725, 'prec_micro': 0.9393706896551725, 'rec_micro': 0.9393706896551725}
epoch 81 time: 58.5s, train loss: 8.466, metrics: {'f1': 0.06357850534741816, 'f1_macro': 0.5148315884762896, 'prec_macro': 0.5933934782608695, 'rec_macro': 0.5158876217314884, 'f1_micro': 0.9384827586206896, 'prec_micro': 0.9384827586206896, 'rec_micro': 0.9384827586206896}
epoch 82 time: 58.4s, train loss: 8.47, metrics: {'f1': 0.06372960072244081, 'f1_macro': 0.5148459597824723, 'prec_macro': 0.5952195652173913, 'rec_macro': 0.515682975287697, 'f1_micro': 0.9374353448275862, 'prec_micro': 0.9374353448275862, 'rec_micro': 0.9374353448275861}
epoch 83 time: 58.5s, train loss: 8.474, metrics: {'f1': 0.06404925889484876, 'f1_macro': 0.5149146141989266, 'prec_macro': 0.5973228260869565, 'rec_macro': 0.5155777637161805, 'f1_micro': 0.9364461206896552, 'prec_micro': 0.9364461206896552, 'rec_micro': 0.9364461206896552}
epoch 84 time: 58.4s, train loss: 8.478, metrics: {'f1': 0.0641133689171895, 'f1_macro': 0.5149053906150683, 'prec_macro': 0.599016304347826, 'rec_macro': 0.5153244086838139, 'f1_micro': 0.9353814655172413, 'prec_micro': 0.9353814655172413, 'rec_micro': 0.9353814655172413}
epoch 85 time: 58.5s, train loss: 8.482, metrics: {'f1': 0.06403532983715153, 'f1_macro': 0.5148526478607992, 'prec_macro': 0.6005402173913044, 'rec_macro': 0.5149754275993205, 'f1_micro': 0.9342262931034483, 'prec_micro': 0.9342262931034483, 'rec_micro': 0.9342262931034483}
epoch 86 time: 58.4s, train loss: 8.486, metrics: {'f1': 0.06442087501506569, 'f1_macro': 0.5149418979720989, 'prec_macro': 0.6030608695652173, 'rec_macro': 0.5148604243204052, 'f1_micro': 0.9330818965517241, 'prec_micro': 0.9330818965517241, 'rec_micro': 0.9330818965517241}
epoch 87 time: 58.5s, train loss: 8.49, metrics: {'f1': 0.0644855381697487, 'f1_macro': 0.5149365419195622, 'prec_macro': 0.6048521739130435, 'rec_macro': 0.5145923423614305, 'f1_micro': 0.9319655172413793, 'prec_micro': 0.9319655172413793, 'rec_micro': 0.9319655172413793}
epoch 88 time: 58.5s, train loss: 8.493, metrics: {'f1': 0.06437317784256559, 'f1_macro': 0.5148791083858213, 'prec_macro': 0.6062652173913043, 'rec_macro': 0.5142320180361983, 'f1_micro': 0.9308362068965518, 'prec_micro': 0.9308362068965518, 'rec_micro': 0.9308362068965518}
epoch 89 time: 58.5s, train loss: 8.497, metrics: {'f1': 0.06448284756254836, 'f1_macro': 0.5148889670335817, 'prec_macro': 0.6082684782608696, 'rec_macro': 0.513966457847741, 'f1_micro': 0.9296487068965518, 'prec_micro': 0.9296487068965518, 'rec_micro': 0.9296487068965518}
epoch 90 time: 58.5s, train loss: 8.5, metrics: {'f1': 0.0644234830353372, 'f1_macro': 0.5148482386410076, 'prec_macro': 0.6099880434782609, 'rec_macro': 0.5135968628362342, 'f1_micro': 0.9283900862068966, 'prec_micro': 0.9283900862068966, 'rec_micro': 0.9283900862068966}
epoch 91 time: 58.6s, train loss: 8.503, metrics: {'f1': 0.0652227893502552, 'f1_macro': 0.5150649981523139, 'prec_macro': 0.6139858695652174, 'rec_macro': 0.5136145850132809, 'f1_micro': 0.9269806034482758, 'prec_micro': 0.9269806034482758, 'rec_micro': 0.9269806034482759}
epoch 92 time: 58.6s, train loss: 8.505, metrics: {'f1': 0.06497862901044203, 'f1_macro': 0.5149688937899745, 'prec_macro': 0.6155978260869566, 'rec_macro': 0.5130938705603211, 'f1_micro': 0.9255086206896552, 'prec_micro': 0.9255086206896552, 'rec_micro': 0.9255086206896552}
epoch 93 time: 58.5s, train loss: 8.507, metrics: {'f1': 0.0651194828591109, 'f1_macro': 0.5149893747141413, 'prec_macro': 0.6182804347826087, 'rec_macro': 0.5127406785553645, 'f1_micro': 0.923948275862069, 'prec_micro': 0.923948275862069, 'rec_micro': 0.923948275862069}
epoch 94 time: 58.5s, train loss: 8.509, metrics: {'f1': 0.06550252231276679, 'f1_macro': 0.5150818428246081, 'prec_macro': 0.6219576086956522, 'rec_macro': 0.5124424945922266, 'f1_micro': 0.9221487068965517, 'prec_micro': 0.9221487068965517, 'rec_micro': 0.9221487068965517}
epoch 95 time: 58.5s, train loss: 8.511, metrics: {'f1': 0.06563083287090753, 'f1_macro': 0.5150984602289521, 'prec_macro': 0.6252934782608696, 'rec_macro': 0.5119656200704911, 'f1_micro': 0.9201637931034483, 'prec_micro': 0.9201637931034483, 'rec_micro': 0.9201637931034483}
epoch 96 time: 58.5s, train loss: 8.512, metrics: {'f1': 0.06610106971597196, 'f1_macro': 0.51522047363747, 'prec_macro': 0.6296076086956521, 'rec_macro': 0.5116510634069557, 'f1_micro': 0.9181530172413793, 'prec_micro': 0.9181530172413793, 'rec_micro': 0.9181530172413793}
epoch 97 time: 58.7s, train loss: 8.513, metrics: {'f1': 0.06597662132765998, 'f1_macro': 0.5151641338106575, 'prec_macro': 0.6328771739130434, 'rec_macro': 0.5109422403407419, 'f1_micro': 0.915790948275862, 'prec_micro': 0.915790948275862, 'rec_micro': 0.915790948275862}
epoch 98 time: 58.7s, train loss: 8.514, metrics: {'f1': 0.06571223054969025, 'f1_macro': 0.5150681123085858, 'prec_macro': 0.6360423913043478, 'rec_macro': 0.5101050340828953, 'f1_micro': 0.9132219827586207, 'prec_micro': 0.9132219827586207, 'rec_micro': 0.9132219827586207}
epoch 99 time: 58.8s, train loss: 8.514, metrics: {'f1': 0.06576463184392699, 'f1_macro': 0.5150700759792608, 'prec_macro': 0.6404521739130435, 'rec_macro': 0.5093590427880473, 'f1_micro': 0.9104181034482759, 'prec_micro': 0.9104181034482759, 'rec_micro': 0.9104181034482759}
epoch 100 time: 59.1s, train loss: 8.514, metrics: {'f1': 0.06618686264703963, 'f1_macro': 0.5151869747621209, 'prec_macro': 0.6462619565217391, 'rec_macro': 0.5087473078712648, 'f1_micro': 0.9074418103448276, 'prec_micro': 0.9074418103448276, 'rec_micro': 0.9074418103448276}
post-training summary -- best {'f1': 0.06800249980470276, 'f1_macro': 0.5157312749649667, 'prec_macro': 0.668208695652174, 'rec_macro': 0.5067873939997241, 'f1_micro': 0.8971508620689655, 'prec_micro': 0.8971508620689655, 'rec_micro': 0.8971508620689655}
run 3 start -- seed=2
epoch 1 time: 58.6s, train loss: 9.759, metrics: {'f1': 0.0, 'f1_macro': 0.49568963659326115, 'prec_macro': 0.49999782608695653, 'rec_macro': 0.4978344108969933, 'f1_micro': 0.991375, 'prec_micro': 0.991375, 'rec_micro': 0.991375}
epoch 2 time: 58.5s, train loss: 9.691, metrics: {'f1': 0.0, 'f1_macro': 0.4956892742677694, 'prec_macro': 0.4999554347826087, 'rec_macro': 0.4978132146556286, 'f1_micro': 0.9912909482758621, 'prec_micro': 0.9912909482758621, 'rec_micro': 0.9912909482758621}
epoch 3 time: 58.5s, train loss: 9.642, metrics: {'f1': 0.003822264691829909, 'f1_macro': 0.517201927116594, 'prec_macro': 0.5008065217391304, 'rec_macro': 0.49965418451875493, 'f1_micro': 0.9910129310344827, 'prec_micro': 0.9910129310344827, 'rec_micro': 0.9910129310344827}
epoch 4 time: 58.5s, train loss: 9.604, metrics: {'f1': 0.015695993391160675, 'f1_macro': 0.5182881625462554, 'prec_macro': 0.5038760869565218, 'rec_macro': 0.505266640091402, 'f1_micro': 0.989728448275862, 'prec_micro': 0.989728448275862, 'rec_micro': 0.989728448275862}
epoch 5 time: 58.5s, train loss: 9.567, metrics: {'f1': 0.03347280334728034, 'f1_macro': 0.5177976052462734, 'prec_macro': 0.5109510869565217, 'rec_macro': 0.5133524180027043, 'f1_micro': 0.9865581896551724, 'prec_micro': 0.9865581896551724, 'rec_micro': 0.9865581896551724}
epoch 6 time: 58.5s, train loss: 9.532, metrics: {'f1': 0.050260118155365484, 'f1_macro': 0.515343937779364, 'prec_macro': 0.5279554347826086, 'rec_macro': 0.5192549190310569, 'f1_micro': 0.9767866379310345, 'prec_micro': 0.9767866379310345, 'rec_micro': 0.9767866379310345}
epoch 7 time: 58.5s, train loss: 9.497, metrics: {'f1': 0.0619970477596305, 'f1_macro': 0.5153998392004926, 'prec_macro': 0.5636032608695652, 'rec_macro': 0.5201390852255278, 'f1_micro': 0.9575452586206896, 'prec_micro': 0.9575452586206896, 'rec_micro': 0.9575452586206896}
epoch 8 time: 58.5s, train loss: 9.461, metrics: {'f1': 0.0638092944859138, 'f1_macro': 0.5147547274199542, 'prec_macro': 0.6018869565217391, 'rec_macro': 0.5145237608535141, 'f1_micro': 0.9329655172413793, 'prec_micro': 0.9329655172413793, 'rec_micro': 0.9329655172413793}
epoch 9 time: 58.5s, train loss: 9.427, metrics: {'f1': 0.06648534300392868, 'f1_macro': 0.5152813008834555, 'prec_macro': 0.6687130434782609, 'rec_macro': 0.5050021931782913, 'f1_micro': 0.8934827586206897, 'prec_micro': 0.8934827586206897, 'rec_micro': 0.8934827586206897}
epoch 10 time: 58.5s, train loss: 9.393, metrics: {'f1': 0.06775653778508202, 'f1_macro': 0.5159061384512761, 'prec_macro': 0.7252543478260869, 'rec_macro': 0.4962219450106542, 'f1_micro': 0.8606336206896552, 'prec_micro': 0.8606336206896552, 'rec_micro': 0.8606336206896553}
epoch 11 time: 58.5s, train loss: 9.359, metrics: {'f1': 0.06682460982341304, 'f1_macro': 0.5159273099075592, 'prec_macro': 0.7603152173913044, 'rec_macro': 0.4882564512087776, 'f1_micro': 0.8353146551724138, 'prec_micro': 0.8353146551724138, 'rec_micro': 0.8353146551724139}
epoch 12 time: 58.5s, train loss: 9.327, metrics: {'f1': 0.06634751249551848, 'f1_macro': 0.5161730412182138, 'prec_macro': 0.7979369565217391, 'rec_macro': 0.480037886565127, 'f1_micro': 0.8091767241379311, 'prec_micro': 0.8091767241379311, 'rec_micro': 0.8091767241379311}
epoch 13 time: 58.5s, train loss: 9.295, metrics: {'f1': 0.06612566208270568, 'f1_macro': 0.5163811181744137, 'prec_macro': 0.8214532608695653, 'rec_macro': 0.474833272379122, 'f1_micro': 0.7929073275862069, 'prec_micro': 0.7929073275862069, 'rec_micro': 0.7929073275862069}
epoch 14 time: 58.5s, train loss: 9.263, metrics: {'f1': 0.06586525955928801, 'f1_macro': 0.5164704899030934, 'prec_macro': 0.8343217391304347, 'rec_macro': 0.47164582258861965, 'f1_micro': 0.7832887931034482, 'prec_micro': 0.7832887931034482, 'rec_micro': 0.7832887931034482}
epoch 15 time: 58.5s, train loss: 9.234, metrics: {'f1': 0.0660064821382078, 'f1_macro': 0.5166620344600024, 'prec_macro': 0.846775, 'rec_macro': 0.4693069183131485, 'f1_micro': 0.7757952586206897, 'prec_micro': 0.7757952586206897, 'rec_micro': 0.7757952586206898}
epoch 16 time: 58.5s, train loss: 9.203, metrics: {'f1': 0.0658256198491715, 'f1_macro': 0.5167167360500037, 'prec_macro': 0.854445652173913, 'rec_macro': 0.4673000150055863, 'f1_micro': 0.769875, 'prec_micro': 0.769875, 'rec_micro': 0.7698750000000001}
epoch 17 time: 58.5s, train loss: 9.176, metrics: {'f1': 0.06565203902237236, 'f1_macro': 0.5167276657530172, 'prec_macro': 0.8584869565217392, 'rec_macro': 0.4660632073668054, 'f1_micro': 0.7663405172413793, 'prec_micro': 0.7663405172413793, 'rec_micro': 0.7663405172413794}
epoch 18 time: 58.5s, train loss: 9.146, metrics: {'f1': 0.06563488670371953, 'f1_macro': 0.5167590821414212, 'prec_macro': 0.8611500000000001, 'rec_macro': 0.4654516829178545, 'f1_micro': 0.7644956896551725, 'prec_micro': 0.7644956896551725, 'rec_micro': 0.7644956896551725}
epoch 19 time: 58.4s, train loss: 9.12, metrics: {'f1': 0.06569423584417347, 'f1_macro': 0.5168163822563514, 'prec_macro': 0.8643336956521739, 'rec_macro': 0.4648925020541806, 'f1_micro': 0.7627004310344827, 'prec_micro': 0.7627004310344827, 'rec_micro': 0.7627004310344827}
epoch 20 time: 58.5s, train loss: 9.093, metrics: {'f1': 0.023653196909757458, 'f1_macro': 0.5059725886466463, 'prec_macro': 0.6409619565217392, 'rec_macro': 0.23220410276395978, 'f1_micro': 0.28885129310344826, 'prec_micro': 0.28885129310344826, 'rec_micro': 0.28885129310344826}
epoch 21 time: 58.5s, train loss: 9.068, metrics: {'f1': 0.0236556849379911, 'f1_macro': 0.5059770499912781, 'prec_macro': 0.6410347826086957, 'rec_macro': 0.23214229167439768, 'f1_micro': 0.28875, 'prec_micro': 0.28875, 'rec_micro': 0.28875}
epoch 22 time: 58.5s, train loss: 9.042, metrics: {'f1': 0.023659991894426385, 'f1_macro': 0.505981980694081, 'prec_macro': 0.6411358695652174, 'rec_macro': 0.23211574364917992, 'f1_micro': 0.28870474137931035, 'prec_micro': 0.28870474137931035, 'rec_micro': 0.28870474137931035}
epoch 23 time: 58.4s, train loss: 9.019, metrics: {'f1': 0.023658032283541425, 'f1_macro': 0.5059814781597038, 'prec_macro': 0.6411054347826087, 'rec_macro': 0.23207775625293586, 'f1_micro': 0.28864439655172414, 'prec_micro': 0.28864439655172414, 'rec_micro': 0.28864439655172414}
epoch 24 time: 58.4s, train loss: 8.995, metrics: {'f1': 0.023657542431538656, 'f1_macro': 0.5059813525391943, 'prec_macro': 0.6410978260869565, 'rec_macro': 0.23206825888032384, 'f1_micro': 0.2886293103448276, 'prec_micro': 0.2886293103448276, 'rec_micro': 0.2886293103448276}
epoch 25 time: 58.4s, train loss: 8.972, metrics: {'f1': 0.02366275836774293, 'f1_macro': 0.5059865183606518, 'prec_macro': 0.6412130434782608, 'rec_macro': 0.23205934384324672, 'f1_micro': 0.2886120689655172, 'prec_micro': 0.2886120689655172, 'rec_micro': 0.2886120689655172}
epoch 26 time: 58.5s, train loss: 8.951, metrics: {'f1': 0.023662058480777536, 'f1_macro': 0.5059863391740049, 'prec_macro': 0.6412021739130435, 'rec_macro': 0.2320457753185775, 'f1_micro': 0.2885905172413793, 'prec_micro': 0.2885905172413793, 'rec_micro': 0.2885905172413793}
epoch 27 time: 58.4s, train loss: 8.929, metrics: {'f1': 0.02366198849435809, 'f1_macro': 0.5059863212559302, 'prec_macro': 0.6412010869565217, 'rec_macro': 0.23204441844260035, 'f1_micro': 0.28858836206896554, 'prec_micro': 0.28858836206896554, 'rec_micro': 0.28858836206896554}
epoch 28 time: 58.4s, train loss: 8.909, metrics: {'f1': 0.023661428617906374, 'f1_macro': 0.5059861779151938, 'prec_macro': 0.6411923913043478, 'rec_macro': 0.23203356328089236, 'f1_micro': 0.2885711206896552, 'prec_micro': 0.2885711206896552, 'rec_micro': 0.2885711206896552}
epoch 29 time: 58.5s, train loss: 8.889, metrics: {'f1': 0.023661428617906374, 'f1_macro': 0.5059861779151938, 'prec_macro': 0.6411923913043478, 'rec_macro': 0.23203356328089236, 'f1_micro': 0.2885711206896552, 'prec_micro': 0.2885711206896552, 'rec_micro': 0.2885711206896552}
epoch 30 time: 58.5s, train loss: 8.869, metrics: {'f1': 0.023661358635212838, 'f1_macro': 0.5059861599980844, 'prec_macro': 0.6411913043478261, 'rec_macro': 0.23203220636644215, 'f1_micro': 0.28856896551724137, 'prec_micro': 0.28856896551724137, 'rec_micro': 0.28856896551724137}
epoch 31 time: 58.5s, train loss: 8.852, metrics: {'f1': 0.023661358635212838, 'f1_macro': 0.5059861599980844, 'prec_macro': 0.6411913043478261, 'rec_macro': 0.23203220636644215, 'f1_micro': 0.28856896551724137, 'prec_micro': 0.28856896551724137, 'rec_micro': 0.28856896551724137}
epoch 32 time: 58.5s, train loss: 8.833, metrics: {'f1': 0.023661358635212838, 'f1_macro': 0.5059861599980844, 'prec_macro': 0.6411913043478261, 'rec_macro': 0.23203220636644215, 'f1_micro': 0.28856896551724137, 'prec_micro': 0.28856896551724137, 'rec_micro': 0.28856896551724137}
epoch 33 time: 58.5s, train loss: 8.816, metrics: {'f1': 0.023661358635212838, 'f1_macro': 0.5059861599980844, 'prec_macro': 0.6411913043478261, 'rec_macro': 0.23203220636644215, 'f1_micro': 0.28856896551724137, 'prec_micro': 0.28856896551724137, 'rec_micro': 0.28856896551724137}
epoch 34 time: 58.5s, train loss: 8.8, metrics: {'f1': 0.023661288652933262, 'f1_macro': 0.5059861420810823, 'prec_macro': 0.6411902173913043, 'rec_macro': 0.23203084944771704, 'f1_micro': 0.28856681034482756, 'prec_micro': 0.28856681034482756, 'rec_micro': 0.28856681034482756}
epoch 35 time: 58.5s, train loss: 8.783, metrics: {'f1': 0.023661078708578323, 'f1_macro': 0.5059860883307195, 'prec_macro': 0.6411869565217392, 'rec_macro': 0.23202677866589194, 'f1_micro': 0.2885603448275862, 'prec_micro': 0.2885603448275862, 'rec_micro': 0.2885603448275862}
epoch 36 time: 58.5s, train loss: 8.769, metrics: {'f1': 0.023660728809599157, 'f1_macro': 0.5059859987489262, 'prec_macro': 0.6411815217391305, 'rec_macro': 0.2320199939440164, 'f1_micro': 0.28854956896551726, 'prec_micro': 0.28854956896551726, 'rec_micro': 0.28854956896551726}
epoch 37 time: 58.5s, train loss: 8.754, metrics: {'f1': 0.023660728809599157, 'f1_macro': 0.5059859987489262, 'prec_macro': 0.6411815217391305, 'rec_macro': 0.2320199939440164, 'f1_micro': 0.28854956896551726, 'prec_micro': 0.28854956896551726, 'rec_micro': 0.28854956896551726}
epoch 38 time: 58.5s, train loss: 8.74, metrics: {'f1': 0.023660728809599157, 'f1_macro': 0.5059859987489262, 'prec_macro': 0.6411815217391305, 'rec_macro': 0.2320199939440164, 'f1_micro': 0.28854956896551726, 'prec_micro': 0.28854956896551726, 'rec_micro': 0.28854956896551726}
epoch 39 time: 58.4s, train loss: 8.727, metrics: {'f1': 0.023660588852905076, 'f1_macro': 0.5059859629169597, 'prec_macro': 0.641179347826087, 'rec_macro': 0.23201728002534044, 'f1_micro': 0.28854525862068964, 'prec_micro': 0.28854525862068964, 'rec_micro': 0.28854525862068964}
epoch 40 time: 58.5s, train loss: 8.713, metrics: {'f1': 0.023660588852905076, 'f1_macro': 0.5059859629169597, 'prec_macro': 0.641179347826087, 'rec_macro': 0.23201728002534044, 'f1_micro': 0.28854525862068964, 'prec_micro': 0.28854525862068964, 'rec_micro': 0.28854525862068964}
epoch 41 time: 58.5s, train loss: 8.701, metrics: {'f1': 0.023660588852905076, 'f1_macro': 0.5059859629169597, 'prec_macro': 0.641179347826087, 'rec_macro': 0.23201728002534044, 'f1_micro': 0.28854525862068964, 'prec_micro': 0.28854525862068964, 'rec_micro': 0.28854525862068964}
epoch 42 time: 58.7s, train loss: 8.69, metrics: {'f1': 0.023660588852905076, 'f1_macro': 0.5059859629169597, 'prec_macro': 0.641179347826087, 'rec_macro': 0.23201728002534044, 'f1_micro': 0.28854525862068964, 'prec_micro': 0.28854525862068964, 'rec_micro': 0.28854525862068964}
epoch 43 time: 58.5s, train loss: 8.678, metrics: {'f1': 0.023660588852905076, 'f1_macro': 0.5059859629169597, 'prec_macro': 0.641179347826087, 'rec_macro': 0.23201728002534044, 'f1_micro': 0.28854525862068964, 'prec_micro': 0.28854525862068964, 'rec_micro': 0.28854525862068964}
epoch 44 time: 58.5s, train loss: 8.667, metrics: {'f1': 0.023660588852905076, 'f1_macro': 0.5059859629169597, 'prec_macro': 0.641179347826087, 'rec_macro': 0.23201728002534044, 'f1_micro': 0.28854525862068964, 'prec_micro': 0.28854525862068964, 'rec_micro': 0.28854525862068964}
epoch 45 time: 58.6s, train loss: 8.657, metrics: {'f1': 0.023660588852905076, 'f1_macro': 0.5059859629169597, 'prec_macro': 0.641179347826087, 'rec_macro': 0.23201728002534044, 'f1_micro': 0.28854525862068964, 'prec_micro': 0.28854525862068964, 'rec_micro': 0.28854525862068964}
epoch 46 time: 58.6s, train loss: 8.647, metrics: {'f1': 0.023660588852905076, 'f1_macro': 0.5059859629169597, 'prec_macro': 0.641179347826087, 'rec_macro': 0.23201728002534044, 'f1_micro': 0.28854525862068964, 'prec_micro': 0.28854525862068964, 'rec_micro': 0.28854525862068964}
epoch 47 time: 58.5s, train loss: 8.638, metrics: {'f1': 0.023660588852905076, 'f1_macro': 0.5059859629169597, 'prec_macro': 0.641179347826087, 'rec_macro': 0.23201728002534044, 'f1_micro': 0.28854525862068964, 'prec_micro': 0.28854525862068964, 'rec_micro': 0.28854525862068964}
epoch 48 time: 58.7s, train loss: 8.63, metrics: {'f1': 0.023660588852905076, 'f1_macro': 0.5059859629169597, 'prec_macro': 0.641179347826087, 'rec_macro': 0.23201728002534044, 'f1_micro': 0.28854525862068964, 'prec_micro': 0.28854525862068964, 'rec_micro': 0.28854525862068964}
epoch 49 time: 58.8s, train loss: 8.621, metrics: {'f1': 0.023660588852905076, 'f1_macro': 0.5059859629169597, 'prec_macro': 0.641179347826087, 'rec_macro': 0.23201728002534044, 'f1_micro': 0.28854525862068964, 'prec_micro': 0.28854525862068964, 'rec_micro': 0.28854525862068964}
epoch 50 time: 58.8s, train loss: 8.613, metrics: {'f1': 0.023660588852905076, 'f1_macro': 0.5059859629169597, 'prec_macro': 0.641179347826087, 'rec_macro': 0.23201728002534044, 'f1_micro': 0.28854525862068964, 'prec_micro': 0.28854525862068964, 'rec_micro': 0.28854525862068964}
epoch 51 time: 58.8s, train loss: 8.606, metrics: {'f1': 0.023660588852905076, 'f1_macro': 0.5059859629169597, 'prec_macro': 0.641179347826087, 'rec_macro': 0.23201728002534044, 'f1_micro': 0.28854525862068964, 'prec_micro': 0.28854525862068964, 'rec_micro': 0.28854525862068964}
epoch 52 time: 58.8s, train loss: 8.599, metrics: {'f1': 0.023660588852905076, 'f1_macro': 0.5059859629169597, 'prec_macro': 0.641179347826087, 'rec_macro': 0.23201728002534044, 'f1_micro': 0.28854525862068964, 'prec_micro': 0.28854525862068964, 'rec_micro': 0.28854525862068964}
epoch 53 time: 58.8s, train loss: 8.592, metrics: {'f1': 0.023660588852905076, 'f1_macro': 0.5059859629169597, 'prec_macro': 0.641179347826087, 'rec_macro': 0.23201728002534044, 'f1_micro': 0.28854525862068964, 'prec_micro': 0.28854525862068964, 'rec_micro': 0.28854525862068964}
epoch 54 time: 58.6s, train loss: 8.586, metrics: {'f1': 0.02366051887517893, 'f1_macro': 0.5059859450011374, 'prec_macro': 0.6411782608695652, 'rec_macro': 0.23201592305958976, 'f1_micro': 0.2885431034482759, 'prec_micro': 0.2885431034482759, 'rec_micro': 0.2885431034482759}
epoch 55 time: 58.7s, train loss: 8.581, metrics: {'f1': 0.02366051887517893, 'f1_macro': 0.5059859450011374, 'prec_macro': 0.6411782608695652, 'rec_macro': 0.23201592305958976, 'f1_micro': 0.2885431034482759, 'prec_micro': 0.2885431034482759, 'rec_micro': 0.2885431034482759}
epoch 56 time: 58.8s, train loss: 8.575, metrics: {'f1': 0.02366051887517893, 'f1_macro': 0.5059859450011374, 'prec_macro': 0.6411782608695652, 'rec_macro': 0.23201592305958976, 'f1_micro': 0.2885431034482759, 'prec_micro': 0.2885431034482759, 'rec_micro': 0.2885431034482759}
epoch 57 time: 58.8s, train loss: 8.57, metrics: {'f1': 0.02366051887517893, 'f1_macro': 0.5059859450011374, 'prec_macro': 0.6411782608695652, 'rec_macro': 0.23201592305958976, 'f1_micro': 0.2885431034482759, 'prec_micro': 0.2885431034482759, 'rec_micro': 0.2885431034482759}
epoch 58 time: 58.7s, train loss: 8.566, metrics: {'f1': 0.02366051887517893, 'f1_macro': 0.5059859450011374, 'prec_macro': 0.6411782608695652, 'rec_macro': 0.23201592305958976, 'f1_micro': 0.2885431034482759, 'prec_micro': 0.2885431034482759, 'rec_micro': 0.2885431034482759}
epoch 59 time: 58.8s, train loss: 8.562, metrics: {'f1': 0.023660448897866712, 'f1_macro': 0.5059859270854222, 'prec_macro': 0.6411771739130435, 'rec_macro': 0.2320145660895638, 'f1_micro': 0.2885409482758621, 'prec_micro': 0.2885409482758621, 'rec_micro': 0.2885409482758621}
epoch 60 time: 58.7s, train loss: 8.558, metrics: {'f1': 0.023660448897866712, 'f1_macro': 0.5059859270854222, 'prec_macro': 0.6411771739130435, 'rec_macro': 0.2320145660895638, 'f1_micro': 0.2885409482758621, 'prec_micro': 0.2885409482758621, 'rec_micro': 0.2885409482758621}
epoch 61 time: 58.8s, train loss: 8.554, metrics: {'f1': 0.023660448897866712, 'f1_macro': 0.5059859270854222, 'prec_macro': 0.6411771739130435, 'rec_macro': 0.2320145660895638, 'f1_micro': 0.2885409482758621, 'prec_micro': 0.2885409482758621, 'rec_micro': 0.2885409482758621}
epoch 62 time: 58.8s, train loss: 8.551, metrics: {'f1': 0.023660448897866712, 'f1_macro': 0.5059859270854222, 'prec_macro': 0.6411771739130435, 'rec_macro': 0.2320145660895638, 'f1_micro': 0.2885409482758621, 'prec_micro': 0.2885409482758621, 'rec_micro': 0.2885409482758621}
epoch 63 time: 58.8s, train loss: 8.548, metrics: {'f1': 0.023660448897866712, 'f1_macro': 0.5059859270854222, 'prec_macro': 0.6411771739130435, 'rec_macro': 0.2320145660895638, 'f1_micro': 0.2885409482758621, 'prec_micro': 0.2885409482758621, 'rec_micro': 0.2885409482758621}
epoch 64 time: 58.8s, train loss: 8.545, metrics: {'f1': 0.023660448897866712, 'f1_macro': 0.5059859270854222, 'prec_macro': 0.6411771739130435, 'rec_macro': 0.2320145660895638, 'f1_micro': 0.2885409482758621, 'prec_micro': 0.2885409482758621, 'rec_micro': 0.2885409482758621}
epoch 65 time: 58.8s, train loss: 8.543, metrics: {'f1': 0.023660448897866712, 'f1_macro': 0.5059859270854222, 'prec_macro': 0.6411771739130435, 'rec_macro': 0.2320145660895638, 'f1_micro': 0.2885409482758621, 'prec_micro': 0.2885409482758621, 'rec_micro': 0.2885409482758621}
epoch 66 time: 58.7s, train loss: 8.541, metrics: {'f1': 0.023660448897866712, 'f1_macro': 0.5059859270854222, 'prec_macro': 0.6411771739130435, 'rec_macro': 0.2320145660895638, 'f1_micro': 0.2885409482758621, 'prec_micro': 0.2885409482758621, 'rec_micro': 0.2885409482758621}
epoch 67 time: 59.0s, train loss: 8.539, metrics: {'f1': 0.023660448897866712, 'f1_macro': 0.5059859270854222, 'prec_macro': 0.6411771739130435, 'rec_macro': 0.2320145660895638, 'f1_micro': 0.2885409482758621, 'prec_micro': 0.2885409482758621, 'rec_micro': 0.2885409482758621}
epoch 68 time: 58.9s, train loss: 8.537, metrics: {'f1': 0.023660448897866712, 'f1_macro': 0.5059859270854222, 'prec_macro': 0.6411771739130435, 'rec_macro': 0.2320145660895638, 'f1_micro': 0.2885409482758621, 'prec_micro': 0.2885409482758621, 'rec_micro': 0.2885409482758621}
epoch 69 time: 58.9s, train loss: 8.536, metrics: {'f1': 0.023660448897866712, 'f1_macro': 0.5059859270854222, 'prec_macro': 0.6411771739130435, 'rec_macro': 0.2320145660895638, 'f1_micro': 0.2885409482758621, 'prec_micro': 0.2885409482758621, 'rec_micro': 0.2885409482758621}
epoch 70 time: 58.9s, train loss: 8.535, metrics: {'f1': 0.023660448897866712, 'f1_macro': 0.5059859270854222, 'prec_macro': 0.6411771739130435, 'rec_macro': 0.2320145660895638, 'f1_micro': 0.2885409482758621, 'prec_micro': 0.2885409482758621, 'rec_micro': 0.2885409482758621}
epoch 71 time: 58.9s, train loss: 8.534, metrics: {'f1': 0.023660448897866712, 'f1_macro': 0.5059859270854222, 'prec_macro': 0.6411771739130435, 'rec_macro': 0.2320145660895638, 'f1_micro': 0.2885409482758621, 'prec_micro': 0.2885409482758621, 'rec_micro': 0.2885409482758621}
epoch 72 time: 59.0s, train loss: 8.533, metrics: {'f1': 0.023660448897866712, 'f1_macro': 0.5059859270854222, 'prec_macro': 0.6411771739130435, 'rec_macro': 0.2320145660895638, 'f1_micro': 0.2885409482758621, 'prec_micro': 0.2885409482758621, 'rec_micro': 0.2885409482758621}
epoch 73 time: 59.0s, train loss: 8.533, metrics: {'f1': 0.023660448897866712, 'f1_macro': 0.5059859270854222, 'prec_macro': 0.6411771739130435, 'rec_macro': 0.2320145660895638, 'f1_micro': 0.2885409482758621, 'prec_micro': 0.2885409482758621, 'rec_micro': 0.2885409482758621}
epoch 74 time: 59.0s, train loss: 8.533, metrics: {'f1': 0.023660448897866712, 'f1_macro': 0.5059859270854222, 'prec_macro': 0.6411771739130435, 'rec_macro': 0.2320145660895638, 'f1_micro': 0.2885409482758621, 'prec_micro': 0.2885409482758621, 'rec_micro': 0.2885409482758621}
epoch 75 time: 59.0s, train loss: 8.532, metrics: {'f1': 0.023660448897866712, 'f1_macro': 0.5059859270854222, 'prec_macro': 0.6411771739130435, 'rec_macro': 0.2320145660895638, 'f1_micro': 0.2885409482758621, 'prec_micro': 0.2885409482758621, 'rec_micro': 0.2885409482758621}
epoch 76 time: 59.0s, train loss: 8.532, metrics: {'f1': 0.023660448897866712, 'f1_macro': 0.5059859270854222, 'prec_macro': 0.6411771739130435, 'rec_macro': 0.2320145660895638, 'f1_micro': 0.2885409482758621, 'prec_micro': 0.2885409482758621, 'rec_micro': 0.2885409482758621}
epoch 77 time: 58.9s, train loss: 8.533, metrics: {'f1': 0.023660448897866712, 'f1_macro': 0.5059859270854222, 'prec_macro': 0.6411771739130435, 'rec_macro': 0.2320145660895638, 'f1_micro': 0.2885409482758621, 'prec_micro': 0.2885409482758621, 'rec_micro': 0.2885409482758621}
epoch 78 time: 59.1s, train loss: 8.533, metrics: {'f1': 0.023660448897866712, 'f1_macro': 0.5059859270854222, 'prec_macro': 0.6411771739130435, 'rec_macro': 0.2320145660895638, 'f1_micro': 0.2885409482758621, 'prec_micro': 0.2885409482758621, 'rec_micro': 0.2885409482758621}
epoch 79 time: 59.0s, train loss: 8.533, metrics: {'f1': 0.023660448897866712, 'f1_macro': 0.5059859270854222, 'prec_macro': 0.6411771739130435, 'rec_macro': 0.2320145660895638, 'f1_micro': 0.2885409482758621, 'prec_micro': 0.2885409482758621, 'rec_micro': 0.2885409482758621}
epoch 80 time: 59.1s, train loss: 8.534, metrics: {'f1': 0.023660448897866712, 'f1_macro': 0.5059859270854222, 'prec_macro': 0.6411771739130435, 'rec_macro': 0.2320145660895638, 'f1_micro': 0.2885409482758621, 'prec_micro': 0.2885409482758621, 'rec_micro': 0.2885409482758621}
epoch 81 time: 59.0s, train loss: 8.535, metrics: {'f1': 0.023660448897866712, 'f1_macro': 0.5059859270854222, 'prec_macro': 0.6411771739130435, 'rec_macro': 0.2320145660895638, 'f1_micro': 0.2885409482758621, 'prec_micro': 0.2885409482758621, 'rec_micro': 0.2885409482758621}
epoch 82 time: 59.0s, train loss: 8.536, metrics: {'f1': 0.023660448897866712, 'f1_macro': 0.5059859270854222, 'prec_macro': 0.6411771739130435, 'rec_macro': 0.2320145660895638, 'f1_micro': 0.2885409482758621, 'prec_micro': 0.2885409482758621, 'rec_micro': 0.2885409482758621}
epoch 83 time: 59.0s, train loss: 8.537, metrics: {'f1': 0.023660448897866712, 'f1_macro': 0.5059859270854222, 'prec_macro': 0.6411771739130435, 'rec_macro': 0.2320145660895638, 'f1_micro': 0.2885409482758621, 'prec_micro': 0.2885409482758621, 'rec_micro': 0.2885409482758621}
epoch 84 time: 59.0s, train loss: 8.538, metrics: {'f1': 0.023660448897866712, 'f1_macro': 0.5059859270854222, 'prec_macro': 0.6411771739130435, 'rec_macro': 0.2320145660895638, 'f1_micro': 0.2885409482758621, 'prec_micro': 0.2885409482758621, 'rec_micro': 0.2885409482758621}
epoch 85 time: 59.1s, train loss: 8.539, metrics: {'f1': 0.023660448897866712, 'f1_macro': 0.5059859270854222, 'prec_macro': 0.6411771739130435, 'rec_macro': 0.2320145660895638, 'f1_micro': 0.2885409482758621, 'prec_micro': 0.2885409482758621, 'rec_micro': 0.2885409482758621}
epoch 86 time: 59.0s, train loss: 8.54, metrics: {'f1': 0.023660448897866712, 'f1_macro': 0.5059859270854222, 'prec_macro': 0.6411771739130435, 'rec_macro': 0.2320145660895638, 'f1_micro': 0.2885409482758621, 'prec_micro': 0.2885409482758621, 'rec_micro': 0.2885409482758621}
epoch 87 time: 59.0s, train loss: 8.542, metrics: {'f1': 0.023660448897866712, 'f1_macro': 0.5059859270854222, 'prec_macro': 0.6411771739130435, 'rec_macro': 0.2320145660895638, 'f1_micro': 0.2885409482758621, 'prec_micro': 0.2885409482758621, 'rec_micro': 0.2885409482758621}
epoch 88 time: 59.0s, train loss: 8.543, metrics: {'f1': 0.023660448897866712, 'f1_macro': 0.5059859270854222, 'prec_macro': 0.6411771739130435, 'rec_macro': 0.2320145660895638, 'f1_micro': 0.2885409482758621, 'prec_micro': 0.2885409482758621, 'rec_micro': 0.2885409482758621}
epoch 89 time: 59.0s, train loss: 8.544, metrics: {'f1': 0.023660448897866712, 'f1_macro': 0.5059859270854222, 'prec_macro': 0.6411771739130435, 'rec_macro': 0.2320145660895638, 'f1_micro': 0.2885409482758621, 'prec_micro': 0.2885409482758621, 'rec_micro': 0.2885409482758621}
epoch 90 time: 59.0s, train loss: 8.546, metrics: {'f1': 0.023660448897866712, 'f1_macro': 0.5059859270854222, 'prec_macro': 0.6411771739130435, 'rec_macro': 0.2320145660895638, 'f1_micro': 0.2885409482758621, 'prec_micro': 0.2885409482758621, 'rec_micro': 0.2885409482758621}
epoch 91 time: 59.0s, train loss: 8.547, metrics: {'f1': 0.023660448897866712, 'f1_macro': 0.5059859270854222, 'prec_macro': 0.6411771739130435, 'rec_macro': 0.2320145660895638, 'f1_micro': 0.2885409482758621, 'prec_micro': 0.2885409482758621, 'rec_micro': 0.2885409482758621}
epoch 92 time: 59.0s, train loss: 8.549, metrics: {'f1': 0.023660448897866712, 'f1_macro': 0.5059859270854222, 'prec_macro': 0.6411771739130435, 'rec_macro': 0.2320145660895638, 'f1_micro': 0.2885409482758621, 'prec_micro': 0.2885409482758621, 'rec_micro': 0.2885409482758621}
epoch 93 time: 59.0s, train loss: 8.55, metrics: {'f1': 0.023660448897866712, 'f1_macro': 0.5059859270854222, 'prec_macro': 0.6411771739130435, 'rec_macro': 0.2320145660895638, 'f1_micro': 0.2885409482758621, 'prec_micro': 0.2885409482758621, 'rec_micro': 0.2885409482758621}
epoch 94 time: 59.0s, train loss: 8.552, metrics: {'f1': 0.023660448897866712, 'f1_macro': 0.5059859270854222, 'prec_macro': 0.6411771739130435, 'rec_macro': 0.2320145660895638, 'f1_micro': 0.2885409482758621, 'prec_micro': 0.2885409482758621, 'rec_micro': 0.2885409482758621}
epoch 95 time: 59.1s, train loss: 8.553, metrics: {'f1': 0.023660448897866712, 'f1_macro': 0.5059859270854222, 'prec_macro': 0.6411771739130435, 'rec_macro': 0.2320145660895638, 'f1_micro': 0.2885409482758621, 'prec_micro': 0.2885409482758621, 'rec_micro': 0.2885409482758621}
epoch 96 time: 59.2s, train loss: 8.555, metrics: {'f1': 0.023660448897866712, 'f1_macro': 0.5059859270854222, 'prec_macro': 0.6411771739130435, 'rec_macro': 0.2320145660895638, 'f1_micro': 0.2885409482758621, 'prec_micro': 0.2885409482758621, 'rec_micro': 0.2885409482758621}
epoch 97 time: 59.2s, train loss: 8.556, metrics: {'f1': 0.023660448897866712, 'f1_macro': 0.5059859270854222, 'prec_macro': 0.6411771739130435, 'rec_macro': 0.2320145660895638, 'f1_micro': 0.2885409482758621, 'prec_micro': 0.2885409482758621, 'rec_micro': 0.2885409482758621}
epoch 98 time: 59.1s, train loss: 8.558, metrics: {'f1': 0.023660448897866712, 'f1_macro': 0.5059859270854222, 'prec_macro': 0.6411771739130435, 'rec_macro': 0.2320145660895638, 'f1_micro': 0.2885409482758621, 'prec_micro': 0.2885409482758621, 'rec_micro': 0.2885409482758621}
epoch 99 time: 59.2s, train loss: 8.559, metrics: {'f1': 0.023660448897866712, 'f1_macro': 0.5059859270854222, 'prec_macro': 0.6411771739130435, 'rec_macro': 0.2320145660895638, 'f1_micro': 0.2885409482758621, 'prec_micro': 0.2885409482758621, 'rec_micro': 0.2885409482758621}
epoch 100 time: 59.1s, train loss: 8.561, metrics: {'f1': 0.023660448897866712, 'f1_macro': 0.5059859270854222, 'prec_macro': 0.6411771739130435, 'rec_macro': 0.2320145660895638, 'f1_micro': 0.2885409482758621, 'prec_micro': 0.2885409482758621, 'rec_micro': 0.2885409482758621}
post-training summary -- best {'f1': 0.06775653778508202, 'f1_macro': 0.5159061384512761, 'prec_macro': 0.7252543478260869, 'rec_macro': 0.4962219450106542, 'f1_micro': 0.8606336206896552, 'prec_micro': 0.8606336206896552, 'rec_micro': 0.8606336206896553}
run 4 start -- seed=3
epoch 1 time: 59.3s, train loss: 9.69, metrics: {'f1': 0.02358321510131423, 'f1_macro': 0.5058936340870516, 'prec_macro': 0.639329347826087, 'rec_macro': 0.2326094778628422, 'f1_micro': 0.28954525862068964, 'prec_micro': 0.28954525862068964, 'rec_micro': 0.28954525862068964}
epoch 2 time: 59.4s, train loss: 9.591, metrics: {'f1': 0.023650996944537293, 'f1_macro': 0.505975845789694, 'prec_macro': 0.6409619565217392, 'rec_macro': 0.23205139465766425, 'f1_micro': 0.28860560344827585, 'prec_micro': 0.28860560344827585, 'rec_micro': 0.28860560344827585}
epoch 3 time: 59.6s, train loss: 9.494, metrics: {'f1': 0.023661078708578323, 'f1_macro': 0.5059860883307195, 'prec_macro': 0.6411869565217392, 'rec_macro': 0.23202677866589194, 'f1_micro': 0.2885603448275862, 'prec_micro': 0.2885603448275862, 'rec_micro': 0.2885603448275862}
epoch 4 time: 59.3s, train loss: 9.407, metrics: {'f1': 0.023660728809599157, 'f1_macro': 0.5059859987489262, 'prec_macro': 0.6411815217391305, 'rec_macro': 0.2320199939440164, 'f1_micro': 0.28854956896551726, 'prec_micro': 0.28854956896551726, 'rec_micro': 0.28854956896551726}
epoch 5 time: 59.2s, train loss: 9.322, metrics: {'f1': 0.02366030894448404, 'f1_macro': 0.5059858912543136, 'prec_macro': 0.641175, 'rec_macro': 0.23201185213668618, 'f1_micro': 0.28853663793103446, 'prec_micro': 0.28853663793103446, 'rec_micro': 0.28853663793103446}
epoch 6 time: 59.1s, train loss: 9.241, metrics: {'f1': 0.02366030894448404, 'f1_macro': 0.5059858912543136, 'prec_macro': 0.641175, 'rec_macro': 0.23201185213668618, 'f1_micro': 0.28853663793103446, 'prec_micro': 0.28853663793103446, 'rec_micro': 0.28853663793103446}
epoch 7 time: 59.1s, train loss: 9.166, metrics: {'f1': 0.02366030894448404, 'f1_macro': 0.5059858912543136, 'prec_macro': 0.641175, 'rec_macro': 0.23201185213668618, 'f1_micro': 0.28853663793103446, 'prec_micro': 0.28853663793103446, 'rec_micro': 0.28853663793103446}
epoch 8 time: 59.1s, train loss: 9.094, metrics: {'f1': 0.02366030894448404, 'f1_macro': 0.5059858912543136, 'prec_macro': 0.641175, 'rec_macro': 0.23201185213668618, 'f1_micro': 0.28853663793103446, 'prec_micro': 0.28853663793103446, 'rec_micro': 0.28853663793103446}
epoch 9 time: 59.3s, train loss: 9.026, metrics: {'f1': 0.02366030894448404, 'f1_macro': 0.5059858912543136, 'prec_macro': 0.641175, 'rec_macro': 0.23201185213668618, 'f1_micro': 0.28853663793103446, 'prec_micro': 0.28853663793103446, 'rec_micro': 0.28853663793103446}
epoch 10 time: 59.3s, train loss: 8.964, metrics: {'f1': 0.02366030894448404, 'f1_macro': 0.5059858912543136, 'prec_macro': 0.641175, 'rec_macro': 0.23201185213668618, 'f1_micro': 0.28853663793103446, 'prec_micro': 0.28853663793103446, 'rec_micro': 0.28853663793103446}
epoch 11 time: 59.3s, train loss: 8.903, metrics: {'f1': 0.02366030894448404, 'f1_macro': 0.5059858912543136, 'prec_macro': 0.641175, 'rec_macro': 0.23201185213668618, 'f1_micro': 0.28853663793103446, 'prec_micro': 0.28853663793103446, 'rec_micro': 0.28853663793103446}
epoch 12 time: 59.3s, train loss: 8.85, metrics: {'f1': 0.02366030894448404, 'f1_macro': 0.5059858912543136, 'prec_macro': 0.641175, 'rec_macro': 0.23201185213668618, 'f1_micro': 0.28853663793103446, 'prec_micro': 0.28853663793103446, 'rec_micro': 0.28853663793103446}
epoch 13 time: 59.3s, train loss: 8.798, metrics: {'f1': 0.02366030894448404, 'f1_macro': 0.5059858912543136, 'prec_macro': 0.641175, 'rec_macro': 0.23201185213668618, 'f1_micro': 0.28853663793103446, 'prec_micro': 0.28853663793103446, 'rec_micro': 0.28853663793103446}
epoch 14 time: 58.9s, train loss: 8.753, metrics: {'f1': 0.02366030894448404, 'f1_macro': 0.5059858912543136, 'prec_macro': 0.641175, 'rec_macro': 0.23201185213668618, 'f1_micro': 0.28853663793103446, 'prec_micro': 0.28853663793103446, 'rec_micro': 0.28853663793103446}
epoch 15 time: 58.6s, train loss: 8.708, metrics: {'f1': 0.02366030894448404, 'f1_macro': 0.5059858912543136, 'prec_macro': 0.641175, 'rec_macro': 0.23201185213668618, 'f1_micro': 0.28853663793103446, 'prec_micro': 0.28853663793103446, 'rec_micro': 0.28853663793103446}
epoch 16 time: 58.6s, train loss: 8.67, metrics: {'f1': 0.02366030894448404, 'f1_macro': 0.5059858912543136, 'prec_macro': 0.641175, 'rec_macro': 0.23201185213668618, 'f1_micro': 0.28853663793103446, 'prec_micro': 0.28853663793103446, 'rec_micro': 0.28853663793103446}
epoch 17 time: 58.6s, train loss: 8.634, metrics: {'f1': 0.02366030894448404, 'f1_macro': 0.5059858912543136, 'prec_macro': 0.641175, 'rec_macro': 0.23201185213668618, 'f1_micro': 0.28853663793103446, 'prec_micro': 0.28853663793103446, 'rec_micro': 0.28853663793103446}
epoch 18 time: 58.4s, train loss: 8.601, metrics: {'f1': 0.02366030894448404, 'f1_macro': 0.5059858912543136, 'prec_macro': 0.641175, 'rec_macro': 0.23201185213668618, 'f1_micro': 0.28853663793103446, 'prec_micro': 0.28853663793103446, 'rec_micro': 0.28853663793103446}
epoch 19 time: 58.5s, train loss: 8.573, metrics: {'f1': 0.02366030894448404, 'f1_macro': 0.5059858912543136, 'prec_macro': 0.641175, 'rec_macro': 0.23201185213668618, 'f1_micro': 0.28853663793103446, 'prec_micro': 0.28853663793103446, 'rec_micro': 0.28853663793103446}
epoch 20 time: 58.5s, train loss: 8.546, metrics: {'f1': 0.02366030894448404, 'f1_macro': 0.5059858912543136, 'prec_macro': 0.641175, 'rec_macro': 0.23201185213668618, 'f1_micro': 0.28853663793103446, 'prec_micro': 0.28853663793103446, 'rec_micro': 0.28853663793103446}
epoch 21 time: 58.4s, train loss: 8.523, metrics: {'f1': 0.02366030894448404, 'f1_macro': 0.5059858912543136, 'prec_macro': 0.641175, 'rec_macro': 0.23201185213668618, 'f1_micro': 0.28853663793103446, 'prec_micro': 0.28853663793103446, 'rec_micro': 0.28853663793103446}
epoch 22 time: 60.2s, train loss: 8.502, metrics: {'f1': 0.02366030894448404, 'f1_macro': 0.5059858912543136, 'prec_macro': 0.641175, 'rec_macro': 0.23201185213668618, 'f1_micro': 0.28853663793103446, 'prec_micro': 0.28853663793103446, 'rec_micro': 0.28853663793103446}
epoch 23 time: 61.0s, train loss: 8.484, metrics: {'f1': 0.02366030894448404, 'f1_macro': 0.5059858912543136, 'prec_macro': 0.641175, 'rec_macro': 0.23201185213668618, 'f1_micro': 0.28853663793103446, 'prec_micro': 0.28853663793103446, 'rec_micro': 0.28853663793103446}
epoch 24 time: 58.5s, train loss: 8.468, metrics: {'f1': 0.02366030894448404, 'f1_macro': 0.5059858912543136, 'prec_macro': 0.641175, 'rec_macro': 0.23201185213668618, 'f1_micro': 0.28853663793103446, 'prec_micro': 0.28853663793103446, 'rec_micro': 0.28853663793103446}
epoch 25 time: 58.5s, train loss: 8.455, metrics: {'f1': 0.02366030894448404, 'f1_macro': 0.5059858912543136, 'prec_macro': 0.641175, 'rec_macro': 0.23201185213668618, 'f1_micro': 0.28853663793103446, 'prec_micro': 0.28853663793103446, 'rec_micro': 0.28853663793103446}
epoch 26 time: 58.5s, train loss: 8.442, metrics: {'f1': 0.02366030894448404, 'f1_macro': 0.5059858912543136, 'prec_macro': 0.641175, 'rec_macro': 0.23201185213668618, 'f1_micro': 0.28853663793103446, 'prec_micro': 0.28853663793103446, 'rec_micro': 0.28853663793103446}
epoch 27 time: 58.4s, train loss: 8.432, metrics: {'f1': 0.02366030894448404, 'f1_macro': 0.5059858912543136, 'prec_macro': 0.641175, 'rec_macro': 0.23201185213668618, 'f1_micro': 0.28853663793103446, 'prec_micro': 0.28853663793103446, 'rec_micro': 0.28853663793103446}
epoch 28 time: 58.4s, train loss: 8.424, metrics: {'f1': 0.02366030894448404, 'f1_macro': 0.5059858912543136, 'prec_macro': 0.641175, 'rec_macro': 0.23201185213668618, 'f1_micro': 0.28853663793103446, 'prec_micro': 0.28853663793103446, 'rec_micro': 0.28853663793103446}
epoch 29 time: 58.4s, train loss: 8.417, metrics: {'f1': 0.02366030894448404, 'f1_macro': 0.5059858912543136, 'prec_macro': 0.641175, 'rec_macro': 0.23201185213668618, 'f1_micro': 0.28853663793103446, 'prec_micro': 0.28853663793103446, 'rec_micro': 0.28853663793103446}
epoch 30 time: 58.4s, train loss: 8.412, metrics: {'f1': 0.02366030894448404, 'f1_macro': 0.5059858912543136, 'prec_macro': 0.641175, 'rec_macro': 0.23201185213668618, 'f1_micro': 0.28853663793103446, 'prec_micro': 0.28853663793103446, 'rec_micro': 0.28853663793103446}
epoch 31 time: 58.4s, train loss: 8.407, metrics: {'f1': 0.02366030894448404, 'f1_macro': 0.5059858912543136, 'prec_macro': 0.641175, 'rec_macro': 0.23201185213668618, 'f1_micro': 0.28853663793103446, 'prec_micro': 0.28853663793103446, 'rec_micro': 0.28853663793103446}
epoch 32 time: 58.7s, train loss: 8.404, metrics: {'f1': 0.02366030894448404, 'f1_macro': 0.5059858912543136, 'prec_macro': 0.641175, 'rec_macro': 0.23201185213668618, 'f1_micro': 0.28853663793103446, 'prec_micro': 0.28853663793103446, 'rec_micro': 0.28853663793103446}
epoch 33 time: 58.6s, train loss: 8.402, metrics: {'f1': 0.02366030894448404, 'f1_macro': 0.5059858912543136, 'prec_macro': 0.641175, 'rec_macro': 0.23201185213668618, 'f1_micro': 0.28853663793103446, 'prec_micro': 0.28853663793103446, 'rec_micro': 0.28853663793103446}
epoch 34 time: 58.7s, train loss: 8.401, metrics: {'f1': 0.02366030894448404, 'f1_macro': 0.5059858912543136, 'prec_macro': 0.641175, 'rec_macro': 0.23201185213668618, 'f1_micro': 0.28853663793103446, 'prec_micro': 0.28853663793103446, 'rec_micro': 0.28853663793103446}
epoch 35 time: 58.7s, train loss: 8.4, metrics: {'f1': 0.02366030894448404, 'f1_macro': 0.5059858912543136, 'prec_macro': 0.641175, 'rec_macro': 0.23201185213668618, 'f1_micro': 0.28853663793103446, 'prec_micro': 0.28853663793103446, 'rec_micro': 0.28853663793103446}
epoch 36 time: 58.6s, train loss: 8.4, metrics: {'f1': 0.02366030894448404, 'f1_macro': 0.5059858912543136, 'prec_macro': 0.641175, 'rec_macro': 0.23201185213668618, 'f1_micro': 0.28853663793103446, 'prec_micro': 0.28853663793103446, 'rec_micro': 0.28853663793103446}
epoch 37 time: 58.7s, train loss: 8.401, metrics: {'f1': 0.02366030894448404, 'f1_macro': 0.5059858912543136, 'prec_macro': 0.641175, 'rec_macro': 0.23201185213668618, 'f1_micro': 0.28853663793103446, 'prec_micro': 0.28853663793103446, 'rec_micro': 0.28853663793103446}
epoch 38 time: 58.6s, train loss: 8.402, metrics: {'f1': 0.02366030894448404, 'f1_macro': 0.5059858912543136, 'prec_macro': 0.641175, 'rec_macro': 0.23201185213668618, 'f1_micro': 0.28853663793103446, 'prec_micro': 0.28853663793103446, 'rec_micro': 0.28853663793103446}
epoch 39 time: 58.5s, train loss: 8.404, metrics: {'f1': 0.02366030894448404, 'f1_macro': 0.5059858912543136, 'prec_macro': 0.641175, 'rec_macro': 0.23201185213668618, 'f1_micro': 0.28853663793103446, 'prec_micro': 0.28853663793103446, 'rec_micro': 0.28853663793103446}
epoch 40 time: 58.5s, train loss: 8.405, metrics: {'f1': 0.02366030894448404, 'f1_macro': 0.5059858912543136, 'prec_macro': 0.641175, 'rec_macro': 0.23201185213668618, 'f1_micro': 0.28853663793103446, 'prec_micro': 0.28853663793103446, 'rec_micro': 0.28853663793103446}
epoch 41 time: 58.5s, train loss: 8.407, metrics: {'f1': 0.02366030894448404, 'f1_macro': 0.5059858912543136, 'prec_macro': 0.641175, 'rec_macro': 0.23201185213668618, 'f1_micro': 0.28853663793103446, 'prec_micro': 0.28853663793103446, 'rec_micro': 0.28853663793103446}
epoch 42 time: 58.5s, train loss: 8.41, metrics: {'f1': 0.02366030894448404, 'f1_macro': 0.5059858912543136, 'prec_macro': 0.641175, 'rec_macro': 0.23201185213668618, 'f1_micro': 0.28853663793103446, 'prec_micro': 0.28853663793103446, 'rec_micro': 0.28853663793103446}
epoch 43 time: 58.6s, train loss: 8.412, metrics: {'f1': 0.02366030894448404, 'f1_macro': 0.5059858912543136, 'prec_macro': 0.641175, 'rec_macro': 0.23201185213668618, 'f1_micro': 0.28853663793103446, 'prec_micro': 0.28853663793103446, 'rec_micro': 0.28853663793103446}
epoch 44 time: 58.6s, train loss: 8.414, metrics: {'f1': 0.02366030894448404, 'f1_macro': 0.5059858912543136, 'prec_macro': 0.641175, 'rec_macro': 0.23201185213668618, 'f1_micro': 0.28853663793103446, 'prec_micro': 0.28853663793103446, 'rec_micro': 0.28853663793103446}
epoch 45 time: 58.6s, train loss: 8.417, metrics: {'f1': 0.02366030894448404, 'f1_macro': 0.5059858912543136, 'prec_macro': 0.641175, 'rec_macro': 0.23201185213668618, 'f1_micro': 0.28853663793103446, 'prec_micro': 0.28853663793103446, 'rec_micro': 0.28853663793103446}
epoch 46 time: 58.6s, train loss: 8.42, metrics: {'f1': 0.02366030894448404, 'f1_macro': 0.5059858912543136, 'prec_macro': 0.641175, 'rec_macro': 0.23201185213668618, 'f1_micro': 0.28853663793103446, 'prec_micro': 0.28853663793103446, 'rec_micro': 0.28853663793103446}
epoch 47 time: 58.5s, train loss: 8.422, metrics: {'f1': 0.02366030894448404, 'f1_macro': 0.5059858912543136, 'prec_macro': 0.641175, 'rec_macro': 0.23201185213668618, 'f1_micro': 0.28853663793103446, 'prec_micro': 0.28853663793103446, 'rec_micro': 0.28853663793103446}
epoch 48 time: 58.6s, train loss: 8.425, metrics: {'f1': 0.02366030894448404, 'f1_macro': 0.5059858912543136, 'prec_macro': 0.641175, 'rec_macro': 0.23201185213668618, 'f1_micro': 0.28853663793103446, 'prec_micro': 0.28853663793103446, 'rec_micro': 0.28853663793103446}
epoch 49 time: 58.6s, train loss: 8.427, metrics: {'f1': 0.02366030894448404, 'f1_macro': 0.5059858912543136, 'prec_macro': 0.641175, 'rec_macro': 0.23201185213668618, 'f1_micro': 0.28853663793103446, 'prec_micro': 0.28853663793103446, 'rec_micro': 0.28853663793103446}
epoch 50 time: 58.6s, train loss: 8.429, metrics: {'f1': 0.02366030894448404, 'f1_macro': 0.5059858912543136, 'prec_macro': 0.641175, 'rec_macro': 0.23201185213668618, 'f1_micro': 0.28853663793103446, 'prec_micro': 0.28853663793103446, 'rec_micro': 0.28853663793103446}
epoch 51 time: 58.6s, train loss: 8.432, metrics: {'f1': 0.02366030894448404, 'f1_macro': 0.5059858912543136, 'prec_macro': 0.641175, 'rec_macro': 0.23201185213668618, 'f1_micro': 0.28853663793103446, 'prec_micro': 0.28853663793103446, 'rec_micro': 0.28853663793103446}
epoch 52 time: 58.5s, train loss: 8.433, metrics: {'f1': 0.02366030894448404, 'f1_macro': 0.5059858912543136, 'prec_macro': 0.641175, 'rec_macro': 0.23201185213668618, 'f1_micro': 0.28853663793103446, 'prec_micro': 0.28853663793103446, 'rec_micro': 0.28853663793103446}
epoch 53 time: 58.5s, train loss: 8.435, metrics: {'f1': 0.02366030894448404, 'f1_macro': 0.5059858912543136, 'prec_macro': 0.641175, 'rec_macro': 0.23201185213668618, 'f1_micro': 0.28853663793103446, 'prec_micro': 0.28853663793103446, 'rec_micro': 0.28853663793103446}
epoch 54 time: 58.5s, train loss: 8.436, metrics: {'f1': 0.02366030894448404, 'f1_macro': 0.5059858912543136, 'prec_macro': 0.641175, 'rec_macro': 0.23201185213668618, 'f1_micro': 0.28853663793103446, 'prec_micro': 0.28853663793103446, 'rec_micro': 0.28853663793103446}
epoch 55 time: 58.9s, train loss: 8.437, metrics: {'f1': 0.02366030894448404, 'f1_macro': 0.5059858912543136, 'prec_macro': 0.641175, 'rec_macro': 0.23201185213668618, 'f1_micro': 0.28853663793103446, 'prec_micro': 0.28853663793103446, 'rec_micro': 0.28853663793103446}
epoch 56 time: 58.6s, train loss: 8.438, metrics: {'f1': 0.02366030894448404, 'f1_macro': 0.5059858912543136, 'prec_macro': 0.641175, 'rec_macro': 0.23201185213668618, 'f1_micro': 0.28853663793103446, 'prec_micro': 0.28853663793103446, 'rec_micro': 0.28853663793103446}
epoch 57 time: 58.5s, train loss: 8.438, metrics: {'f1': 0.02366030894448404, 'f1_macro': 0.5059858912543136, 'prec_macro': 0.641175, 'rec_macro': 0.23201185213668618, 'f1_micro': 0.28853663793103446, 'prec_micro': 0.28853663793103446, 'rec_micro': 0.28853663793103446}
epoch 58 time: 58.5s, train loss: 8.438, metrics: {'f1': 0.02366030894448404, 'f1_macro': 0.5059858912543136, 'prec_macro': 0.641175, 'rec_macro': 0.23201185213668618, 'f1_micro': 0.28853663793103446, 'prec_micro': 0.28853663793103446, 'rec_micro': 0.28853663793103446}
epoch 59 time: 58.5s, train loss: 8.437, metrics: {'f1': 0.02366030894448404, 'f1_macro': 0.5059858912543136, 'prec_macro': 0.641175, 'rec_macro': 0.23201185213668618, 'f1_micro': 0.28853663793103446, 'prec_micro': 0.28853663793103446, 'rec_micro': 0.28853663793103446}
epoch 60 time: 58.5s, train loss: 8.436, metrics: {'f1': 0.02366030894448404, 'f1_macro': 0.5059858912543136, 'prec_macro': 0.641175, 'rec_macro': 0.23201185213668618, 'f1_micro': 0.28853663793103446, 'prec_micro': 0.28853663793103446, 'rec_micro': 0.28853663793103446}
epoch 61 time: 58.5s, train loss: 8.435, metrics: {'f1': 0.02366030894448404, 'f1_macro': 0.5059858912543136, 'prec_macro': 0.641175, 'rec_macro': 0.23201185213668618, 'f1_micro': 0.28853663793103446, 'prec_micro': 0.28853663793103446, 'rec_micro': 0.28853663793103446}
epoch 62 time: 58.5s, train loss: 8.434, metrics: {'f1': 0.02366030894448404, 'f1_macro': 0.5059858912543136, 'prec_macro': 0.641175, 'rec_macro': 0.23201185213668618, 'f1_micro': 0.28853663793103446, 'prec_micro': 0.28853663793103446, 'rec_micro': 0.28853663793103446}
epoch 63 time: 58.6s, train loss: 8.432, metrics: {'f1': 0.02366030894448404, 'f1_macro': 0.5059858912543136, 'prec_macro': 0.641175, 'rec_macro': 0.23201185213668618, 'f1_micro': 0.28853663793103446, 'prec_micro': 0.28853663793103446, 'rec_micro': 0.28853663793103446}
epoch 64 time: 58.6s, train loss: 8.429, metrics: {'f1': 0.02366030894448404, 'f1_macro': 0.5059858912543136, 'prec_macro': 0.641175, 'rec_macro': 0.23201185213668618, 'f1_micro': 0.28853663793103446, 'prec_micro': 0.28853663793103446, 'rec_micro': 0.28853663793103446}
epoch 65 time: 58.5s, train loss: 8.427, metrics: {'f1': 0.02366030894448404, 'f1_macro': 0.5059858912543136, 'prec_macro': 0.641175, 'rec_macro': 0.23201185213668618, 'f1_micro': 0.28853663793103446, 'prec_micro': 0.28853663793103446, 'rec_micro': 0.28853663793103446}
epoch 66 time: 58.5s, train loss: 8.424, metrics: {'f1': 0.02366030894448404, 'f1_macro': 0.5059858912543136, 'prec_macro': 0.641175, 'rec_macro': 0.23201185213668618, 'f1_micro': 0.28853663793103446, 'prec_micro': 0.28853663793103446, 'rec_micro': 0.28853663793103446}
epoch 67 time: 58.5s, train loss: 8.421, metrics: {'f1': 0.02366030894448404, 'f1_macro': 0.5059858912543136, 'prec_macro': 0.641175, 'rec_macro': 0.23201185213668618, 'f1_micro': 0.28853663793103446, 'prec_micro': 0.28853663793103446, 'rec_micro': 0.28853663793103446}
epoch 68 time: 58.5s, train loss: 8.417, metrics: {'f1': 0.02366030894448404, 'f1_macro': 0.5059858912543136, 'prec_macro': 0.641175, 'rec_macro': 0.23201185213668618, 'f1_micro': 0.28853663793103446, 'prec_micro': 0.28853663793103446, 'rec_micro': 0.28853663793103446}
epoch 69 time: 58.5s, train loss: 8.414, metrics: {'f1': 0.02366030894448404, 'f1_macro': 0.5059858912543136, 'prec_macro': 0.641175, 'rec_macro': 0.23201185213668618, 'f1_micro': 0.28853663793103446, 'prec_micro': 0.28853663793103446, 'rec_micro': 0.28853663793103446}
epoch 70 time: 58.4s, train loss: 8.41, metrics: {'f1': 0.02366030894448404, 'f1_macro': 0.5059858912543136, 'prec_macro': 0.641175, 'rec_macro': 0.23201185213668618, 'f1_micro': 0.28853663793103446, 'prec_micro': 0.28853663793103446, 'rec_micro': 0.28853663793103446}
epoch 71 time: 58.4s, train loss: 8.406, metrics: {'f1': 0.02366030894448404, 'f1_macro': 0.5059858912543136, 'prec_macro': 0.641175, 'rec_macro': 0.23201185213668618, 'f1_micro': 0.28853663793103446, 'prec_micro': 0.28853663793103446, 'rec_micro': 0.28853663793103446}
epoch 72 time: 58.5s, train loss: 8.401, metrics: {'f1': 0.02366030894448404, 'f1_macro': 0.5059858912543136, 'prec_macro': 0.641175, 'rec_macro': 0.23201185213668618, 'f1_micro': 0.28853663793103446, 'prec_micro': 0.28853663793103446, 'rec_micro': 0.28853663793103446}
epoch 73 time: 58.4s, train loss: 8.397, metrics: {'f1': 0.02366030894448404, 'f1_macro': 0.5059858912543136, 'prec_macro': 0.641175, 'rec_macro': 0.23201185213668618, 'f1_micro': 0.28853663793103446, 'prec_micro': 0.28853663793103446, 'rec_micro': 0.28853663793103446}
epoch 74 time: 58.5s, train loss: 8.393, metrics: {'f1': 0.02366030894448404, 'f1_macro': 0.5059858912543136, 'prec_macro': 0.641175, 'rec_macro': 0.23201185213668618, 'f1_micro': 0.28853663793103446, 'prec_micro': 0.28853663793103446, 'rec_micro': 0.28853663793103446}
epoch 75 time: 58.5s, train loss: 8.388, metrics: {'f1': 0.02366030894448404, 'f1_macro': 0.5059858912543136, 'prec_macro': 0.641175, 'rec_macro': 0.23201185213668618, 'f1_micro': 0.28853663793103446, 'prec_micro': 0.28853663793103446, 'rec_micro': 0.28853663793103446}
epoch 76 time: 58.5s, train loss: 8.384, metrics: {'f1': 0.02366030894448404, 'f1_macro': 0.5059858912543136, 'prec_macro': 0.641175, 'rec_macro': 0.23201185213668618, 'f1_micro': 0.28853663793103446, 'prec_micro': 0.28853663793103446, 'rec_micro': 0.28853663793103446}
epoch 77 time: 58.5s, train loss: 8.38, metrics: {'f1': 0.02366030894448404, 'f1_macro': 0.5059858912543136, 'prec_macro': 0.641175, 'rec_macro': 0.23201185213668618, 'f1_micro': 0.28853663793103446, 'prec_micro': 0.28853663793103446, 'rec_micro': 0.28853663793103446}
epoch 78 time: 58.5s, train loss: 8.376, metrics: {'f1': 0.02366030894448404, 'f1_macro': 0.5059858912543136, 'prec_macro': 0.641175, 'rec_macro': 0.23201185213668618, 'f1_micro': 0.28853663793103446, 'prec_micro': 0.28853663793103446, 'rec_micro': 0.28853663793103446}
epoch 79 time: 58.5s, train loss: 8.371, metrics: {'f1': 0.02366030894448404, 'f1_macro': 0.5059858912543136, 'prec_macro': 0.641175, 'rec_macro': 0.23201185213668618, 'f1_micro': 0.28853663793103446, 'prec_micro': 0.28853663793103446, 'rec_micro': 0.28853663793103446}
epoch 80 time: 58.5s, train loss: 8.368, metrics: {'f1': 0.02366030894448404, 'f1_macro': 0.5059858912543136, 'prec_macro': 0.641175, 'rec_macro': 0.23201185213668618, 'f1_micro': 0.28853663793103446, 'prec_micro': 0.28853663793103446, 'rec_micro': 0.28853663793103446}
epoch 81 time: 58.5s, train loss: 8.364, metrics: {'f1': 0.02366030894448404, 'f1_macro': 0.5059858912543136, 'prec_macro': 0.641175, 'rec_macro': 0.23201185213668618, 'f1_micro': 0.28853663793103446, 'prec_micro': 0.28853663793103446, 'rec_micro': 0.28853663793103446}
epoch 82 time: 58.4s, train loss: 8.36, metrics: {'f1': 0.02366030894448404, 'f1_macro': 0.5059858912543136, 'prec_macro': 0.641175, 'rec_macro': 0.23201185213668618, 'f1_micro': 0.28853663793103446, 'prec_micro': 0.28853663793103446, 'rec_micro': 0.28853663793103446}
epoch 83 time: 58.5s, train loss: 8.357, metrics: {'f1': 0.02366030894448404, 'f1_macro': 0.5059858912543136, 'prec_macro': 0.641175, 'rec_macro': 0.23201185213668618, 'f1_micro': 0.28853663793103446, 'prec_micro': 0.28853663793103446, 'rec_micro': 0.28853663793103446}
epoch 84 time: 58.5s, train loss: 8.354, metrics: {'f1': 0.02366030894448404, 'f1_macro': 0.5059858912543136, 'prec_macro': 0.641175, 'rec_macro': 0.23201185213668618, 'f1_micro': 0.28853663793103446, 'prec_micro': 0.28853663793103446, 'rec_micro': 0.28853663793103446}
epoch 85 time: 58.5s, train loss: 8.351, metrics: {'f1': 0.02366030894448404, 'f1_macro': 0.5059858912543136, 'prec_macro': 0.641175, 'rec_macro': 0.23201185213668618, 'f1_micro': 0.28853663793103446, 'prec_micro': 0.28853663793103446, 'rec_micro': 0.28853663793103446}
epoch 86 time: 58.5s, train loss: 8.349, metrics: {'f1': 0.02366030894448404, 'f1_macro': 0.5059858912543136, 'prec_macro': 0.641175, 'rec_macro': 0.23201185213668618, 'f1_micro': 0.28853663793103446, 'prec_micro': 0.28853663793103446, 'rec_micro': 0.28853663793103446}
epoch 87 time: 58.6s, train loss: 8.346, metrics: {'f1': 0.02366030894448404, 'f1_macro': 0.5059858912543136, 'prec_macro': 0.641175, 'rec_macro': 0.23201185213668618, 'f1_micro': 0.28853663793103446, 'prec_micro': 0.28853663793103446, 'rec_micro': 0.28853663793103446}
epoch 88 time: 58.5s, train loss: 8.344, metrics: {'f1': 0.02366030894448404, 'f1_macro': 0.5059858912543136, 'prec_macro': 0.641175, 'rec_macro': 0.23201185213668618, 'f1_micro': 0.28853663793103446, 'prec_micro': 0.28853663793103446, 'rec_micro': 0.28853663793103446}
epoch 89 time: 58.5s, train loss: 8.342, metrics: {'f1': 0.02366030894448404, 'f1_macro': 0.5059858912543136, 'prec_macro': 0.641175, 'rec_macro': 0.23201185213668618, 'f1_micro': 0.28853663793103446, 'prec_micro': 0.28853663793103446, 'rec_micro': 0.28853663793103446}
epoch 90 time: 58.5s, train loss: 8.34, metrics: {'f1': 0.02366030894448404, 'f1_macro': 0.5059858912543136, 'prec_macro': 0.641175, 'rec_macro': 0.23201185213668618, 'f1_micro': 0.28853663793103446, 'prec_micro': 0.28853663793103446, 'rec_micro': 0.28853663793103446}
epoch 91 time: 58.5s, train loss: 8.338, metrics: {'f1': 0.02366030894448404, 'f1_macro': 0.5059858912543136, 'prec_macro': 0.641175, 'rec_macro': 0.23201185213668618, 'f1_micro': 0.28853663793103446, 'prec_micro': 0.28853663793103446, 'rec_micro': 0.28853663793103446}
epoch 92 time: 58.5s, train loss: 8.337, metrics: {'f1': 0.02366030894448404, 'f1_macro': 0.5059858912543136, 'prec_macro': 0.641175, 'rec_macro': 0.23201185213668618, 'f1_micro': 0.28853663793103446, 'prec_micro': 0.28853663793103446, 'rec_micro': 0.28853663793103446}
epoch 93 time: 58.5s, train loss: 8.335, metrics: {'f1': 0.02366030894448404, 'f1_macro': 0.5059858912543136, 'prec_macro': 0.641175, 'rec_macro': 0.23201185213668618, 'f1_micro': 0.28853663793103446, 'prec_micro': 0.28853663793103446, 'rec_micro': 0.28853663793103446}
epoch 94 time: 58.5s, train loss: 8.333, metrics: {'f1': 0.02366030894448404, 'f1_macro': 0.5059858912543136, 'prec_macro': 0.641175, 'rec_macro': 0.23201185213668618, 'f1_micro': 0.28853663793103446, 'prec_micro': 0.28853663793103446, 'rec_micro': 0.28853663793103446}
epoch 95 time: 58.5s, train loss: 8.331, metrics: {'f1': 0.02366030894448404, 'f1_macro': 0.5059858912543136, 'prec_macro': 0.641175, 'rec_macro': 0.23201185213668618, 'f1_micro': 0.28853663793103446, 'prec_micro': 0.28853663793103446, 'rec_micro': 0.28853663793103446}
epoch 96 time: 58.5s, train loss: 8.33, metrics: {'f1': 0.02366030894448404, 'f1_macro': 0.5059858912543136, 'prec_macro': 0.641175, 'rec_macro': 0.23201185213668618, 'f1_micro': 0.28853663793103446, 'prec_micro': 0.28853663793103446, 'rec_micro': 0.28853663793103446}
epoch 97 time: 58.6s, train loss: 8.328, metrics: {'f1': 0.02366030894448404, 'f1_macro': 0.5059858912543136, 'prec_macro': 0.641175, 'rec_macro': 0.23201185213668618, 'f1_micro': 0.28853663793103446, 'prec_micro': 0.28853663793103446, 'rec_micro': 0.28853663793103446}
epoch 98 time: 58.5s, train loss: 8.326, metrics: {'f1': 0.02366030894448404, 'f1_macro': 0.5059858912543136, 'prec_macro': 0.641175, 'rec_macro': 0.23201185213668618, 'f1_micro': 0.28853663793103446, 'prec_micro': 0.28853663793103446, 'rec_micro': 0.28853663793103446}
epoch 99 time: 58.7s, train loss: 8.324, metrics: {'f1': 0.02366030894448404, 'f1_macro': 0.5059858912543136, 'prec_macro': 0.641175, 'rec_macro': 0.23201185213668618, 'f1_micro': 0.28853663793103446, 'prec_micro': 0.28853663793103446, 'rec_micro': 0.28853663793103446}
epoch 100 time: 58.6s, train loss: 8.322, metrics: {'f1': 0.02366030894448404, 'f1_macro': 0.5059858912543136, 'prec_macro': 0.641175, 'rec_macro': 0.23201185213668618, 'f1_micro': 0.28853663793103446, 'prec_micro': 0.28853663793103446, 'rec_micro': 0.28853663793103446}
post-training summary -- best {'f1': 0.023661078708578323, 'f1_macro': 0.5059860883307195, 'prec_macro': 0.6411869565217392, 'rec_macro': 0.23202677866589194, 'f1_micro': 0.2885603448275862, 'prec_micro': 0.2885603448275862, 'rec_micro': 0.2885603448275862}
run 5 start -- seed=4
epoch 1 time: 58.6s, train loss: 9.735, metrics: {'f1': 0.016636528028933093, 'f1_macro': 0.5107578078549805, 'prec_macro': 0.5041369565217392, 'rec_macro': 0.5053707426858597, 'f1_micro': 0.9882801724137931, 'prec_micro': 0.9882801724137931, 'rec_micro': 0.9882801724137931}
epoch 2 time: 58.6s, train loss: 9.644, metrics: {'f1': 0.017136736879685827, 'f1_macro': 0.5107078985234003, 'prec_macro': 0.5043108695652174, 'rec_macro': 0.5055837565911615, 'f1_micro': 0.9881336206896552, 'prec_micro': 0.9881336206896552, 'rec_micro': 0.9881336206896552}
epoch 3 time: 59.1s, train loss: 9.558, metrics: {'f1': 0.020404445254144653, 'f1_macro': 0.5145408844460874, 'prec_macro': 0.5054423913043478, 'rec_macro': 0.5072878942342401, 'f1_micro': 0.9884116379310345, 'prec_micro': 0.9884116379310345, 'rec_micro': 0.9884116379310345}
epoch 4 time: 58.5s, train loss: 9.516, metrics: {'f1': 0.04118489153176963, 'f1_macro': 0.514247561503924, 'prec_macro': 0.5180554347826087, 'rec_macro': 0.51585481383097, 'f1_micro': 0.9812349137931035, 'prec_micro': 0.9812349137931035, 'rec_micro': 0.9812349137931035}
epoch 5 time: 58.6s, train loss: 9.471, metrics: {'f1': 0.057998909312546115, 'f1_macro': 0.5130904219134601, 'prec_macro': 0.5844467391304348, 'rec_macro': 0.5126278467541916, 'f1_micro': 0.9367133620689655, 'prec_micro': 0.9367133620689655, 'rec_micro': 0.9367133620689655}
epoch 6 time: 58.6s, train loss: 9.412, metrics: {'f1': 0.06374838314384913, 'f1_macro': 0.5147526966683938, 'prec_macro': 0.7196858695652174, 'rec_macro': 0.49164097077279517, 'f1_micro': 0.8518038793103448, 'prec_micro': 0.8518038793103448, 'rec_micro': 0.8518038793103448}
epoch 7 time: 58.6s, train loss: 9.349, metrics: {'f1': 0.065243879924676, 'f1_macro': 0.5162884990190941, 'prec_macro': 0.8321869565217391, 'rec_macro': 0.4708505886347273, 'f1_micro': 0.7817586206896552, 'prec_micro': 0.7817586206896552, 'rec_micro': 0.7817586206896552}
epoch 8 time: 58.5s, train loss: 9.293, metrics: {'f1': 0.023367959138774756, 'f1_macro': 0.5056464267941563, 'prec_macro': 0.6342630434782609, 'rec_macro': 0.23406846207739054, 'f1_micro': 0.2920301724137931, 'prec_micro': 0.2920301724137931, 'rec_micro': 0.2920301724137931}
epoch 9 time: 58.6s, train loss: 9.25, metrics: {'f1': 0.023594450386179886, 'f1_macro': 0.5059003676492563, 'prec_macro': 0.6395380434782609, 'rec_macro': 0.23271707961241853, 'f1_micro': 0.28971336206896553, 'prec_micro': 0.28971336206896553, 'rec_micro': 0.28971336206896553}
epoch 10 time: 58.5s, train loss: 9.201, metrics: {'f1': 0.02365399812354419, 'f1_macro': 0.5059689778836429, 'prec_macro': 0.6409402173913044, 'rec_macro': 0.23232963492613395, 'f1_micro': 0.2890538793103448, 'prec_micro': 0.2890538793103448, 'rec_micro': 0.2890538793103448}
epoch 11 time: 58.5s, train loss: 9.151, metrics: {'f1': 0.023663842075364514, 'f1_macro': 0.5059829680590487, 'prec_macro': 0.641195652173913, 'rec_macro': 0.23219035199548682, 'f1_micro': 0.28882327586206896, 'prec_micro': 0.28882327586206896, 'rec_micro': 0.28882327586206896}
epoch 12 time: 58.5s, train loss: 9.112, metrics: {'f1': 0.023659571950479966, 'f1_macro': 0.5059818730010927, 'prec_macro': 0.641129347826087, 'rec_macro': 0.23210760377490264, 'f1_micro': 0.2886918103448276, 'prec_micro': 0.2886918103448276, 'rec_micro': 0.2886918103448276}
epoch 13 time: 58.5s, train loss: 9.069, metrics: {'f1': 0.02366310832675203, 'f1_macro': 0.505986607957998, 'prec_macro': 0.6412184782608695, 'rec_macro': 0.2320661279452892, 'f1_micro': 0.2886228448275862, 'prec_micro': 0.2886228448275862, 'rec_micro': 0.2886228448275862}
epoch 14 time: 58.5s, train loss: 9.024, metrics: {'f1': 0.023661848522761215, 'f1_macro': 0.5059862854201026, 'prec_macro': 0.6411989130434783, 'rec_macro': 0.23204170467782192, 'f1_micro': 0.2885840517241379, 'prec_micro': 0.2885840517241379, 'rec_micro': 0.2885840517241379}
epoch 15 time: 58.6s, train loss: 8.984, metrics: {'f1': 0.02366156858453539, 'f1_macro': 0.5059862137497344, 'prec_macro': 0.6411945652173913, 'rec_macro': 0.23203627709696817, 'f1_micro': 0.28857543103448274, 'prec_micro': 0.28857543103448274, 'rec_micro': 0.28857543103448274}
epoch 16 time: 58.5s, train loss: 8.949, metrics: {'f1': 0.023661428617906374, 'f1_macro': 0.5059861779151938, 'prec_macro': 0.6411923913043478, 'rec_macro': 0.23203356328089236, 'f1_micro': 0.2885711206896552, 'prec_micro': 0.2885711206896552, 'rec_micro': 0.2885711206896552}
epoch 17 time: 58.6s, train loss: 8.91, metrics: {'f1': 0.023661428617906374, 'f1_macro': 0.5059861779151938, 'prec_macro': 0.6411923913043478, 'rec_macro': 0.23203356328089236, 'f1_micro': 0.2885711206896552, 'prec_micro': 0.2885711206896552, 'rec_micro': 0.2885711206896552}
epoch 18 time: 58.6s, train loss: 8.876, metrics: {'f1': 0.023661358635212838, 'f1_macro': 0.5059861599980844, 'prec_macro': 0.6411913043478261, 'rec_macro': 0.23203220636644215, 'f1_micro': 0.28856896551724137, 'prec_micro': 0.28856896551724137, 'rec_micro': 0.28856896551724137}
epoch 19 time: 58.5s, train loss: 8.845, metrics: {'f1': 0.023661218671067654, 'f1_macro': 0.5059861241641874, 'prec_macro': 0.6411891304347825, 'rec_macro': 0.23202949252471697, 'f1_micro': 0.2885646551724138, 'prec_micro': 0.2885646551724138, 'rec_micro': 0.2885646551724138}
epoch 20 time: 58.6s, train loss: 8.813, metrics: {'f1': 0.023660798788567104, 'f1_macro': 0.5059860166650704, 'prec_macro': 0.6411826086956521, 'rec_macro': 0.23202135089694167, 'f1_micro': 0.288551724137931, 'prec_micro': 0.288551724137931, 'rec_micro': 0.288551724137931}
epoch 21 time: 58.5s, train loss: 8.781, metrics: {'f1': 0.02366065883104515, 'f1_macro': 0.5059859808328894, 'prec_macro': 0.6411804347826087, 'rec_macro': 0.23201863698681602, 'f1_micro': 0.28854741379310345, 'prec_micro': 0.28854741379310345, 'rec_micro': 0.28854741379310345}
epoch 22 time: 58.6s, train loss: 8.755, metrics: {'f1': 0.02366065883104515, 'f1_macro': 0.5059859808328894, 'prec_macro': 0.6411804347826087, 'rec_macro': 0.23201863698681602, 'f1_micro': 0.28854741379310345, 'prec_micro': 0.28854741379310345, 'rec_micro': 0.28854741379310345}
epoch 23 time: 58.5s, train loss: 8.728, metrics: {'f1': 0.02366065883104515, 'f1_macro': 0.5059859808328894, 'prec_macro': 0.6411804347826087, 'rec_macro': 0.23201863698681602, 'f1_micro': 0.28854741379310345, 'prec_micro': 0.28854741379310345, 'rec_micro': 0.28854741379310345}
epoch 24 time: 58.5s, train loss: 8.702, metrics: {'f1': 0.02366065883104515, 'f1_macro': 0.5059859808328894, 'prec_macro': 0.6411804347826087, 'rec_macro': 0.23201863698681602, 'f1_micro': 0.28854741379310345, 'prec_micro': 0.28854741379310345, 'rec_micro': 0.28854741379310345}
epoch 25 time: 58.6s, train loss: 8.679, metrics: {'f1': 0.02366065883104515, 'f1_macro': 0.5059859808328894, 'prec_macro': 0.6411804347826087, 'rec_macro': 0.23201863698681602, 'f1_micro': 0.28854741379310345, 'prec_micro': 0.28854741379310345, 'rec_micro': 0.28854741379310345}
epoch 26 time: 58.8s, train loss: 8.657, metrics: {'f1': 0.02366065883104515, 'f1_macro': 0.5059859808328894, 'prec_macro': 0.6411804347826087, 'rec_macro': 0.23201863698681602, 'f1_micro': 0.28854741379310345, 'prec_micro': 0.28854741379310345, 'rec_micro': 0.28854741379310345}
epoch 27 time: 58.5s, train loss: 8.636, metrics: {'f1': 0.023660448897866712, 'f1_macro': 0.5059859270854222, 'prec_macro': 0.6411771739130435, 'rec_macro': 0.2320145660895638, 'f1_micro': 0.2885409482758621, 'prec_micro': 0.2885409482758621, 'rec_micro': 0.2885409482758621}
epoch 28 time: 58.6s, train loss: 8.615, metrics: {'f1': 0.023660448897866712, 'f1_macro': 0.5059859270854222, 'prec_macro': 0.6411771739130435, 'rec_macro': 0.2320145660895638, 'f1_micro': 0.2885409482758621, 'prec_micro': 0.2885409482758621, 'rec_micro': 0.2885409482758621}
epoch 29 time: 58.5s, train loss: 8.597, metrics: {'f1': 0.023660448897866712, 'f1_macro': 0.5059859270854222, 'prec_macro': 0.6411771739130435, 'rec_macro': 0.2320145660895638, 'f1_micro': 0.2885409482758621, 'prec_micro': 0.2885409482758621, 'rec_micro': 0.2885409482758621}
epoch 30 time: 58.6s, train loss: 8.58, metrics: {'f1': 0.023660448897866712, 'f1_macro': 0.5059859270854222, 'prec_macro': 0.6411771739130435, 'rec_macro': 0.2320145660895638, 'f1_micro': 0.2885409482758621, 'prec_micro': 0.2885409482758621, 'rec_micro': 0.2885409482758621}
epoch 31 time: 58.5s, train loss: 8.564, metrics: {'f1': 0.023660448897866712, 'f1_macro': 0.5059859270854222, 'prec_macro': 0.6411771739130435, 'rec_macro': 0.2320145660895638, 'f1_micro': 0.2885409482758621, 'prec_micro': 0.2885409482758621, 'rec_micro': 0.2885409482758621}
epoch 32 time: 58.5s, train loss: 8.549, metrics: {'f1': 0.023660448897866712, 'f1_macro': 0.5059859270854222, 'prec_macro': 0.6411771739130435, 'rec_macro': 0.2320145660895638, 'f1_micro': 0.2885409482758621, 'prec_micro': 0.2885409482758621, 'rec_micro': 0.2885409482758621}
epoch 33 time: 58.5s, train loss: 8.535, metrics: {'f1': 0.023660448897866712, 'f1_macro': 0.5059859270854222, 'prec_macro': 0.6411771739130435, 'rec_macro': 0.2320145660895638, 'f1_micro': 0.2885409482758621, 'prec_micro': 0.2885409482758621, 'rec_micro': 0.2885409482758621}
epoch 34 time: 58.6s, train loss: 8.523, metrics: {'f1': 0.023660448897866712, 'f1_macro': 0.5059859270854222, 'prec_macro': 0.6411771739130435, 'rec_macro': 0.2320145660895638, 'f1_micro': 0.2885409482758621, 'prec_micro': 0.2885409482758621, 'rec_micro': 0.2885409482758621}
epoch 35 time: 58.5s, train loss: 8.51, metrics: {'f1': 0.023660448897866712, 'f1_macro': 0.5059859270854222, 'prec_macro': 0.6411771739130435, 'rec_macro': 0.2320145660895638, 'f1_micro': 0.2885409482758621, 'prec_micro': 0.2885409482758621, 'rec_micro': 0.2885409482758621}
epoch 36 time: 58.5s, train loss: 8.499, metrics: {'f1': 0.023660448897866712, 'f1_macro': 0.5059859270854222, 'prec_macro': 0.6411771739130435, 'rec_macro': 0.2320145660895638, 'f1_micro': 0.2885409482758621, 'prec_micro': 0.2885409482758621, 'rec_micro': 0.2885409482758621}
epoch 37 time: 58.6s, train loss: 8.49, metrics: {'f1': 0.02366030894448404, 'f1_macro': 0.5059858912543136, 'prec_macro': 0.641175, 'rec_macro': 0.23201185213668618, 'f1_micro': 0.28853663793103446, 'prec_micro': 0.28853663793103446, 'rec_micro': 0.28853663793103446}
epoch 38 time: 58.5s, train loss: 8.481, metrics: {'f1': 0.02366030894448404, 'f1_macro': 0.5059858912543136, 'prec_macro': 0.641175, 'rec_macro': 0.23201185213668618, 'f1_micro': 0.28853663793103446, 'prec_micro': 0.28853663793103446, 'rec_micro': 0.28853663793103446}
epoch 39 time: 58.5s, train loss: 8.472, metrics: {'f1': 0.02366030894448404, 'f1_macro': 0.5059858912543136, 'prec_macro': 0.641175, 'rec_macro': 0.23201185213668618, 'f1_micro': 0.28853663793103446, 'prec_micro': 0.28853663793103446, 'rec_micro': 0.28853663793103446}
epoch 40 time: 58.5s, train loss: 8.465, metrics: {'f1': 0.02366030894448404, 'f1_macro': 0.5059858912543136, 'prec_macro': 0.641175, 'rec_macro': 0.23201185213668618, 'f1_micro': 0.28853663793103446, 'prec_micro': 0.28853663793103446, 'rec_micro': 0.28853663793103446}
epoch 41 time: 58.5s, train loss: 8.459, metrics: {'f1': 0.02366030894448404, 'f1_macro': 0.5059858912543136, 'prec_macro': 0.641175, 'rec_macro': 0.23201185213668618, 'f1_micro': 0.28853663793103446, 'prec_micro': 0.28853663793103446, 'rec_micro': 0.28853663793103446}
epoch 42 time: 58.5s, train loss: 8.453, metrics: {'f1': 0.02366030894448404, 'f1_macro': 0.5059858912543136, 'prec_macro': 0.641175, 'rec_macro': 0.23201185213668618, 'f1_micro': 0.28853663793103446, 'prec_micro': 0.28853663793103446, 'rec_micro': 0.28853663793103446}
epoch 43 time: 58.5s, train loss: 8.448, metrics: {'f1': 0.02366030894448404, 'f1_macro': 0.5059858912543136, 'prec_macro': 0.641175, 'rec_macro': 0.23201185213668618, 'f1_micro': 0.28853663793103446, 'prec_micro': 0.28853663793103446, 'rec_micro': 0.28853663793103446}
epoch 44 time: 58.5s, train loss: 8.443, metrics: {'f1': 0.02366030894448404, 'f1_macro': 0.5059858912543136, 'prec_macro': 0.641175, 'rec_macro': 0.23201185213668618, 'f1_micro': 0.28853663793103446, 'prec_micro': 0.28853663793103446, 'rec_micro': 0.28853663793103446}
epoch 45 time: 58.6s, train loss: 8.439, metrics: {'f1': 0.02366030894448404, 'f1_macro': 0.5059858912543136, 'prec_macro': 0.641175, 'rec_macro': 0.23201185213668618, 'f1_micro': 0.28853663793103446, 'prec_micro': 0.28853663793103446, 'rec_micro': 0.28853663793103446}
epoch 46 time: 58.5s, train loss: 8.436, metrics: {'f1': 0.02366030894448404, 'f1_macro': 0.5059858912543136, 'prec_macro': 0.641175, 'rec_macro': 0.23201185213668618, 'f1_micro': 0.28853663793103446, 'prec_micro': 0.28853663793103446, 'rec_micro': 0.28853663793103446}
epoch 47 time: 58.6s, train loss: 8.434, metrics: {'f1': 0.02366030894448404, 'f1_macro': 0.5059858912543136, 'prec_macro': 0.641175, 'rec_macro': 0.23201185213668618, 'f1_micro': 0.28853663793103446, 'prec_micro': 0.28853663793103446, 'rec_micro': 0.28853663793103446}
epoch 48 time: 58.5s, train loss: 8.432, metrics: {'f1': 0.02366030894448404, 'f1_macro': 0.5059858912543136, 'prec_macro': 0.641175, 'rec_macro': 0.23201185213668618, 'f1_micro': 0.28853663793103446, 'prec_micro': 0.28853663793103446, 'rec_micro': 0.28853663793103446}
epoch 49 time: 58.6s, train loss: 8.43, metrics: {'f1': 0.02366030894448404, 'f1_macro': 0.5059858912543136, 'prec_macro': 0.641175, 'rec_macro': 0.23201185213668618, 'f1_micro': 0.28853663793103446, 'prec_micro': 0.28853663793103446, 'rec_micro': 0.28853663793103446}
epoch 50 time: 58.5s, train loss: 8.429, metrics: {'f1': 0.02366030894448404, 'f1_macro': 0.5059858912543136, 'prec_macro': 0.641175, 'rec_macro': 0.23201185213668618, 'f1_micro': 0.28853663793103446, 'prec_micro': 0.28853663793103446, 'rec_micro': 0.28853663793103446}
epoch 51 time: 58.5s, train loss: 8.428, metrics: {'f1': 0.02366030894448404, 'f1_macro': 0.5059858912543136, 'prec_macro': 0.641175, 'rec_macro': 0.23201185213668618, 'f1_micro': 0.28853663793103446, 'prec_micro': 0.28853663793103446, 'rec_micro': 0.28853663793103446}
epoch 52 time: 58.5s, train loss: 8.428, metrics: {'f1': 0.02366030894448404, 'f1_macro': 0.5059858912543136, 'prec_macro': 0.641175, 'rec_macro': 0.23201185213668618, 'f1_micro': 0.28853663793103446, 'prec_micro': 0.28853663793103446, 'rec_micro': 0.28853663793103446}
epoch 53 time: 58.5s, train loss: 8.428, metrics: {'f1': 0.02366030894448404, 'f1_macro': 0.5059858912543136, 'prec_macro': 0.641175, 'rec_macro': 0.23201185213668618, 'f1_micro': 0.28853663793103446, 'prec_micro': 0.28853663793103446, 'rec_micro': 0.28853663793103446}
epoch 54 time: 58.5s, train loss: 8.429, metrics: {'f1': 0.02366030894448404, 'f1_macro': 0.5059858912543136, 'prec_macro': 0.641175, 'rec_macro': 0.23201185213668618, 'f1_micro': 0.28853663793103446, 'prec_micro': 0.28853663793103446, 'rec_micro': 0.28853663793103446}
epoch 55 time: 58.5s, train loss: 8.43, metrics: {'f1': 0.02366030894448404, 'f1_macro': 0.5059858912543136, 'prec_macro': 0.641175, 'rec_macro': 0.23201185213668618, 'f1_micro': 0.28853663793103446, 'prec_micro': 0.28853663793103446, 'rec_micro': 0.28853663793103446}
epoch 56 time: 58.5s, train loss: 8.431, metrics: {'f1': 0.02366030894448404, 'f1_macro': 0.5059858912543136, 'prec_macro': 0.641175, 'rec_macro': 0.23201185213668618, 'f1_micro': 0.28853663793103446, 'prec_micro': 0.28853663793103446, 'rec_micro': 0.28853663793103446}
epoch 57 time: 58.6s, train loss: 8.432, metrics: {'f1': 0.02366030894448404, 'f1_macro': 0.5059858912543136, 'prec_macro': 0.641175, 'rec_macro': 0.23201185213668618, 'f1_micro': 0.28853663793103446, 'prec_micro': 0.28853663793103446, 'rec_micro': 0.28853663793103446}
epoch 58 time: 58.5s, train loss: 8.434, metrics: {'f1': 0.02366030894448404, 'f1_macro': 0.5059858912543136, 'prec_macro': 0.641175, 'rec_macro': 0.23201185213668618, 'f1_micro': 0.28853663793103446, 'prec_micro': 0.28853663793103446, 'rec_micro': 0.28853663793103446}
epoch 59 time: 58.6s, train loss: 8.436, metrics: {'f1': 0.02366030894448404, 'f1_macro': 0.5059858912543136, 'prec_macro': 0.641175, 'rec_macro': 0.23201185213668618, 'f1_micro': 0.28853663793103446, 'prec_micro': 0.28853663793103446, 'rec_micro': 0.28853663793103446}
epoch 60 time: 58.5s, train loss: 8.438, metrics: {'f1': 0.02366030894448404, 'f1_macro': 0.5059858912543136, 'prec_macro': 0.641175, 'rec_macro': 0.23201185213668618, 'f1_micro': 0.28853663793103446, 'prec_micro': 0.28853663793103446, 'rec_micro': 0.28853663793103446}
epoch 61 time: 58.6s, train loss: 8.441, metrics: {'f1': 0.02366030894448404, 'f1_macro': 0.5059858912543136, 'prec_macro': 0.641175, 'rec_macro': 0.23201185213668618, 'f1_micro': 0.28853663793103446, 'prec_micro': 0.28853663793103446, 'rec_micro': 0.28853663793103446}
epoch 62 time: 58.5s, train loss: 8.443, metrics: {'f1': 0.02366030894448404, 'f1_macro': 0.5059858912543136, 'prec_macro': 0.641175, 'rec_macro': 0.23201185213668618, 'f1_micro': 0.28853663793103446, 'prec_micro': 0.28853663793103446, 'rec_micro': 0.28853663793103446}
epoch 63 time: 58.6s, train loss: 8.446, metrics: {'f1': 0.02366030894448404, 'f1_macro': 0.5059858912543136, 'prec_macro': 0.641175, 'rec_macro': 0.23201185213668618, 'f1_micro': 0.28853663793103446, 'prec_micro': 0.28853663793103446, 'rec_micro': 0.28853663793103446}
epoch 64 time: 58.6s, train loss: 8.449, metrics: {'f1': 0.02366030894448404, 'f1_macro': 0.5059858912543136, 'prec_macro': 0.641175, 'rec_macro': 0.23201185213668618, 'f1_micro': 0.28853663793103446, 'prec_micro': 0.28853663793103446, 'rec_micro': 0.28853663793103446}
epoch 65 time: 58.5s, train loss: 8.452, metrics: {'f1': 0.02366030894448404, 'f1_macro': 0.5059858912543136, 'prec_macro': 0.641175, 'rec_macro': 0.23201185213668618, 'f1_micro': 0.28853663793103446, 'prec_micro': 0.28853663793103446, 'rec_micro': 0.28853663793103446}
epoch 66 time: 58.5s, train loss: 8.455, metrics: {'f1': 0.02366030894448404, 'f1_macro': 0.5059858912543136, 'prec_macro': 0.641175, 'rec_macro': 0.23201185213668618, 'f1_micro': 0.28853663793103446, 'prec_micro': 0.28853663793103446, 'rec_micro': 0.28853663793103446}
epoch 67 time: 58.5s, train loss: 8.458, metrics: {'f1': 0.02366030894448404, 'f1_macro': 0.5059858912543136, 'prec_macro': 0.641175, 'rec_macro': 0.23201185213668618, 'f1_micro': 0.28853663793103446, 'prec_micro': 0.28853663793103446, 'rec_micro': 0.28853663793103446}
epoch 68 time: 58.5s, train loss: 8.461, metrics: {'f1': 0.02366030894448404, 'f1_macro': 0.5059858912543136, 'prec_macro': 0.641175, 'rec_macro': 0.23201185213668618, 'f1_micro': 0.28853663793103446, 'prec_micro': 0.28853663793103446, 'rec_micro': 0.28853663793103446}
epoch 69 time: 58.5s, train loss: 8.464, metrics: {'f1': 0.02366030894448404, 'f1_macro': 0.5059858912543136, 'prec_macro': 0.641175, 'rec_macro': 0.23201185213668618, 'f1_micro': 0.28853663793103446, 'prec_micro': 0.28853663793103446, 'rec_micro': 0.28853663793103446}
epoch 70 time: 58.5s, train loss: 8.467, metrics: {'f1': 0.02366030894448404, 'f1_macro': 0.5059858912543136, 'prec_macro': 0.641175, 'rec_macro': 0.23201185213668618, 'f1_micro': 0.28853663793103446, 'prec_micro': 0.28853663793103446, 'rec_micro': 0.28853663793103446}
epoch 71 time: 58.6s, train loss: 8.469, metrics: {'f1': 0.02366030894448404, 'f1_macro': 0.5059858912543136, 'prec_macro': 0.641175, 'rec_macro': 0.23201185213668618, 'f1_micro': 0.28853663793103446, 'prec_micro': 0.28853663793103446, 'rec_micro': 0.28853663793103446}
epoch 72 time: 58.5s, train loss: 8.472, metrics: {'f1': 0.02366030894448404, 'f1_macro': 0.5059858912543136, 'prec_macro': 0.641175, 'rec_macro': 0.23201185213668618, 'f1_micro': 0.28853663793103446, 'prec_micro': 0.28853663793103446, 'rec_micro': 0.28853663793103446}
epoch 73 time: 58.5s, train loss: 8.475, metrics: {'f1': 0.02366030894448404, 'f1_macro': 0.5059858912543136, 'prec_macro': 0.641175, 'rec_macro': 0.23201185213668618, 'f1_micro': 0.28853663793103446, 'prec_micro': 0.28853663793103446, 'rec_micro': 0.28853663793103446}
epoch 74 time: 58.5s, train loss: 8.477, metrics: {'f1': 0.02366030894448404, 'f1_macro': 0.5059858912543136, 'prec_macro': 0.641175, 'rec_macro': 0.23201185213668618, 'f1_micro': 0.28853663793103446, 'prec_micro': 0.28853663793103446, 'rec_micro': 0.28853663793103446}
epoch 75 time: 58.5s, train loss: 8.479, metrics: {'f1': 0.02366030894448404, 'f1_macro': 0.5059858912543136, 'prec_macro': 0.641175, 'rec_macro': 0.23201185213668618, 'f1_micro': 0.28853663793103446, 'prec_micro': 0.28853663793103446, 'rec_micro': 0.28853663793103446}
epoch 76 time: 58.5s, train loss: 8.481, metrics: {'f1': 0.02366030894448404, 'f1_macro': 0.5059858912543136, 'prec_macro': 0.641175, 'rec_macro': 0.23201185213668618, 'f1_micro': 0.28853663793103446, 'prec_micro': 0.28853663793103446, 'rec_micro': 0.28853663793103446}
epoch 77 time: 58.6s, train loss: 8.483, metrics: {'f1': 0.02366030894448404, 'f1_macro': 0.5059858912543136, 'prec_macro': 0.641175, 'rec_macro': 0.23201185213668618, 'f1_micro': 0.28853663793103446, 'prec_micro': 0.28853663793103446, 'rec_micro': 0.28853663793103446}
epoch 78 time: 58.6s, train loss: 8.485, metrics: {'f1': 0.02366030894448404, 'f1_macro': 0.5059858912543136, 'prec_macro': 0.641175, 'rec_macro': 0.23201185213668618, 'f1_micro': 0.28853663793103446, 'prec_micro': 0.28853663793103446, 'rec_micro': 0.28853663793103446}
epoch 79 time: 58.6s, train loss: 8.486, metrics: {'f1': 0.02366030894448404, 'f1_macro': 0.5059858912543136, 'prec_macro': 0.641175, 'rec_macro': 0.23201185213668618, 'f1_micro': 0.28853663793103446, 'prec_micro': 0.28853663793103446, 'rec_micro': 0.28853663793103446}
epoch 80 time: 58.6s, train loss: 8.488, metrics: {'f1': 0.02366030894448404, 'f1_macro': 0.5059858912543136, 'prec_macro': 0.641175, 'rec_macro': 0.23201185213668618, 'f1_micro': 0.28853663793103446, 'prec_micro': 0.28853663793103446, 'rec_micro': 0.28853663793103446}
epoch 81 time: 58.5s, train loss: 8.489, metrics: {'f1': 0.02366030894448404, 'f1_macro': 0.5059858912543136, 'prec_macro': 0.641175, 'rec_macro': 0.23201185213668618, 'f1_micro': 0.28853663793103446, 'prec_micro': 0.28853663793103446, 'rec_micro': 0.28853663793103446}
epoch 82 time: 58.5s, train loss: 8.49, metrics: {'f1': 0.02366030894448404, 'f1_macro': 0.5059858912543136, 'prec_macro': 0.641175, 'rec_macro': 0.23201185213668618, 'f1_micro': 0.28853663793103446, 'prec_micro': 0.28853663793103446, 'rec_micro': 0.28853663793103446}
epoch 83 time: 58.7s, train loss: 8.491, metrics: {'f1': 0.02366030894448404, 'f1_macro': 0.5059858912543136, 'prec_macro': 0.641175, 'rec_macro': 0.23201185213668618, 'f1_micro': 0.28853663793103446, 'prec_micro': 0.28853663793103446, 'rec_micro': 0.28853663793103446}
epoch 84 time: 58.5s, train loss: 8.492, metrics: {'f1': 0.02366030894448404, 'f1_macro': 0.5059858912543136, 'prec_macro': 0.641175, 'rec_macro': 0.23201185213668618, 'f1_micro': 0.28853663793103446, 'prec_micro': 0.28853663793103446, 'rec_micro': 0.28853663793103446}
epoch 85 time: 58.5s, train loss: 8.492, metrics: {'f1': 0.02366030894448404, 'f1_macro': 0.5059858912543136, 'prec_macro': 0.641175, 'rec_macro': 0.23201185213668618, 'f1_micro': 0.28853663793103446, 'prec_micro': 0.28853663793103446, 'rec_micro': 0.28853663793103446}
epoch 86 time: 58.6s, train loss: 8.493, metrics: {'f1': 0.02366030894448404, 'f1_macro': 0.5059858912543136, 'prec_macro': 0.641175, 'rec_macro': 0.23201185213668618, 'f1_micro': 0.28853663793103446, 'prec_micro': 0.28853663793103446, 'rec_micro': 0.28853663793103446}
epoch 87 time: 58.5s, train loss: 8.493, metrics: {'f1': 0.02366030894448404, 'f1_macro': 0.5059858912543136, 'prec_macro': 0.641175, 'rec_macro': 0.23201185213668618, 'f1_micro': 0.28853663793103446, 'prec_micro': 0.28853663793103446, 'rec_micro': 0.28853663793103446}
epoch 88 time: 59.0s, train loss: 8.493, metrics: {'f1': 0.02366030894448404, 'f1_macro': 0.5059858912543136, 'prec_macro': 0.641175, 'rec_macro': 0.23201185213668618, 'f1_micro': 0.28853663793103446, 'prec_micro': 0.28853663793103446, 'rec_micro': 0.28853663793103446}
epoch 89 time: 58.5s, train loss: 8.493, metrics: {'f1': 0.02366030894448404, 'f1_macro': 0.5059858912543136, 'prec_macro': 0.641175, 'rec_macro': 0.23201185213668618, 'f1_micro': 0.28853663793103446, 'prec_micro': 0.28853663793103446, 'rec_micro': 0.28853663793103446}
epoch 90 time: 58.5s, train loss: 8.493, metrics: {'f1': 0.02366030894448404, 'f1_macro': 0.5059858912543136, 'prec_macro': 0.641175, 'rec_macro': 0.23201185213668618, 'f1_micro': 0.28853663793103446, 'prec_micro': 0.28853663793103446, 'rec_micro': 0.28853663793103446}
epoch 91 time: 71.1s, train loss: 8.493, metrics: {'f1': 0.02366030894448404, 'f1_macro': 0.5059858912543136, 'prec_macro': 0.641175, 'rec_macro': 0.23201185213668618, 'f1_micro': 0.28853663793103446, 'prec_micro': 0.28853663793103446, 'rec_micro': 0.28853663793103446}
epoch 92 time: 61.9s, train loss: 8.493, metrics: {'f1': 0.02366030894448404, 'f1_macro': 0.5059858912543136, 'prec_macro': 0.641175, 'rec_macro': 0.23201185213668618, 'f1_micro': 0.28853663793103446, 'prec_micro': 0.28853663793103446, 'rec_micro': 0.28853663793103446}
epoch 93 time: 58.5s, train loss: 8.492, metrics: {'f1': 0.02366030894448404, 'f1_macro': 0.5059858912543136, 'prec_macro': 0.641175, 'rec_macro': 0.23201185213668618, 'f1_micro': 0.28853663793103446, 'prec_micro': 0.28853663793103446, 'rec_micro': 0.28853663793103446}
epoch 94 time: 58.5s, train loss: 8.492, metrics: {'f1': 0.02366030894448404, 'f1_macro': 0.5059858912543136, 'prec_macro': 0.641175, 'rec_macro': 0.23201185213668618, 'f1_micro': 0.28853663793103446, 'prec_micro': 0.28853663793103446, 'rec_micro': 0.28853663793103446}
epoch 95 time: 58.5s, train loss: 8.491, metrics: {'f1': 0.02366030894448404, 'f1_macro': 0.5059858912543136, 'prec_macro': 0.641175, 'rec_macro': 0.23201185213668618, 'f1_micro': 0.28853663793103446, 'prec_micro': 0.28853663793103446, 'rec_micro': 0.28853663793103446}
epoch 96 time: 58.5s, train loss: 8.489, metrics: {'f1': 0.02366030894448404, 'f1_macro': 0.5059858912543136, 'prec_macro': 0.641175, 'rec_macro': 0.23201185213668618, 'f1_micro': 0.28853663793103446, 'prec_micro': 0.28853663793103446, 'rec_micro': 0.28853663793103446}
epoch 97 time: 58.5s, train loss: 8.488, metrics: {'f1': 0.02366030894448404, 'f1_macro': 0.5059858912543136, 'prec_macro': 0.641175, 'rec_macro': 0.23201185213668618, 'f1_micro': 0.28853663793103446, 'prec_micro': 0.28853663793103446, 'rec_micro': 0.28853663793103446}
epoch 98 time: 58.5s, train loss: 8.486, metrics: {'f1': 0.02366030894448404, 'f1_macro': 0.5059858912543136, 'prec_macro': 0.641175, 'rec_macro': 0.23201185213668618, 'f1_micro': 0.28853663793103446, 'prec_micro': 0.28853663793103446, 'rec_micro': 0.28853663793103446}
epoch 99 time: 58.5s, train loss: 8.485, metrics: {'f1': 0.02366030894448404, 'f1_macro': 0.5059858912543136, 'prec_macro': 0.641175, 'rec_macro': 0.23201185213668618, 'f1_micro': 0.28853663793103446, 'prec_micro': 0.28853663793103446, 'rec_micro': 0.28853663793103446}
epoch 100 time: 58.5s, train loss: 8.482, metrics: {'f1': 0.02366030894448404, 'f1_macro': 0.5059858912543136, 'prec_macro': 0.641175, 'rec_macro': 0.23201185213668618, 'f1_micro': 0.28853663793103446, 'prec_micro': 0.28853663793103446, 'rec_micro': 0.28853663793103446}
post-training summary -- best {'f1': 0.065243879924676, 'f1_macro': 0.5162884990190941, 'prec_macro': 0.8321869565217391, 'rec_macro': 0.4708505886347273, 'f1_micro': 0.7817586206896552, 'prec_micro': 0.7817586206896552, 'rec_micro': 0.7817586206896552}
run 1: {}
run 2: {'f1': 0.06800249980470276, 'f1_macro': 0.5157312749649667, 'prec_macro': 0.668208695652174, 'rec_macro': 0.5067873939997241, 'f1_micro': 0.8971508620689655, 'prec_micro': 0.8971508620689655, 'rec_micro': 0.8971508620689655}
run 3: {'f1': 0.06775653778508202, 'f1_macro': 0.5159061384512761, 'prec_macro': 0.7252543478260869, 'rec_macro': 0.4962219450106542, 'f1_micro': 0.8606336206896552, 'prec_micro': 0.8606336206896552, 'rec_micro': 0.8606336206896553}
run 4: {'f1': 0.023661078708578323, 'f1_macro': 0.5059860883307195, 'prec_macro': 0.6411869565217392, 'rec_macro': 0.23202677866589194, 'f1_micro': 0.2885603448275862, 'prec_micro': 0.2885603448275862, 'rec_micro': 0.2885603448275862}
run 5: {'f1': 0.065243879924676, 'f1_macro': 0.5162884990190941, 'prec_macro': 0.8321869565217391, 'rec_macro': 0.4708505886347273, 'f1_micro': 0.7817586206896552, 'prec_micro': 0.7817586206896552, 'rec_micro': 0.7817586206896552}
done.
Traceback (most recent call last):
  File "train.py", line 488, in <module>
    all_runs_main_metric = [
  File "train.py", line 489, in <listcomp>
    single_run_metric[main_metric] for single_run_metric in all_runs_metrics
KeyError: 'f1'
