reading data...
done.
creating training artifacts...
Using cached encoded data file: train_1_error.pkl
Using cached encoded data file: test_1_error.pkl
done.
training bert_kg model...
run 1 start -- seed=0
initialized continuityBERT with 628261 parameters.
/home/azureuser/.local/lib/python3.8/site-packages/sklearn/metrics/_classification.py:1344: UndefinedMetricWarning: Precision and F-score are ill-defined and being set to 0.0 in labels with no predicted samples. Use `zero_division` parameter to control this behavior.
  _warn_prf(average, modifier, msg_start, len(result))
epoch 1 time: 1.61e+02s, train loss: 4.945, metrics: {'f1': 0.0, 'f1_macro': 0.4978448275862069, 'prec_macro': 0.5, 'rec_macro': 0.4989200863930886, 'f1_micro': 0.9956896551724138, 'prec_micro': 0.9956896551724138, 'rec_micro': 0.9956896551724138}
epoch 2 time: 1.53e+02s, train loss: 4.92, metrics: {'f1': 0.06774441878367976, 'f1_macro': 0.5715155917053114, 'prec_macro': 0.521448051948052, 'rec_macro': 0.5325635889220333, 'f1_micro': 0.9947801724137931, 'prec_micro': 0.9947801724137931, 'rec_micro': 0.9947801724137931}
epoch 3 time: 1.52e+02s, train loss: 4.859, metrics: {'f1': 0.14074074074074075, 'f1_macro': 0.5676559336217888, 'prec_macro': 0.5693398268398269, 'rec_macro': 0.5684871515814749, 'f1_micro': 0.9925, 'prec_micro': 0.9925, 'rec_micro': 0.9925}
epoch 4 time: 1.52e+02s, train loss: 4.829, metrics: {'f1': 0.08682634730538923, 'f1_macro': 0.5842764068815591, 'prec_macro': 0.5283982683982684, 'rec_macro': 0.5420947222495165, 'f1_micro': 0.9947413793103448, 'prec_micro': 0.9947413793103448, 'rec_micro': 0.9947413793103448}
epoch 5 time: 1.51e+02s, train loss: 4.812, metrics: {'f1': 0.18435046847303116, 'f1_macro': 0.5916108537986439, 'prec_macro': 0.589284632034632, 'rec_macro': 0.5904323650658746, 'f1_micro': 0.9930581896551725, 'prec_micro': 0.9930581896551725, 'rec_micro': 0.9930581896551725}
epoch 6 time: 1.52e+02s, train loss: 4.773, metrics: {'f1': 0.19339622641509435, 'f1_macro': 0.5829683273715389, 'prec_macro': 0.6103549783549783, 'rec_macro': 0.5946609349755709, 'f1_micro': 0.9918922413793103, 'prec_micro': 0.9918922413793103, 'rec_micro': 0.9918922413793103}
epoch 7 time: 1.52e+02s, train loss: 4.748, metrics: {'f1': 0.1909353905496625, 'f1_macro': 0.590442283936565, 'prec_macro': 0.5971038961038961, 'rec_macro': 0.5936513870349833, 'f1_micro': 0.9927672413793104, 'prec_micro': 0.9927672413793104, 'rec_micro': 0.9927672413793104}
epoch 8 time: 1.51e+02s, train loss: 4.741, metrics: {'f1': 0.19025021570319242, 'f1_macro': 0.5819599135736839, 'prec_macro': 0.6078744588744589, 'rec_macro': 0.5930923233808999, 'f1_micro': 0.9919094827586207, 'prec_micro': 0.9919094827586207, 'rec_micro': 0.9919094827586207}
epoch 9 time: 1.54e+02s, train loss: 4.733, metrics: {'f1': 0.18748489973423535, 'f1_macro': 0.5889514734006291, 'prec_macro': 0.5951049783549783, 'rec_macro': 0.5919223708725503, 'f1_micro': 0.9927521551724138, 'prec_micro': 0.9927521551724138, 'rec_micro': 0.9927521551724138}
epoch 10 time: 1.53e+02s, train loss: 4.723, metrics: {'f1': 0.19179284617072637, 'f1_macro': 0.5837581009193643, 'prec_macro': 0.6069556277056277, 'rec_macro': 0.5939022556056162, 'f1_micro': 0.9920625, 'prec_micro': 0.9920625, 'rec_micro': 0.9920625}
epoch 11 time: 1.53e+02s, train loss: 4.723, metrics: {'f1': 0.19416093045335864, 'f1_macro': 0.5906858395720616, 'prec_macro': 0.600297619047619, 'rec_macro': 0.5952429204246849, 'f1_micro': 0.9926831896551724, 'prec_micro': 0.9926831896551724, 'rec_micro': 0.9926831896551724}
epoch 12 time: 1.52e+02s, train loss: 4.717, metrics: {'f1': 0.19361037713187604, 'f1_macro': 0.5914286864289272, 'prec_macro': 0.598845238095238, 'rec_macro': 0.594988309614348, 'f1_micro': 0.9927650862068965, 'prec_micro': 0.9927650862068965, 'rec_micro': 0.9927650862068965}
epoch 13 time: 1.52e+02s, train loss: 4.712, metrics: {'f1': 0.20426756173579477, 'f1_macro': 0.5964073754294227, 'prec_macro': 0.6046114718614719, 'rec_macro': 0.600337452759557, 'f1_micro': 0.9928469827586207, 'prec_micro': 0.9928469827586207, 'rec_micro': 0.9928469827586207}
epoch 14 time: 1.52e+02s, train loss: 4.708, metrics: {'f1': 0.2009931425869, 'f1_macro': 0.5936288398293951, 'prec_macro': 0.604297619047619, 'rec_macro': 0.598667654819562, 'f1_micro': 0.992717672413793, 'prec_micro': 0.992717672413793, 'rec_micro': 0.992717672413793}
epoch 15 time: 1.52e+02s, train loss: 4.709, metrics: {'f1': 0.19753682685341706, 'f1_macro': 0.593793726829969, 'prec_macro': 0.6003755411255411, 'rec_macro': 0.5969699788170981, 'f1_micro': 0.9928383620689655, 'prec_micro': 0.9928383620689655, 'rec_micro': 0.9928383620689655}
epoch 16 time: 1.53e+02s, train loss: 4.708, metrics: {'f1': 0.20361247947454844, 'f1_macro': 0.5941946404228631, 'prec_macro': 0.6065205627705628, 'rec_macro': 0.5999685954727271, 'f1_micro': 0.9926831896551724, 'prec_micro': 0.9926831896551724, 'rec_micro': 0.9926831896551724}
epoch 17 time: 1.52e+02s, train loss: 4.699, metrics: {'f1': 0.1999054820415879, 'f1_macro': 0.5930504970796674, 'prec_macro': 0.6037922077922078, 'rec_macro': 0.5981200297772783, 'f1_micro': 0.9927025862068966, 'prec_micro': 0.9927025862068966, 'rec_micro': 0.9927025862068966}
epoch 18 time: 1.52e+02s, train loss: 4.696, metrics: {'f1': 0.20401089378559048, 'f1_macro': 0.5993111568170685, 'prec_macro': 0.6012391774891775, 'rec_macro': 0.6002656548452954, 'f1_micro': 0.9930711206896552, 'prec_micro': 0.9930711206896552, 'rec_micro': 0.9930711206896552}
epoch 19 time: 1.52e+02s, train loss: 4.695, metrics: {'f1': 0.20833333333333331, 'f1_macro': 0.5962474462130745, 'prec_macro': 0.6092727272727273, 'rec_macro': 0.6023360412011617, 'f1_micro': 0.9927112068965517, 'prec_micro': 0.9927112068965517, 'rec_micro': 0.9927112068965517}
epoch 20 time: 1.52e+02s, train loss: 4.695, metrics: {'f1': 0.20926404890665415, 'f1_macro': 0.5970733900792264, 'prec_macro': 0.60929329004329, 'rec_macro': 0.6028117208420569, 'f1_micro': 0.9927521551724138, 'prec_micro': 0.9927521551724138, 'rec_micro': 0.9927521551724138}
epoch 21 time: 1.52e+02s, train loss: 4.695, metrics: {'f1': 0.21140142517814728, 'f1_macro': 0.5989950672961667, 'prec_macro': 0.6093398268398268, 'rec_macro': 0.603903767395902, 'f1_micro': 0.9928448275862068, 'prec_micro': 0.9928448275862068, 'rec_micro': 0.9928448275862068}
epoch 22 time: 1.52e+02s, train loss: 4.69, metrics: {'f1': 0.2107039537126326, 'f1_macro': 0.6000304320887272, 'prec_macro': 0.6073982683982684, 'rec_macro': 0.6035800480192298, 'f1_micro': 0.9929439655172414, 'prec_micro': 0.9929439655172414, 'rec_micro': 0.9929439655172414}
epoch 23 time: 1.53e+02s, train loss: 4.694, metrics: {'f1': 0.20620480522509915, 'f1_macro': 0.594945948564267, 'prec_macro': 0.6085032467532467, 'rec_macro': 0.6012603802527906, 'f1_micro': 0.9926659482758621, 'prec_micro': 0.9926659482758621, 'rec_micro': 0.9926659482758621}
epoch 24 time: 1.52e+02s, train loss: 4.688, metrics: {'f1': 0.21246665049721078, 'f1_macro': 0.6014649850738942, 'prec_macro': 0.6076764069264069, 'rec_macro': 0.604476056694458, 'f1_micro': 0.9930021551724137, 'prec_micro': 0.9930021551724137, 'rec_micro': 0.9930021551724137}
epoch 25 time: 1.52e+02s, train loss: 4.677, metrics: {'f1': 0.21227436823104692, 'f1_macro': 0.6006323899258194, 'prec_macro': 0.6083950216450217, 'rec_macro': 0.6043657830688111, 'f1_micro': 0.9929461206896552, 'prec_micro': 0.9929461206896552, 'rec_micro': 0.9929461206896552}
epoch 26 time: 1.52e+02s, train loss: 4.673, metrics: {'f1': 0.21635394950196896, 'f1_macro': 0.5991166365666112, 'prec_macro': 0.6147478354978355, 'rec_macro': 0.6063457187897943, 'f1_micro': 0.9927090517241379, 'prec_micro': 0.9927090517241379, 'rec_micro': 0.9927090517241379}
epoch 27 time: 1.52e+02s, train loss: 4.669, metrics: {'f1': 0.2152794727849646, 'f1_macro': 0.6034626308355119, 'prec_macro': 0.6084577922077922, 'rec_macro': 0.6058998351257909, 'f1_micro': 0.9930711206896552, 'prec_micro': 0.9930711206896552, 'rec_micro': 0.9930711206896552}
epoch 28 time: 1.51e+02s, train loss: 4.67, metrics: {'f1': 0.21195402298850574, 'f1_macro': 0.5964182592043802, 'prec_macro': 0.6132056277056277, 'rec_macro': 0.6041213302297046, 'f1_micro': 0.9926120689655172, 'prec_micro': 0.9926120689655172, 'rec_micro': 0.9926120689655172}
epoch 29 time: 1.51e+02s, train loss: 4.68, metrics: {'f1': 0.2161036557149468, 'f1_macro': 0.5988996141360968, 'prec_macro': 0.6147424242424242, 'rec_macro': 0.6062178554125305, 'f1_micro': 0.9926982758620689, 'prec_micro': 0.9926982758620689, 'rec_micro': 0.9926982758620689}
epoch 30 time: 1.51e+02s, train loss: 4.674, metrics: {'f1': 0.22661071340409777, 'f1_macro': 0.6102287027471934, 'prec_macro': 0.6130270562770562, 'rec_macro': 0.6116099168022275, 'f1_micro': 0.9932478448275862, 'prec_micro': 0.9932478448275862, 'rec_micro': 0.9932478448275862}
epoch 31 time: 1.51e+02s, train loss: 4.675, metrics: {'f1': 0.21996124031007752, 'f1_macro': 0.6049993084696708, 'prec_macro': 0.6116883116883117, 'rec_macro': 0.6082379545043859, 'f1_micro': 0.9930603448275862, 'prec_micro': 0.9930603448275862, 'rec_micro': 0.9930603448275862}
epoch 32 time: 1.52e+02s, train loss: 4.666, metrics: {'f1': 0.21947155439181149, 'f1_macro': 0.6030588155748461, 'prec_macro': 0.6133668831168831, 'rec_macro': 0.6079610404836988, 'f1_micro': 0.9929331896551724, 'prec_micro': 0.9929331896551724, 'rec_micro': 0.9929331896551724}
epoch 33 time: 1.51e+02s, train loss: 4.662, metrics: {'f1': 0.2243076218814374, 'f1_macro': 0.6017836587898079, 'prec_macro': 0.6204664502164502, 'rec_macro': 0.6103192038303034, 'f1_micro': 0.9926961206896552, 'prec_micro': 0.9926961206896552, 'rec_micro': 0.9926961206896552}
epoch 34 time: 1.52e+02s, train loss: 4.662, metrics: {'f1': 0.21540558963871848, 'f1_macro': 0.5970559214488794, 'prec_macro': 0.6164145021645022, 'rec_macro': 0.6058334770743206, 'f1_micro': 0.9925581896551724, 'prec_micro': 0.9925581896551724, 'rec_micro': 0.9925581896551724}
epoch 35 time: 1.52e+02s, train loss: 4.657, metrics: {'f1': 0.2200695479384004, 'f1_macro': 0.6076435667838915, 'prec_macro': 0.6090367965367965, 'rec_macro': 0.6083355919575852, 'f1_micro': 0.9932327586206896, 'prec_micro': 0.9932327586206896, 'rec_micro': 0.9932327586206896}
epoch 36 time: 1.51e+02s, train loss: 4.655, metrics: {'f1': 0.21352657004830916, 'f1_macro': 0.6015843697426618, 'prec_macro': 0.6086623376623377, 'rec_macro': 0.605001113266529, 'f1_micro': 0.9929827586206896, 'prec_micro': 0.9929827586206896, 'rec_micro': 0.9929827586206896}
epoch 37 time: 1.51e+02s, train loss: 4.667, metrics: {'f1': 0.223960880195599, 'f1_macro': 0.6079002216612756, 'prec_macro': 0.6127337662337663, 'rec_macro': 0.6102627403218472, 'f1_micro': 0.9931594827586206, 'prec_micro': 0.9931594827586206, 'rec_micro': 0.9931594827586206}
epoch 38 time: 1.51e+02s, train loss: 4.659, metrics: {'f1': 0.221840490797546, 'f1_macro': 0.6072400659628284, 'prec_macro': 0.6112435064935066, 'rec_macro': 0.6092041970182226, 'f1_micro': 0.993165948275862, 'prec_micro': 0.993165948275862, 'rec_micro': 0.993165948275862}
epoch 39 time: 1.52e+02s, train loss: 4.662, metrics: {'f1': 0.22620489222572052, 'f1_macro': 0.6080163498892331, 'prec_macro': 0.6149512987012987, 'rec_macro': 0.6113733086034028, 'f1_micro': 0.993114224137931, 'prec_micro': 0.993114224137931, 'rec_micro': 0.993114224137931}
epoch 40 time: 1.52e+02s, train loss: 4.662, metrics: {'f1': 0.2178124261752894, 'f1_macro': 0.6015579370030857, 'prec_macro': 0.6133322510822511, 'rec_macro': 0.6071140945122897, 'f1_micro': 0.9928642241379311, 'prec_micro': 0.9928642241379311, 'rec_micro': 0.9928642241379311}
epoch 41 time: 1.52e+02s, train loss: 4.657, metrics: {'f1': 0.21050130672368733, 'f1_macro': 0.5985857885445424, 'prec_macro': 0.6088387445887445, 'rec_macro': 0.6034520863699592, 'f1_micro': 0.9928383620689655, 'prec_micro': 0.9928383620689655, 'rec_micro': 0.9928383620689655}
epoch 42 time: 1.53e+02s, train loss: 4.657, metrics: {'f1': 0.21715109296180637, 'f1_macro': 0.6028085962898104, 'prec_macro': 0.6111482683982684, 'rec_macro': 0.6068117071889069, 'f1_micro': 0.9929762931034483, 'prec_micro': 0.9929762931034483, 'rec_micro': 0.9929762931034483}
epoch 43 time: 1.53e+02s, train loss: 4.658, metrics: {'f1': 0.21402042711234914, 'f1_macro': 0.5982033217850742, 'prec_macro': 0.6132510822510823, 'rec_macro': 0.6051773515199114, 'f1_micro': 0.9927025862068966, 'prec_micro': 0.9927025862068966, 'rec_micro': 0.9927025862068966}
epoch 44 time: 1.53e+02s, train loss: 4.663, metrics: {'f1': 0.22353218580523462, 'f1_macro': 0.6041039816626007, 'prec_macro': 0.6165876623376623, 'rec_macro': 0.6099837016079181, 'f1_micro': 0.9929030172413793, 'prec_micro': 0.9929030172413793, 'rec_micro': 0.9929030172413793}
epoch 45 time: 1.51e+02s, train loss: 4.661, metrics: {'f1': 0.22022362664073894, 'f1_macro': 0.6054682014918956, 'prec_macro': 0.611452380952381, 'rec_macro': 0.6083756683847389, 'f1_micro': 0.9930862068965517, 'prec_micro': 0.9930862068965517, 'rec_micro': 0.9930862068965517}
epoch 46 time: 1.53e+02s, train loss: 4.675, metrics: {'f1': 0.21960028894774863, 'f1_macro': 0.604227196699901, 'prec_macro': 0.6121634199134199, 'rec_macro': 0.6080460661470518, 'f1_micro': 0.9930150862068966, 'prec_micro': 0.9930150862068966, 'rec_micro': 0.9930150862068966}
epoch 47 time: 1.53e+02s, train loss: 4.669, metrics: {'f1': 0.21350451735615789, 'f1_macro': 0.6000885854953218, 'prec_macro': 0.6103484848484848, 'rec_macro': 0.6049618162201283, 'f1_micro': 0.9928706896551724, 'prec_micro': 0.9928706896551724, 'rec_micro': 0.9928706896551724}
epoch 48 time: 1.51e+02s, train loss: 4.671, metrics: {'f1': 0.21244239631336403, 'f1_macro': 0.5968374624311894, 'prec_macro': 0.6132164502164502, 'rec_macro': 0.6043709502299558, 'f1_micro': 0.9926336206896552, 'prec_micro': 0.9926336206896552, 'rec_micro': 0.9926336206896552}
epoch 49 time: 1.51e+02s, train loss: 4.684, metrics: {'f1': 0.21328513330320834, 'f1_macro': 0.5956242665000423, 'prec_macro': 0.6158852813852813, 'rec_macro': 0.6047574984275095, 'f1_micro': 0.9924956896551724, 'prec_micro': 0.9924956896551724, 'rec_micro': 0.9924956896551724}
epoch 50 time: 1.51e+02s, train loss: 4.687, metrics: {'f1': 0.20096573925040237, 'f1_macro': 0.5913254684321283, 'prec_macro': 0.607180735930736, 'rec_macro': 0.5986017478595126, 'f1_micro': 0.9925107758620689, 'prec_micro': 0.9925107758620689, 'rec_micro': 0.9925107758620689}
epoch 51 time: 1.52e+02s, train loss: 4.68, metrics: {'f1': 0.20796565704746003, 'f1_macro': 0.5977138566553907, 'prec_macro': 0.6070984848484848, 'rec_macro': 0.6021853751595533, 'f1_micro': 0.9928426724137931, 'prec_micro': 0.9928426724137931, 'rec_micro': 0.9928426724137931}
epoch 52 time: 1.52e+02s, train loss: 4.684, metrics: {'f1': 0.20932445290199805, 'f1_macro': 0.5981294542908215, 'prec_macro': 0.6080909090909091, 'rec_macro': 0.6028631279487323, 'f1_micro': 0.9928362068965517, 'prec_micro': 0.9928362068965517, 'rec_micro': 0.9928362068965517}
epoch 53 time: 1.52e+02s, train loss: 4.689, metrics: {'f1': 0.20176906526416447, 'f1_macro': 0.5949475090729149, 'prec_macro': 0.6035941558441559, 'rec_macro': 0.5990773565355176, 'f1_micro': 0.9928038793103449, 'prec_micro': 0.9928038793103449, 'rec_micro': 0.9928038793103449}
epoch 54 time: 1.52e+02s, train loss: 4.69, metrics: {'f1': 0.20314389359129384, 'f1_macro': 0.5966501992190252, 'prec_macro': 0.6031439393939394, 'rec_macro': 0.5997886775950603, 'f1_micro': 0.9928987068965517, 'prec_micro': 0.9928987068965517, 'rec_micro': 0.9928987068965517}
epoch 55 time: 1.52e+02s, train loss: 4.681, metrics: {'f1': 0.2188479151602796, 'f1_macro': 0.6039568258664548, 'prec_macro': 0.6116655844155844, 'rec_macro': 0.6076698868479546, 'f1_micro': 0.9930150862068966, 'prec_micro': 0.9930150862068966, 'rec_micro': 0.9930150862068966}
epoch 56 time: 1.53e+02s, train loss: 4.674, metrics: {'f1': 0.2221169784513379, 'f1_macro': 0.6038303526073028, 'prec_macro': 0.6153517316017316, 'rec_macro': 0.6092804627106118, 'f1_micro': 0.9929202586206897, 'prec_micro': 0.9929202586206897, 'rec_micro': 0.9929202586206897}
epoch 57 time: 1.52e+02s, train loss: 4.675, metrics: {'f1': 0.21765127959818228, 'f1_macro': 0.6026372163074514, 'prec_macro': 0.6118820346320346, 'rec_macro': 0.6070552713611179, 'f1_micro': 0.9929504310344828, 'prec_micro': 0.9929504310344828, 'rec_micro': 0.9929504310344828}
epoch 58 time: 1.53e+02s, train loss: 4.673, metrics: {'f1': 0.21809408926417367, 'f1_macro': 0.6036854547155399, 'prec_macro': 0.6111677489177489, 'rec_macro': 0.6072929814944732, 'f1_micro': 0.9930150862068966, 'prec_micro': 0.9930150862068966, 'rec_micro': 0.9930150862068966}
epoch 59 time: 1.53e+02s, train loss: 4.675, metrics: {'f1': 0.19913419913419914, 'f1_macro': 0.594205112710633, 'prec_macro': 0.6016125541125541, 'rec_macro': 0.5977648433371381, 'f1_micro': 0.992823275862069, 'prec_micro': 0.992823275862069, 'rec_micro': 0.992823275862069}
epoch 60 time: 1.52e+02s, train loss: 4.692, metrics: {'f1': 0.1930870083432658, 'f1_macro': 0.590528205914008, 'prec_macro': 0.5993127705627705, 'rec_macro': 0.5947114075711599, 'f1_micro': 0.9927047413793103, 'prec_micro': 0.9927047413793103, 'rec_micro': 0.9927047413793103}
epoch 61 time: 1.52e+02s, train loss: 4.696, metrics: {'f1': 0.2085421140539251, 'f1_macro': 0.5980338943870704, 'prec_macro': 0.6073517316017316, 'rec_macro': 0.6024757725038631, 'f1_micro': 0.9928512931034483, 'prec_micro': 0.9928512931034483, 'rec_micro': 0.9928512931034483}
epoch 62 time: 1.52e+02s, train loss: 4.685, metrics: {'f1': 0.21285923039454455, 'f1_macro': 0.6020592404474132, 'prec_macro': 0.607443722943723, 'rec_macro': 0.604680496791914, 'f1_micro': 0.9930344827586207, 'prec_micro': 0.9930344827586207, 'rec_micro': 0.9930344827586207}
epoch 63 time: 1.52e+02s, train loss: 4.678, metrics: {'f1': 0.21291108404384898, 'f1_macro': 0.6021085320853299, 'prec_macro': 0.6074448051948051, 'rec_macro': 0.6047069666968063, 'f1_micro': 0.9930366379310345, 'prec_micro': 0.9930366379310345, 'rec_micro': 0.9930366379310345}
epoch 64 time: 1.53e+02s, train loss: 4.682, metrics: {'f1': 0.21385758810836727, 'f1_macro': 0.6010352007363461, 'prec_macro': 0.6096331168831169, 'rec_macro': 0.6051541149739642, 'f1_micro': 0.9929331896551724, 'prec_micro': 0.9929331896551724, 'rec_micro': 0.9929331896551724}
epoch 65 time: 1.52e+02s, train loss: 4.686, metrics: {'f1': 0.20877598152424942, 'f1_macro': 0.5953191859633309, 'prec_macro': 0.6109675324675324, 'rec_macro': 0.6025334323159264, 'f1_micro': 0.9926163793103449, 'prec_micro': 0.9926163793103449, 'rec_micro': 0.9926163793103449}
epoch 66 time: 1.53e+02s, train loss: 4.693, metrics: {'f1': 0.2224227385517708, 'f1_macro': 0.5996827662726951, 'prec_macro': 0.6211504329004329, 'rec_macro': 0.6093452350376547, 'f1_micro': 0.9925711206896551, 'prec_micro': 0.9925711206896551, 'rec_micro': 0.9925711206896551}
epoch 67 time: 1.53e+02s, train loss: 4.693, metrics: {'f1': 0.22293577981651375, 'f1_macro': 0.6013262957855486, 'prec_macro': 0.6194718614718615, 'rec_macro': 0.6096338420108076, 'f1_micro': 0.9926982758620689, 'prec_micro': 0.9926982758620689, 'rec_micro': 0.9926982758620689}
epoch 68 time: 1.52e+02s, train loss: 4.676, metrics: {'f1': 0.22441940676017474, 'f1_macro': 0.6022363882330971, 'prec_macro': 0.6199859307359308, 'rec_macro': 0.6103837972748593, 'f1_micro': 0.9927306034482759, 'prec_micro': 0.9927306034482759, 'rec_micro': 0.9927306034482759}
epoch 69 time: 1.54e+02s, train loss: 4.677, metrics: {'f1': 0.2106497771522402, 'f1_macro': 0.5975250681462215, 'prec_macro': 0.6102867965367965, 'rec_macro': 0.6035034826997723, 'f1_micro': 0.9927478448275862, 'prec_micro': 0.9927478448275862, 'rec_micro': 0.9927478448275862}
epoch 70 time: 1.53e+02s, train loss: 4.683, metrics: {'f1': 0.2029657089898054, 'f1_macro': 0.5928679522539091, 'prec_macro': 0.6074675324675325, 'rec_macro': 0.5996207458083822, 'f1_micro': 0.9925862068965517, 'prec_micro': 0.9925862068965517, 'rec_micro': 0.9925862068965517}
epoch 71 time: 1.52e+02s, train loss: 4.681, metrics: {'f1': 0.19783393501805052, 'f1_macro': 0.5936393546523616, 'prec_macro': 0.6008625541125541, 'rec_macro': 0.5971130934825382, 'f1_micro': 0.9928168103448276, 'prec_micro': 0.9928168103448276, 'rec_micro': 0.9928168103448276}
epoch 72 time: 1.52e+02s, train loss: 4.695, metrics: {'f1': 0.20097323600973235, 'f1_macro': 0.5961493570769758, 'prec_macro': 0.6014134199134199, 'rec_macro': 0.5987093501483032, 'f1_micro': 0.9929224137931034, 'prec_micro': 0.9929224137931034, 'rec_micro': 0.9929224137931034}
epoch 73 time: 1.53e+02s, train loss: 4.695, metrics: {'f1': 0.20082066135650495, 'f1_macro': 0.5953453794961157, 'prec_macro': 0.6021309523809524, 'rec_macro': 0.5986183866869205, 'f1_micro': 0.9928642241379311, 'prec_micro': 0.9928642241379311, 'rec_micro': 0.9928642241379311}
epoch 74 time: 1.53e+02s, train loss: 4.682, metrics: {'f1': 0.2059607463048219, 'f1_macro': 0.5982009567020528, 'prec_macro': 0.6044080086580086, 'rec_macro': 0.6012068609921898, 'f1_micro': 0.9929375, 'prec_micro': 0.9929375, 'rec_micro': 0.9929375}
epoch 75 time: 1.56e+02s, train loss: 4.677, metrics: {'f1': 0.20698012603005334, 'f1_macro': 0.5987204848328009, 'prec_macro': 0.6049112554112553, 'rec_macro': 0.601719258771158, 'f1_micro': 0.992948275862069, 'prec_micro': 0.992948275862069, 'rec_micro': 0.992948275862069}
epoch 76 time: 1.52e+02s, train loss: 4.675, metrics: {'f1': 0.20434782608695654, 'f1_macro': 0.5971245484026191, 'prec_macro': 0.6038917748917749, 'rec_macro': 0.6003911753992465, 'f1_micro': 0.9929008620689656, 'prec_micro': 0.9929008620689656, 'rec_micro': 0.9929008620689656}
epoch 77 time: 1.53e+02s, train loss: 4.681, metrics: {'f1': 0.21282728801345183, 'f1_macro': 0.6007184087643421, 'prec_macro': 0.6088885281385281, 'rec_macro': 0.6046400627364369, 'f1_micro': 0.9929375, 'prec_micro': 0.9929375, 'rec_micro': 0.9929375}
epoch 78 time: 1.53e+02s, train loss: 4.685, metrics: {'f1': 0.2100936286823476, 'f1_macro': 0.5950112419740776, 'prec_macro': 0.6129231601731602, 'rec_macro': 0.6031742930364394, 'f1_micro': 0.9925452586206897, 'prec_micro': 0.9925452586206897, 'rec_micro': 0.9925452586206897}
epoch 79 time: 1.53e+02s, train loss: 4.699, metrics: {'f1': 0.20257092198581558, 'f1_macro': 0.5892916096830833, 'prec_macro': 0.612025974025974, 'rec_macro': 0.599337411857456, 'f1_micro': 0.9922456896551725, 'prec_micro': 0.9922456896551725, 'rec_micro': 0.9922456896551725}
epoch 80 time: 1.54e+02s, train loss: 4.697, metrics: {'f1': 0.20618070299598962, 'f1_macro': 0.5958957750571281, 'prec_macro': 0.6072997835497835, 'rec_macro': 0.6012689929431305, 'f1_micro': 0.9927478448275862, 'prec_micro': 0.9927478448275862, 'rec_micro': 0.9927478448275862}
epoch 81 time: 1.54e+02s, train loss: 4.696, metrics: {'f1': 0.20205479452054795, 'f1_macro': 0.5971806077540504, 'prec_macro': 0.6014372294372294, 'rec_macro': 0.5992620776194424, 'f1_micro': 0.9929698275862069, 'prec_micro': 0.9929698275862069, 'rec_micro': 0.9929698275862069}
epoch 82 time: 1.52e+02s, train loss: 4.718, metrics: {'f1': 0.19536903039073805, 'f1_macro': 0.592634866827577, 'prec_macro': 0.5993658008658009, 'rec_macro': 0.5958790351086887, 'f1_micro': 0.9928103448275862, 'prec_micro': 0.9928103448275862, 'rec_micro': 0.9928103448275862}
epoch 83 time: 1.52e+02s, train loss: 4.738, metrics: {'f1': 0.17787418655097612, 'f1_macro': 0.5840881645488758, 'prec_macro': 0.5903235930735931, 'rec_macro': 0.5870910163648174, 'f1_micro': 0.9926487068965517, 'prec_micro': 0.9926487068965517, 'rec_micro': 0.9926487068965517}
epoch 84 time: 1.52e+02s, train loss: 4.743, metrics: {'f1': 0.18042593921990907, 'f1_macro': 0.5847503979644069, 'prec_macro': 0.5922997835497836, 'rec_macro': 0.5883592555246501, 'f1_micro': 0.9926185344827586, 'prec_micro': 0.9926185344827586, 'rec_micro': 0.9926185344827586}
epoch 85 time: 1.53e+02s, train loss: 4.729, metrics: {'f1': 0.17758579313654907, 'f1_macro': 0.5836067741545177, 'prec_macro': 0.5905551948051948, 'rec_macro': 0.5869381241148116, 'f1_micro': 0.992614224137931, 'prec_micro': 0.992614224137931, 'rec_micro': 0.992614224137931}
epoch 86 time: 1.53e+02s, train loss: 4.726, metrics: {'f1': 0.19353281853281853, 'f1_macro': 0.5917857320133897, 'prec_macro': 0.5983636363636364, 'rec_macro': 0.5949576858289904, 'f1_micro': 0.9927974137931035, 'prec_micro': 0.9927974137931035, 'rec_micro': 0.9927974137931035}
epoch 87 time: 1.53e+02s, train loss: 4.719, metrics: {'f1': 0.18799330303755082, 'f1_macro': 0.5883564269849934, 'prec_macro': 0.596314935064935, 'rec_macro': 0.5921591703671646, 'f1_micro': 0.9926831896551724, 'prec_micro': 0.9926831896551724, 'rec_micro': 0.9926831896551724}
epoch 88 time: 1.53e+02s, train loss: 4.712, metrics: {'f1': 0.19469879518072292, 'f1_macro': 0.5922256546598488, 'prec_macro': 0.5991103896103896, 'rec_macro': 0.5955406624060783, 'f1_micro': 0.9927974137931035, 'prec_micro': 0.9927974137931035, 'rec_micro': 0.9927974137931035}
epoch 89 time: 1.54e+02s, train loss: 4.706, metrics: {'f1': 0.20009596928982723, 'f1_macro': 0.5944577600429645, 'prec_macro': 0.6023549783549783, 'rec_macro': 0.5982435440106858, 'f1_micro': 0.9928146551724137, 'prec_micro': 0.9928146551724137, 'rec_micro': 0.9928146551724137}
epoch 90 time: 1.53e+02s, train loss: 4.697, metrics: {'f1': 0.2125, 'f1_macro': 0.59725350892393, 'prec_macro': 0.6127359307359307, 'rec_macro': 0.604408453143946, 'f1_micro': 0.9926681034482758, 'prec_micro': 0.9926681034482758, 'rec_micro': 0.9926681034482758}
epoch 91 time: 1.53e+02s, train loss: 4.697, metrics: {'f1': 0.20191431175934366, 'f1_macro': 0.5910689625987823, 'prec_macro': 0.6086450216450217, 'rec_macro': 0.599061338155346, 'f1_micro': 0.9924525862068966, 'prec_micro': 0.9924525862068966, 'rec_micro': 0.9924525862068966}
epoch 92 time: 1.54e+02s, train loss: 4.705, metrics: {'f1': 0.19620111731843576, 'f1_macro': 0.5869957360288328, 'prec_macro': 0.6075465367965368, 'rec_macro': 0.5961531289740443, 'f1_micro': 0.9922478448275862, 'prec_micro': 0.9922478448275862, 'rec_micro': 0.9922478448275862}
epoch 93 time: 1.56e+02s, train loss: 4.712, metrics: {'f1': 0.18352223190932868, 'f1_macro': 0.5796258875601673, 'prec_macro': 0.6029047619047618, 'rec_macro': 0.5897327689113078, 'f1_micro': 0.991926724137931, 'prec_micro': 0.991926724137931, 'rec_micro': 0.991926724137931}
epoch 94 time: 1.53e+02s, train loss: 4.717, metrics: {'f1': 0.19179865480581473, 'f1_macro': 0.5830184114400762, 'prec_macro': 0.6081547619047619, 'rec_macro': 0.5938823053613237, 'f1_micro': 0.9919719827586206, 'prec_micro': 0.9919719827586206, 'rec_micro': 0.9919719827586206}
epoch 95 time: 1.54e+02s, train loss: 4.726, metrics: {'f1': 0.1871599564744287, 'f1_macro': 0.5811503124650333, 'prec_macro': 0.6051569264069264, 'rec_macro': 0.5915575720340857, 'f1_micro': 0.9919504310344828, 'prec_micro': 0.9919504310344828, 'rec_micro': 0.9919504310344828}
epoch 96 time: 1.53e+02s, train loss: 4.729, metrics: {'f1': 0.19412288512911843, 'f1_macro': 0.5857854906278281, 'prec_macro': 0.6067748917748917, 'rec_macro': 0.595101524512956, 'f1_micro': 0.992198275862069, 'prec_micro': 0.992198275862069, 'rec_micro': 0.992198275862069}
epoch 97 time: 1.54e+02s, train loss: 4.724, metrics: {'f1': 0.19461416610092777, 'f1_macro': 0.5871790257687044, 'prec_macro': 0.6053474025974026, 'rec_macro': 0.5953803435441294, 'f1_micro': 0.9923297413793103, 'prec_micro': 0.9923297413793103, 'rec_micro': 0.9923297413793103}
epoch 98 time: 1.54e+02s, train loss: 4.72, metrics: {'f1': 0.1917616942052595, 'f1_macro': 0.5879624739132407, 'prec_macro': 0.6009599567099567, 'rec_macro': 0.5940009138340357, 'f1_micro': 0.9925150862068965, 'prec_micro': 0.9925150862068965, 'rec_micro': 0.9925150862068965}
epoch 99 time: 1.54e+02s, train loss: 4.725, metrics: {'f1': 0.19943154902889626, 'f1_macro': 0.5930247774462359, 'prec_macro': 0.6033008658008658, 'rec_macro': 0.5978863306437346, 'f1_micro': 0.9927155172413793, 'prec_micro': 0.9927155172413793, 'rec_micro': 0.9927155172413793}
epoch 100 time: 1.52e+02s, train loss: 4.734, metrics: {'f1': 0.19364161849710984, 'f1_macro': 0.5916714805798126, 'prec_macro': 0.5986060606060606, 'rec_macro': 0.5950088228611838, 'f1_micro': 0.9927844827586206, 'prec_micro': 0.9927844827586206, 'rec_micro': 0.9927844827586206}
post-training summary -- best {'f1': 0.22661071340409777, 'f1_macro': 0.6102287027471934, 'prec_macro': 0.6130270562770562, 'rec_macro': 0.6116099168022275, 'f1_micro': 0.9932478448275862, 'prec_micro': 0.9932478448275862, 'rec_micro': 0.9932478448275862}
run 2 start -- seed=1
initialized continuityBERT with 628261 parameters.
/home/azureuser/.local/lib/python3.8/site-packages/sklearn/metrics/_classification.py:1344: UndefinedMetricWarning: Precision and F-score are ill-defined and being set to 0.0 in labels with no predicted samples. Use `zero_division` parameter to control this behavior.
  _warn_prf(average, modifier, msg_start, len(result))
epoch 1 time: 1.52e+02s, train loss: 4.945, metrics: {'f1': 0.0, 'f1_macro': 0.4978448275862069, 'prec_macro': 0.5, 'rec_macro': 0.4989200863930886, 'f1_micro': 0.9956896551724138, 'prec_micro': 0.9956896551724138, 'rec_micro': 0.9956896551724138}
epoch 2 time: 1.52e+02s, train loss: 4.927, metrics: {'f1': 0.035023041474654376, 'f1_macro': 0.609649706852536, 'prec_macro': 0.5093571428571428, 'rec_macro': 0.5163806435784535, 'f1_micro': 0.9954870689655172, 'prec_micro': 0.9954870689655172, 'rec_micro': 0.9954870689655172}
epoch 3 time: 1.51e+02s, train loss: 4.867, metrics: {'f1': 0.13602499399182888, 'f1_macro': 0.5636200720356364, 'prec_macro': 0.5687175324675324, 'rec_macro': 0.5660668116546375, 'f1_micro': 0.9922521551724138, 'prec_micro': 0.9922521551724138, 'rec_micro': 0.9922521551724138}
epoch 4 time: 1.51e+02s, train loss: 4.812, metrics: {'f1': 0.16633565044687193, 'f1_macro': 0.5807916310953791, 'prec_macro': 0.581917748917749, 'rec_macro': 0.5813506705910445, 'f1_micro': 0.9927629310344828, 'prec_micro': 0.9927629310344828, 'rec_micro': 0.9927629310344828}
epoch 5 time: 1.52e+02s, train loss: 4.808, metrics: {'f1': 0.18336695808114775, 'f1_macro': 0.5813727209936432, 'prec_macro': 0.6000292207792207, 'rec_macro': 0.5897111746766001, 'f1_micro': 0.9921487068965518, 'prec_micro': 0.9921487068965518, 'rec_micro': 0.9921487068965518}
epoch 6 time: 1.51e+02s, train loss: 4.777, metrics: {'f1': 0.19019784172661872, 'f1_macro': 0.5846886922689484, 'prec_macro': 0.6035584415584415, 'rec_macro': 0.5931488411709911, 'f1_micro': 0.9922370689655172, 'prec_micro': 0.9922370689655172, 'rec_micro': 0.9922370689655172}
epoch 7 time: 1.52e+02s, train loss: 4.757, metrics: {'f1': 0.19096176129779838, 'f1_macro': 0.5872650939086379, 'prec_macro': 0.6009404761904762, 'rec_macro': 0.5935911671643238, 'f1_micro': 0.9924762931034483, 'prec_micro': 0.9924762931034483, 'rec_micro': 0.9924762931034483}
epoch 8 time: 1.51e+02s, train loss: 4.734, metrics: {'f1': 0.19337267362687244, 'f1_macro': 0.5868237168012737, 'prec_macro': 0.6043571428571428, 'rec_macro': 0.5947623312438894, 'f1_micro': 0.9923405172413793, 'prec_micro': 0.9923405172413793, 'rec_micro': 0.9923405172413793}
epoch 9 time: 1.51e+02s, train loss: 4.733, metrics: {'f1': 0.19081718618365628, 'f1_macro': 0.580746623287739, 'prec_macro': 0.6107662337662337, 'rec_macro': 0.5933279043957842, 'f1_micro': 0.9917198275862069, 'prec_micro': 0.9917198275862069, 'rec_micro': 0.9917198275862069}
epoch 10 time: 1.51e+02s, train loss: 4.723, metrics: {'f1': 0.1876960193003619, 'f1_macro': 0.5889319368062697, 'prec_macro': 0.5953495670995671, 'rec_macro': 0.5920257539931785, 'f1_micro': 0.9927435344827586, 'prec_micro': 0.9927435344827586, 'rec_micro': 0.9927435344827586}
epoch 11 time: 1.51e+02s, train loss: 4.721, metrics: {'f1': 0.18973625025557148, 'f1_macro': 0.5785834989779678, 'prec_macro': 0.6133733766233767, 'rec_macro': 0.5927215747204124, 'f1_micro': 0.991459051724138, 'prec_micro': 0.991459051724138, 'rec_micro': 0.991459051724138}
epoch 12 time: 1.52e+02s, train loss: 4.721, metrics: {'f1': 0.1904987000709052, 'f1_macro': 0.5885890233522364, 'prec_macro': 0.598771645021645, 'rec_macro': 0.5933955316024895, 'f1_micro': 0.9926185344827586, 'prec_micro': 0.9926185344827586, 'rec_micro': 0.9926185344827586}
epoch 13 time: 1.56e+02s, train loss: 4.721, metrics: {'f1': 0.1895393474088292, 'f1_macro': 0.5893601411199894, 'prec_macro': 0.5968311688311688, 'rec_macro': 0.5929414192165856, 'f1_micro': 0.9927198275862069, 'prec_micro': 0.9927198275862069, 'rec_micro': 0.9927198275862069}
epoch 14 time: 1.51e+02s, train loss: 4.708, metrics: {'f1': 0.19476002782286111, 'f1_macro': 0.5890800643128342, 'prec_macro': 0.6029512987012987, 'rec_macro': 0.5955000480788488, 'f1_micro': 0.9925150862068965, 'prec_micro': 0.9925150862068965, 'rec_micro': 0.9925150862068965}
epoch 15 time: 1.51e+02s, train loss: 4.704, metrics: {'f1': 0.19398315282791817, 'f1_macro': 0.5917745452461063, 'prec_macro': 0.598853896103896, 'rec_macro': 0.5951790429261987, 'f1_micro': 0.9927823275862069, 'prec_micro': 0.9927823275862069, 'rec_micro': 0.9927823275862069}
epoch 16 time: 1.52e+02s, train loss: 4.701, metrics: {'f1': 0.19921785139176443, 'f1_macro': 0.5905482575304452, 'prec_macro': 0.6061785714285715, 'rec_macro': 0.5977245600304213, 'f1_micro': 0.9924978448275862, 'prec_micro': 0.9924978448275862, 'rec_micro': 0.9924978448275862}
epoch 17 time: 1.51e+02s, train loss: 4.707, metrics: {'f1': 0.20362622036262204, 'f1_macro': 0.5934430835650787, 'prec_macro': 0.607482683982684, 'rec_macro': 0.5999586079522276, 'f1_micro': 0.9926163793103449, 'prec_micro': 0.9926163793103449, 'rec_micro': 0.9926163793103449}
epoch 18 time: 1.51e+02s, train loss: 4.692, metrics: {'f1': 0.20422371779995357, 'f1_macro': 0.5935899000668282, 'prec_macro': 0.6079772727272728, 'rec_macro': 0.6002557186972466, 'f1_micro': 0.9926099137931035, 'prec_micro': 0.9926099137931035, 'rec_micro': 0.9926099137931035}
epoch 19 time: 1.51e+02s, train loss: 4.692, metrics: {'f1': 0.20622091599314232, 'f1_macro': 0.5993469874674142, 'prec_macro': 0.6034512987012987, 'rec_macro': 0.6013565125664081, 'f1_micro': 0.9930150862068966, 'prec_micro': 0.9930150862068966, 'rec_micro': 0.9930150862068966}
epoch 20 time: 1.51e+02s, train loss: 4.684, metrics: {'f1': 0.19853462538407, 'f1_macro': 0.5924173815191265, 'prec_macro': 0.6030400432900433, 'rec_macro': 0.5974318971281873, 'f1_micro': 0.9926918103448276, 'prec_micro': 0.9926918103448276, 'rec_micro': 0.9926918103448276}
epoch 21 time: 1.51e+02s, train loss: 4.681, metrics: {'f1': 0.20622935346861726, 'f1_macro': 0.5959393838201582, 'prec_macro': 0.6073008658008658, 'rec_macro': 0.6012938614160774, 'f1_micro': 0.99275, 'prec_micro': 0.99275, 'rec_micro': 0.99275}
epoch 22 time: 1.52e+02s, train loss: 4.672, metrics: {'f1': 0.20701168614357263, 'f1_macro': 0.5972556948966007, 'prec_macro': 0.6065963203463204, 'rec_macro': 0.6017062247532414, 'f1_micro': 0.992834051724138, 'prec_micro': 0.992834051724138, 'rec_micro': 0.992834051724138}
epoch 23 time: 1.51e+02s, train loss: 4.672, metrics: {'f1': 0.20920502092050208, 'f1_macro': 0.591814771105692, 'prec_macro': 0.6165140692640693, 'rec_macro': 0.6026581902467927, 'f1_micro': 0.992260775862069, 'prec_micro': 0.992260775862069, 'rec_micro': 0.992260775862069}
epoch 24 time: 1.52e+02s, train loss: 4.665, metrics: {'f1': 0.20708180708180712, 'f1_macro': 0.5994873389203614, 'prec_macro': 0.6041915584415585, 'rec_macro': 0.6017836882427938, 'f1_micro': 0.9930021551724137, 'prec_micro': 0.9930021551724137, 'rec_micro': 0.9930021551724137}
epoch 25 time: 1.52e+02s, train loss: 4.67, metrics: {'f1': 0.21045230841340518, 'f1_macro': 0.5973500124042666, 'prec_macro': 0.6102824675324675, 'rec_macro': 0.6034025753153995, 'f1_micro': 0.992739224137931, 'prec_micro': 0.992739224137931, 'rec_micro': 0.992739224137931}
epoch 26 time: 1.52e+02s, train loss: 4.673, metrics: {'f1': 0.20806302131603338, 'f1_macro': 0.5952546492745735, 'prec_macro': 0.6102294372294372, 'rec_macro': 0.6021813108061194, 'f1_micro': 0.9926336206896552, 'prec_micro': 0.9926336206896552, 'rec_micro': 0.9926336206896552}
epoch 27 time: 1.53e+02s, train loss: 4.66, metrics: {'f1': 0.21560624249699878, 'f1_macro': 0.6020159789829261, 'prec_macro': 0.6103928571428572, 'rec_macro': 0.6060349483604837, 'f1_micro': 0.9929590517241379, 'prec_micro': 0.9929590517241379, 'rec_micro': 0.9929590517241379}
epoch 28 time: 1.52e+02s, train loss: 4.673, metrics: {'f1': 0.2092516347783967, 'f1_macro': 0.5997586390094085, 'prec_macro': 0.6061634199134199, 'rec_macro': 0.6028587958028513, 'f1_micro': 0.9929633620689655, 'prec_micro': 0.9929633620689655, 'rec_micro': 0.9929633620689655}
epoch 29 time: 1.52e+02s, train loss: 4.668, metrics: {'f1': 0.21719878816126775, 'f1_macro': 0.6000410938875386, 'prec_macro': 0.6145248917748918, 'rec_macro': 0.6067811807688658, 'f1_micro': 0.992760775862069, 'prec_micro': 0.992760775862069, 'rec_micro': 0.992760775862069}
epoch 30 time: 1.52e+02s, train loss: 4.656, metrics: {'f1': 0.2224891878904373, 'f1_macro': 0.605412777363427, 'prec_macro': 0.6139112554112554, 'rec_macro': 0.6094932046323738, 'f1_micro': 0.9930258620689655, 'prec_micro': 0.9930258620689655, 'rec_micro': 0.9930258620689655}
epoch 31 time: 1.51e+02s, train loss: 4.655, metrics: {'f1': 0.21659634317862164, 'f1_macro': 0.6002762865064872, 'prec_macro': 0.6135476190476191, 'rec_macro': 0.6064892092689891, 'f1_micro': 0.9927974137931035, 'prec_micro': 0.9927974137931035, 'rec_micro': 0.9927974137931035}
epoch 32 time: 1.52e+02s, train loss: 4.66, metrics: {'f1': 0.21037601142313184, 'f1_macro': 0.5986764213435635, 'prec_macro': 0.6085952380952381, 'rec_macro': 0.6033921585674933, 'f1_micro': 0.9928491379310345, 'prec_micro': 0.9928491379310345, 'rec_micro': 0.9928491379310345}
epoch 33 time: 1.52e+02s, train loss: 4.659, metrics: {'f1': 0.21470588235294116, 'f1_macro': 0.6035976925741386, 'prec_macro': 0.6077229437229438, 'rec_macro': 0.605619024820076, 'f1_micro': 0.9930948275862069, 'prec_micro': 0.9930948275862069, 'rec_micro': 0.9930948275862069}
epoch 34 time: 1.51e+02s, train loss: 4.654, metrics: {'f1': 0.21765712888236732, 'f1_macro': 0.6048270673152737, 'prec_macro': 0.6094707792207792, 'rec_macro': 0.6070973370827043, 'f1_micro': 0.9931056034482758, 'prec_micro': 0.9931056034482758, 'rec_micro': 0.9931056034482758}
epoch 35 time: 1.52e+02s, train loss: 4.658, metrics: {'f1': 0.21488417939871857, 'f1_macro': 0.6042352323045835, 'prec_macro': 0.6072445887445888, 'rec_macro': 0.6057179555004594, 'f1_micro': 0.9931336206896552, 'prec_micro': 0.9931336206896552, 'rec_micro': 0.9931336206896552}
epoch 36 time: 1.53e+02s, train loss: 4.654, metrics: {'f1': 0.2139243555769694, 'f1_macro': 0.6015232770642405, 'prec_macro': 0.6091525974025974, 'rec_macro': 0.6051961965512912, 'f1_micro': 0.9929676724137931, 'prec_micro': 0.9929676724137931, 'rec_micro': 0.9929676724137931}
epoch 37 time: 1.52e+02s, train loss: 4.67, metrics: {'f1': 0.2050799623706491, 'f1_macro': 0.5951092774632241, 'prec_macro': 0.607034632034632, 'rec_macro': 0.6007104779008791, 'f1_micro': 0.9927155172413793, 'prec_micro': 0.9927155172413793, 'rec_micro': 0.9927155172413793}
epoch 38 time: 1.52e+02s, train loss: 4.67, metrics: {'f1': 0.21497755728797543, 'f1_macro': 0.6002079561179714, 'prec_macro': 0.6118257575757575, 'rec_macro': 0.6056901649242944, 'f1_micro': 0.9928383620689655, 'prec_micro': 0.9928383620689655, 'rec_micro': 0.9928383620689655}
epoch 39 time: 1.53e+02s, train loss: 4.66, metrics: {'f1': 0.22222222222222224, 'f1_macro': 0.6047454017554009, 'prec_macro': 0.6143885281385282, 'rec_macro': 0.6093493947501514, 'f1_micro': 0.9929849137931035, 'prec_micro': 0.9929849137931035, 'rec_micro': 0.9929849137931035}
epoch 40 time: 1.53e+02s, train loss: 4.663, metrics: {'f1': 0.21965873588079793, 'f1_macro': 0.6040675886579621, 'prec_macro': 0.6124058441558441, 'rec_macro': 0.6080720271050369, 'f1_micro': 0.9930021551724137, 'prec_micro': 0.9930021551724137, 'rec_micro': 0.9930021551724137}
epoch 41 time: 1.53e+02s, train loss: 4.654, metrics: {'f1': 0.22137767220902613, 'f1_macro': 0.6037689361258898, 'prec_macro': 0.6146125541125541, 'rec_macro': 0.6089146233505321, 'f1_micro': 0.9929353448275862, 'prec_micro': 0.9929353448275862, 'rec_micro': 0.9929353448275862}
epoch 42 time: 1.52e+02s, train loss: 4.654, metrics: {'f1': 0.21467846043509442, 'f1_macro': 0.6011608916831335, 'prec_macro': 0.6103733766233767, 'rec_macro': 0.6055612806885821, 'f1_micro': 0.9929202586206897, 'prec_micro': 0.9929202586206897, 'rec_micro': 0.9929202586206897}
epoch 43 time: 1.53e+02s, train loss: 4.655, metrics: {'f1': 0.2207792207792208, 'f1_macro': 0.6046801513377393, 'prec_macro': 0.6129112554112554, 'rec_macro': 0.6086360637874857, 'f1_micro': 0.9930172413793104, 'prec_micro': 0.9930172413793104, 'rec_micro': 0.9930172413793104}
epoch 44 time: 1.52e+02s, train loss: 4.648, metrics: {'f1': 0.2148879788002891, 'f1_macro': 0.6019903423205718, 'prec_macro': 0.6096547619047619, 'rec_macro': 0.6056801730188961, 'f1_micro': 0.9929762931034483, 'prec_micro': 0.9929762931034483, 'rec_micro': 0.9929762931034483}
epoch 45 time: 1.52e+02s, train loss: 4.649, metrics: {'f1': 0.2238372093023256, 'f1_macro': 0.6068876681258695, 'prec_macro': 0.6136969696969697, 'rec_macro': 0.6101845982087118, 'f1_micro': 0.9930948275862069, 'prec_micro': 0.9930948275862069, 'rec_micro': 0.9930948275862069}
epoch 46 time: 1.51e+02s, train loss: 4.648, metrics: {'f1': 0.22151277013752455, 'f1_macro': 0.6071553781066952, 'prec_macro': 0.610995670995671, 'rec_macro': 0.6090408834279418, 'f1_micro': 0.9931681034482759, 'prec_micro': 0.9931681034482759, 'rec_micro': 0.9931681034482759}
epoch 47 time: 1.51e+02s, train loss: 4.646, metrics: {'f1': 0.2199279711884754, 'f1_macro': 0.6041042446625272, 'prec_macro': 0.6126525974025975, 'rec_macro': 0.6082055547056049, 'f1_micro': 0.9929978448275862, 'prec_micro': 0.9929978448275862, 'rec_micro': 0.9929978448275862}
epoch 48 time: 1.52e+02s, train loss: 4.649, metrics: {'f1': 0.21966977745872215, 'f1_macro': 0.6036551475789331, 'prec_macro': 0.6128885281385281, 'rec_macro': 0.6080699364279953, 'f1_micro': 0.9929719827586206, 'prec_micro': 0.9929719827586206, 'rec_micro': 0.9929719827586206}
epoch 49 time: 1.53e+02s, train loss: 4.646, metrics: {'f1': 0.22544363909022744, 'f1_macro': 0.6110172426184121, 'prec_macro': 0.6110725108225108, 'rec_macro': 0.6110448696782849, 'f1_micro': 0.9933211206896552, 'prec_micro': 0.9933211206896552, 'rec_micro': 0.9933211206896552}
epoch 50 time: 1.53e+02s, train loss: 4.655, metrics: {'f1': 0.22613803230543322, 'f1_macro': 0.6090734429689736, 'prec_macro': 0.6137424242424243, 'rec_macro': 0.6113578179243101, 'f1_micro': 0.9931853448275862, 'prec_micro': 0.9931853448275862, 'rec_micro': 0.9931853448275862}
epoch 51 time: 1.52e+02s, train loss: 4.649, metrics: {'f1': 0.22388781431334623, 'f1_macro': 0.6067162400903916, 'prec_macro': 0.6139393939393939, 'rec_macro': 0.6102066384677752, 'f1_micro': 0.9930818965517242, 'prec_micro': 0.9930818965517242, 'rec_micro': 0.9930818965517242}
epoch 52 time: 1.52e+02s, train loss: 4.647, metrics: {'f1': 0.22232408892963557, 'f1_macro': 0.6009828836583593, 'prec_macro': 0.6192175324675324, 'rec_macro': 0.6093252839192788, 'f1_micro': 0.9926875, 'prec_micro': 0.9926875, 'rec_micro': 0.9926875}
epoch 53 time: 1.53e+02s, train loss: 4.654, metrics: {'f1': 0.2145767315527388, 'f1_macro': 0.5963618776048147, 'prec_macro': 0.6163961038961039, 'rec_macro': 0.60540981032596, 'f1_micro': 0.9925215517241379, 'prec_micro': 0.9925215517241379, 'rec_micro': 0.9925215517241379}
epoch 54 time: 1.53e+02s, train loss: 4.65, metrics: {'f1': 0.21404841006169908, 'f1_macro': 0.6001746680480986, 'prec_macro': 0.6108419913419914, 'rec_macro': 0.6052315820640585, 'f1_micro': 0.9928620689655172, 'prec_micro': 0.9928620689655172, 'rec_micro': 0.9928620689655172}
epoch 55 time: 1.52e+02s, train loss: 4.639, metrics: {'f1': 0.22098914354644153, 'f1_macro': 0.6050905516592799, 'prec_macro': 0.6126742424242424, 'rec_macro': 0.6087470031612633, 'f1_micro': 0.9930409482758621, 'prec_micro': 0.9930409482758621, 'rec_micro': 0.9930409482758621}
epoch 56 time: 1.53e+02s, train loss: 4.653, metrics: {'f1': 0.22167729279058362, 'f1_macro': 0.6070828139890823, 'prec_macro': 0.6112402597402598, 'rec_macro': 0.6091209689290121, 'f1_micro': 0.9931594827586206, 'prec_micro': 0.9931594827586206, 'rec_micro': 0.9931594827586206}
epoch 57 time: 1.53e+02s, train loss: 4.648, metrics: {'f1': 0.21328255177338729, 'f1_macro': 0.6000915370975644, 'prec_macro': 0.6101028138528138, 'rec_macro': 0.6048524668492299, 'f1_micro': 0.9928771551724138, 'prec_micro': 0.9928771551724138, 'rec_micro': 0.9928771551724138}
epoch 58 time: 1.53e+02s, train loss: 4.66, metrics: {'f1': 0.22033498466619486, 'f1_macro': 0.602627678777917, 'prec_macro': 0.614832251082251, 'rec_macro': 0.6083786097108607, 'f1_micro': 0.9928771551724138, 'prec_micro': 0.9928771551724138, 'rec_micro': 0.9928771551724138}
epoch 59 time: 1.53e+02s, train loss: 4.65, metrics: {'f1': 0.22538497433504434, 'f1_macro': 0.6040002527612592, 'prec_macro': 0.6187987012987013, 'rec_macro': 0.6108953941279017, 'f1_micro': 0.9928448275862068, 'prec_micro': 0.9928448275862068, 'rec_micro': 0.9928448275862068}
epoch 60 time: 1.55e+02s, train loss: 4.64, metrics: {'f1': 0.23858823529411766, 'f1_macro': 0.611049990976358, 'prec_macro': 0.6248636363636364, 'rec_macro': 0.61754256149009, 'f1_micro': 0.9930258620689655, 'prec_micro': 0.9930258620689655, 'rec_micro': 0.9930258620689655}
epoch 61 time: 1.54e+02s, train loss: 4.647, metrics: {'f1': 0.22899353647276086, 'f1_macro': 0.6047176075428837, 'prec_macro': 0.622012987012987, 'rec_macro': 0.612688759298104, 'f1_micro': 0.992801724137931, 'prec_micro': 0.992801724137931, 'rec_micro': 0.992801724137931}
epoch 62 time: 1.53e+02s, train loss: 4.667, metrics: {'f1': 0.22861023087369853, 'f1_macro': 0.6028057141806755, 'prec_macro': 0.6241796536796537, 'rec_macro': 0.6124601249541417, 'f1_micro': 0.9926551724137931, 'prec_micro': 0.9926551724137931, 'rec_micro': 0.9926551724137931}
epoch 63 time: 1.54e+02s, train loss: 4.674, metrics: {'f1': 0.2171562867215041, 'f1_macro': 0.6007736029996495, 'prec_macro': 0.6135595238095238, 'rec_macro': 0.6067751566057493, 'f1_micro': 0.9928211206896552, 'prec_micro': 0.9928211206896552, 'rec_micro': 0.9928211206896552}
epoch 64 time: 1.54e+02s, train loss: 4.668, metrics: {'f1': 0.2127455678006708, 'f1_macro': 0.6004312982132034, 'prec_macro': 0.6091277056277057, 'rec_macro': 0.6045943104648617, 'f1_micro': 0.9929181034482759, 'prec_micro': 0.9929181034482759, 'rec_micro': 0.9929181034482759}
epoch 65 time: 1.53e+02s, train loss: 4.659, metrics: {'f1': 0.2143207454634625, 'f1_macro': 0.603457337828107, 'prec_macro': 0.607474025974026, 'rec_macro': 0.6054264601287193, 'f1_micro': 0.9930948275862069, 'prec_micro': 0.9930948275862069, 'rec_micro': 0.9930948275862069}
epoch 66 time: 1.53e+02s, train loss: 4.653, metrics: {'f1': 0.2227710545813781, 'f1_macro': 0.6083770999782545, 'prec_macro': 0.6110205627705627, 'rec_macro': 0.6096825149015038, 'f1_micro': 0.9932176724137931, 'prec_micro': 0.9932176724137931, 'rec_micro': 0.9932176724137931}
epoch 67 time: 1.53e+02s, train loss: 4.659, metrics: {'f1': 0.2156573116691285, 'f1_macro': 0.6045168623890512, 'prec_macro': 0.6077424242424243, 'rec_macro': 0.606104514171379, 'f1_micro': 0.9931336206896552, 'prec_micro': 0.9931336206896552, 'rec_micro': 0.9931336206896552}
epoch 68 time: 1.53e+02s, train loss: 4.659, metrics: {'f1': 0.2162948593598448, 'f1_macro': 0.6033083141040505, 'prec_macro': 0.6096839826839827, 'rec_macro': 0.6063982771962557, 'f1_micro': 0.9930344827586207, 'prec_micro': 0.9930344827586207, 'rec_micro': 0.9930344827586207}
epoch 69 time: 1.53e+02s, train loss: 4.679, metrics: {'f1': 0.20904911686426325, 'f1_macro': 0.5995683644255855, 'prec_macro': 0.6061590909090909, 'rec_macro': 0.6027553643814728, 'f1_micro': 0.9929547413793104, 'prec_micro': 0.9929547413793104, 'rec_micro': 0.9929547413793104}
epoch 70 time: 1.53e+02s, train loss: 4.675, metrics: {'f1': 0.21177610855342863, 'f1_macro': 0.6010348217571304, 'prec_macro': 0.6074209956709956, 'rec_macro': 0.604127530914737, 'f1_micro': 0.992989224137931, 'prec_micro': 0.992989224137931, 'rec_micro': 0.992989224137931}
epoch 71 time: 1.53e+02s, train loss: 4.673, metrics: {'f1': 0.21423401688781663, 'f1_macro': 0.6018119921238866, 'prec_macro': 0.6091590909090909, 'rec_macro': 0.6053542859387533, 'f1_micro': 0.9929806034482759, 'prec_micro': 0.9929806034482759, 'rec_micro': 0.9929806034482759}
epoch 72 time: 1.53e+02s, train loss: 4.667, metrics: {'f1': 0.20371251784864353, 'f1_macro': 0.5954823349537776, 'prec_macro': 0.6050800865800866, 'rec_macro': 0.6000452569520291, 'f1_micro': 0.9927887931034483, 'prec_micro': 0.9927887931034483, 'rec_micro': 0.9927887931034483}
epoch 73 time: 1.54e+02s, train loss: 4.67, metrics: {'f1': 0.22222222222222224, 'f1_macro': 0.605809463643755, 'prec_macro': 0.6131818181818182, 'rec_macro': 0.6093684228250071, 'f1_micro': 0.9930603448275862, 'prec_micro': 0.9930603448275862, 'rec_micro': 0.9930603448275862}
epoch 74 time: 1.54e+02s, train loss: 4.666, metrics: {'f1': 0.21383341451534338, 'f1_macro': 0.6025362392544762, 'prec_macro': 0.6079458874458874, 'rec_macro': 0.6051697536028152, 'f1_micro': 0.9930431034482758, 'prec_micro': 0.9930431034482758, 'rec_micro': 0.9930431034482758}
epoch 75 time: 1.54e+02s, train loss: 4.672, metrics: {'f1': 0.21559520899535567, 'f1_macro': 0.603764375036537, 'prec_macro': 0.6084642857142857, 'rec_macro': 0.6060609616031936, 'f1_micro': 0.9930840517241379, 'prec_micro': 0.9930840517241379, 'rec_micro': 0.9930840517241379}
epoch 76 time: 1.54e+02s, train loss: 4.677, metrics: {'f1': 0.20960698689956334, 'f1_macro': 0.6000933454978516, 'prec_macro': 0.6061709956709956, 'rec_macro': 0.6030402736307147, 'f1_micro': 0.9929784482758621, 'prec_micro': 0.9929784482758621, 'rec_micro': 0.9929784482758621}
epoch 77 time: 1.54e+02s, train loss: 4.684, metrics: {'f1': 0.2111650485436893, 'f1_macro': 0.6009001766365846, 'prec_macro': 0.6069264069264069, 'rec_macro': 0.6038236378363768, 'f1_micro': 0.9929956896551724, 'prec_micro': 0.9929956896551724, 'rec_micro': 0.9929956896551724}
epoch 78 time: 1.55e+02s, train loss: 4.69, metrics: {'f1': 0.20509125840537945, 'f1_macro': 0.5969569036189063, 'prec_macro': 0.6048701298701299, 'rec_macro': 0.6007541856997303, 'f1_micro': 0.9928663793103448, 'prec_micro': 0.9928663793103448, 'rec_micro': 0.9928663793103448}
epoch 79 time: 1.54e+02s, train loss: 4.695, metrics: {'f1': 0.20651653090560615, 'f1_macro': 0.5974273432435401, 'prec_macro': 0.6058636363636364, 'rec_macro': 0.6014657201033541, 'f1_micro': 0.9928620689655172, 'prec_micro': 0.9928620689655172, 'rec_micro': 0.9928620689655172}
epoch 80 time: 1.54e+02s, train loss: 4.697, metrics: {'f1': 0.2000480884828084, 'f1_macro': 0.5946260226653017, 'prec_macro': 0.6021136363636364, 'rec_macro': 0.598223409716632, 'f1_micro': 0.9928297413793103, 'prec_micro': 0.9928297413793103, 'rec_micro': 0.9928297413793103}
epoch 81 time: 1.54e+02s, train loss: 4.703, metrics: {'f1': 0.2013002648687696, 'f1_macro': 0.5953611620401076, 'prec_macro': 0.6026222943722944, 'rec_macro': 0.5988549217555603, 'f1_micro': 0.9928512931034483, 'prec_micro': 0.9928512931034483, 'rec_micro': 0.9928512931034483}
epoch 82 time: 1.54e+02s, train loss: 4.694, metrics: {'f1': 0.20464893362089623, 'f1_macro': 0.5965482468686907, 'prec_macro': 0.6048603896103896, 'rec_macro': 0.6005281348132235, 'f1_micro': 0.9928469827586207, 'prec_micro': 0.9928469827586207, 'rec_micro': 0.9928469827586207}
epoch 83 time: 1.65e+02s, train loss: 4.694, metrics: {'f1': 0.197738753909069, 'f1_macro': 0.5935509284463625, 'prec_macro': 0.6008603896103896, 'rec_macro': 0.5970644165878921, 'f1_micro': 0.9928125, 'prec_micro': 0.9928125, 'rec_micro': 0.9928125}
epoch 84 time: 1.54e+02s, train loss: 4.684, metrics: {'f1': 0.20024183796856104, 'f1_macro': 0.5952385515896995, 'prec_macro': 0.6016374458874459, 'rec_macro': 0.5983311553283351, 'f1_micro': 0.9928728448275862, 'prec_micro': 0.9928728448275862, 'rec_micro': 0.9928728448275862}
epoch 85 time: 1.54e+02s, train loss: 4.682, metrics: {'f1': 0.20536361439961343, 'f1_macro': 0.5976404300977285, 'prec_macro': 0.6043950216450217, 'rec_macro': 0.6009017775200172, 'f1_micro': 0.9929116379310344, 'prec_micro': 0.9929116379310344, 'rec_micro': 0.9929116379310344}
epoch 86 time: 1.54e+02s, train loss: 4.685, metrics: {'f1': 0.1977702375181774, 'f1_macro': 0.5942314310340534, 'prec_macro': 0.6001406926406927, 'rec_macro': 0.5970937489402606, 'f1_micro': 0.9928663793103448, 'prec_micro': 0.9928663793103448, 'rec_micro': 0.9928663793103448}
epoch 87 time: 1.55e+02s, train loss: 4.701, metrics: {'f1': 0.20330739299610895, 'f1_macro': 0.5972457969608794, 'prec_macro': 0.6026666666666667, 'rec_macro': 0.5998807543232454, 'f1_micro': 0.9929396551724138, 'prec_micro': 0.9929396551724138, 'rec_micro': 0.9929396551724138}
epoch 88 time: 1.55e+02s, train loss: 4.714, metrics: {'f1': 0.18345061878184904, 'f1_macro': 0.5873530397646686, 'prec_macro': 0.5926136363636364, 'rec_macro': 0.589904183464261, 'f1_micro': 0.9927478448275862, 'prec_micro': 0.9927478448275862, 'rec_micro': 0.9927478448275862}
epoch 89 time: 1.55e+02s, train loss: 4.726, metrics: {'f1': 0.18561710398445094, 'f1_macro': 0.5885131282563782, 'prec_macro': 0.5936233766233766, 'rec_macro': 0.5909944714366578, 'f1_micro': 0.9927758620689655, 'prec_micro': 0.9927758620689655, 'rec_micro': 0.9927758620689655}
epoch 90 time: 1.55e+02s, train loss: 4.724, metrics: {'f1': 0.18875305623471883, 'f1_macro': 0.5905974040179952, 'prec_macro': 0.5946558441558442, 'rec_macro': 0.5925808986729331, 'f1_micro': 0.9928491379310345, 'prec_micro': 0.9928491379310345, 'rec_micro': 0.9928491379310345}
epoch 91 time: 1.54e+02s, train loss: 4.727, metrics: {'f1': 0.19005847953216376, 'f1_macro': 0.5909377918002512, 'prec_macro': 0.5956450216450216, 'rec_macro': 0.5932303359933628, 'f1_micro': 0.9928362068965517, 'prec_micro': 0.9928362068965517, 'rec_micro': 0.9928362068965517}
epoch 92 time: 1.54e+02s, train loss: 4.722, metrics: {'f1': 0.20034288513348025, 'f1_macro': 0.5964535372471036, 'prec_macro': 0.6004383116883116, 'rec_macro': 0.5984045089569028, 'f1_micro': 0.9929633620689655, 'prec_micro': 0.9929633620689655, 'rec_micro': 0.9929633620689655}
epoch 93 time: 1.54e+02s, train loss: 4.731, metrics: {'f1': 0.18470559491815292, 'f1_macro': 0.5885452386559187, 'prec_macro': 0.5926439393939394, 'rec_macro': 0.5905468797638972, 'f1_micro': 0.9928081896551724, 'prec_micro': 0.9928081896551724, 'rec_micro': 0.9928081896551724}
epoch 94 time: 1.55e+02s, train loss: 4.728, metrics: {'f1': 0.1896887159533074, 'f1_macro': 0.590586698703818, 'prec_macro': 0.5956363636363636, 'rec_macro': 0.5930411090980018, 'f1_micro': 0.9928189655172414, 'prec_micro': 0.9928189655172414, 'rec_micro': 0.9928189655172414}
epoch 95 time: 1.54e+02s, train loss: 4.73, metrics: {'f1': 0.19980554205153134, 'f1_macro': 0.595488960893179, 'prec_macro': 0.6009069264069263, 'rec_macro': 0.5981211659359602, 'f1_micro': 0.9929051724137931, 'prec_micro': 0.9929051724137931, 'rec_micro': 0.9929051724137931}
epoch 96 time: 1.54e+02s, train loss: 4.729, metrics: {'f1': 0.18106393362615913, 'f1_macro': 0.5866541794555037, 'prec_macro': 0.5908809523809524, 'rec_macro': 0.5887157568687349, 'f1_micro': 0.9927672413793104, 'prec_micro': 0.9927672413793104, 'rec_micro': 0.9927672413793104}
epoch 97 time: 1.54e+02s, train loss: 4.721, metrics: {'f1': 0.19365853658536586, 'f1_macro': 0.5927885854493345, 'prec_macro': 0.5974069264069264, 'rec_macro': 0.595040113622264, 'f1_micro': 0.992875, 'prec_micro': 0.992875, 'rec_micro': 0.992875}
epoch 98 time: 1.54e+02s, train loss: 4.721, metrics: {'f1': 0.19999999999999998, 'f1_macro': 0.5952303409155941, 'prec_macro': 0.6013917748917749, 'rec_macro': 0.5982118696353383, 'f1_micro': 0.9928793103448276, 'prec_micro': 0.9928793103448276, 'rec_micro': 0.9928793103448276}
epoch 99 time: 1.54e+02s, train loss: 4.713, metrics: {'f1': 0.18768046198267563, 'f1_macro': 0.5887022562244993, 'prec_macro': 0.5955887445887446, 'rec_macro': 0.5920130826849138, 'f1_micro': 0.9927241379310345, 'prec_micro': 0.9927241379310345, 'rec_micro': 0.9927241379310345}
epoch 100 time: 1.55e+02s, train loss: 4.73, metrics: {'f1': 0.17761904761904762, 'f1_macro': 0.5830111421709516, 'prec_macro': 0.5912727272727273, 'rec_macro': 0.5869400715471293, 'f1_micro': 0.9925560344827586, 'prec_micro': 0.9925560344827586, 'rec_micro': 0.9925560344827586}
post-training summary -- best {'f1': 0.23858823529411766, 'f1_macro': 0.611049990976358, 'prec_macro': 0.6248636363636364, 'rec_macro': 0.61754256149009, 'f1_micro': 0.9930258620689655, 'prec_micro': 0.9930258620689655, 'rec_micro': 0.9930258620689655}
run 3 start -- seed=2
initialized continuityBERT with 628261 parameters.
/home/azureuser/.local/lib/python3.8/site-packages/sklearn/metrics/_classification.py:1344: UndefinedMetricWarning: Precision and F-score are ill-defined and being set to 0.0 in labels with no predicted samples. Use `zero_division` parameter to control this behavior.
  _warn_prf(average, modifier, msg_start, len(result))
epoch 1 time: 1.52e+02s, train loss: 4.945, metrics: {'f1': 0.0, 'f1_macro': 0.4978448275862069, 'prec_macro': 0.5, 'rec_macro': 0.4989200863930886, 'f1_micro': 0.9956896551724138, 'prec_micro': 0.9956896551724138, 'rec_micro': 0.9956896551724138}
epoch 2 time: 1.52e+02s, train loss: 4.923, metrics: {'f1': 0.049412717699473474, 'f1_macro': 0.5629404291952164, 'prec_macro': 0.5148084415584415, 'rec_macro': 0.5234384380561599, 'f1_micro': 0.9949418103448275, 'prec_micro': 0.9949418103448275, 'rec_micro': 0.9949418103448275}
epoch 3 time: 1.51e+02s, train loss: 4.863, metrics: {'f1': 0.14035928143712573, 'f1_macro': 0.5655082192028005, 'prec_macro': 0.5712132034632035, 'rec_macro': 0.5682371732598992, 'f1_micro': 0.9922650862068966, 'prec_micro': 0.9922650862068966, 'rec_micro': 0.9922650862068966}
epoch 4 time: 1.52e+02s, train loss: 4.823, metrics: {'f1': 0.16158752657689582, 'f1_macro': 0.5747833161149833, 'prec_macro': 0.5834534632034631, 'rec_macro': 0.5788728243503823, 'f1_micro': 0.9923512931034483, 'prec_micro': 0.9923512931034483, 'rec_micro': 0.9923512931034483}
epoch 5 time: 1.52e+02s, train loss: 4.794, metrics: {'f1': 0.17827820783485807, 'f1_macro': 0.5822051006187723, 'prec_macro': 0.5929621212121212, 'rec_macro': 0.5872430014553647, 'f1_micro': 0.9924504310344827, 'prec_micro': 0.9924504310344827, 'rec_micro': 0.9924504310344827}
epoch 6 time: 1.52e+02s, train loss: 4.773, metrics: {'f1': 0.1906466771089729, 'f1_macro': 0.5845645506019925, 'prec_macro': 0.604288961038961, 'rec_macro': 0.5933650935145257, 'f1_micro': 0.9922047413793104, 'prec_micro': 0.9922047413793104, 'rec_micro': 0.9922047413793104}
epoch 7 time: 1.52e+02s, train loss: 4.741, metrics: {'f1': 0.18926689027311933, 'f1_macro': 0.589108698712165, 'prec_macro': 0.5968246753246753, 'rec_macro': 0.5928019314099487, 'f1_micro': 0.9927068965517242, 'prec_micro': 0.9927068965517242, 'rec_micro': 0.9927068965517242}
epoch 8 time: 1.52e+02s, train loss: 4.733, metrics: {'f1': 0.19325223777828782, 'f1_macro': 0.5875982469619903, 'prec_macro': 0.6031547619047619, 'rec_macro': 0.5947233274426651, 'f1_micro': 0.9924245689655172, 'prec_micro': 0.9924245689655172, 'rec_micro': 0.9924245689655172}
epoch 9 time: 1.51e+02s, train loss: 4.726, metrics: {'f1': 0.1888412017167382, 'f1_macro': 0.5885094658148665, 'prec_macro': 0.5970541125541126, 'rec_macro': 0.5925793051750763, 'f1_micro': 0.9926681034482758, 'prec_micro': 0.9926681034482758, 'rec_micro': 0.9926681034482758}
epoch 10 time: 1.52e+02s, train loss: 4.726, metrics: {'f1': 0.18816458622283866, 'f1_macro': 0.5857640085811165, 'prec_macro': 0.5996731601731602, 'rec_macro': 0.592181189475288, 'f1_micro': 0.9924310344827586, 'prec_micro': 0.9924310344827586, 'rec_micro': 0.9924310344827586}
epoch 11 time: 1.52e+02s, train loss: 4.72, metrics: {'f1': 0.19340870820303105, 'f1_macro': 0.5914549539992784, 'prec_macro': 0.5986006493506494, 'rec_macro': 0.5948896518198508, 'f1_micro': 0.9927737068965518, 'prec_micro': 0.9927737068965518, 'rec_micro': 0.9927737068965518}
epoch 12 time: 1.52e+02s, train loss: 4.717, metrics: {'f1': 0.19912422217100717, 'f1_macro': 0.5906489411142858, 'prec_macro': 0.6059361471861472, 'rec_macro': 0.5976810096857477, 'f1_micro': 0.9925107758620689, 'prec_micro': 0.9925107758620689, 'rec_micro': 0.9925107758620689}
epoch 13 time: 1.51e+02s, train loss: 4.714, metrics: {'f1': 0.20355871886120996, 'f1_macro': 0.5951387210747694, 'prec_macro': 0.6053170995670996, 'rec_macro': 0.5999623782066189, 'f1_micro': 0.9927650862068965, 'prec_micro': 0.9927650862068965, 'rec_micro': 0.9927650862068965}
epoch 14 time: 1.51e+02s, train loss: 4.709, metrics: {'f1': 0.19951219512195123, 'f1_macro': 0.5956587181311147, 'prec_macro': 0.6004199134199134, 'rec_macro': 0.5979799313092168, 'f1_micro': 0.992926724137931, 'prec_micro': 0.992926724137931, 'rec_micro': 0.992926724137931}
epoch 15 time: 1.51e+02s, train loss: 4.708, metrics: {'f1': 0.20291194823203146, 'f1_macro': 0.592636869723053, 'prec_macro': 0.60770670995671, 'rec_macro': 0.5995889713996865, 'f1_micro': 0.9925668103448276, 'prec_micro': 0.9925668103448276, 'rec_micro': 0.9925668103448276}
epoch 16 time: 1.53e+02s, train loss: 4.704, metrics: {'f1': 0.20164126611957794, 'f1_macro': 0.5932226279367501, 'prec_macro': 0.6055140692640693, 'rec_macro': 0.5989775720087299, 'f1_micro': 0.9926616379310345, 'prec_micro': 0.9926616379310345, 'rec_micro': 0.9926616379310345}
epoch 17 time: 1.53e+02s, train loss: 4.701, metrics: {'f1': 0.20558930741190767, 'f1_macro': 0.5982928651071154, 'prec_macro': 0.6039188311688312, 'rec_macro': 0.6010254941244042, 'f1_micro': 0.9929547413793104, 'prec_micro': 0.9929547413793104, 'rec_micro': 0.9929547413793104}
epoch 18 time: 1.52e+02s, train loss: 4.695, metrics: {'f1': 0.20808419038507533, 'f1_macro': 0.5980305100744004, 'prec_macro': 0.6068603896103896, 'rec_macro': 0.6022500774921007, 'f1_micro': 0.9928642241379311, 'prec_micro': 0.9928642241379311, 'rec_micro': 0.9928642241379311}
epoch 19 time: 1.53e+02s, train loss: 4.692, metrics: {'f1': 0.21805054151624545, 'f1_macro': 0.6034296040352024, 'prec_macro': 0.6114080086580086, 'rec_macro': 0.6072668589033202, 'f1_micro': 0.9929978448275862, 'prec_micro': 0.9929978448275862, 'rec_micro': 0.9929978448275862}
epoch 20 time: 1.54e+02s, train loss: 4.687, metrics: {'f1': 0.21181454459872912, 'f1_macro': 0.5983660704399767, 'prec_macro': 0.6105530303030303, 'rec_macro': 0.6040945543699658, 'f1_micro': 0.9927823275862069, 'prec_micro': 0.9927823275862069, 'rec_micro': 0.9927823275862069}
epoch 21 time: 1.53e+02s, train loss: 4.687, metrics: {'f1': 0.22538610038610038, 'f1_macro': 0.6072489738999867, 'prec_macro': 0.6149350649350649, 'rec_macro': 0.6109557664605204, 'f1_micro': 0.9930818965517242, 'prec_micro': 0.9930818965517242, 'rec_micro': 0.9930818965517242}
epoch 22 time: 1.53e+02s, train loss: 4.679, metrics: {'f1': 0.21875000000000003, 'f1_macro': 0.600833298800863, 'prec_macro': 0.6152813852813853, 'rec_macro': 0.6075616642416685, 'f1_micro': 0.9927801724137931, 'prec_micro': 0.9927801724137931, 'rec_micro': 0.9927801724137931}
epoch 23 time: 1.56e+02s, train loss: 4.677, metrics: {'f1': 0.21876495931067497, 'f1_macro': 0.6032422069492235, 'prec_macro': 0.6123874458874459, 'rec_macro': 0.6076159055750492, 'f1_micro': 0.9929655172413793, 'prec_micro': 0.9929655172413793, 'rec_micro': 0.9929655172413793}
epoch 24 time: 1.54e+02s, train loss: 4.672, metrics: {'f1': 0.21843908910015478, 'f1_macro': 0.596267608908617, 'prec_macro': 0.6213041125541126, 'rec_macro': 0.6073055824264946, 'f1_micro': 0.9923814655172414, 'prec_micro': 0.9923814655172414, 'rec_micro': 0.9923814655172414}
epoch 25 time: 1.54e+02s, train loss: 4.671, metrics: {'f1': 0.2158341187558907, 'f1_macro': 0.6003801978648383, 'prec_macro': 0.6125670995670995, 'rec_macro': 0.6061157178981605, 'f1_micro': 0.9928275862068966, 'prec_micro': 0.9928275862068966, 'rec_micro': 0.9928275862068966}
epoch 26 time: 1.54e+02s, train loss: 4.665, metrics: {'f1': 0.22122852435867263, 'f1_macro': 0.6028341477651276, 'prec_macro': 0.6155746753246754, 'rec_macro': 0.6088231951060665, 'f1_micro': 0.9928685344827586, 'prec_micro': 0.9928685344827586, 'rec_micro': 0.9928685344827586}
epoch 27 time: 1.54e+02s, train loss: 4.664, metrics: {'f1': 0.20974677496416627, 'f1_macro': 0.5987216365285246, 'prec_macro': 0.6078593073593074, 'rec_macro': 0.6030829837861011, 'f1_micro': 0.9928706896551724, 'prec_micro': 0.9928706896551724, 'rec_micro': 0.9928706896551724}
epoch 28 time: 1.54e+02s, train loss: 4.666, metrics: {'f1': 0.21628189550425275, 'f1_macro': 0.6035176261854912, 'prec_macro': 0.6094426406926406, 'rec_macro': 0.6063956006580616, 'f1_micro': 0.9930495689655172, 'prec_micro': 0.9930495689655172, 'rec_micro': 0.9930495689655172}
epoch 29 time: 1.54e+02s, train loss: 4.662, metrics: {'f1': 0.21699471915506482, 'f1_macro': 0.6026638700123976, 'prec_macro': 0.6111450216450217, 'rec_macro': 0.6067318908894348, 'f1_micro': 0.9929698275862069, 'prec_micro': 0.9929698275862069, 'rec_micro': 0.9929698275862069}
epoch 30 time: 1.54e+02s, train loss: 4.664, metrics: {'f1': 0.20633163604162055, 'f1_macro': 0.5909084874065608, 'prec_macro': 0.614280303030303, 'rec_macro': 0.6012247969083481, 'f1_micro': 0.9922737068965517, 'prec_micro': 0.9922737068965517, 'rec_micro': 0.9922737068965517}
epoch 31 time: 1.53e+02s, train loss: 4.67, metrics: {'f1': 0.2105015304921121, 'f1_macro': 0.5977843196194712, 'prec_macro': 0.6098019480519481, 'rec_macro': 0.6034358861604131, 'f1_micro': 0.9927737068965518, 'prec_micro': 0.9927737068965518, 'rec_micro': 0.9927737068965518}
epoch 32 time: 1.54e+02s, train loss: 4.666, metrics: {'f1': 0.2165, 'f1_macro': 0.6065541125541125, 'prec_macro': 0.6065541125541125, 'rec_macro': 0.6065541125541125, 'f1_micro': 0.9932456896551725, 'prec_micro': 0.9932456896551725, 'rec_micro': 0.9932456896551725}
epoch 33 time: 1.54e+02s, train loss: 4.671, metrics: {'f1': 0.20561199806482827, 'f1_macro': 0.5978732168047979, 'prec_macro': 0.6044004329004329, 'rec_macro': 0.6010286850063541, 'f1_micro': 0.9929224137931034, 'prec_micro': 0.9929224137931034, 'rec_micro': 0.9929224137931034}
epoch 34 time: 1.52e+02s, train loss: 4.675, metrics: {'f1': 0.21433743664011584, 'f1_macro': 0.601908589715645, 'prec_macro': 0.6091612554112554, 'rec_macro': 0.6054070820495095, 'f1_micro': 0.9929849137931035, 'prec_micro': 0.9929849137931035, 'rec_micro': 0.9929849137931035}
epoch 35 time: 1.53e+02s, train loss: 4.693, metrics: {'f1': 0.1891299049475993, 'f1_macro': 0.5905041900790139, 'prec_macro': 0.5951439393939394, 'rec_macro': 0.5927644270905589, 'f1_micro': 0.9928297413793103, 'prec_micro': 0.9928297413793103, 'rec_micro': 0.9928297413793103}
epoch 36 time: 1.53e+02s, train loss: 4.696, metrics: {'f1': 0.2066764850270005, 'f1_macro': 0.5997855480206056, 'prec_macro': 0.603461038961039, 'rec_macro': 0.6015891846885228, 'f1_micro': 0.9930344827586207, 'prec_micro': 0.9930344827586207, 'rec_micro': 0.9930344827586207}
epoch 37 time: 1.53e+02s, train loss: 4.7, metrics: {'f1': 0.1831792162043153, 'f1_macro': 0.5801090351742141, 'prec_macro': 0.6016991341991342, 'rec_macro': 0.5895808540494557, 'f1_micro': 0.9920043103448276, 'prec_micro': 0.9920043103448276, 'rec_micro': 0.9920043103448276}
epoch 38 time: 1.54e+02s, train loss: 4.734, metrics: {'f1': 0.20488721804511278, 'f1_macro': 0.594937626547663, 'prec_macro': 0.607030303030303, 'rec_macro': 0.6006119327139687, 'f1_micro': 0.9927068965517242, 'prec_micro': 0.9927068965517242, 'rec_micro': 0.9927068965517242}
epoch 39 time: 1.55e+02s, train loss: 4.698, metrics: {'f1': 0.20781743141539208, 'f1_macro': 0.5992892964788682, 'prec_macro': 0.6051699134199134, 'rec_macro': 0.6021427956379035, 'f1_micro': 0.9929676724137931, 'prec_micro': 0.9929676724137931, 'rec_micro': 0.9929676724137931}
epoch 40 time: 1.55e+02s, train loss: 4.7, metrics: {'f1': 0.2067374250115367, 'f1_macro': 0.5942917104098275, 'prec_macro': 0.6099588744588744, 'rec_macro': 0.6015076501737133, 'f1_micro': 0.9925905172413793, 'prec_micro': 0.9925905172413793, 'rec_micro': 0.9925905172413793}
epoch 41 time: 1.54e+02s, train loss: 4.699, metrics: {'f1': 0.21040132985039184, 'f1_macro': 0.5984950787411129, 'prec_macro': 0.60883658008658, 'rec_macro': 0.6034010115411439, 'f1_micro': 0.992834051724138, 'prec_micro': 0.992834051724138, 'rec_micro': 0.992834051724138}
epoch 42 time: 1.53e+02s, train loss: 4.7, metrics: {'f1': 0.21636011616650533, 'f1_macro': 0.6031499281870468, 'prec_macro': 0.6099264069264069, 'rec_macro': 0.60642764323611, 'f1_micro': 0.993021551724138, 'prec_micro': 0.993021551724138, 'rec_micro': 0.993021551724138}
epoch 43 time: 1.53e+02s, train loss: 4.688, metrics: {'f1': 0.21344455348380767, 'f1_macro': 0.6030747845165131, 'prec_macro': 0.6069740259740259, 'rec_macro': 0.6049872855521523, 'f1_micro': 0.9930905172413793, 'prec_micro': 0.9930905172413793, 'rec_micro': 0.9930905172413793}
epoch 44 time: 1.53e+02s, train loss: 4.673, metrics: {'f1': 0.21600392734413354, 'f1_macro': 0.6043866348181832, 'prec_macro': 0.6082316017316017, 'rec_macro': 0.606273470264586, 'f1_micro': 0.9931163793103448, 'prec_micro': 0.9931163793103448, 'rec_micro': 0.9931163793103448}
epoch 45 time: 1.53e+02s, train loss: 4.675, metrics: {'f1': 0.20975965040058267, 'f1_macro': 0.60023746803317, 'prec_macro': 0.6061742424242424, 'rec_macro': 0.603118234692423, 'f1_micro': 0.9929849137931035, 'prec_micro': 0.9929849137931035, 'rec_micro': 0.9929849137931035}
epoch 46 time: 1.54e+02s, train loss: 4.681, metrics: {'f1': 0.21001458434613512, 'f1_macro': 0.6004785811925374, 'prec_macro': 0.6061796536796537, 'rec_macro': 0.6032484171603496, 'f1_micro': 0.9929956896551724, 'prec_micro': 0.9929956896551724, 'rec_micro': 0.9929956896551724}
epoch 47 time: 1.53e+02s, train loss: 4.675, metrics: {'f1': 0.22098105876639146, 'f1_macro': 0.6057401483479429, 'prec_macro': 0.6119502164502164, 'rec_macro': 0.6087543769308262, 'f1_micro': 0.9930862068965517, 'prec_micro': 0.9930862068965517, 'rec_micro': 0.9930862068965517}
epoch 48 time: 1.55e+02s, train loss: 4.674, metrics: {'f1': 0.2197169585032382, 'f1_macro': 0.6039091658011904, 'prec_macro': 0.6126482683982685, 'rec_macro': 0.6080978758512137, 'f1_micro': 0.992989224137931, 'prec_micro': 0.992989224137931, 'rec_micro': 0.992989224137931}
epoch 49 time: 1.54e+02s, train loss: 4.678, metrics: {'f1': 0.21743249644718143, 'f1_macro': 0.6016167778439941, 'prec_macro': 0.6128419913419914, 'rec_macro': 0.6069279397771891, 'f1_micro': 0.9928793103448276, 'prec_micro': 0.9928793103448276, 'rec_micro': 0.9928793103448276}
epoch 50 time: 1.54e+02s, train loss: 4.674, metrics: {'f1': 0.21672272945699184, 'f1_macro': 0.6026245776543444, 'prec_macro': 0.6108982683982684, 'rec_macro': 0.6065969861253209, 'f1_micro': 0.9929741379310345, 'prec_micro': 0.9929741379310345, 'rec_micro': 0.9929741379310345}
epoch 51 time: 1.53e+02s, train loss: 4.682, metrics: {'f1': 0.2223806129722024, 'f1_macro': 0.6042715261479147, 'prec_macro': 0.6151158008658009, 'rec_macro': 0.6094188018925297, 'f1_micro': 0.9929461206896552, 'prec_micro': 0.9929461206896552, 'rec_micro': 0.9929461206896552}
epoch 52 time: 1.55e+02s, train loss: 4.687, metrics: {'f1': 0.22323759791122716, 'f1_macro': 0.5971944690446319, 'prec_macro': 0.625995670995671, 'rec_macro': 0.6096857339049966, 'f1_micro': 0.9923060344827587, 'prec_micro': 0.9923060344827587, 'rec_micro': 0.9923060344827587}
epoch 53 time: 1.54e+02s, train loss: 4.695, metrics: {'f1': 0.2105046343975283, 'f1_macro': 0.5878776594291234, 'prec_macro': 0.6252132034632034, 'rec_macro': 0.6031762619745036, 'f1_micro': 0.991739224137931, 'prec_micro': 0.991739224137931, 'rec_micro': 0.991739224137931}
epoch 54 time: 1.54e+02s, train loss: 4.703, metrics: {'f1': 0.20915331807780324, 'f1_macro': 0.5947422502413252, 'prec_macro': 0.6121796536796537, 'rec_macro': 0.6027057800072547, 'f1_micro': 0.992551724137931, 'prec_micro': 0.992551724137931, 'rec_micro': 0.992551724137931}
epoch 55 time: 1.53e+02s, train loss: 4.699, metrics: {'f1': 0.20188492063492064, 'f1_macro': 0.5984234923999235, 'prec_macro': 0.599991341991342, 'rec_macro': 0.5992010580178135, 'f1_micro': 0.9930646551724138, 'prec_micro': 0.9930646551724138, 'rec_micro': 0.9930646551724138}
epoch 56 time: 1.53e+02s, train loss: 4.696, metrics: {'f1': 0.2193453834880313, 'f1_macro': 0.6055321662485226, 'prec_macro': 0.610469696969697, 'rec_macro': 0.6079430785582587, 'f1_micro': 0.9931120689655173, 'prec_micro': 0.9931120689655173, 'rec_micro': 0.9931120689655173}
epoch 57 time: 1.53e+02s, train loss: 4.685, metrics: {'f1': 0.21234207968901847, 'f1_macro': 0.601568886296691, 'prec_macro': 0.6074329004329004, 'rec_macro': 0.6044164905720897, 'f1_micro': 0.9930129310344827, 'prec_micro': 0.9930129310344827, 'rec_micro': 0.9930129310344827}
epoch 58 time: 1.54e+02s, train loss: 4.7, metrics: {'f1': 0.21039785208689282, 'f1_macro': 0.6010674474444189, 'prec_macro': 0.6059469696969697, 'rec_macro': 0.6034482011296838, 'f1_micro': 0.9930280172413793, 'prec_micro': 0.9930280172413793, 'rec_micro': 0.9930280172413793}
epoch 59 time: 1.54e+02s, train loss: 4.722, metrics: {'f1': 0.20835380835380835, 'f1_macro': 0.6007095727639684, 'prec_macro': 0.6042186147186147, 'rec_macro': 0.6024332655895653, 'f1_micro': 0.9930560344827586, 'prec_micro': 0.9930560344827586, 'rec_micro': 0.9930560344827586}
epoch 60 time: 1.54e+02s, train loss: 4.712, metrics: {'f1': 0.20342298288508556, 'f1_macro': 0.597806911369362, 'prec_macro': 0.6021883116883117, 'rec_macro': 0.5999483326933139, 'f1_micro': 0.9929784482758621, 'prec_micro': 0.9929784482758621, 'rec_micro': 0.9929784482758621}
epoch 61 time: 1.53e+02s, train loss: 4.687, metrics: {'f1': 0.20889748549323015, 'f1_macro': 0.5994261261206908, 'prec_macro': 0.6061558441558441, 'rec_macro': 0.6026779193353771, 'f1_micro': 0.992948275862069, 'prec_micro': 0.992948275862069, 'rec_micro': 0.992948275862069}
epoch 62 time: 1.54e+02s, train loss: 4.71, metrics: {'f1': 0.18252052148720427, 'f1_macro': 0.586479343154364, 'prec_macro': 0.5925909090909091, 'rec_macro': 0.5894277280383596, 'f1_micro': 0.9927025862068966, 'prec_micro': 0.9927025862068966, 'rec_micro': 0.9927025862068966}
epoch 63 time: 1.54e+02s, train loss: 4.73, metrics: {'f1': 0.18030842230130487, 'f1_macro': 0.5840247180003808, 'prec_macro': 0.5930140692640693, 'rec_macro': 0.5882841872814621, 'f1_micro': 0.9925538793103448, 'prec_micro': 0.9925538793103448, 'rec_micro': 0.9925538793103448}
epoch 64 time: 1.54e+02s, train loss: 4.744, metrics: {'f1': 0.1765952437014363, 'f1_macro': 0.5816849940438712, 'prec_macro': 0.591724025974026, 'rec_macro': 0.5864047998517639, 'f1_micro': 0.9924633620689656, 'prec_micro': 0.9924633620689656, 'rec_micro': 0.9924633620689656}
epoch 65 time: 1.54e+02s, train loss: 4.742, metrics: {'f1': 0.18073721759809752, 'f1_macro': 0.5844137753991074, 'prec_macro': 0.5930248917748918, 'rec_macro': 0.5885040176289299, 'f1_micro': 0.9925754310344828, 'prec_micro': 0.9925754310344828, 'rec_micro': 0.9925754310344828}
epoch 66 time: 1.54e+02s, train loss: 4.724, metrics: {'f1': 0.19661835748792272, 'f1_macro': 0.5933689093794252, 'prec_macro': 0.5998744588744589, 'rec_macro': 0.596509122458377, 'f1_micro': 0.9928318965517241, 'prec_micro': 0.9928318965517241, 'rec_micro': 0.9928318965517241}
epoch 67 time: 1.53e+02s, train loss: 4.727, metrics: {'f1': 0.2000492732200049, 'f1_macro': 0.5968662207364998, 'prec_macro': 0.599711038961039, 'rec_macro': 0.5982674897791983, 'f1_micro': 0.9930021551724137, 'prec_micro': 0.9930021551724137, 'rec_micro': 0.9930021551724137}
epoch 68 time: 1.53e+02s, train loss: 4.718, metrics: {'f1': 0.18756027000964318, 'f1_macro': 0.5888052830325372, 'prec_macro': 0.5953463203463203, 'rec_macro': 0.5919562497937705, 'f1_micro': 0.9927370689655173, 'prec_micro': 0.9927370689655173, 'rec_micro': 0.9927370689655173}
epoch 69 time: 1.54e+02s, train loss: 4.713, metrics: {'f1': 0.18442719360150553, 'f1_macro': 0.5853312065412265, 'prec_macro': 0.5959880952380953, 'rec_macro': 0.5903370047827912, 'f1_micro': 0.9925280172413793, 'prec_micro': 0.9925280172413793, 'rec_micro': 0.9925280172413793}
epoch 70 time: 1.54e+02s, train loss: 4.726, metrics: {'f1': 0.17497076023391814, 'f1_macro': 0.5804370138497595, 'prec_macro': 0.5914426406926407, 'rec_macro': 0.5855762621435363, 'f1_micro': 0.9923987068965517, 'prec_micro': 0.9923987068965517, 'rec_micro': 0.9923987068965517}
epoch 71 time: 1.55e+02s, train loss: 4.731, metrics: {'f1': 0.1766953199617956, 'f1_macro': 0.5827873149739337, 'prec_macro': 0.5905324675324676, 'rec_macro': 0.5864814794160209, 'f1_micro': 0.9925689655172414, 'prec_micro': 0.9925689655172414, 'rec_micro': 0.9925689655172414}
epoch 72 time: 1.54e+02s, train loss: 4.724, metrics: {'f1': 0.19340659340659344, 'f1_macro': 0.5927744520920017, 'prec_macro': 0.5971612554112554, 'rec_macro': 0.5949157752589924, 'f1_micro': 0.9928814655172413, 'prec_micro': 0.9928814655172413, 'rec_micro': 0.9928814655172413}
epoch 73 time: 1.54e+02s, train loss: 4.718, metrics: {'f1': 0.19714847590953788, 'f1_macro': 0.5952228041100476, 'prec_macro': 0.5984458874458874, 'rec_macro': 0.5968067918656628, 'f1_micro': 0.9929612068965518, 'prec_micro': 0.9929612068965518, 'rec_micro': 0.9929612068965518}
epoch 74 time: 1.54e+02s, train loss: 4.713, metrics: {'f1': 0.2002888781896967, 'f1_macro': 0.5948496737715243, 'prec_macro': 0.6021190476190477, 'rec_macro': 0.5983465203941125, 'f1_micro': 0.9928405172413793, 'prec_micro': 0.9928405172413793, 'rec_micro': 0.9928405172413793}
epoch 75 time: 1.54e+02s, train loss: 4.719, metrics: {'f1': 0.19823262479101983, 'f1_macro': 0.5931627668846113, 'prec_macro': 0.601832251082251, 'rec_macro': 0.5972993862427062, 'f1_micro': 0.9927650862068965, 'prec_micro': 0.9927650862068965, 'rec_micro': 0.9927650862068965}
epoch 76 time: 1.54e+02s, train loss: 4.711, metrics: {'f1': 0.19203413940256042, 'f1_macro': 0.5895714617039736, 'prec_macro': 0.5992878787878788, 'rec_macro': 0.5941724786614029, 'f1_micro': 0.9926551724137931, 'prec_micro': 0.9926551724137931, 'rec_micro': 0.9926551724137931}
epoch 77 time: 1.54e+02s, train loss: 4.709, metrics: {'f1': 0.20665251238499646, 'f1_macro': 0.5961201718478211, 'prec_macro': 0.6075508658008658, 'rec_macro': 0.6015059801687216, 'f1_micro': 0.9927521551724138, 'prec_micro': 0.9927521551724138, 'rec_micro': 0.9927521551724138}
epoch 78 time: 1.54e+02s, train loss: 4.717, metrics: {'f1': 0.20116686114352392, 'f1_macro': 0.5926116220064425, 'prec_macro': 0.6057435064935065, 'rec_macro': 0.59873058635033, 'f1_micro': 0.9926228448275862, 'prec_micro': 0.9926228448275862, 'rec_micro': 0.9926228448275862}
epoch 79 time: 1.54e+02s, train loss: 4.719, metrics: {'f1': 0.1955702167766258, 'f1_macro': 0.5907525313080985, 'prec_macro': 0.6017705627705627, 'rec_macro': 0.5959372178198078, 'f1_micro': 0.9926422413793103, 'prec_micro': 0.9926422413793103, 'rec_micro': 0.9926422413793103}
epoch 80 time: 1.55e+02s, train loss: 4.721, metrics: {'f1': 0.19382022471910113, 'f1_macro': 0.5893916935670437, 'prec_macro': 0.6014891774891775, 'rec_macro': 0.5950459272314609, 'f1_micro': 0.9925775862068965, 'prec_micro': 0.9925775862068965, 'rec_micro': 0.9925775862068965}
epoch 81 time: 1.54e+02s, train loss: 4.726, metrics: {'f1': 0.19249823071479122, 'f1_macro': 0.5893882681270323, 'prec_macro': 0.6000183982683983, 'rec_macro': 0.5943963634009913, 'f1_micro': 0.9926228448275862, 'prec_micro': 0.9926228448275862, 'rec_micro': 0.9926228448275862}
epoch 82 time: 1.55e+02s, train loss: 4.725, metrics: {'f1': 0.20037718057520038, 'f1_macro': 0.5930760063586489, 'prec_macro': 0.6042835497835498, 'rec_macro': 0.5983526116005415, 'f1_micro': 0.9926896551724138, 'prec_micro': 0.9926896551724138, 'rec_micro': 0.9926896551724138}
epoch 83 time: 1.56e+02s, train loss: 4.722, metrics: {'f1': 0.19387993459472083, 'f1_macro': 0.5892524613709837, 'prec_macro': 0.6017305194805195, 'rec_macro': 0.59507197497502, 'f1_micro': 0.9925625, 'prec_micro': 0.9925625, 'rec_micro': 0.9925625}
epoch 84 time: 1.55e+02s, train loss: 4.722, metrics: {'f1': 0.19266917293233082, 'f1_macro': 0.5891470610714507, 'prec_macro': 0.6005021645021645, 'rec_macro': 0.5944747638313229, 'f1_micro': 0.9925948275862069, 'prec_micro': 0.9925948275862069, 'rec_micro': 0.9925948275862069}
epoch 85 time: 1.54e+02s, train loss: 4.715, metrics: {'f1': 0.19360991893180735, 'f1_macro': 0.5907992354427629, 'prec_macro': 0.599564935064935, 'rec_macro': 0.5949744885661693, 'f1_micro': 0.9927112068965517, 'prec_micro': 0.9927112068965517, 'rec_micro': 0.9927112068965517}
epoch 86 time: 1.55e+02s, train loss: 4.712, metrics: {'f1': 0.1903841507610534, 'f1_macro': 0.5903604934055642, 'prec_macro': 0.5966114718614719, 'rec_macro': 0.5933784908694368, 'f1_micro': 0.9927780172413793, 'prec_micro': 0.9927780172413793, 'rec_micro': 0.9927780172413793}
epoch 87 time: 1.55e+02s, train loss: 4.727, metrics: {'f1': 0.18359375000000003, 'f1_macro': 0.5879367154445231, 'prec_macro': 0.5921385281385282, 'rec_macro': 0.5899871631684677, 'f1_micro': 0.9927931034482759, 'prec_micro': 0.9927931034482759, 'rec_micro': 0.9927931034482759}
epoch 88 time: 1.53e+02s, train loss: 4.746, metrics: {'f1': 0.17766990291262136, 'f1_macro': 0.5845518970050213, 'prec_macro': 0.5896017316017316, 'rec_macro': 0.5870013799968138, 'f1_micro': 0.9926982758620689, 'prec_micro': 0.9926982758620689, 'rec_micro': 0.9926982758620689}
epoch 89 time: 1.53e+02s, train loss: 4.746, metrics: {'f1': 0.1755151515151515, 'f1_macro': 0.5834032635516995, 'prec_macro': 0.5885919913419914, 'rec_macro': 0.5859169587909947, 'f1_micro': 0.9926702586206897, 'prec_micro': 0.9926702586206897, 'rec_micro': 0.9926702586206897}
epoch 90 time: 1.53e+02s, train loss: 4.738, metrics: {'f1': 0.16972034715525555, 'f1_macro': 0.5801525639683908, 'prec_macro': 0.586056277056277, 'rec_macro': 0.5829962386616456, 'f1_micro': 0.9925775862068965, 'prec_micro': 0.9925775862068965, 'rec_micro': 0.9925775862068965}
epoch 91 time: 1.54e+02s, train loss: 4.74, metrics: {'f1': 0.1791546589817483, 'f1_macro': 0.5844215466680532, 'prec_macro': 0.5913116883116882, 'rec_macro': 0.5877274340548877, 'f1_micro': 0.9926336206896552, 'prec_micro': 0.9926336206896552, 'rec_micro': 0.9926336206896552}
epoch 92 time: 1.54e+02s, train loss: 4.735, metrics: {'f1': 0.17547214917523307, 'f1_macro': 0.5822906185706177, 'prec_macro': 0.589784632034632, 'rec_macro': 0.5858693628903865, 'f1_micro': 0.9925668103448276, 'prec_micro': 0.9925668103448276, 'rec_micro': 0.9925668103448276}
epoch 93 time: 1.55e+02s, train loss: 4.741, metrics: {'f1': 0.16143497757847536, 'f1_macro': 0.5746463696849421, 'prec_macro': 0.5834491341991342, 'rec_macro': 0.578794376475798, 'f1_micro': 0.9923426724137931, 'prec_micro': 0.9923426724137931, 'rec_micro': 0.9923426724137931}
epoch 94 time: 1.54e+02s, train loss: 4.748, metrics: {'f1': 0.16390423572744015, 'f1_macro': 0.5741580199987568, 'prec_macro': 0.5868484848484848, 'rec_macro': 0.5799860179304115, 'f1_micro': 0.9921724137931035, 'prec_micro': 0.9921724137931035, 'rec_micro': 0.9921724137931035}
epoch 95 time: 1.53e+02s, train loss: 4.753, metrics: {'f1': 0.17749603803486533, 'f1_macro': 0.5793504312228988, 'prec_macro': 0.5958084415584416, 'rec_macro': 0.5867812223137255, 'f1_micro': 0.9921702586206896, 'prec_micro': 0.9921702586206896, 'rec_micro': 0.9921702586206896}
epoch 96 time: 1.53e+02s, train loss: 4.75, metrics: {'f1': 0.16542034896895536, 'f1_macro': 0.5738609296261202, 'prec_macro': 0.5890335497835497, 'rec_macro': 0.5807163179230492, 'f1_micro': 0.9920625, 'prec_micro': 0.9920625, 'rec_micro': 0.9920625}
epoch 97 time: 1.53e+02s, train loss: 4.752, metrics: {'f1': 0.16787838730998017, 'f1_macro': 0.5732753281068971, 'prec_macro': 0.5929145021645021, 'rec_macro': 0.5818941695554342, 'f1_micro': 0.9918599137931035, 'prec_micro': 0.9918599137931035, 'rec_micro': 0.9918599137931035}
epoch 98 time: 1.53e+02s, train loss: 4.752, metrics: {'f1': 0.16780665754673962, 'f1_macro': 0.5753488023077714, 'prec_macro': 0.5898160173160173, 'rec_macro': 0.5819273951041097, 'f1_micro': 0.9921336206896552, 'prec_micro': 0.9921336206896552, 'rec_micro': 0.9921336206896552}
epoch 99 time: 1.53e+02s, train loss: 4.749, metrics: {'f1': 0.1742621015348288, 'f1_macro': 0.5807842857399282, 'prec_macro': 0.5902305194805195, 'rec_macro': 0.5852382533568176, 'f1_micro': 0.9924633620689656, 'prec_micro': 0.9924633620689656, 'rec_micro': 0.9924633620689656}
epoch 100 time: 1.53e+02s, train loss: 4.75, metrics: {'f1': 0.17312850524262374, 'f1_macro': 0.5827028869321246, 'prec_macro': 0.5868603896103897, 'rec_macro': 0.5847290953151562, 'f1_micro': 0.9926918103448276, 'prec_micro': 0.9926918103448276, 'rec_micro': 0.9926918103448276}
post-training summary -- best {'f1': 0.22538610038610038, 'f1_macro': 0.6072489738999867, 'prec_macro': 0.6149350649350649, 'rec_macro': 0.6109557664605204, 'f1_micro': 0.9930818965517242, 'prec_micro': 0.9930818965517242, 'rec_micro': 0.9930818965517242}
run 4 start -- seed=3
initialized continuityBERT with 628261 parameters.
/home/azureuser/.local/lib/python3.8/site-packages/sklearn/metrics/_classification.py:1344: UndefinedMetricWarning: Precision and F-score are ill-defined and being set to 0.0 in labels with no predicted samples. Use `zero_division` parameter to control this behavior.
  _warn_prf(average, modifier, msg_start, len(result))
epoch 1 time: 1.52e+02s, train loss: 4.944, metrics: {'f1': 0.0, 'f1_macro': 0.4978448275862069, 'prec_macro': 0.5, 'rec_macro': 0.4989200863930886, 'f1_micro': 0.9956896551724138, 'prec_micro': 0.9956896551724138, 'rec_micro': 0.9956896551724138}
epoch 2 time: 1.52e+02s, train loss: 4.917, metrics: {'f1': 0.08259986459038592, 'f1_macro': 0.561913423510246, 'prec_macro': 0.5295995670995671, 'rec_macro': 0.5398351402740394, 'f1_micro': 0.9941594827586206, 'prec_micro': 0.9941594827586206, 'rec_micro': 0.9941594827586206}
epoch 3 time: 1.51e+02s, train loss: 4.857, metrics: {'f1': 0.12368349986497436, 'f1_macro': 0.5653188571097396, 'prec_macro': 0.5556547619047619, 'rec_macro': 0.5600863617834398, 'f1_micro': 0.9930064655172414, 'prec_micro': 0.9930064655172414, 'rec_micro': 0.9930064655172414}
epoch 4 time: 1.51e+02s, train loss: 4.82, metrics: {'f1': 0.12337867763366023, 'f1_macro': 0.5820294060542301, 'prec_macro': 0.5477045454545454, 'rec_macro': 0.5601912402288597, 'f1_micro': 0.9940280172413793, 'prec_micro': 0.9940280172413793, 'rec_micro': 0.9940280172413793}
epoch 5 time: 1.5e+02s, train loss: 4.806, metrics: {'f1': 0.16833095577746077, 'f1_macro': 0.5961633813478597, 'prec_macro': 0.5724404761904762, 'rec_macro': 0.5825889415094098, 'f1_micro': 0.993717672413793, 'prec_micro': 0.993717672413793, 'rec_micro': 0.993717672413793}
epoch 6 time: 1.5e+02s, train loss: 4.768, metrics: {'f1': 0.19196335623568606, 'f1_macro': 0.5805648370409373, 'prec_macro': 0.612715367965368, 'rec_macro': 0.5938797432112088, 'f1_micro': 0.991635775862069, 'prec_micro': 0.991635775862069, 'rec_micro': 0.991635775862069}
epoch 7 time: 1.5e+02s, train loss: 4.755, metrics: {'f1': 0.1822053951727402, 'f1_macro': 0.5847292965033155, 'prec_macro': 0.5942575757575758, 'rec_macro': 0.5892321101916177, 'f1_micro': 0.992551724137931, 'prec_micro': 0.992551724137931, 'rec_micro': 0.992551724137931}
epoch 8 time: 1.5e+02s, train loss: 4.74, metrics: {'f1': 0.1907910271546635, 'f1_macro': 0.5886521614335967, 'prec_macro': 0.5990183982683983, 'rec_macro': 0.5935406045907389, 'f1_micro': 0.992614224137931, 'prec_micro': 0.992614224137931, 'rec_micro': 0.992614224137931}
epoch 9 time: 1.51e+02s, train loss: 4.727, metrics: {'f1': 0.1893939393939394, 'f1_macro': 0.5881956158506201, 'prec_macro': 0.598025974025974, 'rec_macro': 0.5928437065682458, 'f1_micro': 0.9926206896551724, 'prec_micro': 0.9926206896551724, 'rec_micro': 0.9926206896551724}
epoch 10 time: 1.51e+02s, train loss: 4.724, metrics: {'f1': 0.1910710154984964, 'f1_macro': 0.5871749378825769, 'prec_macro': 0.6011829004329005, 'rec_macro': 0.5936425300091941, 'f1_micro': 0.9924633620689656, 'prec_micro': 0.9924633620689656, 'rec_micro': 0.9924633620689656}
epoch 11 time: 1.51e+02s, train loss: 4.718, metrics: {'f1': 0.19557195571955718, 'f1_macro': 0.5890465555925866, 'prec_macro': 0.603930735930736, 'rec_macro': 0.5958978453787032, 'f1_micro': 0.9924827586206897, 'prec_micro': 0.9924827586206897, 'rec_micro': 0.9924827586206897}
epoch 12 time: 1.5e+02s, train loss: 4.718, metrics: {'f1': 0.1888686131386861, 'f1_macro': 0.5851109809972507, 'prec_macro': 0.6013679653679653, 'rec_macro': 0.5925092641274625, 'f1_micro': 0.9923362068965518, 'prec_micro': 0.9923362068965518, 'rec_micro': 0.9923362068965518}
epoch 13 time: 1.5e+02s, train loss: 4.709, metrics: {'f1': 0.18768186226964112, 'f1_macro': 0.5893555552587231, 'prec_macro': 0.5948701298701299, 'rec_macro': 0.5920279172671586, 'f1_micro': 0.9927801724137931, 'prec_micro': 0.9927801724137931, 'rec_micro': 0.9927801724137931}
epoch 14 time: 1.51e+02s, train loss: 4.701, metrics: {'f1': 0.20162980209545983, 'f1_macro': 0.5926385409729434, 'prec_macro': 0.6062348484848484, 'rec_macro': 0.5989587889773178, 'f1_micro': 0.9926099137931035, 'prec_micro': 0.9926099137931035, 'rec_micro': 0.9926099137931035}
epoch 15 time: 1.52e+02s, train loss: 4.7, metrics: {'f1': 0.19966402687784976, 'f1_macro': 0.5942703274366639, 'prec_macro': 0.6021049783549783, 'rec_macro': 0.5980270335345482, 'f1_micro': 0.9928125, 'prec_micro': 0.9928125, 'rec_micro': 0.9928125}
epoch 16 time: 1.52e+02s, train loss: 4.701, metrics: {'f1': 0.20498220640569395, 'f1_macro': 0.5958191702425891, 'prec_macro': 0.6060703463203463, 'rec_macro': 0.6006773694877509, 'f1_micro': 0.9927780172413793, 'prec_micro': 0.9927780172413793, 'rec_micro': 0.9927780172413793}
epoch 17 time: 1.51e+02s, train loss: 4.695, metrics: {'f1': 0.2082828772099782, 'f1_macro': 0.5992867698162756, 'prec_macro': 0.6056612554112554, 'rec_macro': 0.6023722522142484, 'f1_micro': 0.9929547413793104, 'prec_micro': 0.9929547413793104, 'rec_micro': 0.9929547413793104}
epoch 18 time: 1.5e+02s, train loss: 4.688, metrics: {'f1': 0.20835266821345708, 'f1_macro': 0.5955064486871543, 'prec_macro': 0.6102359307359307, 'rec_macro': 0.602329394116039, 'f1_micro': 0.992646551724138, 'prec_micro': 0.992646551724138, 'rec_micro': 0.992646551724138}
epoch 19 time: 1.5e+02s, train loss: 4.697, metrics: {'f1': 0.20505683136163302, 'f1_macro': 0.5939423145789444, 'prec_macro': 0.6084772727272727, 'rec_macro': 0.6006733540745832, 'f1_micro': 0.992614224137931, 'prec_micro': 0.992614224137931, 'rec_micro': 0.992614224137931}
epoch 20 time: 1.51e+02s, train loss: 4.691, metrics: {'f1': 0.21483253588516746, 'f1_macro': 0.6013024257038069, 'prec_macro': 0.6103766233766234, 'rec_macro': 0.6056399478802339, 'f1_micro': 0.992926724137931, 'prec_micro': 0.992926724137931, 'rec_micro': 0.992926724137931}
epoch 21 time: 1.51e+02s, train loss: 4.692, metrics: {'f1': 0.208969465648855, 'f1_macro': 0.5982175801059675, 'prec_macro': 0.6076017316017316, 'rec_macro': 0.6026899875959817, 'f1_micro': 0.9928534482758621, 'prec_micro': 0.9928534482758621, 'rec_micro': 0.9928534482758621}
epoch 22 time: 1.51e+02s, train loss: 4.691, metrics: {'f1': 0.19258898098488544, 'f1_macro': 0.5922207385413462, 'prec_macro': 0.5969025974025974, 'rec_macro': 0.594502084837273, 'f1_micro': 0.9928620689655172, 'prec_micro': 0.9928620689655172, 'rec_micro': 0.9928620689655172}
epoch 23 time: 1.5e+02s, train loss: 4.7, metrics: {'f1': 0.20484790874524714, 'f1_macro': 0.5959008208978458, 'prec_macro': 0.6058268398268398, 'rec_macro': 0.60061294063793, 'f1_micro': 0.9927887931034483, 'prec_micro': 0.9927887931034483, 'rec_micro': 0.9927887931034483}
epoch 24 time: 1.5e+02s, train loss: 4.69, metrics: {'f1': 0.20923913043478262, 'f1_macro': 0.5939465804936828, 'prec_macro': 0.6133852813852814, 'rec_macro': 0.6027291037109123, 'f1_micro': 0.9924741379310345, 'prec_micro': 0.9924741379310345, 'rec_micro': 0.9924741379310345}
epoch 25 time: 1.5e+02s, train loss: 4.684, metrics: {'f1': 0.20324629498941427, 'f1_macro': 0.5942594601430055, 'prec_macro': 0.6060313852813853, 'rec_macro': 0.5997898572827557, 'f1_micro': 0.9927004310344828, 'prec_micro': 0.9927004310344828, 'rec_micro': 0.9927004310344828}
epoch 26 time: 1.5e+02s, train loss: 4.68, metrics: {'f1': 0.2059319990354473, 'f1_macro': 0.5977381577860991, 'prec_macro': 0.6048885281385281, 'rec_macro': 0.6011837895773976, 'f1_micro': 0.9929030172413793, 'prec_micro': 0.9929030172413793, 'rec_micro': 0.9929030172413793}
epoch 27 time: 1.51e+02s, train loss: 4.677, metrics: {'f1': 0.21567182510439695, 'f1_macro': 0.6042977920736414, 'prec_macro': 0.6079837662337663, 'rec_macro': 0.606107965924265, 'f1_micro': 0.9931185344827587, 'prec_micro': 0.9931185344827587, 'rec_micro': 0.9931185344827587}
epoch 28 time: 1.5e+02s, train loss: 4.675, metrics: {'f1': 0.20204421202757306, 'f1_macro': 0.5945792396399594, 'prec_macro': 0.6043214285714286, 'rec_macro': 0.5992051405247647, 'f1_micro': 0.9927650862068965, 'prec_micro': 0.9927650862068965, 'rec_micro': 0.9927650862068965}
epoch 29 time: 1.5e+02s, train loss: 4.679, metrics: {'f1': 0.2067975107707037, 'f1_macro': 0.5974759299592047, 'prec_macro': 0.6061103896103897, 'rec_macro': 0.6016051198148631, 'f1_micro': 0.9928577586206897, 'prec_micro': 0.9928577586206897, 'rec_micro': 0.9928577586206897}
epoch 30 time: 1.52e+02s, train loss: 4.673, metrics: {'f1': 0.20647674701728758, 'f1_macro': 0.5989109681589717, 'prec_macro': 0.6041785714285715, 'rec_macro': 0.601474641128379, 'f1_micro': 0.9929762931034483, 'prec_micro': 0.9929762931034483, 'rec_micro': 0.9929762931034483}
epoch 31 time: 1.5e+02s, train loss: 4.681, metrics: {'f1': 0.2160245804774285, 'f1_macro': 0.6007496904705931, 'prec_macro': 0.6123300865800866, 'rec_macro': 0.6062169279782357, 'f1_micro': 0.9928512931034483, 'prec_micro': 0.9928512931034483, 'rec_micro': 0.9928512931034483}
epoch 32 time: 1.51e+02s, train loss: 4.673, metrics: {'f1': 0.2127855988922225, 'f1_macro': 0.5971330427467806, 'prec_macro': 0.6132240259740259, 'rec_macro': 0.6045463547858603, 'f1_micro': 0.9926487068965517, 'prec_micro': 0.9926487068965517, 'rec_micro': 0.9926487068965517}
epoch 33 time: 1.52e+02s, train loss: 4.664, metrics: {'f1': 0.21303501945525294, 'f1_macro': 0.6020022957159232, 'prec_macro': 0.6076883116883117, 'rec_macro': 0.6047662151984194, 'f1_micro': 0.9930258620689655, 'prec_micro': 0.9930258620689655, 'rec_micro': 0.9930258620689655}
epoch 34 time: 1.52e+02s, train loss: 4.663, metrics: {'f1': 0.20294046758255, 'f1_macro': 0.5962431102961006, 'prec_macro': 0.6033798701298702, 'rec_macro': 0.5996804430133249, 'f1_micro': 0.9928728448275862, 'prec_micro': 0.9928728448275862, 'rec_micro': 0.9928728448275862}
epoch 35 time: 1.52e+02s, train loss: 4.665, metrics: {'f1': 0.2071580943351505, 'f1_macro': 0.596775417614033, 'prec_macro': 0.6073214285714286, 'rec_macro': 0.6017685531219086, 'f1_micro': 0.9927909482758621, 'prec_micro': 0.9927909482758621, 'rec_micro': 0.9927909482758621}
epoch 36 time: 1.53e+02s, train loss: 4.658, metrics: {'f1': 0.20372184133202742, 'f1_macro': 0.5980934639610671, 'prec_macro': 0.6021948051948052, 'rec_macro': 0.6001010204153416, 'f1_micro': 0.9929913793103449, 'prec_micro': 0.9929913793103449, 'rec_micro': 0.9929913793103449}
epoch 37 time: 1.54e+02s, train loss: 4.667, metrics: {'f1': 0.19794218520333173, 'f1_macro': 0.5952945147863384, 'prec_macro': 0.5991839826839827, 'rec_macro': 0.5971992903421579, 'f1_micro': 0.9929439655172414, 'prec_micro': 0.9929439655172414, 'rec_micro': 0.9929439655172414}
epoch 38 time: 1.54e+02s, train loss: 4.672, metrics: {'f1': 0.2088899684236094, 'f1_macro': 0.5998592450279245, 'prec_macro': 0.6056742424242424, 'rec_macro': 0.6026823151292477, 'f1_micro': 0.9929806034482759, 'prec_micro': 0.9929806034482759, 'rec_micro': 0.9929806034482759}
epoch 39 time: 1.53e+02s, train loss: 4.663, metrics: {'f1': 0.21580989330746847, 'f1_macro': 0.603071826665994, 'prec_macro': 0.6094329004329004, 'rec_macro': 0.6061547117737287, 'f1_micro': 0.9930301724137931, 'prec_micro': 0.9930301724137931, 'rec_micro': 0.9930301724137931}
epoch 40 time: 1.51e+02s, train loss: 4.665, metrics: {'f1': 0.20760583592441997, 'f1_macro': 0.5978001747627478, 'prec_macro': 0.6066093073593074, 'rec_macro': 0.6020098177986498, 'f1_micro': 0.9928599137931035, 'prec_micro': 0.9928599137931035, 'rec_micro': 0.9928599137931035}
epoch 41 time: 1.52e+02s, train loss: 4.667, metrics: {'f1': 0.19567262464722482, 'f1_macro': 0.5906471232930587, 'prec_macro': 0.602012987012987, 'rec_macro': 0.5959851581127238, 'f1_micro': 0.9926293103448276, 'prec_micro': 0.9926293103448276, 'rec_micro': 0.9926293103448276}
epoch 42 time: 1.51e+02s, train loss: 4.668, metrics: {'f1': 0.21040568416227368, 'f1_macro': 0.5954532418359855, 'prec_macro': 0.6126893939393939, 'rec_macro': 0.603337931948693, 'f1_micro': 0.9925754310344828, 'prec_micro': 0.9925754310344828, 'rec_micro': 0.9925754310344828}
epoch 43 time: 1.51e+02s, train loss: 4.662, metrics: {'f1': 0.20896237718667626, 'f1_macro': 0.5986288605424253, 'prec_macro': 0.6071201298701299, 'rec_macro': 0.6026945986798586, 'f1_micro': 0.9928857758620689, 'prec_micro': 0.9928857758620689, 'rec_micro': 0.9928857758620689}
epoch 44 time: 1.5e+02s, train loss: 4.666, metrics: {'f1': 0.2132816286960737, 'f1_macro': 0.6017919426951018, 'prec_macro': 0.6081753246753246, 'rec_macro': 0.6048840812870351, 'f1_micro': 0.9930043103448276, 'prec_micro': 0.9930043103448276, 'rec_micro': 0.9930043103448276}
epoch 45 time: 1.51e+02s, train loss: 4.671, metrics: {'f1': 0.21580756013745703, 'f1_macro': 0.5979210967470594, 'prec_macro': 0.6157002164502164, 'rec_macro': 0.6060507753644893, 'f1_micro': 0.9926228448275862, 'prec_micro': 0.9926228448275862, 'rec_micro': 0.9926228448275862}
epoch 46 time: 1.51e+02s, train loss: 4.672, metrics: {'f1': 0.21181085203748093, 'f1_macro': 0.5922180129255545, 'prec_macro': 0.619224025974026, 'rec_macro': 0.6039469264990249, 'f1_micro': 0.9922047413793104, 'prec_micro': 0.9922047413793104, 'rec_micro': 0.9922047413793104}
epoch 47 time: 1.52e+02s, train loss: 4.677, metrics: {'f1': 0.21289858547111004, 'f1_macro': 0.6005724182056537, 'prec_macro': 0.6091309523809524, 'rec_macro': 0.6046724487525236, 'f1_micro': 0.9929245689655173, 'prec_micro': 0.9929245689655173, 'rec_micro': 0.9929245689655173}
epoch 48 time: 1.51e+02s, train loss: 4.668, metrics: {'f1': 0.20757501229709788, 'f1_macro': 0.6004216830513133, 'prec_macro': 0.6037207792207793, 'rec_macro': 0.6020438751099683, 'f1_micro': 0.9930560344827586, 'prec_micro': 0.9930560344827586, 'rec_micro': 0.9930560344827586}
epoch 49 time: 1.51e+02s, train loss: 4.681, metrics: {'f1': 0.2184668136174382, 'f1_macro': 0.6053750087597283, 'prec_macro': 0.609728354978355, 'rec_macro': 0.6075065200862105, 'f1_micro': 0.9931228448275862, 'prec_micro': 0.9931228448275862, 'rec_micro': 0.9931228448275862}
epoch 50 time: 1.5e+02s, train loss: 4.678, metrics: {'f1': 0.21316614420062696, 'f1_macro': 0.6012476431095782, 'prec_macro': 0.6086547619047619, 'rec_macro': 0.6048170985092768, 'f1_micro': 0.9929676724137931, 'prec_micro': 0.9929676724137931, 'rec_micro': 0.9929676724137931}
epoch 51 time: 1.5e+02s, train loss: 4.672, metrics: {'f1': 0.21367924528301888, 'f1_macro': 0.5994409588159588, 'prec_macro': 0.6113160173160173, 'rec_macro': 0.6050350413649874, 'f1_micro': 0.9928146551724137, 'prec_micro': 0.9928146551724137, 'rec_micro': 0.9928146551724137}
epoch 52 time: 1.51e+02s, train loss: 4.671, metrics: {'f1': 0.20776147657359206, 'f1_macro': 0.5969171467179518, 'prec_macro': 0.6078160173160173, 'rec_macro': 0.6020686067481297, 'f1_micro': 0.9927844827586206, 'prec_micro': 0.9927844827586206, 'rec_micro': 0.9927844827586206}
epoch 53 time: 1.51e+02s, train loss: 4.67, metrics: {'f1': 0.20678285445124822, 'f1_macro': 0.5960390025611082, 'prec_macro': 0.6077943722943723, 'rec_macro': 0.6015684310599783, 'f1_micro': 0.9927413793103448, 'prec_micro': 0.9927413793103448, 'rec_micro': 0.9927413793103448}
epoch 54 time: 1.51e+02s, train loss: 4.677, metrics: {'f1': 0.21207798383262005, 'f1_macro': 0.5994053735584753, 'prec_macro': 0.6095952380952381, 'rec_macro': 0.604245301981108, 'f1_micro': 0.9928577586206897, 'prec_micro': 0.9928577586206897, 'rec_micro': 0.9928577586206897}
epoch 55 time: 1.53e+02s, train loss: 4.68, metrics: {'f1': 0.22274106934391782, 'f1_macro': 0.602818526848353, 'prec_macro': 0.6172954545454545, 'rec_macro': 0.6095685758469076, 'f1_micro': 0.9928254310344827, 'prec_micro': 0.9928254310344827, 'rec_micro': 0.9928254310344827}
epoch 56 time: 1.52e+02s, train loss: 4.671, metrics: {'f1': 0.22232986195204651, 'f1_macro': 0.6061288731167018, 'prec_macro': 0.6129426406926407, 'rec_macro': 0.609427134248991, 'f1_micro': 0.9930797413793103, 'prec_micro': 0.9930797413793103, 'rec_micro': 0.9930797413793103}
epoch 57 time: 1.52e+02s, train loss: 4.672, metrics: {'f1': 0.22718446601941747, 'f1_macro': 0.6087189190690713, 'prec_macro': 0.6152121212121212, 'rec_macro': 0.6118690654987766, 'f1_micro': 0.9931379310344828, 'prec_micro': 0.9931379310344828, 'rec_micro': 0.9931379310344828}
epoch 58 time: 1.52e+02s, train loss: 4.676, metrics: {'f1': 0.22200725513905686, 'f1_macro': 0.605825908809642, 'prec_macro': 0.6129361471861472, 'rec_macro': 0.6092625723287736, 'f1_micro': 0.9930668103448276, 'prec_micro': 0.9930668103448276, 'rec_micro': 0.9930668103448276}
epoch 59 time: 1.52e+02s, train loss: 4.677, metrics: {'f1': 0.21100047415836892, 'f1_macro': 0.5986319047356589, 'prec_macro': 0.6093311688311688, 'rec_macro': 0.6036989462984591, 'f1_micro': 0.9928275862068966, 'prec_micro': 0.9928275862068966, 'rec_micro': 0.9928275862068966}
epoch 60 time: 1.53e+02s, train loss: 4.672, metrics: {'f1': 0.21488394352715962, 'f1_macro': 0.601349690308869, 'prec_macro': 0.6103777056277057, 'rec_macro': 0.6056661948544166, 'f1_micro': 0.9929288793103448, 'prec_micro': 0.9929288793103448, 'rec_micro': 0.9929288793103448}
epoch 61 time: 1.52e+02s, train loss: 4.667, metrics: {'f1': 0.22503653190452996, 'f1_macro': 0.6080217255357006, 'prec_macro': 0.6137207792207793, 'rec_macro': 0.6107962069281778, 'f1_micro': 0.9931422413793104, 'prec_micro': 0.9931422413793104, 'rec_micro': 0.9931422413793104}
epoch 62 time: 1.51e+02s, train loss: 4.67, metrics: {'f1': 0.21995630007283323, 'f1_macro': 0.6052153686932547, 'prec_macro': 0.6114469696969697, 'rec_macro': 0.6082392897286497, 'f1_micro': 0.9930754310344828, 'prec_micro': 0.9930754310344828, 'rec_micro': 0.9930754310344829}
epoch 63 time: 1.5e+02s, train loss: 4.67, metrics: {'f1': 0.22022798932815912, 'f1_macro': 0.6052505581754621, 'prec_macro': 0.6116937229437229, 'rec_macro': 0.6083740444326093, 'f1_micro': 0.9930711206896552, 'prec_micro': 0.9930711206896552, 'rec_micro': 0.9930711206896552}
epoch 64 time: 1.51e+02s, train loss: 4.662, metrics: {'f1': 0.22254196642685853, 'f1_macro': 0.6052494928261252, 'prec_macro': 0.6141536796536796, 'rec_macro': 0.6095163313835471, 'f1_micro': 0.9930129310344827, 'prec_micro': 0.9930129310344827, 'rec_micro': 0.9930129310344827}
epoch 65 time: 1.51e+02s, train loss: 4.663, metrics: {'f1': 0.22393080249879868, 'f1_macro': 0.6061098272906976, 'prec_macro': 0.6146645021645022, 'rec_macro': 0.610217259259137, 'f1_micro': 0.9930387931034482, 'prec_micro': 0.9930387931034482, 'rec_micro': 0.9930387931034482}
epoch 66 time: 1.51e+02s, train loss: 4.669, metrics: {'f1': 0.2209274095654285, 'f1_macro': 0.6056894544704056, 'prec_macro': 0.6119491341991342, 'rec_macro': 0.6087270092559094, 'f1_micro': 0.9930840517241379, 'prec_micro': 0.9930840517241379, 'rec_micro': 0.9930840517241379}
epoch 67 time: 1.5e+02s, train loss: 4.668, metrics: {'f1': 0.2210630899155489, 'f1_macro': 0.6081393148234719, 'prec_macro': 0.609538961038961, 'rec_macro': 0.6088345275092315, 'f1_micro': 0.9932413793103448, 'prec_micro': 0.9932413793103448, 'rec_micro': 0.9932413793103448}
epoch 68 time: 1.51e+02s, train loss: 4.681, metrics: {'f1': 0.2187966185977126, 'f1_macro': 0.6071147730950522, 'prec_macro': 0.6082878787878788, 'rec_macro': 0.6076980523663319, 'f1_micro': 0.9932284482758621, 'prec_micro': 0.9932284482758621, 'rec_micro': 0.9932284482758621}
epoch 69 time: 1.51e+02s, train loss: 4.69, metrics: {'f1': 0.21019263594245305, 'f1_macro': 0.600871781416073, 'prec_macro': 0.6059426406926407, 'rec_macro': 0.6033434207389533, 'f1_micro': 0.9930193965517241, 'prec_micro': 0.9930193965517241, 'rec_micro': 0.9930193965517241}
epoch 70 time: 1.5e+02s, train loss: 4.691, metrics: {'f1': 0.21316165951359084, 'f1_macro': 0.6001872909171381, 'prec_macro': 0.6098593073593074, 'rec_macro': 0.6047947404696508, 'f1_micro': 0.9928879310344828, 'prec_micro': 0.9928879310344828, 'rec_micro': 0.9928879310344828}
epoch 71 time: 1.51e+02s, train loss: 4.689, metrics: {'f1': 0.21455938697318006, 'f1_macro': 0.6012608826790139, 'prec_macro': 0.6101298701298702, 'rec_macro': 0.605504463572667, 'f1_micro': 0.9929310344827587, 'prec_micro': 0.9929310344827587, 'rec_micro': 0.9929310344827587}
epoch 72 time: 1.53e+02s, train loss: 4.677, metrics: {'f1': 0.220873786407767, 'f1_macro': 0.6056388084138492, 'prec_macro': 0.6119480519480519, 'rec_macro': 0.6086996546014677, 'f1_micro': 0.9930818965517242, 'prec_micro': 0.9930818965517242, 'rec_micro': 0.9930818965517242}
epoch 73 time: 1.51e+02s, train loss: 4.673, metrics: {'f1': 0.2134251290877797, 'f1_macro': 0.6032880162333266, 'prec_macro': 0.606732683982684, 'rec_macro': 0.6049813784080986, 'f1_micro': 0.9931056034482758, 'prec_micro': 0.9931056034482758, 'rec_micro': 0.9931056034482758}
epoch 74 time: 1.51e+02s, train loss: 4.673, metrics: {'f1': 0.21749755620723363, 'f1_macro': 0.6046743169585838, 'prec_macro': 0.6094675324675325, 'rec_macro': 0.6070159215854354, 'f1_micro': 0.9930991379310344, 'prec_micro': 0.9930991379310344, 'rec_micro': 0.9930991379310344}
epoch 75 time: 1.5e+02s, train loss: 4.677, metrics: {'f1': 0.21421709894332372, 'f1_macro': 0.601367492175688, 'prec_macro': 0.6096406926406926, 'rec_macro': 0.6053376723895824, 'f1_micro': 0.992948275862069, 'prec_micro': 0.992948275862069, 'rec_micro': 0.992948275862069}
epoch 76 time: 1.5e+02s, train loss: 4.678, metrics: {'f1': 0.21885521885521886, 'f1_macro': 0.6037490367931077, 'prec_macro': 0.6119069264069263, 'rec_macro': 0.6076697330807882, 'f1_micro': 0.993, 'prec_micro': 0.993, 'rec_micro': 0.993}
epoch 77 time: 1.51e+02s, train loss: 4.681, metrics: {'f1': 0.20919100047869793, 'f1_macro': 0.5986291853572085, 'prec_macro': 0.6073658008658008, 'rec_macro': 0.6028072769669003, 'f1_micro': 0.9928793103448276, 'prec_micro': 0.9928793103448276, 'rec_micro': 0.9928793103448276}
epoch 78 time: 1.51e+02s, train loss: 4.691, metrics: {'f1': 0.20512820512820512, 'f1_macro': 0.5959514375062723, 'prec_macro': 0.6060735930735931, 'rec_macro': 0.6007519984882757, 'f1_micro': 0.9927844827586206, 'prec_micro': 0.9927844827586206, 'rec_micro': 0.9927844827586206}
epoch 79 time: 1.52e+02s, train loss: 4.695, metrics: {'f1': 0.20217803030303028, 'f1_macro': 0.5942949946892561, 'prec_macro': 0.6048051948051948, 'rec_macro': 0.599264979887555, 'f1_micro': 0.9927370689655173, 'prec_micro': 0.9927370689655173, 'rec_micro': 0.9927370689655173}
epoch 80 time: 1.51e+02s, train loss: 4.692, metrics: {'f1': 0.21100696947849074, 'f1_macro': 0.59988336280048, 'prec_macro': 0.6078863636363636, 'rec_macro': 0.6037266599894784, 'f1_micro': 0.9929245689655173, 'prec_micro': 0.9929245689655173, 'rec_micro': 0.9929245689655173}
epoch 81 time: 1.51e+02s, train loss: 4.683, metrics: {'f1': 0.21162734127949406, 'f1_macro': 0.6013376085376027, 'prec_macro': 0.6069361471861472, 'rec_macro': 0.6040596720533368, 'f1_micro': 0.9930150862068966, 'prec_micro': 0.9930150862068966, 'rec_micro': 0.9930150862068966}
epoch 82 time: 1.51e+02s, train loss: 4.692, metrics: {'f1': 0.20063616344506977, 'f1_macro': 0.5965060169436758, 'prec_macro': 0.6006850649350649, 'rec_macro': 0.598550058109922, 'f1_micro': 0.9929590517241379, 'prec_micro': 0.9929590517241379, 'rec_micro': 0.9929590517241379}
epoch 83 time: 1.51e+02s, train loss: 4.716, metrics: {'f1': 0.18705738705738706, 'f1_macro': 0.5896577546359777, 'prec_macro': 0.5938971861471862, 'rec_macro': 0.5917271013736559, 'f1_micro': 0.9928254310344827, 'prec_micro': 0.9928254310344827, 'rec_micro': 0.9928254310344827}
epoch 84 time: 1.5e+02s, train loss: 4.728, metrics: {'f1': 0.1814212951734174, 'f1_macro': 0.5863226926676226, 'prec_macro': 0.5916071428571429, 'rec_macro': 0.5888841057418527, 'f1_micro': 0.9927262931034483, 'prec_micro': 0.9927262931034483, 'rec_micro': 0.9927262931034483}
epoch 85 time: 1.51e+02s, train loss: 4.721, metrics: {'f1': 0.18588067506536726, 'f1_macro': 0.5868396626760719, 'prec_macro': 0.5957846320346321, 'rec_macro': 0.591086567261638, 'f1_micro': 0.9926185344827586, 'prec_micro': 0.9926185344827586, 'rec_micro': 0.9926185344827586}
epoch 86 time: 1.51e+02s, train loss: 4.727, metrics: {'f1': 0.1775370850011773, 'f1_macro': 0.5821321975320823, 'prec_macro': 0.5922261904761905, 'rec_macro': 0.5868778855825597, 'f1_micro': 0.9924719827586207, 'prec_micro': 0.9924719827586207, 'rec_micro': 0.9924719827586207}
epoch 87 time: 1.51e+02s, train loss: 4.726, metrics: {'f1': 0.17874165872259293, 'f1_macro': 0.5836231092385467, 'prec_macro': 0.5917792207792207, 'rec_macro': 0.5875057151162835, 'f1_micro': 0.992573275862069, 'prec_micro': 0.992573275862069, 'rec_micro': 0.992573275862069}
epoch 88 time: 1.51e+02s, train loss: 4.718, metrics: {'f1': 0.18414807783578552, 'f1_macro': 0.585878812356804, 'prec_macro': 0.5950238095238095, 'rec_macro': 0.5902132183382347, 'f1_micro': 0.9925905172413793, 'prec_micro': 0.9925905172413793, 'rec_micro': 0.9925905172413793}
epoch 89 time: 1.51e+02s, train loss: 4.709, metrics: {'f1': 0.18604651162790695, 'f1_macro': 0.5876145073462683, 'prec_macro': 0.5950703463203463, 'rec_macro': 0.5911857945521831, 'f1_micro': 0.9926831896551724, 'prec_micro': 0.9926831896551724, 'rec_micro': 0.9926831896551724}
epoch 90 time: 1.51e+02s, train loss: 4.688, metrics: {'f1': 0.20166015624999997, 'f1_macro': 0.596803102934842, 'prec_macro': 0.6014285714285714, 'rec_macro': 0.5990604137442851, 'f1_micro': 0.9929525862068965, 'prec_micro': 0.9929525862068965, 'rec_micro': 0.9929525862068965}
epoch 91 time: 1.51e+02s, train loss: 4.686, metrics: {'f1': 0.2035987182647276, 'f1_macro': 0.5986711714999013, 'prec_macro': 0.6014707792207792, 'rec_macro': 0.6000508746479314, 'f1_micro': 0.9930366379310345, 'prec_micro': 0.9930366379310345, 'rec_micro': 0.9930366379310345}
epoch 92 time: 1.51e+02s, train loss: 4.701, metrics: {'f1': 0.17586712261846604, 'f1_macro': 0.5841846324132707, 'prec_macro': 0.5881233766233767, 'rec_macro': 0.5861076179773356, 'f1_micro': 0.992728448275862, 'prec_micro': 0.992728448275862, 'rec_micro': 0.992728448275862}
epoch 93 time: 1.51e+02s, train loss: 4.724, metrics: {'f1': 0.1641122376797925, 'f1_macro': 0.5758550970565025, 'prec_macro': 0.5849512987012987, 'rec_macro': 0.5801373283328485, 'f1_micro': 0.9923599137931034, 'prec_micro': 0.9923599137931034, 'rec_micro': 0.9923599137931034}
epoch 94 time: 1.51e+02s, train loss: 4.738, metrics: {'f1': 0.16918152720621857, 'f1_macro': 0.5761620499643269, 'prec_macro': 0.5903311688311689, 'rec_macro': 0.5826235171202255, 'f1_micro': 0.9921681034482759, 'prec_micro': 0.9921681034482759, 'rec_micro': 0.9921681034482759}
epoch 95 time: 1.51e+02s, train loss: 4.734, metrics: {'f1': 0.17228103946102022, 'f1_macro': 0.5812464622136905, 'prec_macro': 0.5875541125541125, 'rec_macro': 0.5842787335414998, 'f1_micro': 0.9925862068965517, 'prec_micro': 0.9925862068965517, 'rec_micro': 0.9925862068965517}
epoch 96 time: 1.51e+02s, train loss: 4.715, metrics: {'f1': 0.19271736437948972, 'f1_macro': 0.5937399081102784, 'prec_macro': 0.5954664502164502, 'rec_macro': 0.5945950834309202, 'f1_micro': 0.9929762931034483, 'prec_micro': 0.9929762931034483, 'rec_micro': 0.9929762931034483}
epoch 97 time: 1.52e+02s, train loss: 4.72, metrics: {'f1': 0.17742730409068508, 'f1_macro': 0.5856884422265322, 'prec_macro': 0.5881623376623376, 'rec_macro': 0.5869072616009208, 'f1_micro': 0.9928060344827586, 'prec_micro': 0.9928060344827586, 'rec_micro': 0.9928060344827586}
epoch 98 time: 1.51e+02s, train loss: 4.766, metrics: {'f1': 0.1701388888888889, 'f1_macro': 0.5826061920367529, 'prec_macro': 0.583922077922078, 'rec_macro': 0.5832587756766949, 'f1_micro': 0.9927887931034483, 'prec_micro': 0.9927887931034483, 'rec_micro': 0.9927887931034483}
epoch 99 time: 1.51e+02s, train loss: 4.74, metrics: {'f1': 0.18100669476816267, 'f1_macro': 0.5879992076397891, 'prec_macro': 0.5894448051948051, 'rec_macro': 0.5887159458859759, 'f1_micro': 0.9928814655172413, 'prec_micro': 0.9928814655172413, 'rec_micro': 0.9928814655172413}
epoch 100 time: 1.51e+02s, train loss: 4.734, metrics: {'f1': 0.17798480019612647, 'f1_macro': 0.5855296392845021, 'prec_macro': 0.5888928571428571, 'rec_macro': 0.5871778510186506, 'f1_micro': 0.9927737068965518, 'prec_micro': 0.9927737068965518, 'rec_micro': 0.9927737068965518}
post-training summary -- best {'f1': 0.22718446601941747, 'f1_macro': 0.6087189190690713, 'prec_macro': 0.6152121212121212, 'rec_macro': 0.6118690654987766, 'f1_micro': 0.9931379310344828, 'prec_micro': 0.9931379310344828, 'rec_micro': 0.9931379310344828}
run 5 start -- seed=4
initialized continuityBERT with 628261 parameters.
/home/azureuser/.local/lib/python3.8/site-packages/sklearn/metrics/_classification.py:1344: UndefinedMetricWarning: Precision and F-score are ill-defined and being set to 0.0 in labels with no predicted samples. Use `zero_division` parameter to control this behavior.
  _warn_prf(average, modifier, msg_start, len(result))
epoch 1 time: 1.5e+02s, train loss: 4.944, metrics: {'f1': 0.0, 'f1_macro': 0.4978448275862069, 'prec_macro': 0.5, 'rec_macro': 0.4989200863930886, 'f1_micro': 0.9956896551724138, 'prec_micro': 0.9956896551724138, 'rec_micro': 0.9956896551724138}
epoch 2 time: 1.49e+02s, train loss: 4.92, metrics: {'f1': 0.06932153392330384, 'f1_macro': 0.5639542001587481, 'prec_macro': 0.5228311688311689, 'rec_macro': 0.5332968672893337, 'f1_micro': 0.9945603448275863, 'prec_micro': 0.9945603448275863, 'rec_micro': 0.9945603448275863}
epoch 3 time: 1.49e+02s, train loss: 4.854, metrics: {'f1': 0.14124683689901082, 'f1_macro': 0.563569013382304, 'prec_macro': 0.5745422077922078, 'rec_macro': 0.5686026379182886, 'f1_micro': 0.9919547413793104, 'prec_micro': 0.9919547413793104, 'rec_micro': 0.9919547413793104}
epoch 4 time: 1.49e+02s, train loss: 4.803, metrics: {'f1': 0.17782426778242677, 'f1_macro': 0.5914059017237756, 'prec_macro': 0.5833939393939394, 'rec_macro': 0.5872111591850968, 'f1_micro': 0.9932241379310345, 'prec_micro': 0.9932241379310345, 'rec_micro': 0.9932241379310345}
epoch 5 time: 1.49e+02s, train loss: 4.784, metrics: {'f1': 0.17975258773037112, 'f1_macro': 0.5889909447003807, 'prec_macro': 0.587262987012987, 'rec_macro': 0.5881182511851688, 'f1_micro': 0.9929978448275862, 'prec_micro': 0.9929978448275862, 'rec_micro': 0.9929978448275862}
epoch 6 time: 1.5e+02s, train loss: 4.762, metrics: {'f1': 0.1866067782768477, 'f1_macro': 0.5771743154311342, 'prec_macro': 0.6116082251082251, 'rec_macro': 0.5911454477624979, 'f1_micro': 0.9914137931034482, 'prec_micro': 0.9914137931034482, 'rec_micro': 0.9914137931034482}
epoch 7 time: 1.49e+02s, train loss: 4.751, metrics: {'f1': 0.18198786747550166, 'f1_macro': 0.5835583337161929, 'prec_macro': 0.595448051948052, 'rec_macro': 0.5890961601844649, 'f1_micro': 0.9924439655172413, 'prec_micro': 0.9924439655172413, 'rec_micro': 0.9924439655172413}
epoch 8 time: 1.47e+02s, train loss: 4.736, metrics: {'f1': 0.1942358924679099, 'f1_macro': 0.5924446665158495, 'prec_macro': 0.5983798701298702, 'rec_macro': 0.5953173701795058, 'f1_micro': 0.9928297413793103, 'prec_micro': 0.9928297413793103, 'rec_micro': 0.9928297413793103}
epoch 9 time: 1.49e+02s, train loss: 4.728, metrics: {'f1': 0.193717277486911, 'f1_macro': 0.5842271986445708, 'prec_macro': 0.6086839826839827, 'rec_macro': 0.5948573738747506, 'f1_micro': 0.9920344827586207, 'prec_micro': 0.9920344827586207, 'rec_micro': 0.9920344827586207}
epoch 10 time: 1.49e+02s, train loss: 4.721, metrics: {'f1': 0.19239793524167056, 'f1_macro': 0.5889060074139059, 'prec_macro': 0.600495670995671, 'rec_macro': 0.5943358852316729, 'f1_micro': 0.9925818965517241, 'prec_micro': 0.9925818965517241, 'rec_micro': 0.9925818965517241}
epoch 11 time: 1.5e+02s, train loss: 4.723, metrics: {'f1': 0.1885424220449601, 'f1_macro': 0.5895064739792609, 'prec_macro': 0.5956093073593074, 'rec_macro': 0.5924543832027709, 'f1_micro': 0.9927650862068965, 'prec_micro': 0.9927650862068965, 'rec_micro': 0.9927650862068965}
epoch 12 time: 1.5e+02s, train loss: 4.717, metrics: {'f1': 0.19253698388165158, 'f1_macro': 0.5845054980580483, 'prec_macro': 0.6067348484848485, 'rec_macro': 0.594288462248502, 'f1_micro': 0.9921185344827587, 'prec_micro': 0.9921185344827587, 'rec_micro': 0.9921185344827587}
epoch 13 time: 1.49e+02s, train loss: 4.72, metrics: {'f1': 0.19400785854616898, 'f1_macro': 0.5935812490860031, 'prec_macro': 0.5969350649350649, 'rec_macro': 0.5952278168487397, 'f1_micro': 0.992926724137931, 'prec_micro': 0.992926724137931, 'rec_micro': 0.992926724137931}
epoch 14 time: 1.5e+02s, train loss: 4.72, metrics: {'f1': 0.1920757967269595, 'f1_macro': 0.5826577403958408, 'prec_macro': 0.6091212121212122, 'rec_macro': 0.5940061792865474, 'f1_micro': 0.9919137931034483, 'prec_micro': 0.9919137931034483, 'rec_micro': 0.9919137931034483}
epoch 15 time: 1.49e+02s, train loss: 4.72, metrics: {'f1': 0.20018841262364578, 'f1_macro': 0.5929071911485012, 'prec_macro': 0.6042792207792208, 'rec_macro': 0.5982560545961063, 'f1_micro': 0.9926810344827586, 'prec_micro': 0.9926810344827586, 'rec_micro': 0.9926810344827586}
epoch 16 time: 1.5e+02s, train loss: 4.716, metrics: {'f1': 0.192197906755471, 'f1_macro': 0.5899235068936797, 'prec_macro': 0.5990519480519481, 'rec_macro': 0.5942608852328204, 'f1_micro': 0.9926810344827586, 'prec_micro': 0.9926810344827586, 'rec_micro': 0.9926810344827586}
epoch 17 time: 1.49e+02s, train loss: 4.703, metrics: {'f1': 0.20422022798932818, 'f1_macro': 0.5974428136534783, 'prec_macro': 0.6034080086580086, 'rec_macro': 0.6003344447226722, 'f1_micro': 0.9929288793103448, 'prec_micro': 0.9929288793103448, 'rec_micro': 0.9929288793103448}
epoch 18 time: 1.48e+02s, train loss: 4.699, metrics: {'f1': 0.20029168692270297, 'f1_macro': 0.5957265618598152, 'prec_macro': 0.6011580086580086, 'rec_macro': 0.5983653207561692, 'f1_micro': 0.9929094827586207, 'prec_micro': 0.9929094827586207, 'rec_micro': 0.9929094827586207}
epoch 19 time: 1.49e+02s, train loss: 4.691, metrics: {'f1': 0.20756962627945724, 'f1_macro': 0.5973525108108428, 'prec_macro': 0.6070898268398268, 'rec_macro': 0.6019830142635662, 'f1_micro': 0.9928254310344827, 'prec_micro': 0.9928254310344827, 'rec_micro': 0.9928254310344827}
epoch 20 time: 1.5e+02s, train loss: 4.691, metrics: {'f1': 0.1953827460510328, 'f1_macro': 0.5933055931686658, 'prec_macro': 0.598646103896104, 'rec_macro': 0.5958994833422766, 'f1_micro': 0.9928642241379311, 'prec_micro': 0.9928642241379311, 'rec_micro': 0.9928642241379311}
epoch 21 time: 1.49e+02s, train loss: 4.689, metrics: {'f1': 0.20321361058601134, 'f1_macro': 0.5946261770018539, 'prec_macro': 0.6055497835497836, 'rec_macro': 0.5997816717096817, 'f1_micro': 0.9927327586206897, 'prec_micro': 0.9927327586206897, 'rec_micro': 0.9927327586206897}
epoch 22 time: 1.49e+02s, train loss: 4.687, metrics: {'f1': 0.20248328557784145, 'f1_macro': 0.595185816886541, 'prec_macro': 0.6040909090909091, 'rec_macro': 0.5994339156756119, 'f1_micro': 0.992801724137931, 'prec_micro': 0.992801724137931, 'rec_micro': 0.992801724137931}
epoch 23 time: 1.5e+02s, train loss: 4.68, metrics: {'f1': 0.20630372492836677, 'f1_macro': 0.5970226319847052, 'prec_macro': 0.6060995670995671, 'rec_macro': 0.6013527951214772, 'f1_micro': 0.9928362068965517, 'prec_micro': 0.9928362068965517, 'rec_micro': 0.9928362068965517}
epoch 24 time: 1.49e+02s, train loss: 4.676, metrics: {'f1': 0.2079160705770148, 'f1_macro': 0.597668544326452, 'prec_macro': 0.6070974025974026, 'rec_macro': 0.6021600387394485, 'f1_micro': 0.9928405172413793, 'prec_micro': 0.9928405172413793, 'rec_micro': 0.9928405172413793}
epoch 25 time: 1.5e+02s, train loss: 4.685, metrics: {'f1': 0.20656830080913852, 'f1_macro': 0.5968512291208287, 'prec_macro': 0.6065865800865801, 'rec_macro': 0.6014796433586567, 'f1_micro': 0.9928146551724137, 'prec_micro': 0.9928146551724137, 'rec_micro': 0.9928146551724137}
epoch 26 time: 1.5e+02s, train loss: 4.68, metrics: {'f1': 0.1986978538702677, 'f1_macro': 0.59422867246262, 'prec_macro': 0.6011222943722944, 'rec_macro': 0.5975504806455185, 'f1_micro': 0.9928383620689655, 'prec_micro': 0.9928383620689655, 'rec_micro': 0.9928383620689655}
epoch 27 time: 1.49e+02s, train loss: 4.684, metrics: {'f1': 0.19406614785992218, 'f1_macro': 0.5927271231435878, 'prec_macro': 0.5978961038961039, 'rec_macro': 0.5952395664918301, 'f1_micro': 0.9928577586206897, 'prec_micro': 0.9928577586206897, 'rec_micro': 0.9928577586206897}
epoch 28 time: 1.49e+02s, train loss: 4.676, metrics: {'f1': 0.2036857419980601, 'f1_macro': 0.5971596407145842, 'prec_macro': 0.6031558441558441, 'rec_macro': 0.6000655762105519, 'f1_micro': 0.9929224137931034, 'prec_micro': 0.9929224137931034, 'rec_micro': 0.9929224137931034}
epoch 29 time: 1.49e+02s, train loss: 4.674, metrics: {'f1': 0.20452885317750183, 'f1_macro': 0.5979574212557448, 'prec_macro': 0.6031742424242424, 'rec_macro': 0.6004963647027967, 'f1_micro': 0.9929590517241379, 'prec_micro': 0.9929590517241379, 'rec_micro': 0.9929590517241379}
epoch 30 time: 1.49e+02s, train loss: 4.672, metrics: {'f1': 0.20971751412429382, 'f1_macro': 0.5940062348156887, 'prec_macro': 0.6138777056277056, 'rec_macro': 0.6029655702608584, 'f1_micro': 0.9924633620689656, 'prec_micro': 0.9924633620689656, 'rec_micro': 0.9924633620689656}
epoch 31 time: 1.5e+02s, train loss: 4.674, metrics: {'f1': 0.20274994173852248, 'f1_macro': 0.5932419184191611, 'prec_macro': 0.606741341991342, 'rec_macro': 0.5995231972046114, 'f1_micro': 0.9926271551724138, 'prec_micro': 0.9926271551724138, 'rec_micro': 0.9926271551724138}
epoch 32 time: 1.5e+02s, train loss: 4.668, metrics: {'f1': 0.208514755684567, 'f1_macro': 0.599285522879397, 'prec_macro': 0.6059069264069263, 'rec_macro': 0.6024865582645524, 'f1_micro': 0.992948275862069, 'prec_micro': 0.992948275862069, 'rec_micro': 0.992948275862069}
epoch 33 time: 1.49e+02s, train loss: 4.67, metrics: {'f1': 0.20332541567695964, 'f1_macro': 0.5951305068149624, 'prec_macro': 0.6050714285714286, 'rec_macro': 0.5998473601945348, 'f1_micro': 0.9927715517241379, 'prec_micro': 0.9927715517241379, 'rec_micro': 0.9927715517241379}
epoch 34 time: 1.5e+02s, train loss: 4.67, metrics: {'f1': 0.20678587803759743, 'f1_macro': 0.5937922192234676, 'prec_macro': 0.6106818181818182, 'rec_macro': 0.6015199108410927, 'f1_micro': 0.9925431034482759, 'prec_micro': 0.9925431034482759, 'rec_micro': 0.9925431034482759}
epoch 35 time: 1.5e+02s, train loss: 4.675, metrics: {'f1': 0.21021465581051071, 'f1_macro': 0.6020469502202526, 'prec_macro': 0.6047391774891775, 'rec_macro': 0.6033750856878988, 'f1_micro': 0.9931012931034483, 'prec_micro': 0.9931012931034483, 'rec_micro': 0.9931012931034483}
epoch 36 time: 1.49e+02s, train loss: 4.68, metrics: {'f1': 0.203717113202993, 'f1_macro': 0.5967517816860147, 'prec_macro': 0.603637445887446, 'rec_macro': 0.600073107121761, 'f1_micro': 0.9928900862068966, 'prec_micro': 0.9928900862068966, 'rec_micro': 0.9928900862068966}
epoch 37 time: 1.49e+02s, train loss: 4.683, metrics: {'f1': 0.20613082307506636, 'f1_macro': 0.5979237835109307, 'prec_macro': 0.6048928571428571, 'rec_macro': 0.6012853741507949, 'f1_micro': 0.9929116379310344, 'prec_micro': 0.9929116379310344, 'rec_micro': 0.9929116379310344}
epoch 38 time: 1.5e+02s, train loss: 4.676, metrics: {'f1': 0.2177570093457944, 'f1_macro': 0.6005318025202485, 'prec_macro': 0.6145367965367966, 'rec_macro': 0.6070662671983378, 'f1_micro': 0.9927844827586206, 'prec_micro': 0.9927844827586206, 'rec_micro': 0.9927844827586206}
epoch 39 time: 1.5e+02s, train loss: 4.677, metrics: {'f1': 0.21416880991349077, 'f1_macro': 0.5989010943125159, 'prec_macro': 0.6125313852813853, 'rec_macro': 0.6052651366263043, 'f1_micro': 0.9927564655172414, 'prec_micro': 0.9927564655172414, 'rec_micro': 0.9927564655172414}
epoch 40 time: 1.5e+02s, train loss: 4.678, metrics: {'f1': 0.20959656242539987, 'f1_macro': 0.5985840124235937, 'prec_macro': 0.6078560606060606, 'rec_macro': 0.6030062479937839, 'f1_micro': 0.9928642241379311, 'prec_micro': 0.9928642241379311, 'rec_micro': 0.9928642241379311}
epoch 41 time: 1.5e+02s, train loss: 4.677, metrics: {'f1': 0.2068632189463509, 'f1_macro': 0.5983917383362345, 'prec_macro': 0.6051493506493507, 'rec_macro': 0.6016553701647073, 'f1_micro': 0.992926724137931, 'prec_micro': 0.992926724137931, 'rec_micro': 0.992926724137931}
epoch 42 time: 1.5e+02s, train loss: 4.676, metrics: {'f1': 0.2136017677387675, 'f1_macro': 0.6032264146009351, 'prec_macro': 0.6069772727272728, 'rec_macro': 0.6050675218180528, 'f1_micro': 0.9930969827586207, 'prec_micro': 0.9930969827586207, 'rec_micro': 0.9930969827586207}
epoch 43 time: 1.5e+02s, train loss: 4.676, metrics: {'f1': 0.20917253093909244, 'f1_macro': 0.5999045206521516, 'prec_macro': 0.6059209956709957, 'rec_macro': 0.6028225063625636, 'f1_micro': 0.9929762931034483, 'prec_micro': 0.9929762931034483, 'rec_micro': 0.9929762931034483}
epoch 44 time: 1.49e+02s, train loss: 4.664, metrics: {'f1': 0.21143267160966278, 'f1_macro': 0.5996428572559682, 'prec_macro': 0.6086179653679654, 'rec_macro': 0.6039318953462567, 'f1_micro': 0.9928943965517242, 'prec_micro': 0.9928943965517242, 'rec_micro': 0.9928943965517242}
epoch 45 time: 1.5e+02s, train loss: 4.678, metrics: {'f1': 0.20444865120681496, 'f1_macro': 0.5953372402086471, 'prec_macro': 0.6060584415584416, 'rec_macro': 0.600404616453767, 'f1_micro': 0.9927543103448276, 'prec_micro': 0.9927543103448276, 'rec_micro': 0.9927543103448276}
epoch 46 time: 1.52e+02s, train loss: 4.683, metrics: {'f1': 0.2042491549975857, 'f1_macro': 0.5970322611071373, 'prec_macro': 0.6038896103896104, 'rec_macro': 0.6003407535778007, 'f1_micro': 0.9928965517241379, 'prec_micro': 0.9928965517241379, 'rec_micro': 0.9928965517241379}
epoch 47 time: 1.5e+02s, train loss: 4.669, metrics: {'f1': 0.20568927789934355, 'f1_macro': 0.5983875246524543, 'prec_macro': 0.6039209956709957, 'rec_macro': 0.6010765655813919, 'f1_micro': 0.9929590517241379, 'prec_micro': 0.9929590517241379, 'rec_micro': 0.9929590517241379}
epoch 48 time: 1.51e+02s, train loss: 4.679, metrics: {'f1': 0.2045728038507822, 'f1_macro': 0.5969027711133086, 'prec_macro': 0.6043777056277057, 'rec_macro': 0.6004976819561322, 'f1_micro': 0.9928771551724138, 'prec_micro': 0.9928771551724138, 'rec_micro': 0.9928771551724138}
epoch 49 time: 1.51e+02s, train loss: 4.679, metrics: {'f1': 0.20201075520224457, 'f1_macro': 0.5931636723244885, 'prec_macro': 0.6060032467532468, 'rec_macro': 0.5991579623045453, 'f1_micro': 0.9926443965517241, 'prec_micro': 0.9926443965517241, 'rec_micro': 0.9926443965517241}
epoch 50 time: 1.5e+02s, train loss: 4.679, metrics: {'f1': 0.20632279534109815, 'f1_macro': 0.5966279511892236, 'prec_macro': 0.6065811688311689, 'rec_macro': 0.6013541746238276, 'f1_micro': 0.9928038793103449, 'prec_micro': 0.9928038793103449, 'rec_micro': 0.9928038793103449}
epoch 51 time: 1.5e+02s, train loss: 4.666, metrics: {'f1': 0.21113585746102448, 'f1_macro': 0.5935274542733349, 'prec_macro': 0.6163181818181818, 'rec_macro': 0.6036502451104107, 'f1_micro': 0.9923663793103449, 'prec_micro': 0.9923663793103449, 'rec_micro': 0.9923663793103449}
epoch 52 time: 1.5e+02s, train loss: 4.665, metrics: {'f1': 0.20569840166782488, 'f1_macro': 0.5941284130695826, 'prec_macro': 0.6089729437229437, 'rec_macro': 0.6009930445551891, 'f1_micro': 0.9926099137931035, 'prec_micro': 0.9926099137931035, 'rec_micro': 0.9926099137931035}
epoch 53 time: 1.5e+02s, train loss: 4.666, metrics: {'f1': 0.2074468085106383, 'f1_macro': 0.5987206312203972, 'prec_macro': 0.6054025974025974, 'rec_macro': 0.6019493336128869, 'f1_micro': 0.9929353448275862, 'prec_micro': 0.9929353448275862, 'rec_micro': 0.9929353448275862}
epoch 54 time: 1.5e+02s, train loss: 4.667, metrics: {'f1': 0.210019267822736, 'f1_macro': 0.5996079174796014, 'prec_macro': 0.6071428571428572, 'rec_macro': 0.6032344501148993, 'f1_micro': 0.9929310344827587, 'prec_micro': 0.9929310344827587, 'rec_micro': 0.9929310344827587}
epoch 55 time: 1.49e+02s, train loss: 4.672, metrics: {'f1': 0.20986505351326198, 'f1_macro': 0.5964513187157493, 'prec_macro': 0.6107510822510822, 'rec_macro': 0.6030942715617738, 'f1_micro': 0.9926810344827586, 'prec_micro': 0.9926810344827586, 'rec_micro': 0.9926810344827586}
epoch 56 time: 1.5e+02s, train loss: 4.684, metrics: {'f1': 0.21425329096686335, 'f1_macro': 0.5964329788851844, 'prec_macro': 0.6159069264069263, 'rec_macro': 0.6052524453478744, 'f1_micro': 0.9925387931034483, 'prec_micro': 0.9925387931034483, 'rec_micro': 0.9925387931034483}
epoch 57 time: 1.49e+02s, train loss: 4.684, metrics: {'f1': 0.21534130893736803, 'f1_macro': 0.5997453532951272, 'prec_macro': 0.6127976190476191, 'rec_macro': 0.6058600741844689, 'f1_micro': 0.9927909482758621, 'prec_micro': 0.9927909482758621, 'rec_micro': 0.9927909482758621}
epoch 58 time: 1.5e+02s, train loss: 4.681, metrics: {'f1': 0.20969726802855032, 'f1_macro': 0.6015440020022917, 'prec_macro': 0.604728354978355, 'rec_macro': 0.6031109614240444, 'f1_micro': 0.9930797413793103, 'prec_micro': 0.9930797413793103, 'rec_micro': 0.9930797413793103}
epoch 59 time: 1.49e+02s, train loss: 4.698, metrics: {'f1': 0.20851688693098386, 'f1_macro': 0.6004055197384948, 'prec_macro': 0.6047034632034632, 'rec_macro': 0.6025082805715429, 'f1_micro': 0.9930301724137931, 'prec_micro': 0.9930301724137931, 'rec_micro': 0.9930301724137931}
epoch 60 time: 1.5e+02s, train loss: 4.69, metrics: {'f1': 0.20672307340498516, 'f1_macro': 0.5935614168808934, 'prec_macro': 0.6109209956709957, 'rec_macro': 0.6014836141211909, 'f1_micro': 0.9925237068965517, 'prec_micro': 0.9925237068965517, 'rec_micro': 0.9925237068965517}
epoch 61 time: 1.51e+02s, train loss: 4.693, metrics: {'f1': 0.20435438672127615, 'f1_macro': 0.5881529424254102, 'prec_macro': 0.6161569264069264, 'rec_macro': 0.600178516786687, 'f1_micro': 0.9920452586206897, 'prec_micro': 0.9920452586206897, 'rec_micro': 0.9920452586206897}
epoch 62 time: 1.5e+02s, train loss: 4.705, metrics: {'f1': 0.20490557846754937, 'f1_macro': 0.5888696530433288, 'prec_macro': 0.6156893939393939, 'rec_macro': 0.6004693433986861, 'f1_micro': 0.9921056034482758, 'prec_micro': 0.9921056034482758, 'rec_micro': 0.9921056034482758}
epoch 63 time: 1.49e+02s, train loss: 4.696, metrics: {'f1': 0.20237817673117275, 'f1_macro': 0.5931053572128406, 'prec_macro': 0.6064924242424242, 'rec_macro': 0.5993373187103587, 'f1_micro': 0.9926271551724138, 'prec_micro': 0.9926271551724138, 'rec_micro': 0.9926271551724138}
epoch 64 time: 1.48e+02s, train loss: 4.703, metrics: {'f1': 0.202488411807758, 'f1_macro': 0.5971408627571796, 'prec_macro': 0.6019274891774892, 'rec_macro': 0.5994750769604099, 'f1_micro': 0.9929547413793104, 'prec_micro': 0.9929547413793104, 'rec_micro': 0.9929547413793104}
epoch 65 time: 1.47e+02s, train loss: 4.708, metrics: {'f1': 0.19878197320341048, 'f1_macro': 0.595188778624174, 'prec_macro': 0.6001634199134199, 'rec_macro': 0.5976110224282872, 'f1_micro': 0.9929116379310344, 'prec_micro': 0.9929116379310344, 'rec_micro': 0.9929116379310344}
epoch 66 time: 1.49e+02s, train loss: 4.707, metrics: {'f1': 0.1948271694464588, 'f1_macro': 0.5925621945855506, 'prec_macro': 0.5988733766233767, 'rec_macro': 0.5956108282539261, 'f1_micro': 0.9928211206896552, 'prec_micro': 0.9928211206896552, 'rec_micro': 0.9928211206896552}
epoch 67 time: 1.48e+02s, train loss: 4.699, metrics: {'f1': 0.20033388981636058, 'f1_macro': 0.5940485625850705, 'prec_macro': 0.6030811688311688, 'rec_macro': 0.5983521719090582, 'f1_micro': 0.9927737068965518, 'prec_micro': 0.9927737068965518, 'rec_micro': 0.9927737068965518}
epoch 68 time: 1.56e+02s, train loss: 4.713, metrics: {'f1': 0.18964294159375739, 'f1_macro': 0.5882192728417113, 'prec_macro': 0.598271645021645, 'rec_macro': 0.5929665738581352, 'f1_micro': 0.992614224137931, 'prec_micro': 0.992614224137931, 'rec_micro': 0.992614224137931}
epoch 69 time: 1.52e+02s, train loss: 4.715, metrics: {'f1': 0.18851878100637845, 'f1_macro': 0.5876081345235702, 'prec_macro': 0.5977651515151515, 'rec_macro': 0.592400155436338, 'f1_micro': 0.9925969827586207, 'prec_micro': 0.9925969827586207, 'rec_micro': 0.9925969827586207}
epoch 70 time: 1.58e+02s, train loss: 4.72, metrics: {'f1': 0.19645808736717826, 'f1_macro': 0.591349718814283, 'prec_macro': 0.6020313852813853, 'rec_macro': 0.5963871250137975, 'f1_micro': 0.9926659482758621, 'prec_micro': 0.9926659482758621, 'rec_micro': 0.9926659482758621}
epoch 71 time: 1.58e+02s, train loss: 4.711, metrics: {'f1': 0.19306112815671467, 'f1_macro': 0.589694331223878, 'prec_macro': 0.600271645021645, 'rec_macro': 0.5946799811907552, 'f1_micro': 0.9926314655172414, 'prec_micro': 0.9926314655172414, 'rec_micro': 0.9926314655172414}
epoch 72 time: 1.55e+02s, train loss: 4.716, metrics: {'f1': 0.19388235294117648, 'f1_macro': 0.5898360103471094, 'prec_macro': 0.6010108225108225, 'rec_macro': 0.5950867786356762, 'f1_micro': 0.9926163793103449, 'prec_micro': 0.9926163793103449, 'rec_micro': 0.9926163793103449}
epoch 73 time: 1.54e+02s, train loss: 4.718, metrics: {'f1': 0.17723880597014927, 'f1_macro': 0.5812876176739364, 'prec_macro': 0.592935064935065, 'rec_macro': 0.5867097168491362, 'f1_micro': 0.9923965517241379, 'prec_micro': 0.9923965517241379, 'rec_micro': 0.9923965517241379}
epoch 74 time: 1.57e+02s, train loss: 4.713, metrics: {'f1': 0.19077217308152047, 'f1_macro': 0.589654627590136, 'prec_macro': 0.5978192640692641, 'rec_macro': 0.5935540137384627, 'f1_micro': 0.9927047413793103, 'prec_micro': 0.9927047413793103, 'rec_micro': 0.9927047413793103}
epoch 75 time: 1.56e+02s, train loss: 4.72, metrics: {'f1': 0.1909671084928817, 'f1_macro': 0.5920363492036327, 'prec_macro': 0.5954264069264069, 'rec_macro': 0.5936998616130481, 'f1_micro': 0.9928965517241379, 'prec_micro': 0.9928965517241379, 'rec_micro': 0.9928965517241379}
epoch 76 time: 1.52e+02s, train loss: 4.73, metrics: {'f1': 0.19484662576687117, 'f1_macro': 0.5939275204405868, 'prec_macro': 0.5974339826839827, 'rec_macro': 0.5956477358614911, 'f1_micro': 0.9929288793103448, 'prec_micro': 0.9929288793103448, 'rec_micro': 0.9929288793103448}
epoch 77 time: 1.56e+02s, train loss: 4.713, metrics: {'f1': 0.20004820438659915, 'f1_macro': 0.5948406165560363, 'prec_macro': 0.6018733766233766, 'rec_macro': 0.598227816861574, 'f1_micro': 0.9928469827586207, 'prec_micro': 0.9928469827586207, 'rec_micro': 0.9928469827586207}
epoch 78 time: 1.52e+02s, train loss: 4.701, metrics: {'f1': 0.1873669268985096, 'f1_macro': 0.5871720618902561, 'prec_macro': 0.5970183982683983, 'rec_macro': 0.5918242404583253, 'f1_micro': 0.9925969827586207, 'prec_micro': 0.9925969827586207, 'rec_micro': 0.9925969827586207}
epoch 79 time: 1.55e+02s, train loss: 4.718, metrics: {'f1': 0.1632462686567164, 'f1_macro': 0.5746991858333994, 'prec_macro': 0.5854025974025974, 'rec_macro': 0.5796809705370466, 'f1_micro': 0.9922672413793103, 'prec_micro': 0.9922672413793103, 'rec_micro': 0.9922672413793103}
epoch 80 time: 1.49e+02s, train loss: 4.724, metrics: {'f1': 0.17389266463557534, 'f1_macro': 0.580062195557841, 'prec_macro': 0.590698051948052, 'rec_macro': 0.5850383134422035, 'f1_micro': 0.9924030172413794, 'prec_micro': 0.9924030172413794, 'rec_micro': 0.9924030172413794}
epoch 81 time: 1.48e+02s, train loss: 4.727, metrics: {'f1': 0.17406060606060603, 'f1_macro': 0.5826941335668232, 'prec_macro': 0.5878387445887445, 'rec_macro': 0.5851864388711905, 'f1_micro': 0.992657327586207, 'prec_micro': 0.992657327586207, 'rec_micro': 0.992657327586207}
epoch 82 time: 1.52e+02s, train loss: 4.729, metrics: {'f1': 0.18731988472622477, 'f1_macro': 0.5883678627451737, 'prec_macro': 0.5955800865800865, 'rec_macro': 0.5918284484615973, 'f1_micro': 0.9927068965517242, 'prec_micro': 0.9927068965517242, 'rec_micro': 0.9927068965517242}
epoch 83 time: 1.5e+02s, train loss: 4.73, metrics: {'f1': 0.19439071566731142, 'f1_macro': 0.5923711771177546, 'prec_macro': 0.5986233766233766, 'rec_macro': 0.5953920621104757, 'f1_micro': 0.9928189655172414, 'prec_micro': 0.9928189655172414, 'rec_micro': 0.9928189655172414}
epoch 84 time: 1.52e+02s, train loss: 4.724, metrics: {'f1': 0.20451785280544088, 'f1_macro': 0.5977238527968551, 'prec_macro': 0.6034145021645021, 'rec_macro': 0.6004865158269224, 'f1_micro': 0.9929418103448275, 'prec_micro': 0.9929418103448275, 'rec_micro': 0.9929418103448275}
epoch 85 time: 1.53e+02s, train loss: 4.72, metrics: {'f1': 0.1893921046258174, 'f1_macro': 0.5900853205501854, 'prec_macro': 0.5958690476190476, 'rec_macro': 0.5928846522364911, 'f1_micro': 0.9927866379310345, 'prec_micro': 0.9927866379310345, 'rec_micro': 0.9927866379310345}
epoch 86 time: 1.48e+02s, train loss: 4.712, metrics: {'f1': 0.18927444794952683, 'f1_macro': 0.59019488449391, 'prec_macro': 0.5956266233766234, 'rec_macro': 0.5928290867619899, 'f1_micro': 0.9927995689655172, 'prec_micro': 0.9927995689655172, 'rec_micro': 0.9927995689655172}
epoch 87 time: 1.48e+02s, train loss: 4.719, metrics: {'f1': 0.18894230769230766, 'f1_macro': 0.589232442211829, 'prec_macro': 0.5963376623376624, 'rec_macro': 0.5926450800671444, 'f1_micro': 0.992728448275862, 'prec_micro': 0.992728448275862, 'rec_micro': 0.992728448275862}
epoch 88 time: 1.48e+02s, train loss: 4.732, metrics: {'f1': 0.19466019417475733, 'f1_macro': 0.5928445026152346, 'prec_macro': 0.5983896103896105, 'rec_macro': 0.5955344093357227, 'f1_micro': 0.9928491379310345, 'prec_micro': 0.9928491379310345, 'rec_micro': 0.9928491379310345}
epoch 89 time: 1.49e+02s, train loss: 4.741, metrics: {'f1': 0.17835623041696794, 'f1_macro': 0.5843219135055532, 'prec_macro': 0.5905746753246753, 'rec_macro': 0.5873331207234425, 'f1_micro': 0.9926530172413793, 'prec_micro': 0.9926530172413793, 'rec_micro': 0.9926530172413793}
epoch 90 time: 1.49e+02s, train loss: 4.742, metrics: {'f1': 0.18511358144030932, 'f1_macro': 0.5878191684168219, 'prec_macro': 0.5938506493506494, 'rec_macro': 0.5907318428383281, 'f1_micro': 0.9927327586206897, 'prec_micro': 0.9927327586206897, 'rec_micro': 0.9927327586206897}
epoch 91 time: 1.49e+02s, train loss: 4.744, metrics: {'f1': 0.18699780861943024, 'f1_macro': 0.5893754991267026, 'prec_macro': 0.5941352813852814, 'rec_macro': 0.5916918768725552, 'f1_micro': 0.9928038793103449, 'prec_micro': 0.9928038793103449, 'rec_micro': 0.9928038793103449}
epoch 92 time: 1.48e+02s, train loss: 4.749, metrics: {'f1': 0.17327816987101483, 'f1_macro': 0.5826205490121983, 'prec_macro': 0.5871028138528138, 'rec_macro': 0.5848006646023728, 'f1_micro': 0.9926788793103448, 'prec_micro': 0.9926788793103448, 'rec_micro': 0.9926788793103448}
epoch 93 time: 1.48e+02s, train loss: 4.752, metrics: {'f1': 0.16204379562043797, 'f1_macro': 0.577105410399616, 'prec_macro': 0.5813268398268399, 'rec_macro': 0.5791580395586955, 'f1_micro': 0.9925775862068965, 'prec_micro': 0.9925775862068965, 'rec_micro': 0.9925775862068965}
epoch 94 time: 1.49e+02s, train loss: 4.765, metrics: {'f1': 0.1550920245398773, 'f1_macro': 0.5743217715805583, 'prec_macro': 0.5770963203463203, 'rec_macro': 0.5756827657943049, 'f1_micro': 0.9925797413793104, 'prec_micro': 0.9925797413793104, 'rec_micro': 0.9925797413793104}
epoch 95 time: 1.49e+02s, train loss: 4.765, metrics: {'f1': 0.17076771653543307, 'f1_macro': 0.5822708686246412, 'prec_macro': 0.5848917748917749, 'rec_macro': 0.5835601388758972, 'f1_micro': 0.9927370689655173, 'prec_micro': 0.9927370689655173, 'rec_micro': 0.9927370689655173}
epoch 96 time: 1.49e+02s, train loss: 4.752, metrics: {'f1': 0.18253968253968253, 'f1_macro': 0.5887848249911164, 'prec_macro': 0.5901991341991342, 'rec_macro': 0.5894862297161945, 'f1_micro': 0.9928965517241379, 'prec_micro': 0.9928965517241379, 'rec_micro': 0.9928965517241379}
epoch 97 time: 1.5e+02s, train loss: 4.736, metrics: {'f1': 0.16903478686918175, 'f1_macro': 0.58106158243364, 'prec_macro': 0.5843701298701298, 'rec_macro': 0.5826817326941356, 'f1_micro': 0.9926896551724138, 'prec_micro': 0.9926896551724138, 'rec_micro': 0.9926896551724138}
epoch 98 time: 1.5e+02s, train loss: 4.742, metrics: {'f1': 0.16368903911154034, 'f1_macro': 0.5773334809286272, 'prec_macro': 0.5827987012987014, 'rec_macro': 0.579969772570844, 'f1_micro': 0.9925344827586207, 'prec_micro': 0.9925344827586207, 'rec_micro': 0.9925344827586207}
epoch 99 time: 1.49e+02s, train loss: 4.753, metrics: {'f1': 0.174496644295302, 'f1_macro': 0.5820225163032562, 'prec_macro': 0.58904329004329, 'rec_macro': 0.5853843388087611, 'f1_micro': 0.9925775862068965, 'prec_micro': 0.9925775862068965, 'rec_micro': 0.9925775862068965}
epoch 100 time: 1.49e+02s, train loss: 4.752, metrics: {'f1': 0.1847619047619048, 'f1_macro': 0.5864364738769243, 'prec_macro': 0.595038961038961, 'rec_macro': 0.5905277373993547, 'f1_micro': 0.9926206896551724, 'prec_micro': 0.9926206896551724, 'rec_micro': 0.9926206896551724}
post-training summary -- best {'f1': 0.2177570093457944, 'f1_macro': 0.6005318025202485, 'prec_macro': 0.6145367965367966, 'rec_macro': 0.6070662671983378, 'f1_micro': 0.9927844827586206, 'prec_micro': 0.9927844827586206, 'rec_micro': 0.9927844827586206}
run 1: {'f1': 0.22661071340409777, 'f1_macro': 0.6102287027471934, 'prec_macro': 0.6130270562770562, 'rec_macro': 0.6116099168022275, 'f1_micro': 0.9932478448275862, 'prec_micro': 0.9932478448275862, 'rec_micro': 0.9932478448275862}
run 2: {'f1': 0.23858823529411766, 'f1_macro': 0.611049990976358, 'prec_macro': 0.6248636363636364, 'rec_macro': 0.61754256149009, 'f1_micro': 0.9930258620689655, 'prec_micro': 0.9930258620689655, 'rec_micro': 0.9930258620689655}
run 3: {'f1': 0.22538610038610038, 'f1_macro': 0.6072489738999867, 'prec_macro': 0.6149350649350649, 'rec_macro': 0.6109557664605204, 'f1_micro': 0.9930818965517242, 'prec_micro': 0.9930818965517242, 'rec_micro': 0.9930818965517242}
run 4: {'f1': 0.22718446601941747, 'f1_macro': 0.6087189190690713, 'prec_macro': 0.6152121212121212, 'rec_macro': 0.6118690654987766, 'f1_micro': 0.9931379310344828, 'prec_micro': 0.9931379310344828, 'rec_micro': 0.9931379310344828}
run 5: {'f1': 0.2177570093457944, 'f1_macro': 0.6005318025202485, 'prec_macro': 0.6145367965367966, 'rec_macro': 0.6070662671983378, 'f1_micro': 0.9927844827586206, 'prec_micro': 0.9927844827586206, 'rec_micro': 0.9927844827586206}
done.
t,p-val for human<model: -81.82558722654402,6.685477423391757e-08, significant: True
t,p-val for random<model: 60.30003500196658,0.9999997735068084, significant: False
95% CI: 0.22710530488990552+/-0.013073504768989264
