reading data...
done.
creating training artifacts...
Using cached encoded data file: train_5_error.pkl
Using cached encoded data file: test_5_error.pkl
done.
training bert_kg model...
run 1 start -- seed=0
initialized continuityBERT with 628261 parameters.
/home/azureuser/.local/lib/python3.8/site-packages/sklearn/metrics/_classification.py:1344: UndefinedMetricWarning: Precision and F-score are ill-defined and being set to 0.0 in labels with no predicted samples. Use `zero_division` parameter to control this behavior.
  _warn_prf(average, modifier, msg_start, len(result))
epoch 1 time: 1.53e+02s, train loss: 24.7, metrics: {'f1': 0.0, 'f1_macro': 0.4892446120689655, 'prec_macro': 0.5, 'rec_macro': 0.49456383800335285, 'f1_micro': 0.978489224137931, 'prec_micro': 0.978489224137931, 'rec_micro': 0.978489224137931}
epoch 2 time: 1.51e+02s, train loss: 24.6, metrics: {'f1': 0.06143987938183189, 'f1_macro': 0.7479018640160613, 'prec_macro': 0.5159951399283438, 'rec_macro': 0.5252914841192277, 'f1_micro': 0.9785344827586206, 'prec_micro': 0.9785344827586206, 'rec_micro': 0.9785344827586206}
epoch 3 time: 1.51e+02s, train loss: 24.4, metrics: {'f1': 0.1866908551166818, 'f1_macro': 0.7541666378950456, 'prec_macro': 0.5555910513607155, 'rec_macro': 0.5879609473956983, 'f1_micro': 0.9787435344827586, 'prec_micro': 0.9787435344827586, 'rec_micro': 0.9787435344827586}
epoch 4 time: 1.52e+02s, train loss: 24.28, metrics: {'f1': 0.16321601104209799, 'f1_macro': 0.7838365432710981, 'prec_macro': 0.5466576928723564, 'rec_macro': 0.5763156030103769, 'f1_micro': 0.9790948275862069, 'prec_micro': 0.9790948275862069, 'rec_micro': 0.9790948275862069}
epoch 5 time: 1.52e+02s, train loss: 24.24, metrics: {'f1': 0.22083470259612226, 'f1_macro': 0.797357996577662, 'prec_macro': 0.5663951427076053, 'rec_macro': 0.6052395231469235, 'f1_micro': 0.9795603448275862, 'prec_micro': 0.9795603448275862, 'rec_micro': 0.9795603448275862}
epoch 6 time: 1.53e+02s, train loss: 24.2, metrics: {'f1': 0.25878644602048856, 'f1_macro': 0.7940250982533277, 'prec_macro': 0.5810812259895971, 'rec_macro': 0.6242550730938224, 'f1_micro': 0.979728448275862, 'prec_micro': 0.979728448275862, 'rec_micro': 0.979728448275862}
epoch 7 time: 1.53e+02s, train loss: 24.14, metrics: {'f1': 0.22101090188305253, 'f1_macro': 0.8051710354060688, 'prec_macro': 0.566158445601386, 'rec_macro': 0.605356372229189, 'f1_micro': 0.9796724137931034, 'prec_micro': 0.9796724137931034, 'rec_micro': 0.9796724137931034}
epoch 8 time: 1.5e+02s, train loss: 24.13, metrics: {'f1': 0.2749114430925612, 'f1_macro': 0.7881155243327305, 'prec_macro': 0.5880763416991484, 'rec_macro': 0.6323104450805652, 'f1_micro': 0.9797068965517242, 'prec_micro': 0.9797068965517242, 'rec_micro': 0.9797068965517242}
epoch 9 time: 1.5e+02s, train loss: 24.12, metrics: {'f1': 0.2182480543136281, 'f1_macro': 0.8048809544763691, 'prec_macro': 0.5651675547394867, 'rec_macro': 0.6039696581166556, 'f1_micro': 0.9796508620689656, 'prec_micro': 0.9796508620689656, 'rec_micro': 0.9796508620689656}
epoch 10 time: 1.5e+02s, train loss: 24.11, metrics: {'f1': 0.2519773108572342, 'f1_macro': 0.8018169105309663, 'prec_macro': 0.5779439769884693, 'rec_macro': 0.6208749613458215, 'f1_micro': 0.9798211206896552, 'prec_micro': 0.9798211206896552, 'rec_micro': 0.9798211206896552}
epoch 11 time: 1.52e+02s, train loss: 24.1, metrics: {'f1': 0.26908352215016795, 'f1_macro': 0.7965816754214359, 'prec_macro': 0.5850569034676641, 'rec_macro': 0.6294308619392657, 'f1_micro': 0.9798383620689655, 'prec_micro': 0.9798383620689655, 'rec_micro': 0.9798383620689655}
epoch 12 time: 1.51e+02s, train loss: 24.1, metrics: {'f1': 0.2670670037926675, 'f1_macro': 0.8069017777419876, 'prec_macro': 0.5835760992608671, 'rec_macro': 0.6284665543880746, 'f1_micro': 0.9800086206896552, 'prec_micro': 0.9800086206896552, 'rec_micro': 0.9800086206896552}
epoch 13 time: 1.52e+02s, train loss: 24.09, metrics: {'f1': 0.2618819776714514, 'f1_macro': 0.8117926238810835, 'prec_macro': 0.5812464173141892, 'rec_macro': 0.6258856068419739, 'f1_micro': 0.9800517241379311, 'prec_micro': 0.9800517241379311, 'rec_micro': 0.9800517241379311}
epoch 14 time: 1.5e+02s, train loss: 24.07, metrics: {'f1': 0.26632887340669775, 'f1_macro': 0.8083642345781761, 'prec_macro': 0.583194059497572, 'rec_macro': 0.6281025436307192, 'f1_micro': 0.9800280172413793, 'prec_micro': 0.9800280172413793, 'rec_micro': 0.9800280172413793}
epoch 15 time: 1.51e+02s, train loss: 24.06, metrics: {'f1': 0.2435448399446119, 'f1_macro': 0.8163763315241688, 'prec_macro': 0.5740101736878642, 'rec_macro': 0.616701563392314, 'f1_micro': 0.9799849137931035, 'prec_micro': 0.9799849137931035, 'rec_micro': 0.9799849137931035}
epoch 16 time: 1.5e+02s, train loss: 24.06, metrics: {'f1': 0.24512353706111836, 'f1_macro': 0.8154039552100945, 'prec_macro': 0.5746459931818692, 'rec_macro': 0.617490216399721, 'f1_micro': 0.9799827586206896, 'prec_micro': 0.9799827586206896, 'rec_micro': 0.9799827586206896}
epoch 17 time: 1.5e+02s, train loss: 24.05, metrics: {'f1': 0.268472321216441, 'f1_macro': 0.811314695538245, 'prec_macro': 0.5838640185319927, 'rec_macro': 0.6291906764176228, 'f1_micro': 0.980092672413793, 'prec_micro': 0.980092672413793, 'rec_micro': 0.980092672413793}
epoch 18 time: 1.5e+02s, train loss: 24.05, metrics: {'f1': 0.23544929925803793, 'f1_macro': 0.822988077214321, 'prec_macro': 0.5707418986111252, 'rec_macro': 0.6126617040144666, 'f1_micro': 0.9800129310344827, 'prec_micro': 0.9800129310344827, 'rec_micro': 0.9800129310344827}
epoch 19 time: 1.5e+02s, train loss: 24.04, metrics: {'f1': 0.24507479767841084, 'f1_macro': 0.8236306118147287, 'prec_macro': 0.5742634156351081, 'rec_macro': 0.6174951774007827, 'f1_micro': 0.9800969827586207, 'prec_micro': 0.9800969827586207, 'rec_micro': 0.9800969827586208}
epoch 20 time: 1.51e+02s, train loss: 24.04, metrics: {'f1': 0.2524712364284557, 'f1_macro': 0.820822009196797, 'prec_macro': 0.5771639675300166, 'rec_macro': 0.6211977110480151, 'f1_micro': 0.9801163793103448, 'prec_micro': 0.9801163793103448, 'rec_micro': 0.9801163793103448}
epoch 21 time: 1.51e+02s, train loss: 24.04, metrics: {'f1': 0.26587840536869856, 'f1_macro': 0.8190641725845125, 'prec_macro': 0.5823980686901262, 'rec_macro': 0.627920540404438, 'f1_micro': 0.9801961206896552, 'prec_micro': 0.9801961206896552, 'rec_micro': 0.9801961206896552}
epoch 22 time: 1.5e+02s, train loss: 24.04, metrics: {'f1': 0.24610363117095066, 'f1_macro': 0.8223989633009874, 'prec_macro': 0.5746999556812359, 'rec_macro': 0.6180072889978336, 'f1_micro': 0.9800883620689655, 'prec_micro': 0.9800883620689655, 'rec_micro': 0.9800883620689655}
epoch 23 time: 1.49e+02s, train loss: 24.03, metrics: {'f1': 0.25756350105160974, 'f1_macro': 0.8252268159942475, 'prec_macro': 0.5788826215356611, 'rec_macro': 0.6237699445500808, 'f1_micro': 0.9802198275862068, 'prec_micro': 0.9802198275862068, 'rec_micro': 0.9802198275862068}
epoch 24 time: 1.5e+02s, train loss: 24.03, metrics: {'f1': 0.24423360052347456, 'f1_macro': 0.8233256825736437, 'prec_macro': 0.5739639458255438, 'rec_macro': 0.6170718874338998, 'f1_micro': 0.9800862068965517, 'prec_micro': 0.9800862068965517, 'rec_micro': 0.9800862068965517}
epoch 25 time: 1.5e+02s, train loss: 24.03, metrics: {'f1': 0.25733451871009455, 'f1_macro': 0.8236892054640579, 'prec_macro': 0.578870507505191, 'rec_macro': 0.6236493863565445, 'f1_micro': 0.9801961206896552, 'prec_micro': 0.9801961206896552, 'rec_micro': 0.9801961206896552}
epoch 26 time: 1.5e+02s, train loss: 24.02, metrics: {'f1': 0.25587806064537055, 'f1_macro': 0.8262155073622093, 'prec_macro': 0.5781967068608126, 'rec_macro': 0.6229273776021518, 'f1_micro': 0.9802198275862068, 'prec_micro': 0.9802198275862068, 'rec_micro': 0.9802198275862068}
epoch 27 time: 1.5e+02s, train loss: 24.02, metrics: {'f1': 0.25540529597538264, 'f1_macro': 0.8238789303566009, 'prec_macro': 0.5781289912720124, 'rec_macro': 0.6226816301544775, 'f1_micro': 0.9801831896551724, 'prec_micro': 0.9801831896551724, 'rec_micro': 0.9801831896551724}
epoch 28 time: 1.5e+02s, train loss: 24.01, metrics: {'f1': 0.25467800729040097, 'f1_macro': 0.8233794844317317, 'prec_macro': 0.5778774140922971, 'rec_macro': 0.6223147314029258, 'f1_micro': 0.9801702586206896, 'prec_micro': 0.9801702586206896, 'rec_micro': 0.9801702586206896}
epoch 29 time: 1.5e+02s, train loss: 24.01, metrics: {'f1': 0.25315836661504604, 'f1_macro': 0.8302524690110458, 'prec_macro': 0.5769883783596137, 'rec_macro': 0.621576076499956, 'f1_micro': 0.9802521551724138, 'prec_micro': 0.9802521551724138, 'rec_micro': 0.9802521551724138}
epoch 30 time: 1.5e+02s, train loss: 24.0, metrics: {'f1': 0.2537434895833333, 'f1_macro': 0.8287639193505895, 'prec_macro': 0.5772746328632107, 'rec_macro': 0.6218647120128017, 'f1_micro': 0.9802370689655172, 'prec_micro': 0.9802370689655172, 'rec_micro': 0.9802370689655172}
epoch 31 time: 1.5e+02s, train loss: 24.0, metrics: {'f1': 0.2676727561556791, 'f1_macro': 0.8139304535523644, 'prec_macro': 0.5833928011619832, 'rec_macro': 0.6288003832776954, 'f1_micro': 0.9801293103448275, 'prec_micro': 0.9801293103448275, 'rec_micro': 0.9801293103448275}
epoch 32 time: 1.5e+02s, train loss: 24.02, metrics: {'f1': 0.25249817206921765, 'f1_macro': 0.8246362772302485, 'prec_macro': 0.5769955237960633, 'rec_macro': 0.6212250113194484, 'f1_micro': 0.9801702586206896, 'prec_micro': 0.9801702586206896, 'rec_micro': 0.9801702586206896}
epoch 33 time: 1.5e+02s, train loss: 24.0, metrics: {'f1': 0.2473277421476731, 'f1_macro': 0.83561812708284, 'prec_macro': 0.5745975884771195, 'rec_macro': 0.618666262326438, 'f1_micro': 0.9802715517241379, 'prec_micro': 0.9802715517241379, 'rec_micro': 0.9802715517241379}
epoch 34 time: 1.5e+02s, train loss: 24.01, metrics: {'f1': 0.24238961886884844, 'f1_macro': 0.8176043556891979, 'prec_macro': 0.5735246397363901, 'rec_macro': 0.6161262697613485, 'f1_micro': 0.9799935344827586, 'prec_micro': 0.9799935344827586, 'rec_micro': 0.9799935344827586}
epoch 35 time: 1.51e+02s, train loss: 24.02, metrics: {'f1': 0.23449070264933355, 'f1_macro': 0.8186245038888548, 'prec_macro': 0.5705618786301678, 'rec_macro': 0.6121658947348034, 'f1_micro': 0.979948275862069, 'prec_micro': 0.979948275862069, 'rec_micro': 0.979948275862069}
epoch 36 time: 1.51e+02s, train loss: 24.0, metrics: {'f1': 0.27030497592295344, 'f1_macro': 0.8306643291804459, 'prec_macro': 0.5834847705202888, 'rec_macro': 0.6301871123361626, 'f1_micro': 0.9804051724137931, 'prec_micro': 0.9804051724137931, 'rec_micro': 0.9804051724137931}
epoch 37 time: 1.49e+02s, train loss: 24.01, metrics: {'f1': 0.26050283860502843, 'f1_macro': 0.8327768897947092, 'prec_macro': 0.5796346127403464, 'rec_macro': 0.6252725513697437, 'f1_micro': 0.9803491379310345, 'prec_micro': 0.9803491379310345, 'rec_micro': 0.9803491379310345}
epoch 38 time: 1.5e+02s, train loss: 24.01, metrics: {'f1': 0.2629919987068617, 'f1_macro': 0.8310431699305131, 'prec_macro': 0.580662383477122, 'rec_macro': 0.6265163515274057, 'f1_micro': 0.9803469827586206, 'prec_micro': 0.9803469827586206, 'rec_micro': 0.9803469827586206}
epoch 39 time: 1.5e+02s, train loss: 24.01, metrics: {'f1': 0.25718238788963943, 'f1_macro': 0.8334865447106394, 'prec_macro': 0.5783508597218665, 'rec_macro': 0.6236076456059843, 'f1_micro': 0.9803297413793104, 'prec_micro': 0.9803297413793104, 'rec_micro': 0.9803297413793104}
epoch 40 time: 1.5e+02s, train loss: 24.0, metrics: {'f1': 0.2616519413147443, 'f1_macro': 0.8334675335931984, 'prec_macro': 0.5800364754625925, 'rec_macro': 0.6258519791342899, 'f1_micro': 0.9803685344827586, 'prec_micro': 0.9803685344827586, 'rec_micro': 0.9803685344827586}
epoch 41 time: 1.51e+02s, train loss: 24.0, metrics: {'f1': 0.2758401019270585, 'f1_macro': 0.8271110173394527, 'prec_macro': 0.5858342754259177, 'rec_macro': 0.6329530514157699, 'f1_micro': 0.9804008620689655, 'prec_micro': 0.9804008620689655, 'rec_micro': 0.9804008620689655}
epoch 42 time: 1.51e+02s, train loss: 24.0, metrics: {'f1': 0.2637238256932654, 'f1_macro': 0.8324547702188954, 'prec_macro': 0.5808715744044746, 'rec_macro': 0.6268888396326415, 'f1_micro': 0.9803728448275862, 'prec_micro': 0.9803728448275862, 'rec_micro': 0.9803728448275862}
epoch 43 time: 1.51e+02s, train loss: 24.0, metrics: {'f1': 0.2680312676283343, 'f1_macro': 0.8334524205518935, 'prec_macro': 0.5824658099874916, 'rec_macro': 0.629055449627123, 'f1_micro': 0.9804245689655172, 'prec_micro': 0.9804245689655172, 'rec_micro': 0.9804245689655172}
epoch 44 time: 1.51e+02s, train loss: 23.99, metrics: {'f1': 0.2752616023644061, 'f1_macro': 0.8304928553402714, 'prec_macro': 0.5854164570632437, 'rec_macro': 0.6326754826119652, 'f1_micro': 0.9804461206896552, 'prec_micro': 0.9804461206896552, 'rec_micro': 0.9804461206896552}
epoch 45 time: 1.51e+02s, train loss: 24.0, metrics: {'f1': 0.2686063333869153, 'f1_macro': 0.8304936502834814, 'prec_macro': 0.5828390395468084, 'rec_macro': 0.6293335197677576, 'f1_micro': 0.9803879310344827, 'prec_micro': 0.9803879310344827, 'rec_micro': 0.9803879310344827}
epoch 46 time: 1.51e+02s, train loss: 23.99, metrics: {'f1': 0.26131386861313866, 'f1_macro': 0.833846587814412, 'prec_macro': 0.5798905950220509, 'rec_macro': 0.625683526856287, 'f1_micro': 0.9803706896551724, 'prec_micro': 0.9803706896551724, 'rec_micro': 0.9803706896551724}
epoch 47 time: 1.51e+02s, train loss: 23.99, metrics: {'f1': 0.25065616797900264, 'f1_macro': 0.8363925538488335, 'prec_macro': 0.5757932651643822, 'rec_macro': 0.6203401389180453, 'f1_micro': 0.9803103448275862, 'prec_micro': 0.9803103448275862, 'rec_micro': 0.9803103448275862}
epoch 48 time: 1.5e+02s, train loss: 24.0, metrics: {'f1': 0.24071469931342543, 'f1_macro': 0.8358844217359862, 'prec_macro': 0.5721693552277176, 'rec_macro': 0.6153464916148287, 'f1_micro': 0.9802176724137931, 'prec_micro': 0.9802176724137931, 'rec_micro': 0.9802176724137931}
epoch 49 time: 1.5e+02s, train loss: 24.01, metrics: {'f1': 0.2489551749569778, 'f1_macro': 0.8326467695429289, 'prec_macro': 0.5753203830268442, 'rec_macro': 0.6194737492916418, 'f1_micro': 0.9802478448275862, 'prec_micro': 0.9802478448275862, 'rec_micro': 0.9802478448275862}
epoch 50 time: 1.52e+02s, train loss: 24.01, metrics: {'f1': 0.24675006131959773, 'f1_macro': 0.8261595379895326, 'prec_macro': 0.5747775827495115, 'rec_macro': 0.6183448319961621, 'f1_micro': 0.9801443965517241, 'prec_micro': 0.9801443965517241, 'rec_micro': 0.9801443965517241}
epoch 51 time: 1.51e+02s, train loss: 24.01, metrics: {'f1': 0.2465101001806536, 'f1_macro': 0.8324207806056203, 'prec_macro': 0.5744263787001403, 'rec_macro': 0.6182453429638328, 'f1_micro': 0.9802241379310345, 'prec_micro': 0.9802241379310345, 'rec_micro': 0.9802241379310345}
epoch 52 time: 1.52e+02s, train loss: 24.01, metrics: {'f1': 0.2411837237977805, 'f1_macro': 0.8266336914164187, 'prec_macro': 0.5727000157660149, 'rec_macro': 0.6155521986407706, 'f1_micro': 0.9801056034482759, 'prec_micro': 0.9801056034482759, 'rec_micro': 0.9801056034482759}
epoch 53 time: 1.53e+02s, train loss: 24.02, metrics: {'f1': 0.2405854300279559, 'f1_macro': 0.8261743793050855, 'prec_macro': 0.5724985337671432, 'rec_macro': 0.6152503385238127, 'f1_micro': 0.9800948275862069, 'prec_micro': 0.9800948275862069, 'rec_micro': 0.9800948275862069}
epoch 54 time: 1.51e+02s, train loss: 24.01, metrics: {'f1': 0.2473757018471804, 'f1_macro': 0.8201263929792655, 'prec_macro': 0.5752768697904189, 'rec_macro': 0.6186376767966003, 'f1_micro': 0.9800668103448276, 'prec_micro': 0.9800668103448276, 'rec_micro': 0.9800668103448276}
epoch 55 time: 1.52e+02s, train loss: 24.0, metrics: {'f1': 0.25324464633354965, 'f1_macro': 0.8234327907558943, 'prec_macro': 0.5773329747560012, 'rec_macro': 0.6215954139678477, 'f1_micro': 0.9801594827586206, 'prec_micro': 0.9801594827586206, 'rec_micro': 0.9801594827586206}
epoch 56 time: 1.52e+02s, train loss: 24.0, metrics: {'f1': 0.26050084006720536, 'f1_macro': 0.8142222479699077, 'prec_macro': 0.5805748192208053, 'rec_macro': 0.62520236437883, 'f1_micro': 0.9800797413793103, 'prec_micro': 0.9800797413793103, 'rec_micro': 0.9800797413793103}
epoch 57 time: 1.52e+02s, train loss: 24.02, metrics: {'f1': 0.25380469245402665, 'f1_macro': 0.794713319857248, 'prec_macro': 0.5790636656664196, 'rec_macro': 0.6217602419298003, 'f1_micro': 0.9797112068965518, 'prec_micro': 0.9797112068965518, 'rec_micro': 0.9797112068965518}
epoch 58 time: 1.52e+02s, train loss: 24.03, metrics: {'f1': 0.25598201381082386, 'f1_macro': 0.8131944885069108, 'prec_macro': 0.578883697102593, 'rec_macro': 0.6229306385569073, 'f1_micro': 0.9800301724137931, 'prec_micro': 0.9800301724137931, 'rec_micro': 0.9800301724137931}
epoch 59 time: 1.52e+02s, train loss: 24.04, metrics: {'f1': 0.24113009198423127, 'f1_macro': 0.8251792615580751, 'prec_macro': 0.5727390981918857, 'rec_macro': 0.615520408594537, 'f1_micro': 0.9800862068965517, 'prec_micro': 0.9800862068965517, 'rec_micro': 0.9800862068965517}
epoch 60 time: 1.51e+02s, train loss: 24.05, metrics: {'f1': 0.2455592105263158, 'f1_macro': 0.8333986355761298, 'prec_macro': 0.5740366300083644, 'rec_macro': 0.6177710884916694, 'f1_micro': 0.9802284482758621, 'prec_micro': 0.9802284482758621, 'rec_micro': 0.9802284482758621}
epoch 61 time: 1.52e+02s, train loss: 24.01, metrics: {'f1': 0.24429486127072728, 'f1_macro': 0.8288326099072003, 'prec_macro': 0.5737564196657197, 'rec_macro': 0.6171213228279171, 'f1_micro': 0.9801594827586206, 'prec_micro': 0.9801594827586206, 'rec_micro': 0.9801594827586206}
epoch 62 time: 1.51e+02s, train loss: 24.0, metrics: {'f1': 0.24154668860551215, 'f1_macro': 0.8284098202618604, 'prec_macro': 0.5727622249773286, 'rec_macro': 0.6157402873990223, 'f1_micro': 0.9801314655172414, 'prec_micro': 0.9801314655172414, 'rec_micro': 0.9801314655172414}
epoch 63 time: 1.52e+02s, train loss: 24.01, metrics: {'f1': 0.23515850144092218, 'f1_macro': 0.8206847666067825, 'prec_macro': 0.5707253794786661, 'rec_macro': 0.6125080331150541, 'f1_micro': 0.9799806034482759, 'prec_micro': 0.9799806034482759, 'rec_micro': 0.9799806034482759}
epoch 64 time: 1.51e+02s, train loss: 24.01, metrics: {'f1': 0.2396320932906299, 'f1_macro': 0.8229680416702383, 'prec_macro': 0.5722772288093205, 'rec_macro': 0.6147610305559614, 'f1_micro': 0.9800452586206897, 'prec_micro': 0.9800452586206897, 'rec_micro': 0.9800452586206897}
epoch 65 time: 1.51e+02s, train loss: 24.02, metrics: {'f1': 0.2396396396396396, 'f1_macro': 0.8189508827046845, 'prec_macro': 0.5724456725432737, 'rec_macro': 0.614750972158238, 'f1_micro': 0.9799913793103449, 'prec_micro': 0.9799913793103449, 'rec_micro': 0.9799913793103449}
epoch 66 time: 1.51e+02s, train loss: 24.02, metrics: {'f1': 0.23582358235823583, 'f1_macro': 0.8124045577170578, 'prec_macro': 0.5713072364733042, 'rec_macro': 0.6128128535533369, 'f1_micro': 0.9798728448275862, 'prec_micro': 0.9798728448275862, 'rec_micro': 0.9798728448275862}
epoch 67 time: 1.51e+02s, train loss: 24.03, metrics: {'f1': 0.23762213646440597, 'f1_macro': 0.8199229846521361, 'prec_macro': 0.5716606687822353, 'rec_macro': 0.6137418461899043, 'f1_micro': 0.979989224137931, 'prec_micro': 0.979989224137931, 'rec_micro': 0.979989224137931}
epoch 68 time: 1.51e+02s, train loss: 24.01, metrics: {'f1': 0.23991419849847373, 'f1_macro': 0.8304884738709915, 'prec_macro': 0.5720829179554638, 'rec_macro': 0.6149275047285633, 'f1_micro': 0.9801443965517241, 'prec_micro': 0.9801443965517241, 'rec_micro': 0.9801443965517241}
epoch 69 time: 1.51e+02s, train loss: 24.01, metrics: {'f1': 0.24550455702438626, 'f1_macro': 0.8308939722655246, 'prec_macro': 0.5741180986865978, 'rec_macro': 0.6177354684587002, 'f1_micro': 0.9801961206896552, 'prec_micro': 0.9801961206896552, 'rec_micro': 0.9801961206896552}
epoch 70 time: 1.51e+02s, train loss: 24.0, metrics: {'f1': 0.24578904333605886, 'f1_macro': 0.8249682379645676, 'prec_macro': 0.5744715052869636, 'rec_macro': 0.6178583226224176, 'f1_micro': 0.9801206896551724, 'prec_micro': 0.9801206896551724, 'rec_micro': 0.9801206896551724}
epoch 71 time: 1.52e+02s, train loss: 24.0, metrics: {'f1': 0.25221995926680246, 'f1_macro': 0.8282694831209576, 'prec_macro': 0.5767257884249256, 'rec_macro': 0.6210981037973151, 'f1_micro': 0.9802176724137931, 'prec_micro': 0.9802176724137931, 'rec_micro': 0.9802176724137931}
epoch 72 time: 1.51e+02s, train loss: 24.0, metrics: {'f1': 0.25787593374472234, 'f1_macro': 0.8309529020400996, 'prec_macro': 0.5787284943831724, 'rec_macro': 0.623947162184281, 'f1_micro': 0.980301724137931, 'prec_micro': 0.980301724137931, 'rec_micro': 0.980301724137931}
epoch 73 time: 1.51e+02s, train loss: 24.01, metrics: {'f1': 0.25079598334557923, 'f1_macro': 0.829479423392126, 'prec_macro': 0.5761400641117643, 'rec_macro': 0.6203873501337687, 'f1_micro': 0.9802219827586207, 'prec_micro': 0.9802219827586207, 'rec_micro': 0.9802219827586207}
epoch 74 time: 1.53e+02s, train loss: 24.01, metrics: {'f1': 0.25279843124438267, 'f1_macro': 0.8334269816565072, 'prec_macro': 0.5767142378864869, 'rec_macro': 0.6214061006063739, 'f1_micro': 0.980290948275862, 'prec_micro': 0.980290948275862, 'rec_micro': 0.980290948275862}
epoch 75 time: 1.52e+02s, train loss: 24.01, metrics: {'f1': 0.24928155020937684, 'f1_macro': 0.8361509038302732, 'prec_macro': 0.575295617182438, 'rec_macro': 0.6196490791291648, 'f1_micro': 0.9802952586206897, 'prec_micro': 0.9802952586206897, 'rec_micro': 0.9802952586206897}
epoch 76 time: 1.51e+02s, train loss: 24.01, metrics: {'f1': 0.24629812438302073, 'f1_macro': 0.8349526335733233, 'prec_macro': 0.574245820935717, 'rec_macro': 0.6181471186290696, 'f1_micro': 0.9802543103448276, 'prec_micro': 0.9802543103448276, 'rec_micro': 0.9802543103448276}
epoch 77 time: 1.52e+02s, train loss: 24.0, metrics: {'f1': 0.2500822097994081, 'f1_macro': 0.8392143252678479, 'prec_macro': 0.57546572568392, 'rec_macro': 0.6200609556153344, 'f1_micro': 0.9803405172413793, 'prec_micro': 0.9803405172413793, 'rec_micro': 0.9803405172413793}
epoch 78 time: 1.54e+02s, train loss: 24.01, metrics: {'f1': 0.24856251026778378, 'f1_macro': 0.8357929080847106, 'prec_macro': 0.57504514127822, 'rec_macro': 0.6192868566346136, 'f1_micro': 0.9802844827586207, 'prec_micro': 0.9802844827586207, 'rec_micro': 0.9802844827586207}
epoch 79 time: 1.53e+02s, train loss: 24.0, metrics: {'f1': 0.25976992738843113, 'f1_macro': 0.840651948221443, 'prec_macro': 0.5789982554628755, 'rec_macro': 0.6249310628726968, 'f1_micro': 0.9804461206896552, 'prec_micro': 0.9804461206896552, 'rec_micro': 0.9804461206896552}
epoch 80 time: 1.52e+02s, train loss: 24.0, metrics: {'f1': 0.25071364489030257, 'f1_macro': 0.8279173335096383, 'prec_macro': 0.5761780452621378, 'rec_macro': 0.6203406551747828, 'f1_micro': 0.9802004310344827, 'prec_micro': 0.9802004310344827, 'rec_micro': 0.9802004310344827}
epoch 81 time: 1.52e+02s, train loss: 24.0, metrics: {'f1': 0.2517997382198953, 'f1_macro': 0.8339261488976097, 'prec_macro': 0.576321185368219, 'rec_macro': 0.6209062898940696, 'f1_micro': 0.9802887931034483, 'prec_micro': 0.9802887931034483, 'rec_micro': 0.9802887931034483}
epoch 82 time: 1.52e+02s, train loss: 24.0, metrics: {'f1': 0.24983681462140994, 'f1_macro': 0.8273330481311423, 'prec_macro': 0.5758763729015789, 'rec_macro': 0.6198984453999525, 'f1_micro': 0.9801853448275862, 'prec_micro': 0.9801853448275862, 'rec_micro': 0.9801853448275862}
epoch 83 time: 1.52e+02s, train loss: 24.01, metrics: {'f1': 0.25162972620599744, 'f1_macro': 0.8278340478087861, 'prec_macro': 0.5765243064260539, 'rec_macro': 0.6208002736179115, 'f1_micro': 0.9802068965517241, 'prec_micro': 0.9802068965517241, 'rec_micro': 0.9802068965517241}
epoch 84 time: 1.51e+02s, train loss: 24.01, metrics: {'f1': 0.24647193961273384, 'f1_macro': 0.8311004040552711, 'prec_macro': 0.5744665624015084, 'rec_macro': 0.6182218402688635, 'f1_micro': 0.9802068965517241, 'prec_micro': 0.9802068965517241, 'rec_micro': 0.9802068965517241}
epoch 85 time: 1.51e+02s, train loss: 24.02, metrics: {'f1': 0.23855322646937935, 'f1_macro': 0.8229533648369288, 'prec_macro': 0.5718808724645608, 'rec_macro': 0.6142194795807018, 'f1_micro': 0.9800366379310345, 'prec_micro': 0.9800366379310345, 'rec_micro': 0.9800366379310345}
epoch 86 time: 1.51e+02s, train loss: 24.02, metrics: {'f1': 0.2384432219394039, 'f1_macro': 0.821065795861864, 'prec_macro': 0.5719166510639397, 'rec_macro': 0.6141578485095704, 'f1_micro': 0.980010775862069, 'prec_micro': 0.980010775862069, 'rec_micro': 0.980010775862069}
epoch 87 time: 1.5e+02s, train loss: 24.04, metrics: {'f1': 0.24001967374374947, 'f1_macro': 0.8208051674784036, 'prec_macro': 0.5725089830300847, 'rec_macro': 0.6149481477057787, 'f1_micro': 0.9800193965517241, 'prec_micro': 0.9800193965517241, 'rec_micro': 0.9800193965517241}
epoch 88 time: 1.51e+02s, train loss: 24.05, metrics: {'f1': 0.24048358111419704, 'f1_macro': 0.8163056017411798, 'prec_macro': 0.5728711998344287, 'rec_macro': 0.6151651218302078, 'f1_micro': 0.9799612068965518, 'prec_micro': 0.9799612068965518, 'rec_micro': 0.9799612068965518}
epoch 89 time: 1.52e+02s, train loss: 24.04, metrics: {'f1': 0.2486142810564069, 'f1_macro': 0.8242490052899725, 'prec_macro': 0.5755559788575663, 'rec_macro': 0.6192740085638296, 'f1_micro': 0.9801336206896551, 'prec_micro': 0.9801336206896551, 'rec_micro': 0.9801336206896551}
epoch 90 time: 1.51e+02s, train loss: 24.05, metrics: {'f1': 0.24523071906081853, 'f1_macro': 0.8199229392860805, 'prec_macro': 0.5744830558254023, 'rec_macro': 0.6175603981551628, 'f1_micro': 0.9800474137931035, 'prec_micro': 0.9800474137931035, 'rec_micro': 0.9800474137931035}
epoch 91 time: 1.51e+02s, train loss: 24.07, metrics: {'f1': 0.24572266579762103, 'f1_macro': 0.819651131708198, 'prec_macro': 0.5746790314467876, 'rec_macro': 0.6178063273622199, 'f1_micro': 0.9800474137931035, 'prec_micro': 0.9800474137931035, 'rec_micro': 0.9800474137931035}
epoch 92 time: 1.51e+02s, train loss: 24.06, metrics: {'f1': 0.26026846716501884, 'f1_macro': 0.8200062375130837, 'prec_macro': 0.5801779250925797, 'rec_macro': 0.6251083422964208, 'f1_micro': 0.9801659482758621, 'prec_micro': 0.9801659482758621, 'rec_micro': 0.9801659482758621}
epoch 93 time: 1.51e+02s, train loss: 24.06, metrics: {'f1': 0.2591979831403135, 'f1_macro': 0.7942461409451509, 'prec_macro': 0.5812315115321279, 'rec_macro': 0.6244624636074076, 'f1_micro': 0.9797349137931034, 'prec_micro': 0.9797349137931034, 'rec_micro': 0.9797349137931034}
epoch 94 time: 1.52e+02s, train loss: 24.09, metrics: {'f1': 0.24529039318377238, 'f1_macro': 0.7698630052356219, 'prec_macro': 0.5772304533004926, 'rec_macro': 0.6173704336147674, 'f1_micro': 0.9791918103448276, 'prec_micro': 0.9791918103448276, 'rec_micro': 0.9791918103448276}
epoch 95 time: 1.53e+02s, train loss: 24.15, metrics: {'f1': 0.16666666666666666, 'f1_macro': 0.711301093365861, 'prec_macro': 0.5499225098712114, 'rec_macro': 0.5777365221506315, 'f1_micro': 0.9779094827586207, 'prec_micro': 0.9779094827586207, 'rec_micro': 0.9779094827586207}
epoch 96 time: 1.52e+02s, train loss: 24.41, metrics: {'f1': 0.10541847692433806, 'f1_macro': 0.6348395742530625, 'prec_macro': 0.5304766923742191, 'rec_macro': 0.5467510663265195, 'f1_micro': 0.9764806034482758, 'prec_micro': 0.9764806034482758, 'rec_micro': 0.9764806034482758}
epoch 97 time: 1.53e+02s, train loss: 24.34, metrics: {'f1': 0.1519402740175568, 'f1_macro': 0.6998878314247007, 'prec_macro': 0.544976302273662, 'rec_macro': 0.5703265052987422, 'f1_micro': 0.9777219827586207, 'prec_micro': 0.9777219827586207, 'rec_micro': 0.9777219827586207}
epoch 98 time: 1.52e+02s, train loss: 24.23, metrics: {'f1': 0.17883241645455292, 'f1_macro': 0.7380977020356135, 'prec_macro': 0.553332337412199, 'rec_macro': 0.5839560801018022, 'f1_micro': 0.9784461206896552, 'prec_micro': 0.9784461206896552, 'rec_micro': 0.9784461206896552}
epoch 99 time: 1.52e+02s, train loss: 24.22, metrics: {'f1': 0.19520604170087014, 'f1_macro': 0.7605852049297213, 'prec_macro': 0.5584486792197955, 'rec_macro': 0.5922504289599066, 'f1_micro': 0.9788706896551724, 'prec_micro': 0.9788706896551724, 'rec_micro': 0.9788706896551724}
epoch 100 time: 1.52e+02s, train loss: 24.21, metrics: {'f1': 0.19978606105488356, 'f1_macro': 0.7699743011002909, 'prec_macro': 0.5597605276177386, 'rec_macro': 0.594583737599693, 'f1_micro': 0.9790409482758621, 'prec_micro': 0.9790409482758621, 'rec_micro': 0.9790409482758621}
post-training summary -- best {'f1': 0.2758401019270585, 'f1_macro': 0.8271110173394527, 'prec_macro': 0.5858342754259177, 'rec_macro': 0.6329530514157699, 'f1_micro': 0.9804008620689655, 'prec_micro': 0.9804008620689655, 'rec_micro': 0.9804008620689655}
run 2 start -- seed=1
initialized continuityBERT with 628261 parameters.
/home/azureuser/.local/lib/python3.8/site-packages/sklearn/metrics/_classification.py:1344: UndefinedMetricWarning: Precision and F-score are ill-defined and being set to 0.0 in labels with no predicted samples. Use `zero_division` parameter to control this behavior.
  _warn_prf(average, modifier, msg_start, len(result))
epoch 1 time: 1.48e+02s, train loss: 24.71, metrics: {'f1': 0.0, 'f1_macro': 0.4892446120689655, 'prec_macro': 0.5, 'rec_macro': 0.49456383800335285, 'f1_micro': 0.978489224137931, 'prec_micro': 0.978489224137931, 'rec_micro': 0.978489224137931}
epoch 2 time: 1.49e+02s, train loss: 24.63, metrics: {'f1': 0.016033254156769598, 'f1_macro': 0.8185973605177193, 'prec_macro': 0.504011456077446, 'rec_macro': 0.5026009808613842, 'f1_micro': 0.978573275862069, 'prec_micro': 0.978573275862069, 'rec_micro': 0.978573275862069}
epoch 3 time: 1.49e+02s, train loss: 24.43, metrics: {'f1': 0.17840144428032167, 'f1_macro': 0.7368554466759762, 'prec_macro': 0.5532222355710362, 'rec_macro': 0.583734546694055, 'f1_micro': 0.9784224137931035, 'prec_micro': 0.9784224137931035, 'rec_micro': 0.9784224137931035}
epoch 4 time: 1.49e+02s, train loss: 24.3, metrics: {'f1': 0.22421812349639134, 'f1_macro': 0.7715368736999113, 'prec_macro': 0.5688315712518233, 'rec_macro': 0.6068257832100812, 'f1_micro': 0.9791508620689655, 'prec_micro': 0.9791508620689655, 'rec_micro': 0.9791508620689655}
epoch 5 time: 1.48e+02s, train loss: 24.25, metrics: {'f1': 0.20048612857262596, 'f1_macro': 0.7971601197561591, 'prec_macro': 0.5590834745639992, 'rec_macro': 0.5950365787486516, 'f1_micro': 0.9794418103448276, 'prec_micro': 0.9794418103448276, 'rec_micro': 0.9794418103448276}
epoch 6 time: 1.5e+02s, train loss: 24.2, metrics: {'f1': 0.25396322130627774, 'f1_macro': 0.7949041569185704, 'prec_macro': 0.5791148621227605, 'rec_macro': 0.6218405987936351, 'f1_micro': 0.9797155172413793, 'prec_micro': 0.9797155172413793, 'rec_micro': 0.9797155172413793}
epoch 7 time: 1.51e+02s, train loss: 24.17, metrics: {'f1': 0.23304291181499875, 'f1_macro': 0.8018276972624798, 'prec_macro': 0.5707291953800585, 'rec_macro': 0.6113785026652929, 'f1_micro': 0.9797004310344828, 'prec_micro': 0.9797004310344828, 'rec_micro': 0.9797004310344828}
epoch 8 time: 1.51e+02s, train loss: 24.12, metrics: {'f1': 0.21993070450420724, 'f1_macro': 0.801940964735473, 'prec_macro': 0.5658870454627196, 'rec_macro': 0.6048030926498422, 'f1_micro': 0.9796206896551725, 'prec_micro': 0.9796206896551725, 'rec_micro': 0.9796206896551725}
epoch 9 time: 1.49e+02s, train loss: 24.11, metrics: {'f1': 0.23143322475570036, 'f1_macro': 0.7997773431940943, 'prec_macro': 0.570218332092147, 'rec_macro': 0.6105632904017002, 'f1_micro': 0.9796594827586207, 'prec_micro': 0.9796594827586207, 'rec_micro': 0.9796594827586207}
epoch 10 time: 1.5e+02s, train loss: 24.11, metrics: {'f1': 0.262879684418146, 'f1_macro': 0.8001931862274716, 'prec_macro': 0.5823264600742375, 'rec_macro': 0.6263361905006635, 'f1_micro': 0.9798642241379311, 'prec_micro': 0.9798642241379311, 'rec_micro': 0.9798642241379311}
epoch 11 time: 1.5e+02s, train loss: 24.09, metrics: {'f1': 0.226966661192314, 'f1_macro': 0.8052095527168116, 'prec_macro': 0.5683340003955751, 'rec_macro': 0.6083436855559636, 'f1_micro': 0.9797112068965518, 'prec_micro': 0.9797112068965518, 'rec_micro': 0.9797112068965518}
epoch 12 time: 1.49e+02s, train loss: 24.09, metrics: {'f1': 0.2254149120634134, 'f1_macro': 0.8110952353216883, 'prec_macro': 0.567537446096098, 'rec_macro': 0.6075862022553211, 'f1_micro': 0.9797823275862069, 'prec_micro': 0.9797823275862069, 'rec_micro': 0.9797823275862069}
epoch 13 time: 1.5e+02s, train loss: 24.07, metrics: {'f1': 0.24301023285794862, 'f1_macro': 0.801109609704791, 'prec_macro': 0.5745281567036601, 'rec_macro': 0.6163745392813677, 'f1_micro': 0.9797521551724138, 'prec_micro': 0.9797521551724138, 'rec_micro': 0.9797521551724138}
epoch 14 time: 1.49e+02s, train loss: 24.07, metrics: {'f1': 0.23869918699186993, 'f1_macro': 0.807296170186576, 'prec_macro': 0.5726025400302228, 'rec_macro': 0.6142365652115623, 'f1_micro': 0.9798189655172413, 'prec_micro': 0.9798189655172413, 'rec_micro': 0.9798189655172413}
epoch 15 time: 1.49e+02s, train loss: 24.07, metrics: {'f1': 0.23307345096430038, 'f1_macro': 0.8128723163702725, 'prec_macro': 0.5702717568080478, 'rec_macro': 0.6114347125210172, 'f1_micro': 0.9798599137931034, 'prec_micro': 0.9798599137931034, 'rec_micro': 0.9798599137931034}
epoch 16 time: 1.49e+02s, train loss: 24.06, metrics: {'f1': 0.245914900501537, 'f1_macro': 0.8100291319968249, 'prec_macro': 0.5751964766791174, 'rec_macro': 0.6178670105791952, 'f1_micro': 0.9799094827586207, 'prec_micro': 0.9799094827586207, 'rec_micro': 0.9799094827586207}
epoch 17 time: 1.49e+02s, train loss: 24.06, metrics: {'f1': 0.24525998860769796, 'f1_macro': 0.8172960231682511, 'prec_macro': 0.5746113158579875, 'rec_macro': 0.617565623558057, 'f1_micro': 0.980010775862069, 'prec_micro': 0.980010775862069, 'rec_micro': 0.980010775862069}
epoch 18 time: 1.49e+02s, train loss: 24.05, metrics: {'f1': 0.26443914081145586, 'f1_macro': 0.811958609212736, 'prec_macro': 0.5822373081760885, 'rec_macro': 0.6271694846536771, 'f1_micro': 0.9800732758620689, 'prec_micro': 0.9800732758620689, 'rec_micro': 0.9800732758620689}
epoch 19 time: 1.49e+02s, train loss: 24.05, metrics: {'f1': 0.23021701460516547, 'f1_macro': 0.8169444919298663, 'prec_macro': 0.5690645295823462, 'rec_macro': 0.610015596760711, 'f1_micro': 0.9798943965517242, 'prec_micro': 0.9798943965517242, 'rec_micro': 0.9798943965517242}
epoch 20 time: 1.48e+02s, train loss: 24.06, metrics: {'f1': 0.23723821989528796, 'f1_macro': 0.813990277193881, 'prec_macro': 0.5717647007538803, 'rec_macro': 0.6135283453938667, 'f1_micro': 0.9799051724137932, 'prec_micro': 0.9799051724137932, 'rec_micro': 0.9799051724137932}
epoch 21 time: 1.49e+02s, train loss: 24.06, metrics: {'f1': 0.2348052794525012, 'f1_macro': 0.8049688932304302, 'prec_macro': 0.5712488688719484, 'rec_macro': 0.6122744681989598, 'f1_micro': 0.9797586206896551, 'prec_micro': 0.9797586206896551, 'rec_micro': 0.9797586206896551}
epoch 22 time: 1.49e+02s, train loss: 24.04, metrics: {'f1': 0.23583360628889613, 'f1_macro': 0.8134771047616982, 'prec_macro': 0.5712659514964389, 'rec_macro': 0.6128217374742274, 'f1_micro': 0.9798879310344828, 'prec_micro': 0.9798879310344828, 'rec_micro': 0.9798879310344828}
epoch 23 time: 1.49e+02s, train loss: 24.04, metrics: {'f1': 0.23584672435105067, 'f1_macro': 0.8229163697525481, 'prec_macro': 0.5708899816026616, 'rec_macro': 0.6128609348527212, 'f1_micro': 0.9800150862068966, 'prec_micro': 0.9800150862068966, 'rec_micro': 0.9800150862068966}
epoch 24 time: 1.49e+02s, train loss: 24.03, metrics: {'f1': 0.2575721057282879, 'f1_macro': 0.8159440213464102, 'prec_macro': 0.5793521741381419, 'rec_macro': 0.6237393761561871, 'f1_micro': 0.9800840517241379, 'prec_micro': 0.9800840517241379, 'rec_micro': 0.9800840517241379}
epoch 25 time: 1.51e+02s, train loss: 24.03, metrics: {'f1': 0.2653272741768317, 'f1_macro': 0.8157342470042882, 'prec_macro': 0.5823694355271969, 'rec_macro': 0.6276306317151433, 'f1_micro': 0.9801400862068965, 'prec_micro': 0.9801400862068965, 'rec_micro': 0.9801400862068965}
epoch 26 time: 1.51e+02s, train loss: 24.02, metrics: {'f1': 0.2513758497895759, 'f1_macro': 0.8178187467042912, 'prec_macro': 0.5768925673913503, 'rec_macro': 0.6206368351699604, 'f1_micro': 0.9800646551724138, 'prec_micro': 0.9800646551724138, 'rec_micro': 0.9800646551724138}
epoch 27 time: 1.5e+02s, train loss: 24.02, metrics: {'f1': 0.23598381636528776, 'f1_macro': 0.8261879930647313, 'prec_macro': 0.5708140193019144, 'rec_macro': 0.6129405318695753, 'f1_micro': 0.9800581896551724, 'prec_micro': 0.9800581896551724, 'rec_micro': 0.9800581896551724}
epoch 28 time: 1.5e+02s, train loss: 24.01, metrics: {'f1': 0.247282830759173, 'f1_macro': 0.826158431038758, 'prec_macro': 0.5749757609218914, 'rec_macro': 0.618612275744113, 'f1_micro': 0.9801487068965518, 'prec_micro': 0.9801487068965518, 'rec_micro': 0.9801487068965518}
epoch 29 time: 1.49e+02s, train loss: 24.01, metrics: {'f1': 0.2659972906207666, 'f1_macro': 0.8159543149676972, 'prec_macro': 0.5826188101559175, 'rec_macro': 0.6279677916655677, 'f1_micro': 0.9801487068965518, 'prec_micro': 0.9801487068965518, 'rec_micro': 0.9801487068965518}
epoch 30 time: 1.5e+02s, train loss: 24.01, metrics: {'f1': 0.24916374316716974, 'f1_macro': 0.8263021222410595, 'prec_macro': 0.5756704858007181, 'rec_macro': 0.6195569901485097, 'f1_micro': 0.9801659482758621, 'prec_micro': 0.9801659482758621, 'rec_micro': 0.9801659482758621}
epoch 31 time: 1.5e+02s, train loss: 24.01, metrics: {'f1': 0.25085130533484673, 'f1_macro': 0.8195945966080825, 'prec_macro': 0.5766096167142452, 'rec_macro': 0.6203801448075705, 'f1_micro': 0.9800862068965517, 'prec_micro': 0.9800862068965517, 'rec_micro': 0.9800862068965517}
epoch 32 time: 1.5e+02s, train loss: 24.02, metrics: {'f1': 0.25087051583124137, 'f1_macro': 0.8179364410074152, 'prec_macro': 0.5766954904944677, 'rec_macro': 0.6203836607459566, 'f1_micro': 0.9800625, 'prec_micro': 0.9800625, 'rec_micro': 0.9800625}
epoch 33 time: 1.5e+02s, train loss: 24.01, metrics: {'f1': 0.23672131147540987, 'f1_macro': 0.816128229917867, 'prec_macro': 0.5714839526277697, 'rec_macro': 0.6132765762443657, 'f1_micro': 0.9799310344827586, 'prec_micro': 0.9799310344827586, 'rec_micro': 0.9799310344827586}
epoch 34 time: 1.49e+02s, train loss: 24.01, metrics: {'f1': 0.23468879668049794, 'f1_macro': 0.8324379415291183, 'prec_macro': 0.5701132502621354, 'rec_macro': 0.6123102807574115, 'f1_micro': 0.980125, 'prec_micro': 0.980125, 'rec_micro': 0.980125}
epoch 35 time: 1.49e+02s, train loss: 24.02, metrics: {'f1': 0.25487498988591306, 'f1_macro': 0.8220557871708147, 'prec_macro': 0.5780155856043578, 'rec_macro': 0.622408777356042, 'f1_micro': 0.9801530172413793, 'prec_micro': 0.9801530172413793, 'rec_micro': 0.9801530172413793}
epoch 36 time: 1.5e+02s, train loss: 24.02, metrics: {'f1': 0.2742569586412958, 'f1_macro': 0.8096682583793097, 'prec_macro': 0.5862724288224433, 'rec_macro': 0.6320863174514098, 'f1_micro': 0.9801077586206897, 'prec_micro': 0.9801077586206897, 'rec_micro': 0.9801077586206897}
epoch 37 time: 1.49e+02s, train loss: 24.02, metrics: {'f1': 0.25474914758889433, 'f1_macro': 0.8265762362482387, 'prec_macro': 0.5777535591617011, 'rec_macro': 0.6223619165619145, 'f1_micro': 0.9802155172413793, 'prec_micro': 0.9802155172413793, 'rec_micro': 0.9802155172413793}
epoch 38 time: 1.5e+02s, train loss: 24.01, metrics: {'f1': 0.25747052172508483, 'f1_macro': 0.8228602978535582, 'prec_macro': 0.5789629889383971, 'rec_macro': 0.6237146081449244, 'f1_micro': 0.9801853448275862, 'prec_micro': 0.9801853448275862, 'rec_micro': 0.9801853448275862}
epoch 39 time: 1.49e+02s, train loss: 24.01, metrics: {'f1': 0.2580072609923356, 'f1_macro': 0.8221134757916952, 'prec_macro': 0.5792046546386369, 'rec_macro': 0.6239812682329648, 'f1_micro': 0.9801788793103449, 'prec_micro': 0.9801788793103449, 'rec_micro': 0.9801788793103449}
epoch 40 time: 1.49e+02s, train loss: 24.01, metrics: {'f1': 0.25012149684108215, 'f1_macro': 0.8172888893784114, 'prec_macro': 0.5764428120392552, 'rec_macro': 0.6200053453971284, 'f1_micro': 0.9800474137931035, 'prec_micro': 0.9800474137931035, 'rec_micro': 0.9800474137931035}
epoch 41 time: 1.49e+02s, train loss: 24.01, metrics: {'f1': 0.2448679152694856, 'f1_macro': 0.8240724175309685, 'prec_macro': 0.5741676303754101, 'rec_macro': 0.6173928612058244, 'f1_micro': 0.9801012931034483, 'prec_micro': 0.9801012931034483, 'rec_micro': 0.9801012931034483}
epoch 42 time: 1.5e+02s, train loss: 24.0, metrics: {'f1': 0.24027516173941527, 'f1_macro': 0.8197048916185343, 'prec_macro': 0.57264935709314, 'rec_macro': 0.6150725495142316, 'f1_micro': 0.9800064655172414, 'prec_micro': 0.9800064655172414, 'rec_micro': 0.9800064655172414}
epoch 43 time: 1.49e+02s, train loss: 24.0, metrics: {'f1': 0.24007855330987643, 'f1_macro': 0.8182362822987823, 'prec_macro': 0.5726383443381672, 'rec_macro': 0.6149687301584582, 'f1_micro': 0.9799849137931035, 'prec_micro': 0.9799849137931035, 'rec_micro': 0.9799849137931035}
epoch 44 time: 1.5e+02s, train loss: 24.01, metrics: {'f1': 0.24057804417439857, 'f1_macro': 0.8240371050071568, 'prec_macro': 0.5725822049963712, 'rec_macro': 0.6152394545407027, 'f1_micro': 0.9800668103448276, 'prec_micro': 0.9800668103448276, 'rec_micro': 0.9800668103448276}
epoch 45 time: 1.49e+02s, train loss: 24.0, metrics: {'f1': 0.2539656977212336, 'f1_macro': 0.8143169677154232, 'prec_macro': 0.5780519019872028, 'rec_macro': 0.6219232200566115, 'f1_micro': 0.9800323275862068, 'prec_micro': 0.9800323275862068, 'rec_micro': 0.9800323275862068}
epoch 46 time: 1.5e+02s, train loss: 24.0, metrics: {'f1': 0.2637592532990023, 'f1_macro': 0.8258629953960155, 'prec_macro': 0.5812161708008621, 'rec_macro': 0.6268827503798031, 'f1_micro': 0.9802801724137931, 'prec_micro': 0.9802801724137931, 'rec_micro': 0.9802801724137931}
epoch 47 time: 1.5e+02s, train loss: 24.0, metrics: {'f1': 0.25906988069150233, 'f1_macro': 0.831944282450066, 'prec_macro': 0.5791325596564131, 'rec_macro': 0.6245501148774375, 'f1_micro': 0.9803254310344828, 'prec_micro': 0.9803254310344828, 'rec_micro': 0.9803254310344828}
epoch 48 time: 1.5e+02s, train loss: 24.0, metrics: {'f1': 0.25808019441069263, 'f1_macro': 0.8278438539903965, 'prec_macro': 0.5789525396754557, 'rec_macro': 0.6240387593652209, 'f1_micro': 0.980260775862069, 'prec_micro': 0.980260775862069, 'rec_micro': 0.980260775862069}
epoch 49 time: 1.51e+02s, train loss: 24.01, metrics: {'f1': 0.26249799067674007, 'f1_macro': 0.8227320448188449, 'prec_macro': 0.5808935742058547, 'rec_macro': 0.6262378436691147, 'f1_micro': 0.9802241379310345, 'prec_micro': 0.9802241379310345, 'rec_micro': 0.9802241379310345}
epoch 50 time: 1.5e+02s, train loss: 24.0, metrics: {'f1': 0.2750397456279809, 'f1_macro': 0.8238790691714306, 'prec_macro': 0.5857076544522958, 'rec_macro': 0.6325385527641773, 'f1_micro': 0.9803448275862069, 'prec_micro': 0.9803448275862069, 'rec_micro': 0.9803448275862069}
epoch 51 time: 1.5e+02s, train loss: 24.0, metrics: {'f1': 0.26691336175689806, 'f1_macro': 0.8295561539532941, 'prec_macro': 0.5822367961011878, 'rec_macro': 0.6284799942496968, 'f1_micro': 0.9803599137931035, 'prec_micro': 0.9803599137931035, 'rec_micro': 0.9803599137931035}
epoch 52 time: 1.5e+02s, train loss: 24.0, metrics: {'f1': 0.25675235925805406, 'f1_macro': 0.8323103629511133, 'prec_macro': 0.5782429604316983, 'rec_macro': 0.6233876898484418, 'f1_micro': 0.9803103448275862, 'prec_micro': 0.9803103448275862, 'rec_micro': 0.9803103448275862}
epoch 53 time: 1.5e+02s, train loss: 23.99, metrics: {'f1': 0.2687525070196551, 'f1_macro': 0.8281592053851399, 'prec_macro': 0.5830184960357345, 'rec_macro': 0.6293982898055454, 'f1_micro': 0.9803556034482759, 'prec_micro': 0.9803556034482759, 'rec_micro': 0.9803556034482759}
epoch 54 time: 1.51e+02s, train loss: 24.0, metrics: {'f1': 0.2650371435418164, 'f1_macro': 0.8178151574849277, 'prec_macro': 0.5821398838574271, 'rec_macro': 0.6274933445952486, 'f1_micro': 0.9801702586206896, 'prec_micro': 0.9801702586206896, 'rec_micro': 0.9801702586206896}
epoch 55 time: 1.51e+02s, train loss: 24.02, metrics: {'f1': 0.2637711024807799, 'f1_macro': 0.806616251600667, 'prec_macro': 0.5822879411403981, 'rec_macro': 0.6268117187571562, 'f1_micro': 0.9799806034482759, 'prec_micro': 0.9799806034482759, 'rec_micro': 0.9799806034482759}
epoch 56 time: 1.51e+02s, train loss: 24.03, metrics: {'f1': 0.28322032577351725, 'f1_macro': 0.8099201462400445, 'prec_macro': 0.5898853260041351, 'rec_macro': 0.6365854078961504, 'f1_micro': 0.9801788793103449, 'prec_micro': 0.9801788793103449, 'rec_micro': 0.9801788793103449}
epoch 57 time: 1.5e+02s, train loss: 24.02, metrics: {'f1': 0.27863679394130636, 'f1_macro': 0.8187396974691405, 'prec_macro': 0.5874450044328287, 'rec_macro': 0.6343234443637074, 'f1_micro': 0.9802931034482759, 'prec_micro': 0.9802931034482759, 'rec_micro': 0.9802931034482759}
epoch 58 time: 1.51e+02s, train loss: 24.0, metrics: {'f1': 0.2728573700111306, 'f1_macro': 0.8214248303902609, 'prec_macro': 0.584993106614518, 'rec_macro': 0.6314331747381695, 'f1_micro': 0.9802887931034483, 'prec_micro': 0.9802887931034483, 'rec_micro': 0.9802887931034483}
epoch 59 time: 1.52e+02s, train loss: 24.02, metrics: {'f1': 0.2585397442124008, 'f1_macro': 0.8274129649486119, 'prec_macro': 0.5791474140213437, 'rec_macro': 0.6242679390447333, 'f1_micro': 0.9802586206896552, 'prec_micro': 0.9802586206896552, 'rec_micro': 0.9802586206896552}
epoch 60 time: 1.52e+02s, train loss: 24.02, metrics: {'f1': 0.2533701477992529, 'f1_macro': 0.8252132661893783, 'prec_macro': 0.5772971961566222, 'rec_macro': 0.6216647940220265, 'f1_micro': 0.9801853448275862, 'prec_micro': 0.9801853448275862, 'rec_micro': 0.9801853448275862}
epoch 61 time: 1.51e+02s, train loss: 24.03, metrics: {'f1': 0.25097402597402596, 'f1_macro': 0.8213476212474595, 'prec_macro': 0.5765738381148662, 'rec_macro': 0.6204481347762842, 'f1_micro': 0.9801120689655173, 'prec_micro': 0.9801120689655173, 'rec_micro': 0.9801120689655173}
epoch 62 time: 1.52e+02s, train loss: 24.01, metrics: {'f1': 0.24405679513184586, 'f1_macro': 0.811638034075991, 'prec_macro': 0.5744180805710627, 'rec_macro': 0.6169408938118617, 'f1_micro': 0.9799202586206897, 'prec_micro': 0.9799202586206897, 'rec_micro': 0.9799202586206897}
epoch 63 time: 1.52e+02s, train loss: 24.03, metrics: {'f1': 0.2629330802088277, 'f1_macro': 0.8032724668253, 'prec_macro': 0.5821580163402843, 'rec_macro': 0.6263767282493801, 'f1_micro': 0.9799181034482759, 'prec_micro': 0.9799181034482759, 'rec_micro': 0.9799181034482759}
epoch 64 time: 1.52e+02s, train loss: 24.04, metrics: {'f1': 0.27504111520087715, 'f1_macro': 0.8060043666247664, 'prec_macro': 0.5868306212481726, 'rec_macro': 0.6324633643891071, 'f1_micro': 0.9800495689655172, 'prec_micro': 0.9800495689655172, 'rec_micro': 0.9800495689655172}
epoch 65 time: 1.51e+02s, train loss: 24.02, metrics: {'f1': 0.2619525914021696, 'f1_macro': 0.8217160220958408, 'prec_macro': 0.5807366810103404, 'rec_macro': 0.6259602125602576, 'f1_micro': 0.9802047413793104, 'prec_micro': 0.9802047413793104, 'rec_micro': 0.9802047413793104}
epoch 66 time: 1.51e+02s, train loss: 24.01, metrics: {'f1': 0.2425836141014052, 'f1_macro': 0.8280860401720013, 'prec_macro': 0.5731563787710937, 'rec_macro': 0.6162597651128341, 'f1_micro': 0.980135775862069, 'prec_micro': 0.980135775862069, 'rec_micro': 0.980135775862069}
epoch 67 time: 1.5e+02s, train loss: 24.02, metrics: {'f1': 0.23543027196825655, 'f1_macro': 0.8272207836241143, 'prec_macro': 0.570573454877172, 'rec_macro': 0.6126660205210279, 'f1_micro': 0.9800668103448276, 'prec_micro': 0.9800668103448276, 'rec_micro': 0.9800668103448276}
epoch 68 time: 1.5e+02s, train loss: 24.03, metrics: {'f1': 0.23328123714732252, 'f1_macro': 0.8165563581135059, 'prec_macro': 0.5702001996092899, 'rec_macro': 0.6115518642784381, 'f1_micro': 0.9799116379310345, 'prec_micro': 0.9799116379310345, 'rec_micro': 0.9799116379310345}
epoch 69 time: 1.5e+02s, train loss: 24.02, metrics: {'f1': 0.24400621880369855, 'f1_macro': 0.8236194126819127, 'prec_macro': 0.5738670592903484, 'rec_macro': 0.6169587701016469, 'f1_micro': 0.9800883620689655, 'prec_micro': 0.9800883620689655, 'rec_micro': 0.9800883620689655}
epoch 70 time: 1.51e+02s, train loss: 24.02, metrics: {'f1': 0.24419171405361492, 'f1_macro': 0.8134888108341302, 'prec_macro': 0.5743834032471811, 'rec_macro': 0.6170155350837918, 'f1_micro': 0.979948275862069, 'prec_micro': 0.979948275862069, 'rec_micro': 0.979948275862069}
epoch 71 time: 1.5e+02s, train loss: 24.03, metrics: {'f1': 0.24794598552021474, 'f1_macro': 0.8204259925320528, 'prec_macro': 0.5754772505137933, 'rec_macro': 0.6189249806776399, 'f1_micro': 0.9800754310344828, 'prec_micro': 0.9800754310344828, 'rec_micro': 0.9800754310344828}
epoch 72 time: 1.51e+02s, train loss: 24.04, metrics: {'f1': 0.23678820155673905, 'f1_macro': 0.8156225314263679, 'prec_macro': 0.5715296427066242, 'rec_macro': 0.6133083556061422, 'f1_micro': 0.9799245689655173, 'prec_micro': 0.9799245689655173, 'rec_micro': 0.9799245689655173}
epoch 73 time: 1.51e+02s, train loss: 24.03, metrics: {'f1': 0.23728257302264524, 'f1_macro': 0.8183528655265153, 'prec_macro': 0.5715995608464189, 'rec_macro': 0.6135660090526303, 'f1_micro': 0.9799655172413793, 'prec_micro': 0.9799655172413793, 'rec_micro': 0.9799655172413793}
epoch 74 time: 1.52e+02s, train loss: 24.02, metrics: {'f1': 0.2406862745098039, 'f1_macro': 0.8168162594201145, 'prec_macro': 0.5729245988417642, 'rec_macro': 0.6152686635936807, 'f1_micro': 0.9799698275862069, 'prec_micro': 0.9799698275862069, 'rec_micro': 0.9799698275862069}
epoch 75 time: 1.52e+02s, train loss: 24.02, metrics: {'f1': 0.2370103261760367, 'f1_macro': 0.8162876072997174, 'prec_macro': 0.571584142989457, 'rec_macro': 0.6134221644354771, 'f1_micro': 0.9799353448275862, 'prec_micro': 0.9799353448275862, 'rec_micro': 0.9799353448275863}
epoch 76 time: 1.51e+02s, train loss: 24.04, metrics: {'f1': 0.2359041896452383, 'f1_macro': 0.8212344823845785, 'prec_macro': 0.5709769566583813, 'rec_macro': 0.6128841307105528, 'f1_micro': 0.9799935344827586, 'prec_micro': 0.9799935344827586, 'rec_micro': 0.9799935344827586}
epoch 77 time: 1.52e+02s, train loss: 24.05, metrics: {'f1': 0.23877902683187005, 'f1_macro': 0.8205510227170285, 'prec_macro': 0.5720614302289841, 'rec_macro': 0.6143246147958019, 'f1_micro': 0.9800064655172414, 'prec_micro': 0.9800064655172414, 'rec_micro': 0.9800064655172414}
epoch 78 time: 1.52e+02s, train loss: 24.02, metrics: {'f1': 0.23941368078175898, 'f1_macro': 0.8104872151473532, 'prec_macro': 0.5727269584528503, 'rec_macro': 0.6146070282212207, 'f1_micro': 0.9798706896551724, 'prec_micro': 0.9798706896551724, 'rec_micro': 0.9798706896551724}
epoch 79 time: 1.51e+02s, train loss: 24.03, metrics: {'f1': 0.24210014584346135, 'f1_macro': 0.807199111971333, 'prec_macro': 0.5738873943242, 'rec_macro': 0.6159422706636823, 'f1_micro': 0.9798405172413793, 'prec_micro': 0.9798405172413793, 'rec_micro': 0.9798405172413793}
epoch 80 time: 1.53e+02s, train loss: 24.03, metrics: {'f1': 0.24522136905734357, 'f1_macro': 0.8227500963156438, 'prec_macro': 0.5743558970683144, 'rec_macro': 0.6175656835567993, 'f1_micro': 0.9800862068965517, 'prec_micro': 0.9800862068965517, 'rec_micro': 0.9800862068965517}
epoch 81 time: 1.53e+02s, train loss: 24.02, metrics: {'f1': 0.23264601988006242, 'f1_macro': 0.8137193663572007, 'prec_macro': 0.5700801862886515, 'rec_macro': 0.6112232476486814, 'f1_micro': 0.9798685344827586, 'prec_micro': 0.9798685344827586, 'rec_micro': 0.9798685344827586}
epoch 82 time: 1.53e+02s, train loss: 24.03, metrics: {'f1': 0.2399476953252697, 'f1_macro': 0.8162805998713211, 'prec_macro': 0.5726730216620488, 'rec_macro': 0.6148961202132046, 'f1_micro': 0.9799568965517241, 'prec_micro': 0.9799568965517241, 'rec_micro': 0.9799568965517241}
epoch 83 time: 1.54e+02s, train loss: 24.05, metrics: {'f1': 0.24522760646108663, 'f1_macro': 0.8208586964932407, 'prec_macro': 0.5744406695730396, 'rec_macro': 0.6175621620477648, 'f1_micro': 0.9800603448275862, 'prec_micro': 0.9800603448275862, 'rec_micro': 0.9800603448275862}
epoch 84 time: 1.55e+02s, train loss: 24.06, metrics: {'f1': 0.23626960019702817, 'f1_macro': 0.8177968620811843, 'prec_macro': 0.5712488945805138, 'rec_macro': 0.6130557397164954, 'f1_micro': 0.9799504310344828, 'prec_micro': 0.9799504310344828, 'rec_micro': 0.9799504310344828}
epoch 85 time: 1.53e+02s, train loss: 24.08, metrics: {'f1': 0.22793996371433284, 'f1_macro': 0.812835323370015, 'prec_macro': 0.5683912667214338, 'rec_macro': 0.6088590168117562, 'f1_micro': 0.979823275862069, 'prec_micro': 0.979823275862069, 'rec_micro': 0.979823275862069}
epoch 86 time: 1.53e+02s, train loss: 24.08, metrics: {'f1': 0.23335249199441666, 'f1_macro': 0.8139803663615506, 'prec_macro': 0.5703295609173724, 'rec_macro': 0.6115786341276399, 'f1_micro': 0.9798771551724138, 'prec_micro': 0.9798771551724138, 'rec_micro': 0.9798771551724138}
epoch 87 time: 1.54e+02s, train loss: 24.06, metrics: {'f1': 0.23762214983713356, 'f1_macro': 0.8080829581782543, 'prec_macro': 0.5721637974331006, 'rec_macro': 0.6136992503433691, 'f1_micro': 0.979823275862069, 'prec_micro': 0.979823275862069, 'rec_micro': 0.979823275862069}
epoch 88 time: 1.55e+02s, train loss: 24.07, metrics: {'f1': 0.23946856772521063, 'f1_macro': 0.8035284277781443, 'prec_macro': 0.5730660484717514, 'rec_macro': 0.6146079045236397, 'f1_micro': 0.9797672413793104, 'prec_micro': 0.9797672413793104, 'rec_micro': 0.9797672413793104}
epoch 89 time: 1.53e+02s, train loss: 24.07, metrics: {'f1': 0.23266073033248916, 'f1_macro': 0.8057782106238388, 'prec_macro': 0.5704148712055636, 'rec_macro': 0.6112018324409315, 'f1_micro': 0.9797564655172414, 'prec_micro': 0.9797564655172414, 'rec_micro': 0.9797564655172414}
epoch 90 time: 1.52e+02s, train loss: 24.08, metrics: {'f1': 0.23210038546707126, 'f1_macro': 0.8105714741995619, 'prec_macro': 0.5700069643223651, 'rec_macro': 0.6109383078058161, 'f1_micro': 0.9798211206896552, 'prec_micro': 0.9798211206896552, 'rec_micro': 0.9798211206896552}
epoch 91 time: 1.55e+02s, train loss: 24.07, metrics: {'f1': 0.23895467537770518, 'f1_macro': 0.813876821203446, 'prec_macro': 0.5724071279008689, 'rec_macro': 0.6143891863820075, 'f1_micro': 0.979915948275862, 'prec_micro': 0.979915948275862, 'rec_micro': 0.9799159482758619}
epoch 92 time: 1.52e+02s, train loss: 24.06, metrics: {'f1': 0.24516441005802705, 'f1_macro': 0.8041855003820881, 'prec_macro': 0.5751970144625833, 'rec_macro': 0.6174674814403409, 'f1_micro': 0.9798146551724138, 'prec_micro': 0.9798146551724138, 'rec_micro': 0.9798146551724138}
epoch 93 time: 1.52e+02s, train loss: 24.07, metrics: {'f1': 0.25295810681164055, 'f1_macro': 0.8039191832023042, 'prec_macro': 0.5782098707496492, 'rec_macro': 0.6213757865285565, 'f1_micro': 0.9798620689655172, 'prec_micro': 0.9798620689655172, 'rec_micro': 0.9798620689655172}
epoch 94 time: 1.53e+02s, train loss: 24.07, metrics: {'f1': 0.24561122244488978, 'f1_macro': 0.7979834019643878, 'prec_macro': 0.5756863900240152, 'rec_macro': 0.6176659372648795, 'f1_micro': 0.9797176724137932, 'prec_micro': 0.9797176724137932, 'rec_micro': 0.9797176724137932}
epoch 95 time: 1.52e+02s, train loss: 24.07, metrics: {'f1': 0.239035442628257, 'f1_macro': 0.8014747588033697, 'prec_macro': 0.5729994341584486, 'rec_macro': 0.6143825265546046, 'f1_micro': 0.9797327586206896, 'prec_micro': 0.9797327586206896, 'rec_micro': 0.9797327586206896}
epoch 96 time: 1.52e+02s, train loss: 24.08, metrics: {'f1': 0.23145884270578646, 'f1_macro': 0.8009081666423696, 'prec_macro': 0.5701781483907788, 'rec_macro': 0.6105805237520721, 'f1_micro': 0.979676724137931, 'prec_micro': 0.979676724137931, 'rec_micro': 0.979676724137931}
epoch 97 time: 1.51e+02s, train loss: 24.08, metrics: {'f1': 0.23001310615989518, 'f1_macro': 0.8059352414743567, 'prec_macro': 0.5694272841701562, 'rec_macro': 0.6098743833296113, 'f1_micro': 0.9797413793103448, 'prec_micro': 0.9797413793103448, 'rec_micro': 0.9797413793103448}
epoch 98 time: 1.52e+02s, train loss: 24.08, metrics: {'f1': 0.2317153164972122, 'f1_macro': 0.8096845807701105, 'prec_macro': 0.5699012675831915, 'rec_macro': 0.6107419347968632, 'f1_micro': 0.9798060344827586, 'prec_micro': 0.9798060344827586, 'rec_micro': 0.9798060344827586}
epoch 99 time: 1.51e+02s, train loss: 24.07, metrics: {'f1': 0.2354579714894314, 'f1_macro': 0.8136700895847058, 'prec_macro': 0.5711189697803999, 'rec_macro': 0.6126339534557949, 'f1_micro': 0.9798879310344828, 'prec_micro': 0.9798879310344828, 'rec_micro': 0.9798879310344828}
epoch 100 time: 1.53e+02s, train loss: 24.06, metrics: {'f1': 0.2351207531723291, 'f1_macro': 0.8121440761903724, 'prec_macro': 0.5710578618445835, 'rec_macro': 0.612459288448665, 'f1_micro': 0.9798642241379311, 'prec_micro': 0.9798642241379311, 'rec_micro': 0.9798642241379311}
post-training summary -- best {'f1': 0.28322032577351725, 'f1_macro': 0.8099201462400445, 'prec_macro': 0.5898853260041351, 'rec_macro': 0.6365854078961504, 'f1_micro': 0.9801788793103449, 'prec_micro': 0.9801788793103449, 'rec_micro': 0.9801788793103449}
run 3 start -- seed=2
initialized continuityBERT with 628261 parameters.
/home/azureuser/.local/lib/python3.8/site-packages/sklearn/metrics/_classification.py:1344: UndefinedMetricWarning: Precision and F-score are ill-defined and being set to 0.0 in labels with no predicted samples. Use `zero_division` parameter to control this behavior.
  _warn_prf(average, modifier, msg_start, len(result))
epoch 1 time: 1.5e+02s, train loss: 24.7, metrics: {'f1': 0.0, 'f1_macro': 0.4892446120689655, 'prec_macro': 0.5, 'rec_macro': 0.49456383800335285, 'f1_micro': 0.978489224137931, 'prec_micro': 0.978489224137931, 'rec_micro': 0.978489224137931}
epoch 2 time: 1.5e+02s, train loss: 24.6, metrics: {'f1': 0.061299782423611775, 'f1_macro': 0.7641567722546092, 'prec_macro': 0.5159378993110506, 'rec_macro': 0.5252418432865713, 'f1_micro': 0.9786142241379311, 'prec_micro': 0.9786142241379311, 'rec_micro': 0.9786142241379311}
epoch 3 time: 1.5e+02s, train loss: 24.4, metrics: {'f1': 0.17932055605823807, 'f1_macro': 0.7408335974183188, 'prec_macro': 0.55340776192948, 'rec_macro': 0.5842133837470205, 'f1_micro': 0.9784978448275862, 'prec_micro': 0.9784978448275862, 'rec_micro': 0.9784978448275862}
epoch 4 time: 1.51e+02s, train loss: 24.28, metrics: {'f1': 0.2263246223927116, 'f1_macro': 0.7703406863084414, 'prec_macro': 0.5697057526195761, 'rec_macro': 0.6078749614032949, 'f1_micro': 0.979135775862069, 'prec_micro': 0.979135775862069, 'rec_micro': 0.979135775862069}
epoch 5 time: 1.51e+02s, train loss: 24.22, metrics: {'f1': 0.21273457346554128, 'f1_macro': 0.7826775040717564, 'prec_macro': 0.5640059661755089, 'rec_macro': 0.601122128690104, 'f1_micro': 0.9792952586206897, 'prec_micro': 0.9792952586206897, 'rec_micro': 0.9792952586206897}
epoch 6 time: 1.51e+02s, train loss: 24.18, metrics: {'f1': 0.24984147114774888, 'f1_macro': 0.7899423933241906, 'prec_macro': 0.5777837542578975, 'rec_macro': 0.6197513203339314, 'f1_micro': 0.9796034482758621, 'prec_micro': 0.9796034482758621, 'rec_micro': 0.9796034482758621}
epoch 7 time: 1.5e+02s, train loss: 24.13, metrics: {'f1': 0.22427136505845546, 'f1_macro': 0.8052183989108015, 'prec_macro': 0.5673453120846704, 'rec_macro': 0.6069918495602173, 'f1_micro': 0.9796939655172414, 'prec_micro': 0.9796939655172414, 'rec_micro': 0.9796939655172414}
epoch 8 time: 1.49e+02s, train loss: 24.12, metrics: {'f1': 0.258279195056251, 'f1_macro': 0.7995447933021158, 'prec_macro': 0.5805417552473217, 'rec_macro': 0.6240258630927338, 'f1_micro': 0.979823275862069, 'prec_micro': 0.979823275862069, 'rec_micro': 0.979823275862069}
epoch 9 time: 1.49e+02s, train loss: 24.11, metrics: {'f1': 0.2365713359799076, 'f1_macro': 0.7998310256179815, 'prec_macro': 0.5721456135331127, 'rec_macro': 0.6131401822895223, 'f1_micro': 0.9796918103448276, 'prec_micro': 0.9796918103448276, 'rec_micro': 0.9796918103448276}
epoch 10 time: 1.49e+02s, train loss: 24.1, metrics: {'f1': 0.25448143405889884, 'f1_macro': 0.8070120766457303, 'prec_macro': 0.5786326577063436, 'rec_macro': 0.6221528091666766, 'f1_micro': 0.9799224137931034, 'prec_micro': 0.9799224137931034, 'rec_micro': 0.9799224137931034}
epoch 11 time: 1.49e+02s, train loss: 24.1, metrics: {'f1': 0.232287656646736, 'f1_macro': 0.8089507294288145, 'prec_macro': 0.5701429332834312, 'rec_macro': 0.611026394323689, 'f1_micro': 0.9797995689655172, 'prec_micro': 0.9797995689655172, 'rec_micro': 0.9797995689655172}
epoch 12 time: 1.48e+02s, train loss: 24.09, metrics: {'f1': 0.23450396504288715, 'f1_macro': 0.7955546539952048, 'prec_macro': 0.5715659333809038, 'rec_macro': 0.6120862081248999, 'f1_micro': 0.9796120689655172, 'prec_micro': 0.9796120689655172, 'rec_micro': 0.9796120689655172}
epoch 13 time: 1.48e+02s, train loss: 24.09, metrics: {'f1': 0.23685495686146835, 'f1_macro': 0.8063848529088996, 'prec_macro': 0.5719524039547533, 'rec_macro': 0.6133079760533543, 'f1_micro': 0.9797931034482759, 'prec_micro': 0.9797931034482759, 'rec_micro': 0.9797931034482759}
epoch 14 time: 1.49e+02s, train loss: 24.08, metrics: {'f1': 0.24416255958632946, 'f1_macro': 0.8061426647755474, 'prec_macro': 0.5747191894395902, 'rec_macro': 0.6169727362113631, 'f1_micro': 0.9798383620689655, 'prec_micro': 0.9798383620689655, 'rec_micro': 0.9798383620689655}
epoch 15 time: 1.48e+02s, train loss: 24.08, metrics: {'f1': 0.2362050696878311, 'f1_macro': 0.8074125719638507, 'prec_macro': 0.5716639469001618, 'rec_macro': 0.6129858575664181, 'f1_micro': 0.9798038793103448, 'prec_micro': 0.9798038793103448, 'rec_micro': 0.9798038793103448}
epoch 16 time: 1.48e+02s, train loss: 24.07, metrics: {'f1': 0.251611863313991, 'f1_macro': 0.8124694567604842, 'prec_macro': 0.5772448727162187, 'rec_macro': 0.620734895649691, 'f1_micro': 0.9799870689655172, 'prec_micro': 0.9799870689655172, 'rec_micro': 0.9799870689655172}
epoch 17 time: 1.49e+02s, train loss: 24.06, metrics: {'f1': 0.27298267519900116, 'f1_macro': 0.7997581912296349, 'prec_macro': 0.5864226886564088, 'rec_macro': 0.6314016618396003, 'f1_micro': 0.9799224137931034, 'prec_micro': 0.9799224137931034, 'rec_micro': 0.9799224137931034}
epoch 18 time: 1.5e+02s, train loss: 24.06, metrics: {'f1': 0.23119868637110016, 'f1_macro': 0.8108633840133035, 'prec_macro': 0.5696629057094436, 'rec_macro': 0.610486984861862, 'f1_micro': 0.9798189655172413, 'prec_micro': 0.9798189655172413, 'rec_micro': 0.9798189655172413}
epoch 19 time: 1.51e+02s, train loss: 24.06, metrics: {'f1': 0.22548453608247424, 'f1_macro': 0.8094712243449144, 'prec_macro': 0.5676244211518178, 'rec_macro': 0.6076154767214609, 'f1_micro': 0.979760775862069, 'prec_micro': 0.979760775862069, 'rec_micro': 0.979760775862069}
epoch 20 time: 1.49e+02s, train loss: 24.04, metrics: {'f1': 0.2589307120594581, 'f1_macro': 0.8108460802424999, 'prec_macro': 0.5801498297131163, 'rec_macro': 0.6244008384560225, 'f1_micro': 0.9800150862068966, 'prec_micro': 0.9800150862068966, 'rec_micro': 0.9800150862068966}
epoch 21 time: 1.49e+02s, train loss: 24.04, metrics: {'f1': 0.23431582413963445, 'f1_macro': 0.8193721996280976, 'prec_macro': 0.5704682959214644, 'rec_macro': 0.6120806836032713, 'f1_micro': 0.9799568965517241, 'prec_micro': 0.9799568965517241, 'rec_micro': 0.9799568965517241}
epoch 22 time: 1.48e+02s, train loss: 24.04, metrics: {'f1': 0.23055945789604168, 'f1_macro': 0.8197148119825292, 'prec_macro': 0.5690843525412973, 'rec_macro': 0.6101967449072041, 'f1_micro': 0.9799331896551724, 'prec_micro': 0.9799331896551724, 'rec_micro': 0.9799331896551724}
epoch 23 time: 1.47e+02s, train loss: 24.04, metrics: {'f1': 0.2501607717041801, 'f1_macro': 0.8072617427905218, 'prec_macro': 0.5769536496186013, 'rec_macro': 0.6199862358236922, 'f1_micro': 0.9798965517241379, 'prec_micro': 0.9798965517241379, 'rec_micro': 0.9798965517241379}
epoch 24 time: 1.48e+02s, train loss: 24.03, metrics: {'f1': 0.26954732510288065, 'f1_macro': 0.8117440369586681, 'prec_macro': 0.5842636787032442, 'rec_macro': 0.6297319523683874, 'f1_micro': 0.9801077586206897, 'prec_micro': 0.9801077586206897, 'rec_micro': 0.9801077586206897}
epoch 25 time: 1.48e+02s, train loss: 24.04, metrics: {'f1': 0.24406170924822465, 'f1_macro': 0.8201058010998856, 'prec_macro': 0.5740388068507936, 'rec_macro': 0.6169743380458796, 'f1_micro': 0.9800409482758621, 'prec_micro': 0.9800409482758621, 'rec_micro': 0.9800409482758621}
epoch 26 time: 1.5e+02s, train loss: 24.02, metrics: {'f1': 0.24540778839088903, 'f1_macro': 0.8221685561018768, 'prec_macro': 0.5744505810525151, 'rec_macro': 0.6176572166597388, 'f1_micro': 0.9800797413793103, 'prec_micro': 0.9800797413793103, 'rec_micro': 0.9800797413793103}
epoch 27 time: 1.5e+02s, train loss: 24.02, metrics: {'f1': 0.2540400775694893, 'f1_macro': 0.8190752792081382, 'prec_macro': 0.5778432745518814, 'rec_macro': 0.6219786680910975, 'f1_micro': 0.980103448275862, 'prec_micro': 0.980103448275862, 'rec_micro': 0.980103448275862}
epoch 28 time: 1.51e+02s, train loss: 24.01, metrics: {'f1': 0.25416329830234435, 'f1_macro': 0.8198996346425134, 'prec_macro': 0.5778498822048651, 'rec_macro': 0.622043587925568, 'f1_micro': 0.9801163793103448, 'prec_micro': 0.9801163793103448, 'rec_micro': 0.9801163793103448}
epoch 29 time: 1.5e+02s, train loss: 24.01, metrics: {'f1': 0.24187725631768953, 'f1_macro': 0.8247266347908933, 'prec_macro': 0.5730330616239636, 'rec_macro': 0.6158939246607469, 'f1_micro': 0.9800862068965517, 'prec_micro': 0.9800862068965517, 'rec_micro': 0.9800862068965517}
epoch 30 time: 1.49e+02s, train loss: 24.0, metrics: {'f1': 0.23831120639894451, 'f1_macro': 0.8274318642172986, 'prec_macro': 0.5716155421954121, 'rec_macro': 0.614112873476028, 'f1_micro': 0.980092672413793, 'prec_micro': 0.980092672413793, 'rec_micro': 0.980092672413793}
epoch 31 time: 1.48e+02s, train loss: 24.0, metrics: {'f1': 0.2383964511624086, 'f1_macro': 0.821740837535794, 'prec_macro': 0.5718720622605825, 'rec_macro': 0.6141366801146477, 'f1_micro': 0.9800193965517241, 'prec_micro': 0.9800193965517241, 'rec_micro': 0.9800193965517241}
epoch 32 time: 1.49e+02s, train loss: 24.0, metrics: {'f1': 0.24628934920893814, 'f1_macro': 0.8218218491873172, 'prec_macro': 0.5747946396654366, 'rec_macro': 0.6180984714328195, 'f1_micro': 0.9800818965517242, 'prec_micro': 0.9800818965517242, 'rec_micro': 0.9800818965517242}
epoch 33 time: 1.49e+02s, train loss: 24.0, metrics: {'f1': 0.2553813662578182, 'f1_macro': 0.8282319013330128, 'prec_macro': 0.5779148574592047, 'rec_macro': 0.6226851626956615, 'f1_micro': 0.9802435344827586, 'prec_micro': 0.9802435344827586, 'rec_micro': 0.9802435344827586}
epoch 34 time: 1.48e+02s, train loss: 24.0, metrics: {'f1': 0.2645280889820263, 'f1_macro': 0.8291767426323672, 'prec_macro': 0.5813416904989868, 'rec_macro': 0.6272809351837118, 'f1_micro': 0.9803340517241379, 'prec_micro': 0.9803340517241379, 'rec_micro': 0.9803340517241379}
epoch 35 time: 1.49e+02s, train loss: 24.0, metrics: {'f1': 0.23697229551451185, 'f1_macro': 0.8254033078599459, 'prec_macro': 0.5712048692691878, 'rec_macro': 0.6134341317550199, 'f1_micro': 0.9800560344827586, 'prec_micro': 0.9800560344827586, 'rec_micro': 0.9800560344827586}
epoch 36 time: 1.49e+02s, train loss: 24.0, metrics: {'f1': 0.2290438768827767, 'f1_macro': 0.8036827859527703, 'prec_macro': 0.5691624916844735, 'rec_macro': 0.60937989621309, 'f1_micro': 0.9797025862068965, 'prec_micro': 0.9797025862068965, 'rec_micro': 0.9797025862068965}
epoch 37 time: 1.5e+02s, train loss: 24.02, metrics: {'f1': 0.23758952827858731, 'f1_macro': 0.8238589120478432, 'prec_macro': 0.5714911237727848, 'rec_macro': 0.6137388217555269, 'f1_micro': 0.9800409482758621, 'prec_micro': 0.9800409482758621, 'rec_micro': 0.9800409482758621}
epoch 38 time: 1.52e+02s, train loss: 24.03, metrics: {'f1': 0.23212366702488219, 'f1_macro': 0.8224732352458188, 'prec_macro': 0.5695495257503543, 'rec_macro': 0.6109908816758383, 'f1_micro': 0.9799806034482759, 'prec_micro': 0.9799806034482759, 'rec_micro': 0.9799806034482759}
epoch 39 time: 1.51e+02s, train loss: 24.03, metrics: {'f1': 0.24408163265306126, 'f1_macro': 0.8202509488794089, 'prec_macro': 0.5740399081262908, 'rec_macro': 0.6169848512705656, 'f1_micro': 0.9800431034482758, 'prec_micro': 0.9800431034482758, 'rec_micro': 0.9800431034482758}
epoch 40 time: 1.5e+02s, train loss: 24.02, metrics: {'f1': 0.25188304851380905, 'f1_macro': 0.8194874164710908, 'prec_macro': 0.5770048717835076, 'rec_macro': 0.620897582938523, 'f1_micro': 0.980092672413793, 'prec_micro': 0.980092672413793, 'rec_micro': 0.980092672413793}
epoch 41 time: 1.49e+02s, train loss: 24.01, metrics: {'f1': 0.256509471987102, 'f1_macro': 0.8190881401822003, 'prec_macro': 0.5787840702329371, 'rec_macro': 0.6232181204593902, 'f1_micro': 0.9801228448275862, 'prec_micro': 0.9801228448275862, 'rec_micro': 0.9801228448275862}
epoch 42 time: 1.49e+02s, train loss: 24.01, metrics: {'f1': 0.2521062344539838, 'f1_macro': 0.8073674089881697, 'prec_macro': 0.5776962671272771, 'rec_macro': 0.62096266211704, 'f1_micro': 0.9799116379310345, 'prec_micro': 0.9799116379310345, 'rec_micro': 0.9799116379310345}
epoch 43 time: 1.5e+02s, train loss: 24.02, metrics: {'f1': 0.23132609410990457, 'f1_macro': 0.8139345711759505, 'prec_macro': 0.5695869434086965, 'rec_macro': 0.6105617415924499, 'f1_micro': 0.9798620689655172, 'prec_micro': 0.9798620689655172, 'rec_micro': 0.9798620689655172}
epoch 44 time: 1.5e+02s, train loss: 24.02, metrics: {'f1': 0.23382389213187538, 'f1_macro': 0.816581208506282, 'prec_macro': 0.5703983777816697, 'rec_macro': 0.6118242503296876, 'f1_micro': 0.979915948275862, 'prec_micro': 0.979915948275862, 'rec_micro': 0.9799159482758619}
epoch 45 time: 1.49e+02s, train loss: 24.02, metrics: {'f1': 0.2457337883959044, 'f1_macro': 0.8159892537167432, 'prec_macro': 0.5748485764562381, 'rec_macro': 0.6177986071937783, 'f1_micro': 0.9799956896551724, 'prec_micro': 0.9799956896551724, 'rec_micro': 0.9799956896551724}
epoch 46 time: 1.49e+02s, train loss: 24.02, metrics: {'f1': 0.26223468161794156, 'f1_macro': 0.8178368317765958, 'prec_macro': 0.5810510051848352, 'rec_macro': 0.6260868388510563, 'f1_micro': 0.9801487068965518, 'prec_micro': 0.9801487068965518, 'rec_micro': 0.9801487068965518}
epoch 47 time: 1.49e+02s, train loss: 24.01, metrics: {'f1': 0.2344045368620038, 'f1_macro': 0.8169041271595381, 'prec_macro': 0.5705987585050442, 'rec_macro': 0.6121167342779412, 'f1_micro': 0.9799245689655173, 'prec_micro': 0.9799245689655173, 'rec_micro': 0.9799245689655173}
epoch 48 time: 1.49e+02s, train loss: 24.02, metrics: {'f1': 0.22801517901336416, 'f1_macro': 0.8134372620453925, 'prec_macro': 0.5683956718234229, 'rec_macro': 0.6088988304798247, 'f1_micro': 0.9798318965517241, 'prec_micro': 0.9798318965517241, 'rec_micro': 0.9798318965517241}
epoch 49 time: 1.49e+02s, train loss: 24.01, metrics: {'f1': 0.2305723015938558, 'f1_macro': 0.8187138183778286, 'prec_macro': 0.5691267387936599, 'rec_macro': 0.610199846859014, 'f1_micro': 0.9799202586206897, 'prec_micro': 0.9799202586206897, 'rec_micro': 0.9799202586206897}
epoch 50 time: 1.5e+02s, train loss: 24.02, metrics: {'f1': 0.22273628552544616, 'f1_macro': 0.8081297091459847, 'prec_macro': 0.5666748152667839, 'rec_macro': 0.6062321884622348, 'f1_micro': 0.9797241379310345, 'prec_micro': 0.9797241379310345, 'rec_micro': 0.9797241379310345}
epoch 51 time: 1.52e+02s, train loss: 24.04, metrics: {'f1': 0.22140039447731757, 'f1_macro': 0.7986081647184333, 'prec_macro': 0.5665531371786171, 'rec_macro': 0.6055278512188648, 'f1_micro': 0.9795818965517241, 'prec_micro': 0.9795818965517241, 'rec_micro': 0.9795818965517241}
epoch 52 time: 1.53e+02s, train loss: 24.07, metrics: {'f1': 0.23422399090392268, 'f1_macro': 0.7999286846527762, 'prec_macro': 0.5712571155838952, 'rec_macro': 0.6119634021007399, 'f1_micro': 0.9796788793103448, 'prec_micro': 0.9796788793103448, 'rec_micro': 0.9796788793103448}
epoch 53 time: 1.55e+02s, train loss: 24.02, metrics: {'f1': 0.2442249612276549, 'f1_macro': 0.8203271483010028, 'prec_macro': 0.5740900033071344, 'rec_macro': 0.6170570560378792, 'f1_micro': 0.9800452586206897, 'prec_micro': 0.9800452586206897, 'rec_micro': 0.9800452586206897}
epoch 54 time: 1.55e+02s, train loss: 24.04, metrics: {'f1': 0.22400795294507495, 'f1_macro': 0.8141044118973859, 'prec_macro': 0.5669159431835578, 'rec_macro': 0.6068905888627991, 'f1_micro': 0.9798125, 'prec_micro': 0.9798125, 'rec_micro': 0.9798125}
epoch 55 time: 1.51e+02s, train loss: 24.05, metrics: {'f1': 0.23909292580724673, 'f1_macro': 0.8229607117675448, 'prec_macro': 0.5720790506369406, 'rec_macro': 0.6144903880250161, 'f1_micro': 0.9800409482758621, 'prec_micro': 0.9800409482758621, 'rec_micro': 0.9800409482758621}
epoch 56 time: 1.5e+02s, train loss: 24.01, metrics: {'f1': 0.252520325203252, 'f1_macro': 0.8257150901183159, 'prec_macro': 0.576954238819198, 'rec_macro': 0.6212399594783324, 'f1_micro': 0.9801853448275862, 'prec_micro': 0.9801853448275862, 'rec_micro': 0.9801853448275862}
epoch 57 time: 1.52e+02s, train loss: 24.0, metrics: {'f1': 0.25432399512789283, 'f1_macro': 0.8263618468339942, 'prec_macro': 0.5776032736191703, 'rec_macro': 0.6221477186361493, 'f1_micro': 0.980209051724138, 'prec_micro': 0.980209051724138, 'rec_micro': 0.980209051724138}
epoch 58 time: 1.5e+02s, train loss: 24.01, metrics: {'f1': 0.2529483529890199, 'f1_macro': 0.8268730217629945, 'prec_macro': 0.5770621381093661, 'rec_macro': 0.6214589150293001, 'f1_micro': 0.9802047413793104, 'prec_micro': 0.9802047413793104, 'rec_micro': 0.9802047413793104}
epoch 59 time: 1.5e+02s, train loss: 24.01, metrics: {'f1': 0.25473684210526315, 'f1_macro': 0.8228897823026022, 'prec_macro': 0.5779231041711517, 'rec_macro': 0.6223424831942796, 'f1_micro': 0.9801637931034483, 'prec_micro': 0.9801637931034483, 'rec_micro': 0.9801637931034484}
epoch 60 time: 1.5e+02s, train loss: 24.01, metrics: {'f1': 0.26088355999034357, 'f1_macro': 0.8223009563011652, 'prec_macro': 0.5802957358622234, 'rec_macro': 0.6254257954696342, 'f1_micro': 0.9802047413793104, 'prec_micro': 0.9802047413793104, 'rec_micro': 0.9802047413793104}
epoch 61 time: 1.5e+02s, train loss: 24.01, metrics: {'f1': 0.25485926284377775, 'f1_macro': 0.8176160695794434, 'prec_macro': 0.578227516866171, 'rec_macro': 0.622384311462649, 'f1_micro': 0.9800883620689655, 'prec_micro': 0.9800883620689655, 'rec_micro': 0.9800883620689655}
epoch 62 time: 1.5e+02s, train loss: 24.0, metrics: {'f1': 0.2511832870899298, 'f1_macro': 0.82939760968621, 'prec_macro': 0.5762881471033006, 'rec_macro': 0.6205815206506252, 'f1_micro': 0.9802241379310345, 'prec_micro': 0.9802241379310345, 'rec_micro': 0.9802241379310345}
epoch 63 time: 1.5e+02s, train loss: 24.0, metrics: {'f1': 0.24148962349274056, 'f1_macro': 0.8238186119937183, 'prec_macro': 0.5729273648847901, 'rec_macro': 0.6156962699652784, 'f1_micro': 0.9800711206896552, 'prec_micro': 0.9800711206896552, 'rec_micro': 0.9800711206896552}
epoch 64 time: 1.5e+02s, train loss: 24.0, metrics: {'f1': 0.24631992149165852, 'f1_macro': 0.8259365004143654, 'prec_macro': 0.5746272972069807, 'rec_macro': 0.6181281405984563, 'f1_micro': 0.9801379310344828, 'prec_micro': 0.9801379310344828, 'rec_micro': 0.9801379310344828}
epoch 65 time: 1.49e+02s, train loss: 24.01, metrics: {'f1': 0.25630692351092127, 'f1_macro': 0.8186103674551273, 'prec_macro': 0.5787306712256017, 'rec_macro': 0.6231146508427516, 'f1_micro': 0.980114224137931, 'prec_micro': 0.980114224137931, 'rec_micro': 0.980114224137931}
epoch 66 time: 1.5e+02s, train loss: 24.01, metrics: {'f1': 0.2448482881713451, 'f1_macro': 0.8125727177128713, 'prec_macro': 0.5746729615772699, 'rec_macro': 0.6173415491883619, 'f1_micro': 0.9799396551724138, 'prec_micro': 0.9799396551724138, 'rec_micro': 0.9799396551724138}
epoch 67 time: 1.5e+02s, train loss: 24.02, metrics: {'f1': 0.24176182707993477, 'f1_macro': 0.8159389964340625, 'prec_macro': 0.5733633414388866, 'rec_macro': 0.6158052370379035, 'f1_micro': 0.9799655172413793, 'prec_micro': 0.9799655172413793, 'rec_micro': 0.9799655172413793}
epoch 68 time: 1.5e+02s, train loss: 24.02, metrics: {'f1': 0.2323856613102596, 'f1_macro': 0.8180189830909523, 'prec_macro': 0.569814856019503, 'rec_macro': 0.6111074741888384, 'f1_micro': 0.9799245689655173, 'prec_micro': 0.9799245689655173, 'rec_micro': 0.9799245689655173}
epoch 69 time: 1.49e+02s, train loss: 24.04, metrics: {'f1': 0.2256350655819359, 'f1_macro': 0.8197232082299557, 'prec_macro': 0.5673018502653759, 'rec_macro': 0.6077255740244797, 'f1_micro': 0.9798965517241379, 'prec_micro': 0.9798965517241379, 'rec_micro': 0.9798965517241379}
epoch 70 time: 1.5e+02s, train loss: 24.03, metrics: {'f1': 0.22958677685950413, 'f1_macro': 0.8184478411425694, 'prec_macro': 0.5687782750787492, 'rec_macro': 0.6097044049162681, 'f1_micro': 0.9799094827586207, 'prec_micro': 0.9799094827586207, 'rec_micro': 0.9799094827586207}
epoch 71 time: 1.49e+02s, train loss: 24.01, metrics: {'f1': 0.23444897959183672, 'f1_macro': 0.8071857366971702, 'prec_macro': 0.5710193172021787, 'rec_macro': 0.6121040966755252, 'f1_micro': 0.9797887931034482, 'prec_micro': 0.9797887931034482, 'rec_micro': 0.9797887931034482}
epoch 72 time: 1.49e+02s, train loss: 24.03, metrics: {'f1': 0.23743472584856395, 'f1_macro': 0.8105474513574573, 'prec_macro': 0.5719854422196717, 'rec_macro': 0.6136144083867693, 'f1_micro': 0.9798577586206897, 'prec_micro': 0.9798577586206897, 'rec_micro': 0.9798577586206897}
epoch 73 time: 1.53e+02s, train loss: 24.04, metrics: {'f1': 0.24272476020159325, 'f1_macro': 0.8124360741517989, 'prec_macro': 0.5738802488877504, 'rec_macro': 0.6162755501634155, 'f1_micro': 0.9799224137931034, 'prec_micro': 0.9799224137931034, 'rec_micro': 0.9799224137931034}
epoch 74 time: 1.49e+02s, train loss: 24.05, metrics: {'f1': 0.24472231243910364, 'f1_macro': 0.8135204223443072, 'prec_macro': 0.5745815814195608, 'rec_macro': 0.6172818930676348, 'f1_micro': 0.9799525862068965, 'prec_micro': 0.9799525862068965, 'rec_micro': 0.9799525862068965}
epoch 75 time: 1.51e+02s, train loss: 24.05, metrics: {'f1': 0.24471888202794928, 'f1_macro': 0.8144140340632604, 'prec_macro': 0.5745391951671982, 'rec_macro': 0.6172834984481338, 'f1_micro': 0.9799655172413793, 'prec_micro': 0.9799655172413793, 'rec_micro': 0.9799655172413793}
epoch 76 time: 1.51e+02s, train loss: 24.05, metrics: {'f1': 0.25140924464487036, 'f1_macro': 0.8111496430607328, 'prec_macro': 0.577233859961246, 'rec_macro': 0.6206280699218856, 'f1_micro': 0.9799655172413793, 'prec_micro': 0.9799655172413793, 'rec_micro': 0.9799655172413793}
epoch 77 time: 1.5e+02s, train loss: 24.07, metrics: {'f1': 0.23978288633461048, 'f1_macro': 0.7856694096377983, 'prec_macro': 0.5740921287324329, 'rec_macro': 0.6146897548578867, 'f1_micro': 0.9794741379310344, 'prec_micro': 0.9794741379310344, 'rec_micro': 0.9794741379310344}
epoch 78 time: 1.51e+02s, train loss: 24.06, metrics: {'f1': 0.24696128149400304, 'f1_macro': 0.8049362847925543, 'prec_macro': 0.5758460492625557, 'rec_macro': 0.6183718405040947, 'f1_micro': 0.9798383620689655, 'prec_micro': 0.9798383620689655, 'rec_micro': 0.9798383620689655}
epoch 79 time: 1.49e+02s, train loss: 24.03, metrics: {'f1': 0.24247889171243542, 'f1_macro': 0.8242028336152856, 'prec_macro': 0.573276929875198, 'rec_macro': 0.6161941357943157, 'f1_micro': 0.9800840517241379, 'prec_micro': 0.9800840517241379, 'rec_micro': 0.9800840517241379}
epoch 80 time: 1.5e+02s, train loss: 24.04, metrics: {'f1': 0.2392965732599228, 'f1_macro': 0.8234940024265911, 'prec_macro': 0.5721324496442761, 'rec_macro': 0.6145944066018776, 'f1_micro': 0.9800495689655172, 'prec_micro': 0.9800495689655172, 'rec_micro': 0.9800495689655172}
epoch 81 time: 1.49e+02s, train loss: 24.04, metrics: {'f1': 0.23955431754874648, 'f1_macro': 0.8193151365730307, 'prec_macro': 0.572398881188922, 'rec_macro': 0.6147094252011024, 'f1_micro': 0.9799956896551724, 'prec_micro': 0.9799956896551724, 'rec_micro': 0.9799956896551724}
epoch 82 time: 1.49e+02s, train loss: 24.04, metrics: {'f1': 0.2426716746958439, 'f1_macro': 0.8186915366970933, 'prec_macro': 0.5735824438457147, 'rec_macro': 0.6162716988739011, 'f1_micro': 0.980010775862069, 'prec_micro': 0.980010775862069, 'rec_micro': 0.980010775862069}
epoch 83 time: 1.49e+02s, train loss: 24.06, metrics: {'f1': 0.2535482318980034, 'f1_macro': 0.8083693183167981, 'prec_macro': 0.5781994214867077, 'rec_macro': 0.621690169946199, 'f1_micro': 0.9799375, 'prec_micro': 0.9799375, 'rec_micro': 0.9799375}
epoch 84 time: 1.49e+02s, train loss: 24.08, metrics: {'f1': 0.2563131313131313, 'f1_macro': 0.7926886426535864, 'prec_macro': 0.5801795127344123, 'rec_macro': 0.623008684241379, 'f1_micro': 0.9796896551724138, 'prec_micro': 0.9796896551724138, 'rec_micro': 0.9796896551724138}
epoch 85 time: 1.49e+02s, train loss: 24.08, metrics: {'f1': 0.256886560292133, 'f1_macro': 0.8001878147921496, 'prec_macro': 0.579954929658663, 'rec_macro': 0.6233302315762017, 'f1_micro': 0.9798254310344827, 'prec_micro': 0.9798254310344827, 'rec_micro': 0.9798254310344827}
epoch 86 time: 1.49e+02s, train loss: 24.07, metrics: {'f1': 0.25299365104878246, 'f1_macro': 0.8105512215314543, 'prec_macro': 0.5778718820062454, 'rec_macro': 0.6214206806202509, 'f1_micro': 0.9799676724137931, 'prec_micro': 0.9799676724137931, 'rec_micro': 0.9799676724137931}
epoch 87 time: 1.5e+02s, train loss: 24.08, metrics: {'f1': 0.25593395252837975, 'f1_macro': 0.7990345236252624, 'prec_macro': 0.5796477509206177, 'rec_macro': 0.6228473732041169, 'f1_micro': 0.9797995689655172, 'prec_micro': 0.9797995689655172, 'rec_micro': 0.9797995689655172}
epoch 88 time: 1.49e+02s, train loss: 24.11, metrics: {'f1': 0.2505712709794342, 'f1_macro': 0.7842627873589538, 'prec_macro': 0.5784179089843738, 'rec_macro': 0.6200901222805167, 'f1_micro': 0.9795021551724138, 'prec_micro': 0.9795021551724138, 'rec_micro': 0.9795021551724138}
epoch 89 time: 1.49e+02s, train loss: 24.12, metrics: {'f1': 0.2484570343408767, 'f1_macro': 0.7863302145216748, 'prec_macro': 0.577452347458912, 'rec_macro': 0.6190404058002918, 'f1_micro': 0.9795301724137931, 'prec_micro': 0.9795301724137931, 'rec_micro': 0.9795301724137931}
epoch 90 time: 1.5e+02s, train loss: 24.11, metrics: {'f1': 0.24105491678057409, 'f1_macro': 0.7959822867033304, 'prec_macro': 0.5740387554336628, 'rec_macro': 0.6153727066146036, 'f1_micro': 0.9796573275862069, 'prec_micro': 0.9796573275862069, 'rec_micro': 0.979657327586207}
epoch 91 time: 1.5e+02s, train loss: 24.1, metrics: {'f1': 0.23205858421480877, 'f1_macro': 0.7995268300797858, 'prec_macro': 0.5704633016188786, 'rec_macro': 0.610875913854464, 'f1_micro': 0.9796594827586207, 'prec_micro': 0.9796594827586207, 'rec_micro': 0.9796594827586207}
epoch 92 time: 1.49e+02s, train loss: 24.09, metrics: {'f1': 0.23194071178434722, 'f1_macro': 0.8005678390190902, 'prec_macro': 0.5703730227366669, 'rec_macro': 0.6108208616684964, 'f1_micro': 0.9796745689655172, 'prec_micro': 0.9796745689655172, 'rec_micro': 0.9796745689655172}
epoch 93 time: 1.49e+02s, train loss: 24.07, metrics: {'f1': 0.23556243381933697, 'f1_macro': 0.8056525355159143, 'prec_macro': 0.571501547327161, 'rec_macro': 0.612656850698489, 'f1_micro': 0.9797737068965517, 'prec_micro': 0.9797737068965517, 'rec_micro': 0.9797737068965517}
epoch 94 time: 1.48e+02s, train loss: 24.08, metrics: {'f1': 0.2311920584133235, 'f1_macro': 0.8097857941438469, 'prec_macro': 0.569704190686309, 'rec_macro': 0.6104797988927652, 'f1_micro': 0.9798038793103448, 'prec_micro': 0.9798038793103448, 'rec_micro': 0.9798038793103448}
epoch 95 time: 1.49e+02s, train loss: 24.08, metrics: {'f1': 0.22700296735905046, 'f1_macro': 0.8107689492710449, 'prec_macro': 0.5681286767867457, 'rec_macro': 0.6083817502681603, 'f1_micro': 0.9797887931034482, 'prec_micro': 0.9797887931034482, 'rec_micro': 0.9797887931034482}
epoch 96 time: 1.49e+02s, train loss: 24.09, metrics: {'f1': 0.22297632842244663, 'f1_macro': 0.8112154382547303, 'prec_macro': 0.5666478468713833, 'rec_macro': 0.6063632512823367, 'f1_micro': 0.9797672413793104, 'prec_micro': 0.9797672413793104, 'rec_micro': 0.9797672413793104}
epoch 97 time: 1.5e+02s, train loss: 24.08, metrics: {'f1': 0.2285006195786865, 'f1_macro': 0.8162572787775406, 'prec_macro': 0.5684655899632175, 'rec_macro': 0.6091520179545804, 'f1_micro': 0.9798728448275862, 'prec_micro': 0.9798728448275862, 'rec_micro': 0.9798728448275862}
epoch 98 time: 1.49e+02s, train loss: 24.08, metrics: {'f1': 0.23769685039370078, 'f1_macro': 0.8184417975900247, 'prec_macro': 0.5717487451134524, 'rec_macro': 0.6137742175026611, 'f1_micro': 0.9799698275862069, 'prec_micro': 0.9799698275862069, 'rec_micro': 0.9799698275862069}
epoch 99 time: 1.5e+02s, train loss: 24.06, metrics: {'f1': 0.23971435527063215, 'f1_macro': 0.8061184976176852, 'prec_macro': 0.5730379788008534, 'rec_macro': 0.6147412907013864, 'f1_micro': 0.9798081896551725, 'prec_micro': 0.9798081896551725, 'rec_micro': 0.9798081896551725}
epoch 100 time: 1.49e+02s, train loss: 24.08, metrics: {'f1': 0.24279868410495065, 'f1_macro': 0.7956204471640251, 'prec_macro': 0.5747268726595058, 'rec_macro': 0.6162455361440303, 'f1_micro': 0.9796616379310344, 'prec_micro': 0.9796616379310344, 'rec_micro': 0.9796616379310344}
post-training summary -- best {'f1': 0.27298267519900116, 'f1_macro': 0.7997581912296349, 'prec_macro': 0.5864226886564088, 'rec_macro': 0.6314016618396003, 'f1_micro': 0.9799224137931034, 'prec_micro': 0.9799224137931034, 'rec_micro': 0.9799224137931034}
run 4 start -- seed=3
initialized continuityBERT with 628261 parameters.
/home/azureuser/.local/lib/python3.8/site-packages/sklearn/metrics/_classification.py:1344: UndefinedMetricWarning: Precision and F-score are ill-defined and being set to 0.0 in labels with no predicted samples. Use `zero_division` parameter to control this behavior.
  _warn_prf(average, modifier, msg_start, len(result))
epoch 1 time: 1.47e+02s, train loss: 24.7, metrics: {'f1': 0.0, 'f1_macro': 0.4892446120689655, 'prec_macro': 0.5, 'rec_macro': 0.49456383800335285, 'f1_micro': 0.978489224137931, 'prec_micro': 0.978489224137931, 'rec_micro': 0.978489224137931}
epoch 2 time: 1.49e+02s, train loss: 24.59, metrics: {'f1': 0.07910544311985954, 'f1_macro': 0.7444490539112267, 'prec_macro': 0.5209870118961822, 'rec_macro': 0.5341203032424585, 'f1_micro': 0.9785237068965518, 'prec_micro': 0.9785237068965518, 'rec_micro': 0.9785237068965518}
epoch 3 time: 1.48e+02s, train loss: 24.38, metrics: {'f1': 0.15433151432469305, 'f1_macro': 0.7491983202933108, 'prec_macro': 0.54440886469475, 'rec_macro': 0.5717536088046536, 'f1_micro': 0.978625, 'prec_micro': 0.978625, 'rec_micro': 0.978625}
epoch 4 time: 1.48e+02s, train loss: 24.29, metrics: {'f1': 0.1068785968758564, 'f1_macro': 0.7926489078770411, 'prec_macro': 0.5288860948290436, 'rec_macro': 0.5481086359789428, 'f1_micro': 0.9789288793103448, 'prec_micro': 0.9789288793103448, 'rec_micro': 0.9789288793103448}
epoch 5 time: 1.48e+02s, train loss: 24.25, metrics: {'f1': 0.18838223971255028, 'f1_macro': 0.812702472221142, 'prec_macro': 0.5544863198819572, 'rec_macro': 0.5890143840100396, 'f1_micro': 0.9795538793103449, 'prec_micro': 0.9795538793103449, 'rec_micro': 0.9795538793103449}
epoch 6 time: 1.49e+02s, train loss: 24.18, metrics: {'f1': 0.26522348543840524, 'f1_macro': 0.7886476069516788, 'prec_macro': 0.5840368159508043, 'rec_macro': 0.6274563487872259, 'f1_micro': 0.9796637931034483, 'prec_micro': 0.9796637931034483, 'rec_micro': 0.9796637931034483}
epoch 7 time: 1.51e+02s, train loss: 24.15, metrics: {'f1': 0.22805725971370142, 'f1_macro': 0.8013078598246955, 'prec_macro': 0.5688965979232936, 'rec_macro': 0.6088761633667195, 'f1_micro': 0.9796616379310344, 'prec_micro': 0.9796616379310344, 'rec_micro': 0.9796616379310344}
epoch 8 time: 1.47e+02s, train loss: 24.12, metrics: {'f1': 0.2269503546099291, 'f1_macro': 0.7951607298183487, 'prec_macro': 0.568747951439726, 'rec_macro': 0.6082973580061078, 'f1_micro': 0.9795625, 'prec_micro': 0.9795625, 'rec_micro': 0.9795625}
epoch 9 time: 1.47e+02s, train loss: 24.11, metrics: {'f1': 0.2305997552019584, 'f1_macro': 0.801407785885236, 'prec_macro': 0.5698362923288519, 'rec_macro': 0.6101516103431728, 'f1_micro': 0.9796788793103448, 'prec_micro': 0.9796788793103448, 'rec_micro': 0.9796788793103448}
epoch 10 time: 1.47e+02s, train loss: 24.1, metrics: {'f1': 0.2643993417443774, 'f1_macro': 0.7944258954745921, 'prec_macro': 0.5833068759646299, 'rec_macro': 0.6270715021643429, 'f1_micro': 0.9797693965517241, 'prec_micro': 0.9797693965517241, 'rec_micro': 0.9797693965517241}
epoch 11 time: 1.47e+02s, train loss: 24.1, metrics: {'f1': 0.24185290532303938, 'f1_macro': 0.8109396846383495, 'prec_macro': 0.5736209627795542, 'rec_macro': 0.6158325076252358, 'f1_micro': 0.9798943965517242, 'prec_micro': 0.9798943965517242, 'rec_micro': 0.9798943965517242}
epoch 12 time: 1.47e+02s, train loss: 24.08, metrics: {'f1': 0.25190045610946626, 'f1_macro': 0.8036894340548613, 'prec_macro': 0.5778124131293922, 'rec_macro': 0.6208442917552344, 'f1_micro': 0.9798512931034483, 'prec_micro': 0.9798512931034483, 'rec_micro': 0.9798512931034483}
epoch 13 time: 1.47e+02s, train loss: 24.07, metrics: {'f1': 0.23525557011795542, 'f1_macro': 0.8131544437441237, 'prec_macro': 0.5710655707730644, 'rec_macro': 0.6125305577409841, 'f1_micro': 0.9798793103448276, 'prec_micro': 0.9798793103448276, 'rec_micro': 0.9798793103448276}
epoch 14 time: 1.47e+02s, train loss: 24.07, metrics: {'f1': 0.24015040052313227, 'f1_macro': 0.8167925960488287, 'prec_macro': 0.5727264206693843, 'rec_macro': 0.6149996678657358, 'f1_micro': 0.9799655172413793, 'prec_micro': 0.9799655172413793, 'rec_micro': 0.9799655172413793}
epoch 15 time: 1.47e+02s, train loss: 24.06, metrics: {'f1': 0.2586317135549872, 'f1_macro': 0.8105752269199986, 'prec_macro': 0.5800485380759319, 'rec_macro': 0.624249706265417, 'f1_micro': 0.9800086206896552, 'prec_micro': 0.9800086206896552, 'rec_micro': 0.9800086206896552}
epoch 16 time: 1.47e+02s, train loss: 24.06, metrics: {'f1': 0.23445212240868704, 'f1_macro': 0.818322957830347, 'prec_macro': 0.5705596760791734, 'rec_macro': 0.6121455016330628, 'f1_micro': 0.9799439655172414, 'prec_micro': 0.9799439655172414, 'rec_micro': 0.9799439655172414}
epoch 17 time: 1.48e+02s, train loss: 24.05, metrics: {'f1': 0.23249368223689576, 'f1_macro': 0.8026341195767601, 'prec_macro': 0.5704886309553161, 'rec_macro': 0.6111061505459775, 'f1_micro': 0.9797090517241379, 'prec_micro': 0.9797090517241379, 'rec_micro': 0.9797090517241379}
epoch 18 time: 1.48e+02s, train loss: 24.05, metrics: {'f1': 0.22824112303881092, 'f1_macro': 0.8152566474320886, 'prec_macro': 0.5684088871293903, 'rec_macro': 0.6090184204325937, 'f1_micro': 0.9798577586206897, 'prec_micro': 0.9798577586206897, 'rec_micro': 0.9798577586206897}
epoch 19 time: 1.48e+02s, train loss: 24.04, metrics: {'f1': 0.24429223744292236, 'f1_macro': 0.8188907284709941, 'prec_macro': 0.5741780796383515, 'rec_macro': 0.6170857082974962, 'f1_micro': 0.9800258620689655, 'prec_micro': 0.9800258620689655, 'rec_micro': 0.9800258620689655}
epoch 20 time: 1.48e+02s, train loss: 24.04, metrics: {'f1': 0.2615690959776982, 'f1_macro': 0.8099227004912857, 'prec_macro': 0.5812298981817301, 'rec_macro': 0.6257208904234028, 'f1_micro': 0.9800193965517241, 'prec_micro': 0.9800193965517241, 'rec_micro': 0.9800193965517241}
epoch 21 time: 1.48e+02s, train loss: 24.03, metrics: {'f1': 0.23481647195293728, 'f1_macro': 0.8300497593577227, 'prec_macro': 0.5702459153967098, 'rec_macro': 0.6123669173618569, 'f1_micro': 0.9800969827586207, 'prec_micro': 0.9800969827586207, 'rec_micro': 0.9800969827586208}
epoch 22 time: 1.48e+02s, train loss: 24.02, metrics: {'f1': 0.2471399594320487, 'f1_macro': 0.8157115131926607, 'prec_macro': 0.5753908132415395, 'rec_macro': 0.6185032256821149, 'f1_micro': 0.9800021551724138, 'prec_micro': 0.9800021551724138, 'rec_micro': 0.9800021551724138}
epoch 23 time: 1.48e+02s, train loss: 24.03, metrics: {'f1': 0.25216196557019316, 'f1_macro': 0.8169655808090132, 'prec_macro': 0.5772322209022827, 'rec_macro': 0.6210281610574716, 'f1_micro': 0.9800581896551724, 'prec_micro': 0.9800581896551724, 'rec_micro': 0.9800581896551724}
epoch 24 time: 1.47e+02s, train loss: 24.02, metrics: {'f1': 0.24055829228243022, 'f1_macro': 0.8238855354698881, 'prec_macro': 0.572581103720874, 'rec_macro': 0.615229027122194, 'f1_micro': 0.9800646551724138, 'prec_micro': 0.9800646551724138, 'rec_micro': 0.9800646551724138}
epoch 25 time: 1.48e+02s, train loss: 24.01, metrics: {'f1': 0.2534412955465587, 'f1_macro': 0.8211926412229794, 'prec_macro': 0.5775135325204246, 'rec_macro': 0.621685972952114, 'f1_micro': 0.9801293103448275, 'prec_micro': 0.9801293103448275, 'rec_micro': 0.9801293103448275}
epoch 26 time: 1.48e+02s, train loss: 24.01, metrics: {'f1': 0.24689339437540878, 'f1_macro': 0.8262337536343032, 'prec_macro': 0.574827677930355, 'rec_macro': 0.6184170390210071, 'f1_micro': 0.9801465517241379, 'prec_micro': 0.9801465517241379, 'rec_micro': 0.9801465517241379}
epoch 27 time: 1.48e+02s, train loss: 24.01, metrics: {'f1': 0.24233003354332, 'f1_macro': 0.8210815040926531, 'prec_macro': 0.573352892175945, 'rec_macro': 0.6161086547970744, 'f1_micro': 0.9800409482758621, 'prec_micro': 0.9800409482758621, 'rec_micro': 0.9800409482758621}
epoch 28 time: 1.48e+02s, train loss: 24.02, metrics: {'f1': 0.24597268787308857, 'f1_macro': 0.8253404031829505, 'prec_macro': 0.5745238030188017, 'rec_macro': 0.6179517883544173, 'f1_micro': 0.9801271551724138, 'prec_micro': 0.9801271551724138, 'rec_micro': 0.9801271551724138}
epoch 29 time: 1.49e+02s, train loss: 24.01, metrics: {'f1': 0.2646941223510596, 'f1_macro': 0.8188315607143228, 'prec_macro': 0.5819505158890256, 'rec_macro': 0.6273251877627859, 'f1_micro': 0.9801831896551724, 'prec_micro': 0.9801831896551724, 'rec_micro': 0.9801831896551724}
epoch 30 time: 1.5e+02s, train loss: 24.01, metrics: {'f1': 0.2429369250985545, 'f1_macro': 0.8276968661076589, 'prec_macro': 0.5733022592116355, 'rec_macro': 0.6164358361931215, 'f1_micro': 0.9801336206896551, 'prec_micro': 0.9801336206896551, 'rec_micro': 0.9801336206896551}
epoch 31 time: 1.5e+02s, train loss: 24.03, metrics: {'f1': 0.23475107154632374, 'f1_macro': 0.8217449827948309, 'prec_macro': 0.5705349102347672, 'rec_macro': 0.6123071198005544, 'f1_micro': 0.9799913793103449, 'prec_micro': 0.9799913793103449, 'rec_micro': 0.9799913793103449}
epoch 32 time: 1.5e+02s, train loss: 24.03, metrics: {'f1': 0.2560180339747202, 'f1_macro': 0.8167298463230186, 'prec_macro': 0.5787152533686397, 'rec_macro': 0.6229624835915526, 'f1_micro': 0.9800840517241379, 'prec_micro': 0.9800840517241379, 'rec_micro': 0.9800840517241379}
epoch 33 time: 1.48e+02s, train loss: 24.02, metrics: {'f1': 0.25285124969667555, 'f1_macro': 0.8189677136404223, 'prec_macro': 0.5773968230262781, 'rec_macro': 0.6213815953912495, 'f1_micro': 0.980092672413793, 'prec_micro': 0.980092672413793, 'rec_micro': 0.980092672413793}
epoch 34 time: 1.48e+02s, train loss: 24.0, metrics: {'f1': 0.27659238185553975, 'f1_macro': 0.8184265455964513, 'prec_macro': 0.5866500891923146, 'rec_macro': 0.6332958959573434, 'f1_micro': 0.9802715517241379, 'prec_micro': 0.9802715517241379, 'rec_micro': 0.9802715517241379}
epoch 35 time: 1.47e+02s, train loss: 24.0, metrics: {'f1': 0.2627631260585531, 'f1_macro': 0.8278014886832235, 'prec_macro': 0.5807361432268744, 'rec_macro': 0.6263897598311585, 'f1_micro': 0.9802995689655173, 'prec_micro': 0.9802995689655173, 'rec_micro': 0.9802995689655173}
epoch 36 time: 1.47e+02s, train loss: 24.0, metrics: {'f1': 0.26689054129687373, 'f1_macro': 0.8213582876990698, 'prec_macro': 0.5826650637268034, 'rec_macro': 0.6284375862641761, 'f1_micro': 0.9802392241379311, 'prec_micro': 0.9802392241379311, 'rec_micro': 0.9802392241379311}
epoch 37 time: 1.49e+02s, train loss: 24.0, metrics: {'f1': 0.25857605177993526, 'f1_macro': 0.8267754418952686, 'prec_macro': 0.579192002824701, 'rec_macro': 0.6242838757873073, 'f1_micro': 0.98025, 'prec_micro': 0.98025, 'rec_micro': 0.98025}
epoch 38 time: 1.49e+02s, train loss: 23.99, metrics: {'f1': 0.25699143905421934, 'f1_macro': 0.8359068411042404, 'prec_macro': 0.5781703019574431, 'rec_macro': 0.6235199350479754, 'f1_micro': 0.9803599137931035, 'prec_micro': 0.9803599137931035, 'rec_micro': 0.9803599137931035}
epoch 39 time: 1.5e+02s, train loss: 23.99, metrics: {'f1': 0.2585956416464891, 'f1_macro': 0.8234268965010463, 'prec_macro': 0.579363750385146, 'rec_macro': 0.6242814929107054, 'f1_micro': 0.9802025862068966, 'prec_micro': 0.9802025862068966, 'rec_micro': 0.9802025862068966}
epoch 40 time: 1.49e+02s, train loss: 24.0, metrics: {'f1': 0.25835694050991503, 'f1_macro': 0.8270595058350408, 'prec_macro': 0.5790951162895056, 'rec_macro': 0.6241748935412748, 'f1_micro': 0.9802521551724138, 'prec_micro': 0.9802521551724138, 'rec_micro': 0.9802521551724138}
epoch 41 time: 1.48e+02s, train loss: 23.99, metrics: {'f1': 0.282117444679021, 'f1_macro': 0.8123599998448218, 'prec_macro': 0.5892660256425895, 'rec_macro': 0.6360429390938984, 'f1_micro': 0.9802133620689655, 'prec_micro': 0.9802133620689655, 'rec_micro': 0.9802133620689655}
epoch 42 time: 1.49e+02s, train loss: 24.0, metrics: {'f1': 0.28827006845052894, 'f1_macro': 0.813447641048004, 'prec_macro': 0.591700866544975, 'rec_macro': 0.6391358209866922, 'f1_micro': 0.9802801724137931, 'prec_micro': 0.9802801724137931, 'rec_micro': 0.9802801724137931}
epoch 43 time: 1.49e+02s, train loss: 24.0, metrics: {'f1': 0.2556707712248866, 'f1_macro': 0.8247962809411202, 'prec_macro': 0.5781856941058398, 'rec_macro': 0.6228182175930124, 'f1_micro': 0.980198275862069, 'prec_micro': 0.980198275862069, 'rec_micro': 0.980198275862069}
epoch 44 time: 1.49e+02s, train loss: 23.99, metrics: {'f1': 0.2563645208367115, 'f1_macro': 0.8268562406609957, 'prec_macro': 0.5783502962298352, 'rec_macro': 0.6231738840016274, 'f1_micro': 0.9802327586206897, 'prec_micro': 0.9802327586206897, 'rec_micro': 0.9802327586206897}
epoch 45 time: 1.5e+02s, train loss: 23.99, metrics: {'f1': 0.26742418180363287, 'f1_macro': 0.8230711593602386, 'prec_macro': 0.582778469394458, 'rec_macro': 0.628712107286252, 'f1_micro': 0.9802693965517242, 'prec_micro': 0.9802693965517242, 'rec_micro': 0.9802693965517242}
epoch 46 time: 1.51e+02s, train loss: 23.99, metrics: {'f1': 0.26421485603677713, 'f1_macro': 0.829672279947183, 'prec_macro': 0.5811969113339424, 'rec_macro': 0.6271254544294563, 'f1_micro': 0.9803383620689655, 'prec_micro': 0.9803383620689655, 'rec_micro': 0.9803383620689655}
epoch 47 time: 1.51e+02s, train loss: 23.98, metrics: {'f1': 0.2528867414626157, 'f1_macro': 0.8370528404498541, 'prec_macro': 0.5765914842313881, 'rec_macro': 0.6214624198790919, 'f1_micro': 0.9803383620689655, 'prec_micro': 0.9803383620689655, 'rec_micro': 0.9803383620689655}
epoch 48 time: 1.52e+02s, train loss: 23.99, metrics: {'f1': 0.25057283142389525, 'f1_macro': 0.8327439475859625, 'prec_macro': 0.5759160188194811, 'rec_macro': 0.6202863065154156, 'f1_micro': 0.9802629310344828, 'prec_micro': 0.9802629310344828, 'rec_micro': 0.9802629310344828}
epoch 49 time: 1.51e+02s, train loss: 23.99, metrics: {'f1': 0.25490995028929997, 'f1_macro': 0.8323696872429517, 'prec_macro': 0.5775493368283688, 'rec_macro': 0.62246277767138, 'f1_micro': 0.9802952586206897, 'prec_micro': 0.9802952586206897, 'rec_micro': 0.9802952586206897}
epoch 50 time: 1.5e+02s, train loss: 23.99, metrics: {'f1': 0.25318107667210443, 'f1_macro': 0.8313724127753225, 'prec_macro': 0.5769470933827484, 'rec_macro': 0.6215913027451639, 'f1_micro': 0.9802672413793103, 'prec_micro': 0.9802672413793103, 'rec_micro': 0.9802672413793103}
epoch 51 time: 1.51e+02s, train loss: 23.98, metrics: {'f1': 0.2503465709858925, 'f1_macro': 0.8271815072146109, 'prec_macro': 0.5760734497984615, 'rec_macro': 0.620153831217319, 'f1_micro': 0.9801875, 'prec_micro': 0.9801875, 'rec_micro': 0.9801875}
epoch 52 time: 1.5e+02s, train loss: 23.98, metrics: {'f1': 0.24842381069352332, 'f1_macro': 0.8306649737189008, 'prec_macro': 0.5752069773591897, 'rec_macro': 0.6192003688213469, 'f1_micro': 0.9802176724137931, 'prec_micro': 0.9802176724137931, 'rec_micro': 0.9802176724137931}
epoch 53 time: 1.5e+02s, train loss: 23.99, metrics: {'f1': 0.2436539883348394, 'f1_macro': 0.8290747540419363, 'prec_macro': 0.5735103488634908, 'rec_macro': 0.6168003897978172, 'f1_micro': 0.9801573275862069, 'prec_micro': 0.9801573275862069, 'rec_micro': 0.9801573275862069}
epoch 54 time: 1.5e+02s, train loss: 23.99, metrics: {'f1': 0.24569742665136862, 'f1_macro': 0.828276556417616, 'prec_macro': 0.5742975551755238, 'rec_macro': 0.6178235876975435, 'f1_micro': 0.9801637931034483, 'prec_micro': 0.9801637931034483, 'rec_micro': 0.9801637931034484}
epoch 55 time: 1.49e+02s, train loss: 23.98, metrics: {'f1': 0.2527499388902469, 'f1_macro': 0.8292216387801505, 'prec_macro': 0.5768815803449427, 'rec_macro': 0.6213674726693377, 'f1_micro': 0.9802349137931035, 'prec_micro': 0.9802349137931035, 'rec_micro': 0.9802349137931035}
epoch 56 time: 1.5e+02s, train loss: 23.98, metrics: {'f1': 0.25428826924640274, 'f1_macro': 0.8279533443077456, 'prec_macro': 0.5775162985634504, 'rec_macro': 0.6221353926676024, 'f1_micro': 0.9802306034482758, 'prec_micro': 0.9802306034482758, 'rec_micro': 0.9802306034482758}
epoch 57 time: 1.53e+02s, train loss: 23.98, metrics: {'f1': 0.24855255647068417, 'f1_macro': 0.8247594286611291, 'prec_macro': 0.5755102887787118, 'rec_macro': 0.6192448117771777, 'f1_micro': 0.9801400862068965, 'prec_micro': 0.9801400862068965, 'rec_micro': 0.9801400862068965}
epoch 58 time: 1.52e+02s, train loss: 23.98, metrics: {'f1': 0.24531544063497257, 'f1_macro': 0.8254137894762894, 'prec_macro': 0.5742766309410754, 'rec_macro': 0.6176221167493765, 'f1_micro': 0.9801228448275862, 'prec_micro': 0.9801228448275862, 'rec_micro': 0.9801228448275862}
epoch 59 time: 1.53e+02s, train loss: 23.98, metrics: {'f1': 0.23903201909622193, 'f1_macro': 0.8256369714544207, 'prec_macro': 0.5719496893288581, 'rec_macro': 0.614468791168702, 'f1_micro': 0.9800754310344828, 'prec_micro': 0.9800754310344828, 'rec_micro': 0.9800754310344828}
epoch 60 time: 1.5e+02s, train loss: 23.99, metrics: {'f1': 0.24075907590759077, 'f1_macro': 0.8318214988999133, 'prec_macro': 0.5723400015126655, 'rec_macro': 0.6153559540781786, 'f1_micro': 0.9801681034482759, 'prec_micro': 0.9801681034482759, 'rec_micro': 0.9801681034482759}
epoch 61 time: 1.52e+02s, train loss: 23.99, metrics: {'f1': 0.23618545664168658, 'f1_macro': 0.8223841281587343, 'prec_macro': 0.571034760767706, 'rec_macro': 0.6130291649042837, 'f1_micro': 0.980010775862069, 'prec_micro': 0.980010775862069, 'rec_micro': 0.980010775862069}
epoch 62 time: 1.5e+02s, train loss: 24.0, metrics: {'f1': 0.23472484212252934, 'f1_macro': 0.8142054346944327, 'prec_macro': 0.5708261076238192, 'rec_macro': 0.6122680070635556, 'f1_micro': 0.9798900862068965, 'prec_micro': 0.9798900862068965, 'rec_micro': 0.9798900862068965}
epoch 63 time: 1.5e+02s, train loss: 24.01, metrics: {'f1': 0.23432479195847408, 'f1_macro': 0.8205112496603315, 'prec_macro': 0.570427010944599, 'rec_macro': 0.6120890389378455, 'f1_micro': 0.9799719827586207, 'prec_micro': 0.9799719827586207, 'rec_micro': 0.9799719827586207}
epoch 64 time: 1.5e+02s, train loss: 23.99, metrics: {'f1': 0.23781193191208064, 'f1_macro': 0.829979769240146, 'prec_macro': 0.5713358953447989, 'rec_macro': 0.6138704707371404, 'f1_micro': 0.9801206896551724, 'prec_micro': 0.9801206896551724, 'rec_micro': 0.9801206896551724}
epoch 65 time: 1.5e+02s, train loss: 23.99, metrics: {'f1': 0.23178807947019867, 'f1_macro': 0.8242033521227119, 'prec_macro': 0.5693634616084446, 'rec_macro': 0.6108280951111147, 'f1_micro': 0.98, 'prec_micro': 0.98, 'rec_micro': 0.98}
epoch 66 time: 1.49e+02s, train loss: 24.02, metrics: {'f1': 0.23933178961296728, 'f1_macro': 0.8334904143697777, 'prec_macro': 0.5717564797504988, 'rec_macro': 0.6146446481310534, 'f1_micro': 0.980176724137931, 'prec_micro': 0.980176724137931, 'rec_micro': 0.980176724137931}
epoch 67 time: 1.49e+02s, train loss: 24.02, metrics: {'f1': 0.24076967354658335, 'f1_macro': 0.8265586914000809, 'prec_macro': 0.5725508314989813, 'rec_macro': 0.6153441036313311, 'f1_micro': 0.9801012931034483, 'prec_micro': 0.9801012931034483, 'rec_micro': 0.9801012931034483}
epoch 68 time: 1.5e+02s, train loss: 24.0, metrics: {'f1': 0.2514747474747475, 'f1_macro': 0.8158533665205794, 'prec_macro': 0.5770252325259246, 'rec_macro': 0.6206790802220153, 'f1_micro': 0.9800366379310345, 'prec_micro': 0.9800366379310345, 'rec_micro': 0.9800366379310345}
epoch 69 time: 1.5e+02s, train loss: 24.0, metrics: {'f1': 0.2630656469088592, 'f1_macro': 0.8120549839204257, 'prec_macro': 0.5816939701152899, 'rec_macro': 0.6264806522770389, 'f1_micro': 0.9800646551724138, 'prec_micro': 0.9800646551724138, 'rec_micro': 0.9800646551724138}
epoch 70 time: 1.5e+02s, train loss: 24.02, metrics: {'f1': 0.26522732645181624, 'f1_macro': 0.8015222632119664, 'prec_macro': 0.583179179424076, 'rec_macro': 0.627519755048451, 'f1_micro': 0.9799030172413793, 'prec_micro': 0.9799030172413793, 'rec_micro': 0.9799030172413793}
epoch 71 time: 1.48e+02s, train loss: 24.03, metrics: {'f1': 0.2623495883470551, 'f1_macro': 0.8035022060700265, 'prec_macro': 0.5819130468135526, 'rec_macro': 0.6260850379224897, 'f1_micro': 0.9799181034482759, 'prec_micro': 0.9799181034482759, 'rec_micro': 0.9799181034482759}
epoch 72 time: 1.49e+02s, train loss: 24.02, metrics: {'f1': 0.2538430583501006, 'f1_macro': 0.8135228538620497, 'prec_macro': 0.5780452943342191, 'rec_macro': 0.6218585905845471, 'f1_micro': 0.9800193965517241, 'prec_micro': 0.9800193965517241, 'rec_micro': 0.9800193965517241}
epoch 73 time: 1.49e+02s, train loss: 24.01, metrics: {'f1': 0.24159096489074391, 'f1_macro': 0.8205494235026753, 'prec_macro': 0.5731013149962297, 'rec_macro': 0.6157358666638696, 'f1_micro': 0.9800280172413793, 'prec_micro': 0.9800280172413793, 'rec_micro': 0.9800280172413793}
epoch 74 time: 1.48e+02s, train loss: 24.0, metrics: {'f1': 0.23341604631927215, 'f1_macro': 0.8252416487322445, 'prec_macro': 0.5699156098732215, 'rec_macro': 0.6116485740871289, 'f1_micro': 0.9800258620689655, 'prec_micro': 0.9800258620689655, 'rec_micro': 0.9800258620689655}
epoch 75 time: 1.49e+02s, train loss: 24.0, metrics: {'f1': 0.23339139089325706, 'f1_macro': 0.8295920848876723, 'prec_macro': 0.5697471661392682, 'rec_macro': 0.611650075795624, 'f1_micro': 0.9800797413793103, 'prec_micro': 0.9800797413793103, 'rec_micro': 0.9800797413793103}
epoch 76 time: 1.48e+02s, train loss: 24.02, metrics: {'f1': 0.23152831909776933, 'f1_macro': 0.8266072093160202, 'prec_macro': 0.569181802568524, 'rec_macro': 0.6107054275999928, 'f1_micro': 0.9800280172413793, 'prec_micro': 0.9800280172413793, 'rec_micro': 0.9800280172413793}
epoch 77 time: 1.48e+02s, train loss: 24.03, metrics: {'f1': 0.232068908398211, 'f1_macro': 0.8253994682140721, 'prec_macro': 0.5694212657177692, 'rec_macro': 0.6109729099258782, 'f1_micro': 0.9800172413793103, 'prec_micro': 0.9800172413793103, 'rec_micro': 0.9800172413793103}
epoch 78 time: 1.48e+02s, train loss: 24.01, metrics: {'f1': 0.23121482952664682, 'f1_macro': 0.8228524404883168, 'prec_macro': 0.5692054671374328, 'rec_macro': 0.6105359889993888, 'f1_micro': 0.9799784482758621, 'prec_micro': 0.9799784482758621, 'rec_micro': 0.9799784482758621}
epoch 79 time: 1.48e+02s, train loss: 24.0, metrics: {'f1': 0.23305470495737812, 'f1_macro': 0.8256389372425155, 'prec_macro': 0.5697697294326799, 'rec_macro': 0.6114684879745909, 'f1_micro': 0.9800280172413793, 'prec_micro': 0.9800280172413793, 'rec_micro': 0.9800280172413793}
epoch 80 time: 1.48e+02s, train loss: 24.0, metrics: {'f1': 0.2234386663349092, 'f1_macro': 0.815076272086998, 'prec_macro': 0.5666753787588152, 'rec_macro': 0.6066082072567811, 'f1_micro': 0.9798211206896552, 'prec_micro': 0.9798211206896552, 'rec_micro': 0.9798211206896552}
epoch 81 time: 1.49e+02s, train loss: 24.0, metrics: {'f1': 0.22270198455534332, 'f1_macro': 0.8158178337502131, 'prec_macro': 0.5663836178777318, 'rec_macro': 0.6062410362426176, 'f1_micro': 0.9798254310344827, 'prec_micro': 0.9798254310344827, 'rec_micro': 0.9798254310344827}
epoch 82 time: 1.48e+02s, train loss: 24.01, metrics: {'f1': 0.22117139538742325, 'f1_macro': 0.8121539265317514, 'prec_macro': 0.5659619321965347, 'rec_macro': 0.6054609414307879, 'f1_micro': 0.9797672413793104, 'prec_micro': 0.9797672413793104, 'rec_micro': 0.9797672413793104}
epoch 83 time: 1.48e+02s, train loss: 24.01, metrics: {'f1': 0.22460515378221113, 'f1_macro': 0.8203321936923924, 'prec_macro': 0.5669098990226054, 'rec_macro': 0.6072107070700415, 'f1_micro': 0.9798965517241379, 'prec_micro': 0.9798965517241379, 'rec_micro': 0.9798965517241379}
epoch 84 time: 1.49e+02s, train loss: 24.01, metrics: {'f1': 0.23007968127490042, 'f1_macro': 0.8259652078484092, 'prec_macro': 0.5686819520355852, 'rec_macro': 0.6099762565195052, 'f1_micro': 0.9800086206896552, 'prec_micro': 0.9800086206896552, 'rec_micro': 0.9800086206896552}
epoch 85 time: 1.48e+02s, train loss: 24.01, metrics: {'f1': 0.22721991701244815, 'f1_macro': 0.8215144142027393, 'prec_macro': 0.5678094097267956, 'rec_macro': 0.6085267116041007, 'f1_micro': 0.9799310344827586, 'prec_micro': 0.9799310344827586, 'rec_micro': 0.9799310344827586}
epoch 86 time: 1.48e+02s, train loss: 24.03, metrics: {'f1': 0.2298964803312629, 'f1_macro': 0.8221214375594705, 'prec_macro': 0.5687546105098404, 'rec_macro': 0.6098719511681698, 'f1_micro': 0.9799590517241379, 'prec_micro': 0.9799590517241379, 'rec_micro': 0.9799590517241379}
epoch 87 time: 1.48e+02s, train loss: 24.04, metrics: {'f1': 0.23006946741647372, 'f1_macro': 0.8201659377520553, 'prec_macro': 0.5688894781954092, 'rec_macro': 0.6099523455207769, 'f1_micro': 0.9799353448275862, 'prec_micro': 0.9799353448275862, 'rec_micro': 0.9799353448275863}
epoch 88 time: 1.49e+02s, train loss: 24.05, metrics: {'f1': 0.22725020644095786, 'f1_macro': 0.8138410398526901, 'prec_macro': 0.568101708391345, 'rec_macro': 0.6085164111286339, 'f1_micro': 0.9798318965517241, 'prec_micro': 0.9798318965517241, 'rec_micro': 0.9798318965517241}
epoch 89 time: 1.48e+02s, train loss: 24.07, metrics: {'f1': 0.22077386354261197, 'f1_macro': 0.8032600909528356, 'prec_macro': 0.5661441290199213, 'rec_macro': 0.6052306829655139, 'f1_micro': 0.9796443965517241, 'prec_micro': 0.9796443965517241, 'rec_micro': 0.9796443965517241}
epoch 90 time: 1.49e+02s, train loss: 24.08, metrics: {'f1': 0.22314117938962866, 'f1_macro': 0.810324030290136, 'prec_macro': 0.5667403283045894, 'rec_macro': 0.6064428968781699, 'f1_micro': 0.9797564655172414, 'prec_micro': 0.9797564655172414, 'rec_micro': 0.9797564655172414}
epoch 91 time: 1.49e+02s, train loss: 24.08, metrics: {'f1': 0.2183017312448475, 'f1_macro': 0.7986781857198714, 'prec_macro': 0.5654174671516734, 'rec_macro': 0.6039743667743339, 'f1_micro': 0.9795646551724138, 'prec_micro': 0.9795646551724138, 'rec_micro': 0.9795646551724138}
epoch 92 time: 1.49e+02s, train loss: 24.09, metrics: {'f1': 0.21817881068563394, 'f1_macro': 0.8031825502861261, 'prec_macro': 0.5652044346143629, 'rec_macro': 0.6039289581804896, 'f1_micro': 0.9796271551724138, 'prec_micro': 0.9796271551724138, 'rec_micro': 0.9796271551724138}
epoch 93 time: 1.48e+02s, train loss: 24.1, metrics: {'f1': 0.21702479338842978, 'f1_macro': 0.8004325816108345, 'prec_macro': 0.5648873443968421, 'rec_macro': 0.6033404346896293, 'f1_micro': 0.9795818965517241, 'prec_micro': 0.9795818965517241, 'rec_micro': 0.9795818965517241}
epoch 94 time: 1.48e+02s, train loss: 24.09, metrics: {'f1': 0.21359223300970873, 'f1_macro': 0.7892647331594878, 'prec_macro': 0.5640599286748756, 'rec_macro': 0.601577990313333, 'f1_micro': 0.9794008620689655, 'prec_micro': 0.9794008620689655, 'rec_micro': 0.9794008620689655}
epoch 95 time: 1.48e+02s, train loss: 24.11, metrics: {'f1': 0.21588762014293925, 'f1_macro': 0.7903425074938717, 'prec_macro': 0.5648581477418815, 'rec_macro': 0.6027326730335792, 'f1_micro': 0.9794288793103448, 'prec_micro': 0.9794288793103448, 'rec_micro': 0.979428879310345}
epoch 96 time: 1.48e+02s, train loss: 24.11, metrics: {'f1': 0.22011292038294739, 'f1_macro': 0.7908720361845363, 'prec_macro': 0.5663923766645793, 'rec_macro': 0.604852693780582, 'f1_micro': 0.9794590517241379, 'prec_micro': 0.9794590517241379, 'rec_micro': 0.9794590517241379}
epoch 97 time: 1.49e+02s, train loss: 24.12, metrics: {'f1': 0.21586263286999183, 'f1_macro': 0.7840853304394366, 'prec_macro': 0.5651025537765817, 'rec_macro': 0.6026952855538795, 'f1_micro': 0.9793318965517241, 'prec_micro': 0.9793318965517241, 'rec_micro': 0.9793318965517241}
epoch 98 time: 1.48e+02s, train loss: 24.15, metrics: {'f1': 0.19951573849878934, 'f1_macro': 0.7470653108711744, 'prec_macro': 0.5606258473643826, 'rec_macro': 0.5943418078258629, 'f1_micro': 0.978625, 'prec_micro': 0.978625, 'rec_micro': 0.978625}
epoch 99 time: 1.48e+02s, train loss: 24.19, metrics: {'f1': 0.19673192040122958, 'f1_macro': 0.7458611328965963, 'prec_macro': 0.5596327539514888, 'rec_macro': 0.5929435115910114, 'f1_micro': 0.9785991379310345, 'prec_micro': 0.9785991379310345, 'rec_micro': 0.9785991379310345}
epoch 100 time: 1.49e+02s, train loss: 24.19, metrics: {'f1': 0.19342768830323734, 'f1_macro': 0.7475039057006101, 'prec_macro': 0.5583253363641, 'rec_macro': 0.5912994425860507, 'f1_micro': 0.9786293103448276, 'prec_micro': 0.9786293103448276, 'rec_micro': 0.9786293103448276}
post-training summary -- best {'f1': 0.28827006845052894, 'f1_macro': 0.813447641048004, 'prec_macro': 0.591700866544975, 'rec_macro': 0.6391358209866922, 'f1_micro': 0.9802801724137931, 'prec_micro': 0.9802801724137931, 'rec_micro': 0.9802801724137931}
run 5 start -- seed=4
initialized continuityBERT with 628261 parameters.
/home/azureuser/.local/lib/python3.8/site-packages/sklearn/metrics/_classification.py:1344: UndefinedMetricWarning: Precision and F-score are ill-defined and being set to 0.0 in labels with no predicted samples. Use `zero_division` parameter to control this behavior.
  _warn_prf(average, modifier, msg_start, len(result))
epoch 1 time: 1.46e+02s, train loss: 24.7, metrics: {'f1': 0.0, 'f1_macro': 0.4892446120689655, 'prec_macro': 0.5, 'rec_macro': 0.49456383800335285, 'f1_micro': 0.978489224137931, 'prec_micro': 0.978489224137931, 'rec_micro': 0.978489224137931}
epoch 2 time: 1.46e+02s, train loss: 24.59, metrics: {'f1': 0.07482867197629191, 'f1_macro': 0.7369077755935909, 'prec_macro': 0.5197836262804385, 'rec_macro': 0.5319684254907855, 'f1_micro': 0.9784698275862069, 'prec_micro': 0.9784698275862069, 'rec_micro': 0.9784698275862069}
epoch 3 time: 1.46e+02s, train loss: 24.38, metrics: {'f1': 0.18875927889713678, 'f1_macro': 0.7443953006487578, 'prec_macro': 0.5567255944035966, 'rec_macro': 0.5889496106522166, 'f1_micro': 0.9785668103448276, 'prec_micro': 0.9785668103448276, 'rec_micro': 0.9785668103448276}
epoch 4 time: 1.45e+02s, train loss: 24.27, metrics: {'f1': 0.1287339971550498, 'f1_macro': 0.7757117572583511, 'prec_macro': 0.5356709183357449, 'rec_macro': 0.5590220415989745, 'f1_micro': 0.9788793103448276, 'prec_micro': 0.9788793103448276, 'rec_micro': 0.9788793103448276}
epoch 5 time: 1.46e+02s, train loss: 24.24, metrics: {'f1': 0.2263174911089557, 'f1_macro': 0.7834698708688859, 'prec_macro': 0.5690418891632386, 'rec_macro': 0.6079317319638056, 'f1_micro': 0.9793706896551724, 'prec_micro': 0.9793706896551724, 'rec_micro': 0.9793706896551724}
epoch 6 time: 1.47e+02s, train loss: 24.2, metrics: {'f1': 0.26088308457711445, 'f1_macro': 0.7820131644304993, 'prec_macro': 0.5827326764813421, 'rec_macro': 0.625246686004901, 'f1_micro': 0.9795086206896552, 'prec_micro': 0.9795086206896552, 'rec_micro': 0.9795086206896552}
epoch 7 time: 1.46e+02s, train loss: 24.14, metrics: {'f1': 0.2168793742280774, 'f1_macro': 0.7949176439855845, 'prec_macro': 0.565042572824828, 'rec_macro': 0.603247271284022, 'f1_micro': 0.9795021551724138, 'prec_micro': 0.9795021551724138, 'rec_micro': 0.9795021551724138}
epoch 8 time: 1.46e+02s, train loss: 24.12, metrics: {'f1': 0.245658958149956, 'f1_macro': 0.7958967816124931, 'prec_macro': 0.5758157513320977, 'rec_macro': 0.6176809432427635, 'f1_micro': 0.9796831896551724, 'prec_micro': 0.9796831896551724, 'rec_micro': 0.9796831896551724}
epoch 9 time: 1.46e+02s, train loss: 24.11, metrics: {'f1': 0.2402969418219963, 'f1_macro': 0.7994663289501234, 'prec_macro': 0.5735752469921344, 'rec_macro': 0.6150070729094538, 'f1_micro': 0.9797090517241379, 'prec_micro': 0.9797090517241379, 'rec_micro': 0.9797090517241379}
epoch 10 time: 1.46e+02s, train loss: 24.1, metrics: {'f1': 0.220925454097148, 'f1_macro': 0.7980596286212922, 'prec_macro': 0.5664006490850917, 'rec_macro': 0.6052876569211599, 'f1_micro': 0.9795711206896551, 'prec_micro': 0.9795711206896551, 'rec_micro': 0.9795711206896551}
epoch 11 time: 1.46e+02s, train loss: 24.09, metrics: {'f1': 0.23516147217524358, 'f1_macro': 0.7904410202000569, 'prec_macro': 0.5720641191463139, 'rec_macro': 0.612394423104528, 'f1_micro': 0.9795323275862069, 'prec_micro': 0.9795323275862069, 'rec_micro': 0.9795323275862069}
epoch 12 time: 1.46e+02s, train loss: 24.08, metrics: {'f1': 0.22768878718535468, 'f1_macro': 0.7995696744627696, 'prec_macro': 0.5688332874364825, 'rec_macro': 0.6086847673134176, 'f1_micro': 0.9796336206896552, 'prec_micro': 0.9796336206896552, 'rec_micro': 0.9796336206896552}
epoch 13 time: 1.45e+02s, train loss: 24.08, metrics: {'f1': 0.24001299123091913, 'f1_macro': 0.807279164181616, 'prec_macro': 0.5730968841856753, 'rec_macro': 0.6148955621493293, 'f1_micro': 0.9798275862068966, 'prec_micro': 0.9798275862068966, 'rec_micro': 0.9798275862068966}
epoch 14 time: 1.45e+02s, train loss: 24.07, metrics: {'f1': 0.2601471635414194, 'f1_macro': 0.8002194828546766, 'prec_macro': 0.5812397839526402, 'rec_macro': 0.6249657609218862, 'f1_micro': 0.9798469827586207, 'prec_micro': 0.9798469827586207, 'rec_micro': 0.9798469827586207}
epoch 15 time: 1.45e+02s, train loss: 24.07, metrics: {'f1': 0.25625000000000003, 'f1_macro': 0.8108467340947313, 'prec_macro': 0.5791110462213681, 'rec_macro': 0.6230557497378539, 'f1_micro': 0.9799956896551724, 'prec_micro': 0.9799956896551724, 'rec_micro': 0.9799956896551724}
epoch 16 time: 1.45e+02s, train loss: 24.07, metrics: {'f1': 0.244476697306886, 'f1_macro': 0.8039241516387459, 'prec_macro': 0.5749476398338627, 'rec_macro': 0.6171214742172821, 'f1_micro': 0.9798060344827586, 'prec_micro': 0.9798060344827586, 'rec_micro': 0.9798060344827586}
epoch 17 time: 1.46e+02s, train loss: 24.07, metrics: {'f1': 0.24757164646383562, 'f1_macro': 0.8022468011752144, 'prec_macro': 0.5762181775463752, 'rec_macro': 0.618667003034505, 'f1_micro': 0.9797995689655172, 'prec_micro': 0.9797995689655172, 'rec_micro': 0.9797995689655172}
epoch 18 time: 1.46e+02s, train loss: 24.06, metrics: {'f1': 0.22549181682922795, 'f1_macro': 0.8128258716055679, 'prec_macro': 0.5675005662212218, 'rec_macro': 0.6076307323368241, 'f1_micro': 0.9798060344827586, 'prec_micro': 0.9798060344827586, 'rec_micro': 0.9798060344827586}
epoch 19 time: 1.46e+02s, train loss: 24.06, metrics: {'f1': 0.23597145637366204, 'f1_macro': 0.8002085019140681, 'prec_macro': 0.5719017452818784, 'rec_macro': 0.612840850349012, 'f1_micro': 0.9796939655172414, 'prec_micro': 0.9796939655172414, 'rec_micro': 0.9796939655172414}
epoch 20 time: 1.47e+02s, train loss: 24.06, metrics: {'f1': 0.24221284879948088, 'f1_macro': 0.8088725637553102, 'prec_macro': 0.5738516157248211, 'rec_macro': 0.6160052528011767, 'f1_micro': 0.9798663793103448, 'prec_micro': 0.9798663793103448, 'rec_micro': 0.9798663793103448}
epoch 21 time: 1.46e+02s, train loss: 24.05, metrics: {'f1': 0.24307592049527538, 'f1_macro': 0.8158613667410027, 'prec_macro': 0.5738576855943388, 'rec_macro': 0.6164643791249413, 'f1_micro': 0.9799741379310345, 'prec_micro': 0.9799741379310345, 'rec_micro': 0.9799741379310345}
epoch 22 time: 1.47e+02s, train loss: 24.04, metrics: {'f1': 0.2635979931512304, 'f1_macro': 0.812212401242796, 'prec_macro': 0.581893249563167, 'rec_macro': 0.6267484363550444, 'f1_micro': 0.9800711206896552, 'prec_micro': 0.9800711206896552, 'rec_micro': 0.9800711206896552}
epoch 23 time: 1.46e+02s, train loss: 24.05, metrics: {'f1': 0.2380173400948798, 'f1_macro': 0.814821283541569, 'prec_macro': 0.5720184804845903, 'rec_macro': 0.6139222622656073, 'f1_micro': 0.9799224137931034, 'prec_micro': 0.9799224137931034, 'rec_micro': 0.9799224137931034}
epoch 24 time: 1.47e+02s, train loss: 24.07, metrics: {'f1': 0.23667185324707232, 'f1_macro': 0.8147483348095858, 'prec_macro': 0.5715230350536405, 'rec_macro': 0.6132468722671288, 'f1_micro': 0.9799116379310345, 'prec_micro': 0.9799116379310345, 'rec_micro': 0.9799116379310345}
epoch 25 time: 1.46e+02s, train loss: 24.05, metrics: {'f1': 0.2462602541418691, 'f1_macro': 0.8029128595921899, 'prec_macro': 0.5756803458630629, 'rec_macro': 0.6180119815740507, 'f1_micro': 0.979801724137931, 'prec_micro': 0.979801724137931, 'rec_micro': 0.979801724137931}
epoch 26 time: 1.47e+02s, train loss: 24.06, metrics: {'f1': 0.24738591229634432, 'f1_macro': 0.8146965004924674, 'prec_macro': 0.5755311873045947, 'rec_macro': 0.6186228593986038, 'f1_micro': 0.979989224137931, 'prec_micro': 0.979989224137931, 'rec_micro': 0.979989224137931}
epoch 27 time: 1.47e+02s, train loss: 24.04, metrics: {'f1': 0.23033614836893526, 'f1_macro': 0.8223657932313482, 'prec_macro': 0.5689048960523713, 'rec_macro': 0.6100934062542291, 'f1_micro': 0.9799655172413793, 'prec_micro': 0.9799655172413793, 'rec_micro': 0.9799655172413793}
epoch 28 time: 1.48e+02s, train loss: 24.04, metrics: {'f1': 0.2382985711939563, 'f1_macro': 0.8209874915767091, 'prec_macro': 0.5718665558830962, 'rec_macro': 0.6140849827084256, 'f1_micro': 0.9800086206896552, 'prec_micro': 0.9800086206896552, 'rec_micro': 0.9800086206896552}
epoch 29 time: 1.47e+02s, train loss: 24.03, metrics: {'f1': 0.26518105849582174, 'f1_macro': 0.8133581136510677, 'prec_macro': 0.5824476003789384, 'rec_macro': 0.6275475715283567, 'f1_micro': 0.9801012931034483, 'prec_micro': 0.9801012931034483, 'rec_micro': 0.9801012931034483}
epoch 30 time: 1.48e+02s, train loss: 24.03, metrics: {'f1': 0.25291450777202074, 'f1_macro': 0.8202780844242215, 'prec_macro': 0.5773577406004073, 'rec_macro': 0.6214181995769308, 'f1_micro': 0.9801120689655173, 'prec_micro': 0.9801120689655173, 'rec_micro': 0.9801120689655173}
epoch 31 time: 1.48e+02s, train loss: 24.02, metrics: {'f1': 0.24558823529411763, 'f1_macro': 0.8234888514059868, 'prec_macro': 0.5744604925319907, 'rec_macro': 0.6177524036608615, 'f1_micro': 0.9800991379310345, 'prec_micro': 0.9800991379310345, 'rec_micro': 0.9800991379310345}
epoch 32 time: 1.49e+02s, train loss: 24.02, metrics: {'f1': 0.24466781073792593, 'f1_macro': 0.8225950061303196, 'prec_macro': 0.5741566176204372, 'rec_macro': 0.6172872939640471, 'f1_micro': 0.9800797413793103, 'prec_micro': 0.9800797413793103, 'rec_micro': 0.9800797413793103}
epoch 33 time: 1.48e+02s, train loss: 24.03, metrics: {'f1': 0.2503035699830001, 'f1_macro': 0.8167491845817437, 'prec_macro': 0.5765374960234559, 'rec_macro': 0.6200947051343062, 'f1_micro': 0.9800409482758621, 'prec_micro': 0.9800409482758621, 'rec_micro': 0.9800409482758621}
epoch 34 time: 1.47e+02s, train loss: 24.02, metrics: {'f1': 0.2508101101749838, 'f1_macro': 0.8184159249922274, 'prec_macro': 0.5766498004156132, 'rec_macro': 0.6203551236722006, 'f1_micro': 0.9800689655172414, 'prec_micro': 0.9800689655172414, 'rec_micro': 0.9800689655172414}
epoch 35 time: 1.47e+02s, train loss: 24.02, metrics: {'f1': 0.250852411105699, 'f1_macro': 0.8214154550720256, 'prec_macro': 0.5765248442095199, 'rec_macro': 0.6203873383478591, 'f1_micro': 0.9801120689655173, 'prec_micro': 0.9801120689655173, 'rec_micro': 0.9801120689655173}
epoch 36 time: 1.48e+02s, train loss: 24.02, metrics: {'f1': 0.2606255012028869, 'f1_macro': 0.8173834478279354, 'prec_macro': 0.5804531668412038, 'rec_macro': 0.6252774158772947, 'f1_micro': 0.9801293103448275, 'prec_micro': 0.9801293103448275, 'rec_micro': 0.9801293103448275}
epoch 37 time: 1.49e+02s, train loss: 24.02, metrics: {'f1': 0.24852941176470586, 'f1_macro': 0.8274924065975103, 'prec_macro': 0.5753820287461267, 'rec_macro': 0.6192426477011701, 'f1_micro': 0.980176724137931, 'prec_micro': 0.980176724137931, 'rec_micro': 0.980176724137931}
epoch 38 time: 1.5e+02s, train loss: 24.01, metrics: {'f1': 0.23397038140150578, 'f1_macro': 0.8264337296037931, 'prec_macro': 0.570072503068736, 'rec_macro': 0.6119306713304633, 'f1_micro': 0.9800452586206897, 'prec_micro': 0.9800452586206897, 'rec_micro': 0.9800452586206897}
epoch 39 time: 1.47e+02s, train loss: 24.02, metrics: {'f1': 0.2396769142009396, 'f1_macro': 0.8285938866640751, 'prec_macro': 0.5720697026494964, 'rec_macro': 0.6148022455107958, 'f1_micro': 0.9801185344827587, 'prec_micro': 0.9801185344827587, 'rec_micro': 0.9801185344827587}
epoch 40 time: 1.49e+02s, train loss: 24.02, metrics: {'f1': 0.2545189268055443, 'f1_macro': 0.8240820170428329, 'prec_macro': 0.5777838313835937, 'rec_macro': 0.6222374192664468, 'f1_micro': 0.9801788793103449, 'prec_micro': 0.9801788793103449, 'rec_micro': 0.9801788793103449}
epoch 41 time: 1.49e+02s, train loss: 24.04, metrics: {'f1': 0.265905124543868, 'f1_macro': 0.8102378243088078, 'prec_macro': 0.5829144126469588, 'rec_macro': 0.6278979082104043, 'f1_micro': 0.9800560344827586, 'prec_micro': 0.9800560344827586, 'rec_micro': 0.9800560344827586}
epoch 42 time: 1.5e+02s, train loss: 24.03, metrics: {'f1': 0.2388157894736842, 'f1_macro': 0.8239462607688667, 'prec_macro': 0.5719375752983881, 'rec_macro': 0.6143546103203501, 'f1_micro': 0.9800517241379311, 'prec_micro': 0.9800517241379311, 'rec_micro': 0.9800517241379311}
epoch 43 time: 1.5e+02s, train loss: 24.02, metrics: {'f1': 0.23200859291084855, 'f1_macro': 0.8215350617555597, 'prec_macro': 0.5695429180973707, 'rec_macro': 0.6109300359217616, 'f1_micro': 0.9799676724137931, 'prec_micro': 0.9799676724137931, 'rec_micro': 0.9799676724137931}
epoch 44 time: 1.5e+02s, train loss: 24.02, metrics: {'f1': 0.23440204401219814, 'f1_macro': 0.8211242989936856, 'prec_macro': 0.5704314160465882, 'rec_macro': 0.6121298708455049, 'f1_micro': 0.9799806034482759, 'prec_micro': 0.9799806034482759, 'rec_micro': 0.9799806034482759}
epoch 45 time: 1.48e+02s, train loss: 24.02, metrics: {'f1': 0.23656441717791413, 'f1_macro': 0.8129506193816833, 'prec_macro': 0.5715588136530195, 'rec_macro': 0.6131865246054459, 'f1_micro': 0.9798857758620689, 'prec_micro': 0.9798857758620689, 'rec_micro': 0.9798857758620689}
epoch 46 time: 1.47e+02s, train loss: 24.02, metrics: {'f1': 0.2423796682193348, 'f1_macro': 0.819477009335436, 'prec_macro': 0.5734398672316648, 'rec_macro': 0.6161279349064892, 'f1_micro': 0.9800193965517241, 'prec_micro': 0.9800193965517241, 'rec_micro': 0.9800193965517241}
epoch 47 time: 1.47e+02s, train loss: 24.02, metrics: {'f1': 0.23652546563375637, 'f1_macro': 0.8240039402524562, 'prec_macro': 0.5710958687035224, 'rec_macro': 0.6132052244040754, 'f1_micro': 0.9800344827586207, 'prec_micro': 0.9800344827586207, 'rec_micro': 0.9800344827586207}
epoch 48 time: 1.49e+02s, train loss: 24.04, metrics: {'f1': 0.24193284193284192, 'f1_macro': 0.8221064634474999, 'prec_macro': 0.5731624229320461, 'rec_macro': 0.6159128606523752, 'f1_micro': 0.9800517241379311, 'prec_micro': 0.9800517241379311, 'rec_micro': 0.9800517241379311}
epoch 49 time: 1.48e+02s, train loss: 24.05, metrics: {'f1': 0.23746228492212348, 'f1_macro': 0.8097865794214231, 'prec_macro': 0.5720289297475317, 'rec_macro': 0.6136254188744861, 'f1_micro': 0.9798469827586207, 'prec_micro': 0.9798469827586207, 'rec_micro': 0.9798469827586207}
epoch 50 time: 1.47e+02s, train loss: 24.03, metrics: {'f1': 0.227510631337913, 'f1_macro': 0.8002222998422266, 'prec_macro': 0.5687397047277791, 'rec_macro': 0.6085979184128709, 'f1_micro': 0.9796422413793103, 'prec_micro': 0.9796422413793103, 'rec_micro': 0.9796422413793103}
epoch 51 time: 1.48e+02s, train loss: 24.04, metrics: {'f1': 0.235591424146083, 'f1_macro': 0.8068104256182254, 'prec_macro': 0.5714613636257928, 'rec_macro': 0.612675769906493, 'f1_micro': 0.9797909482758621, 'prec_micro': 0.9797909482758621, 'rec_micro': 0.9797909482758621}
epoch 52 time: 1.48e+02s, train loss: 24.05, metrics: {'f1': 0.22229600730472315, 'f1_macro': 0.8147019969842605, 'prec_macro': 0.566276819863061, 'rec_macro': 0.6060336582656441, 'f1_micro': 0.9798081896551725, 'prec_micro': 0.9798081896551725, 'rec_micro': 0.9798081896551725}
epoch 53 time: 1.48e+02s, train loss: 24.05, metrics: {'f1': 0.2339672347081584, 'f1_macro': 0.8187566082781176, 'prec_macro': 0.5703648017332853, 'rec_macro': 0.6119036536481133, 'f1_micro': 0.9799461206896551, 'prec_micro': 0.9799461206896551, 'rec_micro': 0.9799461206896551}
epoch 54 time: 1.49e+02s, train loss: 24.03, metrics: {'f1': 0.24319741622930965, 'f1_macro': 0.8040478478641399, 'prec_macro': 0.5744543969539075, 'rec_macro': 0.6164802904391034, 'f1_micro': 0.9797995689655172, 'prec_micro': 0.9797995689655172, 'rec_micro': 0.9797995689655172}
epoch 55 time: 1.48e+02s, train loss: 24.04, metrics: {'f1': 0.25831547193776294, 'f1_macro': 0.8019177515424805, 'prec_macro': 0.580415697765731, 'rec_macro': 0.6240545191343287, 'f1_micro': 0.9798642241379311, 'prec_micro': 0.9798642241379311, 'rec_micro': 0.9798642241379311}
epoch 56 time: 1.48e+02s, train loss: 24.04, metrics: {'f1': 0.2631074168797954, 'f1_macro': 0.8161369753288658, 'prec_macro': 0.5814820388534766, 'rec_macro': 0.6265181427088341, 'f1_micro': 0.9801293103448275, 'prec_micro': 0.9801293103448275, 'rec_micro': 0.9801293103448275}
epoch 57 time: 1.48e+02s, train loss: 24.03, metrics: {'f1': 0.24906091785072676, 'f1_macro': 0.827487824201601, 'prec_macro': 0.5755802069185064, 'rec_macro': 0.6195094598360883, 'f1_micro': 0.9801810344827586, 'prec_micro': 0.9801810344827586, 'rec_micro': 0.9801810344827586}
epoch 58 time: 1.46e+02s, train loss: 24.07, metrics: {'f1': 0.23782894736842106, 'f1_macro': 0.8225629864068281, 'prec_macro': 0.5716303965603428, 'rec_macro': 0.6138546379050351, 'f1_micro': 0.9800258620689655, 'prec_micro': 0.9800258620689655, 'rec_micro': 0.9800258620689655}
epoch 59 time: 1.48e+02s, train loss: 24.05, metrics: {'f1': 0.2451434609444851, 'f1_macro': 0.8155437598768787, 'prec_macro': 0.5746470944573664, 'rec_macro': 0.6175007299120135, 'f1_micro': 0.9799849137931035, 'prec_micro': 0.9799849137931035, 'rec_micro': 0.9799849137931035}
epoch 60 time: 1.47e+02s, train loss: 24.03, metrics: {'f1': 0.2578751091010077, 'f1_macro': 0.8008224741365185, 'prec_macro': 0.5803066972000654, 'rec_macro': 0.6238288421557724, 'f1_micro': 0.9798426724137931, 'prec_micro': 0.9798426724137931, 'rec_micro': 0.9798426724137931}
epoch 61 time: 1.47e+02s, train loss: 24.04, metrics: {'f1': 0.2669086891326652, 'f1_macro': 0.8053269866105408, 'prec_macro': 0.5836107765847488, 'rec_macro': 0.6283802127514333, 'f1_micro': 0.9799806034482759, 'prec_micro': 0.9799806034482759, 'rec_micro': 0.9799806034482759}
epoch 62 time: 1.48e+02s, train loss: 24.02, metrics: {'f1': 0.2605736509479825, 'f1_macro': 0.8314648976541907, 'prec_macro': 0.5797237903470609, 'rec_macro': 0.6253035238482751, 'f1_micro': 0.9803318965517241, 'prec_micro': 0.9803318965517241, 'rec_micro': 0.9803318965517241}
epoch 63 time: 1.49e+02s, train loss: 24.02, metrics: {'f1': 0.24133399047149665, 'f1_macro': 0.8257133493913302, 'prec_macro': 0.5727924971992212, 'rec_macro': 0.6156245526756987, 'f1_micro': 0.9800948275862069, 'prec_micro': 0.9800948275862069, 'rec_micro': 0.9800948275862069}
epoch 64 time: 1.49e+02s, train loss: 24.04, metrics: {'f1': 0.2363786008230453, 'f1_macro': 0.8217769039572682, 'prec_macro': 0.5711294447519067, 'rec_macro': 0.6131240604704842, 'f1_micro': 0.9800043103448276, 'prec_micro': 0.9800043103448276, 'rec_micro': 0.9800043103448276}
epoch 65 time: 1.47e+02s, train loss: 24.05, metrics: {'f1': 0.23200329082682025, 'f1_macro': 0.8150075596279782, 'prec_macro': 0.5697928305095573, 'rec_macro': 0.6109052590161486, 'f1_micro': 0.9798814655172414, 'prec_micro': 0.9798814655172414, 'rec_micro': 0.9798814655172414}
epoch 66 time: 1.49e+02s, train loss: 24.05, metrics: {'f1': 0.23769547325102883, 'f1_macro': 0.8236297329534639, 'prec_macro': 0.5715390164026338, 'rec_macro': 0.6137912317393431, 'f1_micro': 0.9800387931034483, 'prec_micro': 0.9800387931034483, 'rec_micro': 0.9800387931034483}
epoch 67 time: 1.5e+02s, train loss: 24.04, metrics: {'f1': 0.23189598420013166, 'f1_macro': 0.8152243452168018, 'prec_macro': 0.5697449378797084, 'rec_macro': 0.6108521683389178, 'f1_micro': 0.9798836206896552, 'prec_micro': 0.9798836206896552, 'rec_micro': 0.9798836206896552}
epoch 68 time: 1.51e+02s, train loss: 24.04, metrics: {'f1': 0.2315529991783073, 'f1_macro': 0.8125556020126412, 'prec_macro': 0.5697251149207573, 'rec_macro': 0.6106707485218159, 'f1_micro': 0.979844827586207, 'prec_micro': 0.979844827586207, 'rec_micro': 0.979844827586207}
epoch 69 time: 1.51e+02s, train loss: 24.04, metrics: {'f1': 0.23492842535787317, 'f1_macro': 0.8107116271591857, 'prec_macro': 0.5710468490896107, 'rec_macro': 0.6123576089826138, 'f1_micro': 0.9798426724137931, 'prec_micro': 0.9798426724137931, 'rec_micro': 0.9798426724137931}
epoch 70 time: 1.49e+02s, train loss: 24.03, metrics: {'f1': 0.23683778907659508, 'f1_macro': 0.8170105148339963, 'prec_macro': 0.5714905602807535, 'rec_macro': 0.6133381241567976, 'f1_micro': 0.9799439655172414, 'prec_micro': 0.9799439655172414, 'rec_micro': 0.9799439655172414}
epoch 71 time: 1.51e+02s, train loss: 24.03, metrics: {'f1': 0.2335299901671583, 'f1_macro': 0.8112486085663615, 'prec_macro': 0.5705068148553039, 'rec_macro': 0.6116579625130066, 'f1_micro': 0.9798405172413793, 'prec_micro': 0.9798405172413793, 'rec_micro': 0.9798405172413793}
epoch 72 time: 1.51e+02s, train loss: 24.04, metrics: {'f1': 0.22882052969238362, 'f1_macro': 0.810176243770306, 'prec_macro': 0.5688167940125888, 'rec_macro': 0.6092914779812085, 'f1_micro': 0.9797931034482759, 'prec_micro': 0.9797931034482759, 'rec_micro': 0.9797931034482759}
epoch 73 time: 1.49e+02s, train loss: 24.06, metrics: {'f1': 0.23091461911414252, 'f1_macro': 0.8117843061757952, 'prec_macro': 0.569521430370891, 'rec_macro': 0.6103477423989384, 'f1_micro': 0.9798297413793103, 'prec_micro': 0.9798297413793103, 'rec_micro': 0.9798297413793103}
epoch 74 time: 1.5e+02s, train loss: 24.04, metrics: {'f1': 0.23123098429405475, 'f1_macro': 0.8131931440781368, 'prec_macro': 0.5695814370312101, 'rec_macro': 0.610511429096644, 'f1_micro': 0.9798512931034483, 'prec_micro': 0.9798512931034483, 'rec_micro': 0.9798512931034483}
epoch 75 time: 1.49e+02s, train loss: 24.04, metrics: {'f1': 0.2285855344359417, 'f1_macro': 0.8104492167732963, 'prec_macro': 0.5687199074773933, 'rec_macro': 0.6091745542413493, 'f1_micro': 0.9797952586206896, 'prec_micro': 0.9797952586206896, 'rec_micro': 0.9797952586206896}
epoch 76 time: 1.49e+02s, train loss: 24.06, metrics: {'f1': 0.22924053764327534, 'f1_macro': 0.8145577829146662, 'prec_macro': 0.5687997370966635, 'rec_macro': 0.6095174871040852, 'f1_micro': 0.9798556034482758, 'prec_micro': 0.9798556034482758, 'rec_micro': 0.9798556034482758}
epoch 77 time: 1.5e+02s, train loss: 24.05, metrics: {'f1': 0.23099655229026433, 'f1_macro': 0.8103441824718297, 'prec_macro': 0.5696095067021081, 'rec_macro': 0.6103837228168508, 'f1_micro': 0.9798103448275862, 'prec_micro': 0.9798103448275862, 'rec_micro': 0.9798103448275862}
epoch 78 time: 1.48e+02s, train loss: 24.05, metrics: {'f1': 0.2275449101796407, 'f1_macro': 0.8044958095876963, 'prec_macro': 0.5685756660958149, 'rec_macro': 0.608631099195742, 'f1_micro': 0.9797047413793103, 'prec_micro': 0.9797047413793103, 'rec_micro': 0.9797047413793103}
epoch 79 time: 1.49e+02s, train loss: 24.06, metrics: {'f1': 0.23571720474049856, 'f1_macro': 0.8106293508735262, 'prec_macro': 0.5713430150726831, 'rec_macro': 0.612753034893877, 'f1_micro': 0.9798469827586207, 'prec_micro': 0.9798469827586207, 'rec_micro': 0.9798469827586207}
epoch 80 time: 1.51e+02s, train loss: 24.06, metrics: {'f1': 0.23464233338764867, 'f1_macro': 0.8047497553427023, 'prec_macro': 0.5711976724156075, 'rec_macro': 0.6121919031368215, 'f1_micro': 0.9797543103448276, 'prec_micro': 0.9797543103448276, 'rec_micro': 0.9797543103448276}
epoch 81 time: 1.49e+02s, train loss: 24.07, metrics: {'f1': 0.24058577405857745, 'f1_macro': 0.7962832160842784, 'prec_macro': 0.5738438810877748, 'rec_macro': 0.6151387320311018, 'f1_micro': 0.9796594827586207, 'prec_micro': 0.9796594827586207, 'rec_micro': 0.9796594827586207}
epoch 82 time: 1.51e+02s, train loss: 24.11, metrics: {'f1': 0.23841059602649006, 'f1_macro': 0.7981593867415581, 'prec_macro': 0.5729218070901729, 'rec_macro': 0.6140557705902367, 'f1_micro': 0.979676724137931, 'prec_micro': 0.979676724137931, 'rec_micro': 0.979676724137931}
epoch 83 time: 1.5e+02s, train loss: 24.11, metrics: {'f1': 0.22739187418086496, 'f1_macro': 0.8023256403394732, 'prec_macro': 0.568608140868702, 'rec_macro': 0.6085462961239249, 'f1_micro': 0.9796724137931034, 'prec_micro': 0.9796724137931034, 'rec_micro': 0.9796724137931034}
epoch 84 time: 1.5e+02s, train loss: 24.11, metrics: {'f1': 0.22269877928076542, 'f1_macro': 0.8056352001800486, 'prec_macro': 0.5667551826695201, 'rec_macro': 0.6062045883790765, 'f1_micro': 0.9796896551724138, 'prec_micro': 0.9796896551724138, 'rec_micro': 0.9796896551724138}
epoch 85 time: 1.5e+02s, train loss: 24.11, metrics: {'f1': 0.22523856531753866, 'f1_macro': 0.8053887655858099, 'prec_macro': 0.5676926745240839, 'rec_macro': 0.6074775773028354, 'f1_micro': 0.9797025862068965, 'prec_micro': 0.9797025862068965, 'rec_micro': 0.9797025862068965}
epoch 86 time: 1.5e+02s, train loss: 24.1, metrics: {'f1': 0.22253243553949745, 'f1_macro': 0.7990355766411995, 'prec_macro': 0.5669516960743712, 'rec_macro': 0.6060970910180437, 'f1_micro': 0.9795948275862069, 'prec_micro': 0.9795948275862069, 'rec_micro': 0.9795948275862069}
epoch 87 time: 1.5e+02s, train loss: 24.1, metrics: {'f1': 0.22001314492277357, 'f1_macro': 0.7962115515917356, 'prec_macro': 0.5661391604259008, 'rec_macro': 0.6048232847698116, 'f1_micro': 0.9795387931034483, 'prec_micro': 0.9795387931034483, 'rec_micro': 0.9795387931034483}
epoch 88 time: 1.5e+02s, train loss: 24.1, metrics: {'f1': 0.22178477690288714, 'f1_macro': 0.7964009956013605, 'prec_macro': 0.5667826888483867, 'rec_macro': 0.6057122633597213, 'f1_micro': 0.979551724137931, 'prec_micro': 0.979551724137931, 'rec_micro': 0.979551724137931}
epoch 89 time: 1.49e+02s, train loss: 24.09, metrics: {'f1': 0.22202180864146923, 'f1_macro': 0.7961644678797426, 'prec_macro': 0.566879575383582, 'rec_macro': 0.6058302049781904, 'f1_micro': 0.9795495689655173, 'prec_micro': 0.9795495689655173, 'rec_micro': 0.9795495689655173}
epoch 90 time: 1.5e+02s, train loss: 24.11, metrics: {'f1': 0.22053418279833373, 'f1_macro': 0.7890622787414907, 'prec_macro': 0.5666241308853436, 'rec_macro': 0.6050566480173527, 'f1_micro': 0.9794331896551725, 'prec_micro': 0.9794331896551725, 'rec_micro': 0.9794331896551725}
epoch 91 time: 1.47e+02s, train loss: 24.11, metrics: {'f1': 0.22087894134945268, 'f1_macro': 0.7896387276399494, 'prec_macro': 0.5667276250735227, 'rec_macro': 0.6052317629615532, 'f1_micro': 0.9794439655172413, 'prec_micro': 0.9794439655172413, 'rec_micro': 0.9794439655172413}
epoch 92 time: 1.49e+02s, train loss: 24.09, metrics: {'f1': 0.21895048527718378, 'f1_macro': 0.796330852031254, 'prec_macro': 0.5657450066321357, 'rec_macro': 0.6042909422898418, 'f1_micro': 0.9795344827586207, 'prec_micro': 0.9795344827586207, 'rec_micro': 0.9795344827586207}
epoch 93 time: 1.48e+02s, train loss: 24.07, metrics: {'f1': 0.21881441174045677, 'f1_macro': 0.799523190424122, 'prec_macro': 0.5655721577961933, 'rec_macro': 0.6042345341730133, 'f1_micro': 0.9795797413793104, 'prec_micro': 0.9795797413793104, 'rec_micro': 0.9795797413793104}
epoch 94 time: 1.51e+02s, train loss: 24.09, metrics: {'f1': 0.21844580102293354, 'f1_macro': 0.7998293999234471, 'prec_macro': 0.5654262773556517, 'rec_macro': 0.6040508142729066, 'f1_micro': 0.9795818965517241, 'prec_micro': 0.9795818965517241, 'rec_micro': 0.9795818965517241}
epoch 95 time: 1.5e+02s, train loss: 24.13, metrics: {'f1': 0.20955214014212525, 'f1_macro': 0.7894834818484553, 'prec_macro': 0.5625813013105078, 'rec_macro': 0.5995538728394931, 'f1_micro': 0.9793836206896551, 'prec_micro': 0.9793836206896551, 'rec_micro': 0.9793836206896551}
epoch 96 time: 1.5e+02s, train loss: 24.17, metrics: {'f1': 0.20495514034076878, 'f1_macro': 0.7776730115882461, 'prec_macro': 0.5613520228662953, 'rec_macro': 0.5972043324930767, 'f1_micro': 0.9791831896551724, 'prec_micro': 0.9791831896551724, 'rec_micro': 0.9791831896551724}
epoch 97 time: 1.49e+02s, train loss: 24.13, metrics: {'f1': 0.2123587162775349, 'f1_macro': 0.791288991566405, 'prec_macro': 0.5635331097465363, 'rec_macro': 0.6009674251214148, 'f1_micro': 0.9794245689655172, 'prec_micro': 0.9794245689655172, 'rec_micro': 0.9794245689655172}
epoch 98 time: 1.48e+02s, train loss: 24.1, metrics: {'f1': 0.21731637258924907, 'f1_macro': 0.7909897899778942, 'prec_macro': 0.565356896999323, 'rec_macro': 0.6034513486691215, 'f1_micro': 0.9794461206896552, 'prec_micro': 0.9794461206896552, 'rec_micro': 0.9794461206896552}
epoch 99 time: 1.48e+02s, train loss: 24.11, metrics: {'f1': 0.21487061906321653, 'f1_macro': 0.7846518197404084, 'prec_macro': 0.5647128050848058, 'rec_macro': 0.6022004735215274, 'f1_micro': 0.9793362068965518, 'prec_micro': 0.9793362068965518, 'rec_micro': 0.9793362068965518}
epoch 100 time: 1.49e+02s, train loss: 24.13, metrics: {'f1': 0.21859358332649545, 'f1_macro': 0.7925393333063215, 'prec_macro': 0.5657642660990554, 'rec_macro': 0.6040975861485848, 'f1_micro': 0.9794762931034483, 'prec_micro': 0.9794762931034483, 'rec_micro': 0.9794762931034483}
post-training summary -- best {'f1': 0.2669086891326652, 'f1_macro': 0.8053269866105408, 'prec_macro': 0.5836107765847488, 'rec_macro': 0.6283802127514333, 'f1_micro': 0.9799806034482759, 'prec_micro': 0.9799806034482759, 'rec_micro': 0.9799806034482759}
run 1: {'f1': 0.2758401019270585, 'f1_macro': 0.8271110173394527, 'prec_macro': 0.5858342754259177, 'rec_macro': 0.6329530514157699, 'f1_micro': 0.9804008620689655, 'prec_micro': 0.9804008620689655, 'rec_micro': 0.9804008620689655}
run 2: {'f1': 0.28322032577351725, 'f1_macro': 0.8099201462400445, 'prec_macro': 0.5898853260041351, 'rec_macro': 0.6365854078961504, 'f1_micro': 0.9801788793103449, 'prec_micro': 0.9801788793103449, 'rec_micro': 0.9801788793103449}
run 3: {'f1': 0.27298267519900116, 'f1_macro': 0.7997581912296349, 'prec_macro': 0.5864226886564088, 'rec_macro': 0.6314016618396003, 'f1_micro': 0.9799224137931034, 'prec_micro': 0.9799224137931034, 'rec_micro': 0.9799224137931034}
run 4: {'f1': 0.28827006845052894, 'f1_macro': 0.813447641048004, 'prec_macro': 0.591700866544975, 'rec_macro': 0.6391358209866922, 'f1_micro': 0.9802801724137931, 'prec_micro': 0.9802801724137931, 'rec_micro': 0.9802801724137931}
run 5: {'f1': 0.2669086891326652, 'f1_macro': 0.8053269866105408, 'prec_macro': 0.5836107765847488, 'rec_macro': 0.6283802127514333, 'f1_micro': 0.9799806034482759, 'prec_micro': 0.9799806034482759, 'rec_micro': 0.9799806034482759}
done.
t,p-val for human<model: -59.056141090345335,2.4616782403314083e-07, significant: True
t,p-val for random<model: 66.72189984496674,0.9999998488536879, significant: False
95% CI: 0.2774443720965542+/-0.014772689940015956
