reading data...
done.
creating training artifacts...
Using cached encoded data file: train_2_error.pkl
Using cached encoded data file: test_2_error.pkl
done.
training bert_kg model...
run 1 start -- seed=0
initialized continuityBERT with 628261 parameters.
/home/azureuser/.local/lib/python3.8/site-packages/sklearn/metrics/_classification.py:1344: UndefinedMetricWarning: Precision and F-score are ill-defined and being set to 0.0 in labels with no predicted samples. Use `zero_division` parameter to control this behavior.
  _warn_prf(average, modifier, msg_start, len(result))
epoch 1 time: 1.59e+02s, train loss: 9.884, metrics: {'f1': 0.0, 'f1_macro': 0.4956896551724138, 'prec_macro': 0.5, 'rec_macro': 0.49783549783549785, 'f1_micro': 0.9913793103448276, 'prec_micro': 0.9913793103448276, 'rec_micro': 0.9913793103448276}
epoch 2 time: 1.53e+02s, train loss: 9.836, metrics: {'f1': 0.08149260132961612, 'f1_macro': 0.6391766062100663, 'prec_macro': 0.5232358695652174, 'rec_macro': 0.5384269957956217, 'f1_micro': 0.9907693965517241, 'prec_micro': 0.9907693965517241, 'rec_micro': 0.9907693965517241}
epoch 3 time: 1.55e+02s, train loss: 9.721, metrics: {'f1': 0.18639717677253767, 'f1_macro': 0.626333718670369, 'prec_macro': 0.5708282608695652, 'rec_macro': 0.5904473478328095, 'f1_micro': 0.9890689655172413, 'prec_micro': 0.9890689655172413, 'rec_micro': 0.9890689655172413}
epoch 4 time: 1.52e+02s, train loss: 9.648, metrics: {'f1': 0.2207876049063912, 'f1_macro': 0.6521474371854017, 'prec_macro': 0.5838565217391304, 'rec_macro': 0.60777502449172, 'f1_micro': 0.9895948275862069, 'prec_micro': 0.9895948275862069, 'rec_micro': 0.9895948275862069}
epoch 5 time: 1.52e+02s, train loss: 9.626, metrics: {'f1': 0.1962668637959712, 'f1_macro': 0.6844148736599777, 'prec_macro': 0.5654184782608696, 'rec_macro': 0.5957764777179553, 'f1_micro': 0.9906271551724138, 'prec_micro': 0.9906271551724138, 'rec_micro': 0.9906271551724138}
epoch 6 time: 1.52e+02s, train loss: 9.582, metrics: {'f1': 0.2327322218441647, 'f1_macro': 0.6785208290362946, 'prec_macro': 0.5842021739130435, 'rec_macro': 0.613920664441031, 'f1_micro': 0.9902801724137931, 'prec_micro': 0.9902801724137931, 'rec_micro': 0.9902801724137931}
epoch 7 time: 1.52e+02s, train loss: 9.547, metrics: {'f1': 0.2608695652173913, 'f1_macro': 0.6687079739557509, 'prec_macro': 0.6032608695652174, 'rec_macro': 0.6278522052398862, 'f1_micro': 0.9897413793103448, 'prec_micro': 0.9897413793103448, 'rec_micro': 0.9897413793103448}
epoch 8 time: 1.51e+02s, train loss: 9.533, metrics: {'f1': 0.2642633228840125, 'f1_macro': 0.6736813611107976, 'prec_macro': 0.603704347826087, 'rec_macro': 0.6295850587207111, 'f1_micro': 0.9898836206896552, 'prec_micro': 0.9898836206896552, 'rec_micro': 0.9898836206896552}
epoch 9 time: 1.52e+02s, train loss: 9.514, metrics: {'f1': 0.26349614395886883, 'f1_macro': 0.6809092901002298, 'prec_macro': 0.6009739130434782, 'rec_macro': 0.629261567666022, 'f1_micro': 0.9901206896551724, 'prec_micro': 0.9901206896551724, 'rec_micro': 0.9901206896551724}
epoch 10 time: 1.52e+02s, train loss: 9.501, metrics: {'f1': 0.2612872238232468, 'f1_macro': 0.6782085545806713, 'prec_macro': 0.6004456521739131, 'rec_macro': 0.628140774929088, 'f1_micro': 0.9900560344827586, 'prec_micro': 0.9900560344827586, 'rec_micro': 0.9900560344827586}
epoch 11 time: 1.53e+02s, train loss: 9.493, metrics: {'f1': 0.2731912338637046, 'f1_macro': 0.6675751626425106, 'prec_macro': 0.6118456521739131, 'rec_macro': 0.6339679167827214, 'f1_micro': 0.9895646551724138, 'prec_micro': 0.9895646551724138, 'rec_micro': 0.9895646551724138}
epoch 12 time: 1.53e+02s, train loss: 9.482, metrics: {'f1': 0.25294888597640897, 'f1_macro': 0.6799657829580059, 'prec_macro': 0.5950521739130434, 'rec_macro': 0.624001278987059, 'f1_micro': 0.9901724137931035, 'prec_micro': 0.9901724137931035, 'rec_micro': 0.9901724137931035}
epoch 13 time: 1.54e+02s, train loss: 9.485, metrics: {'f1': 0.24761288234342124, 'f1_macro': 0.6720367989258843, 'prec_macro': 0.5940880434782608, 'rec_macro': 0.6212848019380633, 'f1_micro': 0.9899806034482759, 'prec_micro': 0.9899806034482759, 'rec_micro': 0.9899806034482759}
epoch 14 time: 1.53e+02s, train loss: 9.477, metrics: {'f1': 0.24861156484808886, 'f1_macro': 0.6758056326684861, 'prec_macro': 0.5936456521739131, 'rec_macro': 0.621810875288827, 'f1_micro': 0.9900862068965517, 'prec_micro': 0.9900862068965517, 'rec_micro': 0.9900862068965517}
epoch 15 time: 1.55e+02s, train loss: 9.484, metrics: {'f1': 0.25688976377952755, 'f1_macro': 0.6833020258133675, 'prec_macro': 0.5964478260869566, 'rec_macro': 0.6259880100245804, 'f1_micro': 0.9902370689655172, 'prec_micro': 0.9902370689655172, 'rec_micro': 0.9902370689655172}
epoch 16 time: 1.54e+02s, train loss: 9.475, metrics: {'f1': 0.2642428177243954, 'f1_macro': 0.684889478107691, 'prec_macro': 0.6002858695652173, 'rec_macro': 0.6296627365777749, 'f1_micro': 0.9902306034482758, 'prec_micro': 0.9902306034482758, 'rec_micro': 0.9902306034482758}
epoch 17 time: 1.53e+02s, train loss: 9.474, metrics: {'f1': 0.26881892280645675, 'f1_macro': 0.682888526035056, 'prec_macro': 0.6035858695652174, 'rec_macro': 0.63192775012362, 'f1_micro': 0.9901400862068965, 'prec_micro': 0.9901400862068965, 'rec_micro': 0.9901400862068965}
epoch 18 time: 1.53e+02s, train loss: 9.473, metrics: {'f1': 0.2717323327079425, 'f1_macro': 0.6779524714279666, 'prec_macro': 0.6069652173913044, 'rec_macro': 0.6333390505862445, 'f1_micro': 0.9899612068965518, 'prec_micro': 0.9899612068965518, 'rec_micro': 0.9899612068965518}
epoch 19 time: 1.53e+02s, train loss: 9.466, metrics: {'f1': 0.2660003224246332, 'f1_macro': 0.683807008691955, 'prec_macro': 0.6016271739130434, 'rec_macro': 0.6305305285274629, 'f1_micro': 0.9901875, 'prec_micro': 0.9901875, 'rec_micro': 0.9901875}
epoch 20 time: 1.53e+02s, train loss: 9.468, metrics: {'f1': 0.2625407166123778, 'f1_macro': 0.6848599992472534, 'prec_macro': 0.5992999999999999, 'rec_macro': 0.6288144539389314, 'f1_micro': 0.9902413793103448, 'prec_micro': 0.9902413793103448, 'rec_micro': 0.9902413793103448}
epoch 21 time: 1.52e+02s, train loss: 9.459, metrics: {'f1': 0.2738976504666881, 'f1_macro': 0.6887765005365778, 'prec_macro': 0.6048934782608696, 'rec_macro': 0.6345014025126692, 'f1_micro': 0.9902758620689656, 'prec_micro': 0.9902758620689656, 'rec_micro': 0.9902758620689656}
epoch 22 time: 1.52e+02s, train loss: 9.451, metrics: {'f1': 0.2760766333715408, 'f1_macro': 0.6966300026889098, 'prec_macro': 0.6040010869565218, 'rec_macro': 0.6356405329950384, 'f1_micro': 0.9904719827586207, 'prec_micro': 0.9904719827586207, 'rec_micro': 0.9904719827586207}
epoch 23 time: 1.52e+02s, train loss: 9.457, metrics: {'f1': 0.2817955112219452, 'f1_macro': 0.6837324236105835, 'prec_macro': 0.6113565217391305, 'rec_macro': 0.6383977122074412, 'f1_micro': 0.9900689655172413, 'prec_micro': 0.9900689655172413, 'rec_micro': 0.9900689655172413}
epoch 24 time: 1.51e+02s, train loss: 9.453, metrics: {'f1': 0.2716688227684347, 'f1_macro': 0.6888864163016639, 'prec_macro': 0.6035391304347826, 'rec_macro': 0.6333914075743464, 'f1_micro': 0.9902931034482758, 'prec_micro': 0.9902931034482758, 'rec_micro': 0.9902931034482759}
epoch 25 time: 1.52e+02s, train loss: 9.448, metrics: {'f1': 0.2768472906403941, 'f1_macro': 0.6982573087675585, 'prec_macro': 0.6040195652173913, 'rec_macro': 0.6360351258334792, 'f1_micro': 0.9905086206896552, 'prec_micro': 0.9905086206896552, 'rec_micro': 0.9905086206896552}
epoch 26 time: 1.52e+02s, train loss: 9.44, metrics: {'f1': 0.2682445759368836, 'f1_macro': 0.6923308371627888, 'prec_macro': 0.6006217391304348, 'rec_macro': 0.6317077512861411, 'f1_micro': 0.9904051724137931, 'prec_micro': 0.9904051724137931, 'rec_micro': 0.9904051724137931}
epoch 27 time: 1.52e+02s, train loss: 9.442, metrics: {'f1': 0.27609536082474223, 'f1_macro': 0.6906639817261351, 'prec_macro': 0.6056565217391304, 'rec_macro': 0.6356100372130377, 'f1_micro': 0.9903146551724138, 'prec_micro': 0.9903146551724138, 'rec_micro': 0.9903146551724138}
epoch 28 time: 1.52e+02s, train loss: 9.441, metrics: {'f1': 0.27983673469387754, 'f1_macro': 0.6982446230995781, 'prec_macro': 0.6057467391304348, 'rec_macro': 0.6375259605672777, 'f1_micro': 0.9904935344827587, 'prec_micro': 0.9904935344827587, 'rec_micro': 0.9904935344827587}
epoch 29 time: 1.52e+02s, train loss: 9.439, metrics: {'f1': 0.2765784775198831, 'f1_macro': 0.6937228438068196, 'prec_macro': 0.6050771739130435, 'rec_macro': 0.6358717884242538, 'f1_micro': 0.9903943965517241, 'prec_micro': 0.9903943965517241, 'rec_micro': 0.9903943965517241}
epoch 30 time: 1.52e+02s, train loss: 9.439, metrics: {'f1': 0.2701991114036531, 'f1_macro': 0.6941997784187178, 'prec_macro': 0.6012597826086956, 'rec_macro': 0.6326942572116057, 'f1_micro': 0.9904418103448276, 'prec_micro': 0.9904418103448276, 'rec_micro': 0.9904418103448276}
epoch 31 time: 1.52e+02s, train loss: 9.438, metrics: {'f1': 0.2726828473692784, 'f1_macro': 0.6922279835180978, 'prec_macro': 0.6032097826086956, 'rec_macro': 0.6339196919919003, 'f1_micro': 0.9903771551724138, 'prec_micro': 0.9903771551724138, 'rec_micro': 0.9903771551724138}
epoch 32 time: 1.52e+02s, train loss: 9.446, metrics: {'f1': 0.26115485564304464, 'f1_macro': 0.6864172430396958, 'prec_macro': 0.5980869565217392, 'rec_macro': 0.6281346572076623, 'f1_micro': 0.9902931034482758, 'prec_micro': 0.9902931034482758, 'rec_micro': 0.9902931034482759}
epoch 33 time: 1.53e+02s, train loss: 9.478, metrics: {'f1': 0.2579059478944781, 'f1_macro': 0.6836355990344357, 'prec_macro': 0.5969445652173914, 'rec_macro': 0.6264966257868697, 'f1_micro': 0.9902392241379311, 'prec_micro': 0.9902392241379311, 'rec_micro': 0.9902392241379311}
epoch 34 time: 1.51e+02s, train loss: 9.463, metrics: {'f1': 0.27323481116584564, 'f1_macro': 0.6956138227387241, 'prec_macro': 0.6026326086956522, 'rec_macro': 0.6342169543458173, 'f1_micro': 0.9904612068965517, 'prec_micro': 0.9904612068965517, 'rec_micro': 0.9904612068965517}
epoch 35 time: 1.52e+02s, train loss: 9.446, metrics: {'f1': 0.27880558260305094, 'f1_macro': 0.6952581063511427, 'prec_macro': 0.6059586956521739, 'rec_macro': 0.6369923894738724, 'f1_micro': 0.9904224137931035, 'prec_micro': 0.9904224137931035, 'rec_micro': 0.9904224137931035}
epoch 36 time: 1.52e+02s, train loss: 9.451, metrics: {'f1': 0.2913928012519562, 'f1_macro': 0.6914456397333727, 'prec_macro': 0.6147891304347826, 'rec_macro': 0.6432398300592526, 'f1_micro': 0.9902413793103448, 'prec_micro': 0.9902413793103448, 'rec_micro': 0.9902413793103448}
epoch 37 time: 1.53e+02s, train loss: 9.465, metrics: {'f1': 0.29252981795354677, 'f1_macro': 0.6931356626539016, 'prec_macro': 0.6149347826086957, 'rec_macro': 0.6438192367532732, 'f1_micro': 0.9902844827586207, 'prec_micro': 0.9902844827586207, 'rec_micro': 0.9902844827586207}
epoch 38 time: 1.52e+02s, train loss: 9.457, metrics: {'f1': 0.27731774638740053, 'f1_macro': 0.6943708144177942, 'prec_macro': 0.6053315217391304, 'rec_macro': 0.6362446824601572, 'f1_micro': 0.9904073275862069, 'prec_micro': 0.9904073275862069, 'rec_micro': 0.9904073275862069}
epoch 39 time: 1.52e+02s, train loss: 9.461, metrics: {'f1': 0.27034837052496385, 'f1_macro': 0.6854544906628954, 'prec_macro': 0.6037423913043478, 'rec_macro': 0.6327088223903585, 'f1_micro': 0.9902047413793104, 'prec_micro': 0.9902047413793104, 'rec_micro': 0.9902047413793104}
epoch 40 time: 1.52e+02s, train loss: 9.461, metrics: {'f1': 0.2631146193060352, 'f1_macro': 0.6887514703601492, 'prec_macro': 0.5986076086956522, 'rec_macro': 0.6291270527649395, 'f1_micro': 0.9903426724137931, 'prec_micro': 0.9903426724137931, 'rec_micro': 0.9903426724137931}
epoch 41 time: 1.53e+02s, train loss: 9.449, metrics: {'f1': 0.2738370174859782, 'f1_macro': 0.6978297153418571, 'prec_macro': 0.6024108695652174, 'rec_macro': 0.6345311464691703, 'f1_micro': 0.9905129310344828, 'prec_micro': 0.9905129310344828, 'rec_micro': 0.9905129310344828}
epoch 42 time: 1.52e+02s, train loss: 9.44, metrics: {'f1': 0.27872619829284306, 'f1_macro': 0.6995050176033498, 'prec_macro': 0.6047739130434783, 'rec_macro': 0.6369799980126858, 'f1_micro': 0.9905301724137932, 'prec_micro': 0.9905301724137932, 'rec_micro': 0.9905301724137932}
epoch 43 time: 1.53e+02s, train loss: 9.446, metrics: {'f1': 0.27721196690006367, 'f1_macro': 0.687285809114219, 'prec_macro': 0.6073391304347826, 'rec_macro': 0.6361421008658086, 'f1_micro': 0.9902112068965517, 'prec_micro': 0.9902112068965517, 'rec_micro': 0.9902112068965517}
epoch 44 time: 1.53e+02s, train loss: 9.447, metrics: {'f1': 0.2771834584065145, 'f1_macro': 0.688389280845726, 'prec_macro': 0.6069836956521739, 'rec_macro': 0.6361360395651067, 'f1_micro': 0.9902435344827586, 'prec_micro': 0.9902435344827586, 'rec_micro': 0.9902435344827586}
epoch 45 time: 1.53e+02s, train loss: 9.442, metrics: {'f1': 0.2792366661229816, 'f1_macro': 0.6974411113800342, 'prec_macro': 0.6056141304347826, 'rec_macro': 0.6372215716995187, 'f1_micro': 0.9904762931034483, 'prec_micro': 0.9904762931034483, 'rec_micro': 0.9904762931034483}
epoch 46 time: 1.55e+02s, train loss: 9.431, metrics: {'f1': 0.2813425468904245, 'f1_macro': 0.702322405852312, 'prec_macro': 0.6055456521739131, 'rec_macro': 0.63830230947646, 'f1_micro': 0.9905862068965517, 'prec_micro': 0.9905862068965517, 'rec_micro': 0.9905862068965517}
epoch 47 time: 1.54e+02s, train loss: 9.428, metrics: {'f1': 0.2742200328407225, 'f1_macro': 0.6963347734738607, 'prec_macro': 0.6030108695652174, 'rec_macro': 0.6347128192969977, 'f1_micro': 0.9904741379310344, 'prec_micro': 0.9904741379310344, 'rec_micro': 0.9904741379310344}
epoch 48 time: 1.55e+02s, train loss: 9.431, metrics: {'f1': 0.2754216472899951, 'f1_macro': 0.6961532292372964, 'prec_macro': 0.6037489130434782, 'rec_macro': 0.6353108705050996, 'f1_micro': 0.9904633620689656, 'prec_micro': 0.9904633620689656, 'rec_micro': 0.9904633620689656}
epoch 49 time: 1.54e+02s, train loss: 9.438, metrics: {'f1': 0.27592708988057824, 'f1_macro': 0.6823207476084577, 'prec_macro': 0.6081347826086957, 'rec_macro': 0.6354636425927246, 'f1_micro': 0.9900689655172413, 'prec_micro': 0.9900689655172413, 'rec_micro': 0.9900689655172413}
epoch 50 time: 1.56e+02s, train loss: 9.44, metrics: {'f1': 0.2853539334699669, 'f1_macro': 0.6897764120293395, 'prec_macro': 0.6115619565217392, 'rec_macro': 0.6402178089354984, 'f1_micro': 0.9902306034482758, 'prec_micro': 0.9902306034482758, 'rec_micro': 0.9902306034482758}
epoch 51 time: 1.52e+02s, train loss: 9.435, metrics: {'f1': 0.2811376266753841, 'f1_macro': 0.6996225820264466, 'prec_macro': 0.6061326086956522, 'rec_macro': 0.6381834755178843, 'f1_micro': 0.9905215517241379, 'prec_micro': 0.9905215517241379, 'rec_micro': 0.9905215517241379}
epoch 52 time: 1.52e+02s, train loss: 9.44, metrics: {'f1': 0.28725138571894354, 'f1_macro': 0.7030433483283578, 'prec_macro': 0.6087630434782608, 'rec_macro': 0.6412544154720857, 'f1_micro': 0.9905775862068965, 'prec_micro': 0.9905775862068965, 'rec_micro': 0.9905775862068965}
epoch 53 time: 1.51e+02s, train loss: 9.435, metrics: {'f1': 0.29731824523329714, 'f1_macro': 0.6923400934786503, 'prec_macro': 0.6182532608695652, 'rec_macro': 0.6461996766186604, 'f1_micro': 0.9902306034482758, 'prec_micro': 0.9902306034482758, 'rec_micro': 0.9902306034482758}
epoch 54 time: 1.52e+02s, train loss: 9.441, metrics: {'f1': 0.2905436272270443, 'f1_macro': 0.6825194358560067, 'prec_macro': 0.6174967391304348, 'rec_macro': 0.6427436862293281, 'f1_micro': 0.9899590517241379, 'prec_micro': 0.9899590517241379, 'rec_micro': 0.9899590517241379}
epoch 55 time: 1.52e+02s, train loss: 9.44, metrics: {'f1': 0.29407188423836933, 'f1_macro': 0.6913754603597865, 'prec_macro': 0.6165141304347826, 'rec_macro': 0.6445743899686768, 'f1_micro': 0.9902219827586207, 'prec_micro': 0.9902219827586207, 'rec_micro': 0.9902219827586207}
epoch 56 time: 1.52e+02s, train loss: 9.433, metrics: {'f1': 0.27903958468526924, 'f1_macro': 0.6953066246767963, 'prec_macro': 0.6060826086956522, 'rec_macro': 0.637109385285414, 'f1_micro': 0.9904224137931035, 'prec_micro': 0.9904224137931035, 'rec_micro': 0.9904224137931035}
epoch 57 time: 1.52e+02s, train loss: 9.442, metrics: {'f1': 0.2660702451954937, 'f1_macro': 0.6937401665893255, 'prec_macro': 0.5990347826086957, 'rec_macro': 0.6306326426744526, 'f1_micro': 0.9904525862068966, 'prec_micro': 0.9904525862068966, 'rec_micro': 0.9904525862068966}
epoch 58 time: 1.52e+02s, train loss: 9.459, metrics: {'f1': 0.26787778695293146, 'f1_macro': 0.6938718913541255, 'prec_macro': 0.6000228260869566, 'rec_macro': 0.6315347370463099, 'f1_micro': 0.9904461206896552, 'prec_micro': 0.9904461206896552, 'rec_micro': 0.9904461206896552}
epoch 59 time: 1.53e+02s, train loss: 9.45, metrics: {'f1': 0.2755584542638187, 'f1_macro': 0.694662339249801, 'prec_macro': 0.604225, 'rec_macro': 0.6353694435080244, 'f1_micro': 0.9904245689655172, 'prec_micro': 0.9904245689655172, 'rec_micro': 0.9904245689655172}
epoch 60 time: 1.52e+02s, train loss: 9.454, metrics: {'f1': 0.26948523479102793, 'f1_macro': 0.6866050757489353, 'prec_macro': 0.6028945652173914, 'rec_macro': 0.6322871035818249, 'f1_micro': 0.9902435344827586, 'prec_micro': 0.9902435344827586, 'rec_micro': 0.9902435344827586}
epoch 61 time: 1.53e+02s, train loss: 9.455, metrics: {'f1': 0.26880355442716597, 'f1_macro': 0.6805558907720826, 'prec_macro': 0.6042934782608695, 'rec_macro': 0.6319020430273311, 'f1_micro': 0.9900689655172413, 'prec_micro': 0.9900689655172413, 'rec_micro': 0.9900689655172413}
epoch 62 time: 1.52e+02s, train loss: 9.456, metrics: {'f1': 0.27025306382301445, 'f1_macro': 0.682527289863323, 'prec_macro': 0.6045663043478261, 'rec_macro': 0.6326393259686853, 'f1_micro': 0.9901185344827587, 'prec_micro': 0.9901185344827587, 'rec_micro': 0.9901185344827587}
epoch 63 time: 1.52e+02s, train loss: 9.444, metrics: {'f1': 0.2656657963446475, 'f1_macro': 0.6878103909790064, 'prec_macro': 0.6003217391304347, 'rec_macro': 0.6303922122636509, 'f1_micro': 0.990301724137931, 'prec_micro': 0.990301724137931, 'rec_micro': 0.990301724137931}
epoch 64 time: 1.54e+02s, train loss: 9.438, metrics: {'f1': 0.27196858124693174, 'f1_macro': 0.6933956708592914, 'prec_macro': 0.602483695652174, 'rec_macro': 0.6335713103188956, 'f1_micro': 0.9904116379310345, 'prec_micro': 0.9904116379310345, 'rec_micro': 0.9904116379310345}
epoch 65 time: 1.53e+02s, train loss: 9.439, metrics: {'f1': 0.27874794069192754, 'f1_macro': 0.700933888910328, 'prec_macro': 0.6044195652173913, 'rec_macro': 0.6369996035285265, 'f1_micro': 0.9905646551724138, 'prec_micro': 0.9905646551724138, 'rec_micro': 0.9905646551724138}
epoch 66 time: 1.52e+02s, train loss: 9.438, metrics: {'f1': 0.2780853142298925, 'f1_macro': 0.6959405965169896, 'prec_macro': 0.6053499999999999, 'rec_macro': 0.6366377314105536, 'f1_micro': 0.9904439655172413, 'prec_micro': 0.9904439655172413, 'rec_micro': 0.9904439655172413}
epoch 67 time: 1.52e+02s, train loss: 9.439, metrics: {'f1': 0.280824088748019, 'f1_macro': 0.6884024990438384, 'prec_macro': 0.6092021739130434, 'rec_macro': 0.6379502622129792, 'f1_micro': 0.9902198275862069, 'prec_micro': 0.9902198275862069, 'rec_micro': 0.9902198275862069}
epoch 68 time: 1.53e+02s, train loss: 9.454, metrics: {'f1': 0.27288109521612064, 'f1_macro': 0.6739563633397039, 'prec_macro': 0.609120652173913, 'rec_macro': 0.633875704889837, 'f1_micro': 0.9898125, 'prec_micro': 0.9898125, 'rec_micro': 0.9898125}
epoch 69 time: 1.53e+02s, train loss: 9.46, metrics: {'f1': 0.2770656370656371, 'f1_macro': 0.6778504398297476, 'prec_macro': 0.6104097826086956, 'rec_macro': 0.635993006807689, 'f1_micro': 0.9899116379310345, 'prec_micro': 0.9899116379310345, 'rec_micro': 0.9899116379310345}
epoch 70 time: 1.54e+02s, train loss: 9.446, metrics: {'f1': 0.27314594251230745, 'f1_macro': 0.68380024215606, 'prec_macro': 0.6059380434782609, 'rec_macro': 0.6340900673272308, 'f1_micro': 0.9901357758620689, 'prec_micro': 0.9901357758620689, 'rec_micro': 0.9901357758620689}
epoch 71 time: 1.54e+02s, train loss: 9.445, metrics: {'f1': 0.27255029201817, 'f1_macro': 0.6906638998801841, 'prec_macro': 0.6035608695652174, 'rec_macro': 0.6338430431187662, 'f1_micro': 0.9903362068965518, 'prec_micro': 0.9903362068965518, 'rec_micro': 0.9903362068965518}
epoch 72 time: 1.52e+02s, train loss: 9.44, metrics: {'f1': 0.2659452369240859, 'f1_macro': 0.6897351935914273, 'prec_macro': 0.599975, 'rec_macro': 0.6305444835538478, 'f1_micro': 0.9903512931034483, 'prec_micro': 0.9903512931034483, 'rec_micro': 0.9903512931034483}
epoch 73 time: 1.53e+02s, train loss: 9.442, metrics: {'f1': 0.26646952521767703, 'f1_macro': 0.690846086714, 'prec_macro': 0.5999880434782608, 'rec_macro': 0.630813167512555, 'f1_micro': 0.9903771551724138, 'prec_micro': 0.9903771551724138, 'rec_micro': 0.9903771551724138}
epoch 74 time: 1.51e+02s, train loss: 9.44, metrics: {'f1': 0.2647349357918999, 'f1_macro': 0.6903689224460559, 'prec_macro': 0.5991195652173913, 'rec_macro': 0.6299453646034947, 'f1_micro': 0.990375, 'prec_micro': 0.990375, 'rec_micro': 0.990375}
epoch 75 time: 1.51e+02s, train loss: 9.435, metrics: {'f1': 0.26469135802469135, 'f1_macro': 0.6902755037033994, 'prec_macro': 0.5991184782608696, 'rec_macro': 0.6299230307492006, 'f1_micro': 0.9903728448275863, 'prec_micro': 0.9903728448275863, 'rec_micro': 0.9903728448275863}
epoch 76 time: 1.52e+02s, train loss: 9.432, metrics: {'f1': 0.25958216811975654, 'f1_macro': 0.6862789871994909, 'prec_macro': 0.5972228260869565, 'rec_macro': 0.6273499855275745, 'f1_micro': 0.9902995689655173, 'prec_micro': 0.9902995689655173, 'rec_micro': 0.9902995689655173}
epoch 77 time: 1.52e+02s, train loss: 9.448, metrics: {'f1': 0.2587228439763002, 'f1_macro': 0.685827431112082, 'prec_macro': 0.5968478260869565, 'rec_macro': 0.6269187043671749, 'f1_micro': 0.9902931034482758, 'prec_micro': 0.9902931034482758, 'rec_micro': 0.9902931034482759}
epoch 78 time: 1.53e+02s, train loss: 9.461, metrics: {'f1': 0.2503289473684211, 'f1_macro': 0.679426673949535, 'prec_macro': 0.593691304347826, 'rec_macro': 0.6226924587588374, 'f1_micro': 0.990176724137931, 'prec_micro': 0.990176724137931, 'rec_micro': 0.990176724137931}
epoch 79 time: 1.52e+02s, train loss: 9.465, metrics: {'f1': 0.25704399406821554, 'f1_macro': 0.6850114893587177, 'prec_macro': 0.5960989130434783, 'rec_macro': 0.6260765862604165, 'f1_micro': 0.9902823275862069, 'prec_micro': 0.9902823275862069, 'rec_micro': 0.9902823275862069}
epoch 80 time: 1.53e+02s, train loss: 9.461, metrics: {'f1': 0.24850153895998706, 'f1_macro': 0.6729838948912794, 'prec_macro': 0.5943467391304348, 'rec_macro': 0.6217345706704556, 'f1_micro': 0.9900021551724137, 'prec_micro': 0.9900021551724137, 'rec_micro': 0.9900021551724137}
epoch 81 time: 1.55e+02s, train loss: 9.483, metrics: {'f1': 0.25279999999999997, 'f1_macro': 0.6720796486795404, 'prec_macro': 0.5971630434782609, 'rec_macro': 0.6238667751559533, 'f1_micro': 0.9899353448275862, 'prec_micro': 0.9899353448275862, 'rec_micro': 0.9899353448275862}
epoch 82 time: 1.53e+02s, train loss: 9.499, metrics: {'f1': 0.2455458373825721, 'f1_macro': 0.6708230467297744, 'prec_macro': 0.5932108695652174, 'rec_macro': 0.6202464115196507, 'f1_micro': 0.9899612068965518, 'prec_micro': 0.9899612068965518, 'rec_micro': 0.9899612068965518}
epoch 83 time: 1.53e+02s, train loss: 9.512, metrics: {'f1': 0.23815704088254383, 'f1_macro': 0.6660574584581392, 'prec_macro': 0.5901956521739131, 'rec_macro': 0.6165314296355321, 'f1_micro': 0.9898793103448276, 'prec_micro': 0.9898793103448276, 'rec_micro': 0.9898793103448276}
epoch 84 time: 1.52e+02s, train loss: 9.52, metrics: {'f1': 0.24141857816821216, 'f1_macro': 0.6692721584902208, 'prec_macro': 0.5912228260869565, 'rec_macro': 0.6181801439817959, 'f1_micro': 0.9899504310344828, 'prec_micro': 0.9899504310344828, 'rec_micro': 0.9899504310344828}
epoch 85 time: 1.52e+02s, train loss: 9.514, metrics: {'f1': 0.24586977648202138, 'f1_macro': 0.6710541201889794, 'prec_macro': 0.5933369565217391, 'rec_macro': 0.620409465872798, 'f1_micro': 0.9899655172413793, 'prec_micro': 0.9899655172413793, 'rec_micro': 0.9899655172413793}
epoch 86 time: 1.52e+02s, train loss: 9.508, metrics: {'f1': 0.24746254229096182, 'f1_macro': 0.6704924407199548, 'prec_macro': 0.5944358695652174, 'rec_macro': 0.6211976220507276, 'f1_micro': 0.9899331896551724, 'prec_micro': 0.9899331896551724, 'rec_micro': 0.9899331896551724}
epoch 87 time: 1.53e+02s, train loss: 9.511, metrics: {'f1': 0.23559375994906082, 'f1_macro': 0.6586081816393697, 'prec_macro': 0.5908239130434783, 'rec_macro': 0.6151919617674432, 'f1_micro': 0.9896508620689655, 'prec_micro': 0.9896508620689655, 'rec_micro': 0.9896508620689655}
epoch 88 time: 1.52e+02s, train loss: 9.526, metrics: {'f1': 0.25248854479380634, 'f1_macro': 0.6680660922516519, 'prec_macro': 0.5982119565217392, 'rec_macro': 0.6236777383516745, 'f1_micro': 0.9898038793103449, 'prec_micro': 0.9898038793103449, 'rec_micro': 0.9898038793103449}
epoch 89 time: 1.52e+02s, train loss: 9.53, metrics: {'f1': 0.2419894787183166, 'f1_macro': 0.6634503151627686, 'prec_macro': 0.5932293478260869, 'rec_macro': 0.6184153422057712, 'f1_micro': 0.9897521551724138, 'prec_micro': 0.9897521551724138, 'rec_micro': 0.9897521551724138}
epoch 90 time: 1.52e+02s, train loss: 9.518, metrics: {'f1': 0.2344559585492228, 'f1_macro': 0.6628134884081127, 'prec_macro': 0.5889217391304348, 'rec_macro': 0.6146634984192638, 'f1_micro': 0.9898103448275862, 'prec_micro': 0.9898103448275862, 'rec_micro': 0.9898103448275862}
epoch 91 time: 1.52e+02s, train loss: 9.524, metrics: {'f1': 0.23562091503267976, 'f1_macro': 0.666497546532547, 'prec_macro': 0.588604347826087, 'rec_macro': 0.6152732509384772, 'f1_micro': 0.9899181034482759, 'prec_micro': 0.9899181034482759, 'rec_micro': 0.9899181034482759}
epoch 92 time: 1.52e+02s, train loss: 9.533, metrics: {'f1': 0.2338683262364887, 'f1_macro': 0.665958576329787, 'prec_macro': 0.5877369565217392, 'rec_macro': 0.6143969950707248, 'f1_micro': 0.9899181034482759, 'prec_micro': 0.9899181034482759, 'rec_micro': 0.9899181034482759}
epoch 93 time: 1.52e+02s, train loss: 9.544, metrics: {'f1': 0.22924901185770752, 'f1_macro': 0.66437735303013, 'prec_macro': 0.585504347826087, 'rec_macro': 0.6120863467667499, 'f1_micro': 0.9899137931034483, 'prec_micro': 0.9899137931034483, 'rec_micro': 0.9899137931034483}
epoch 94 time: 1.52e+02s, train loss: 9.545, metrics: {'f1': 0.22859970311726863, 'f1_macro': 0.664379790156548, 'prec_macro': 0.5851358695652173, 'rec_macro': 0.6117633441834015, 'f1_micro': 0.9899202586206897, 'prec_micro': 0.9899202586206897, 'rec_micro': 0.9899202586206897}
epoch 95 time: 1.53e+02s, train loss: 9.538, metrics: {'f1': 0.23159281831658704, 'f1_macro': 0.6661560403827896, 'prec_macro': 0.5863880434782609, 'rec_macro': 0.6132663878659814, 'f1_micro': 0.9899461206896552, 'prec_micro': 0.9899461206896552, 'rec_micro': 0.9899461206896552}
epoch 96 time: 1.52e+02s, train loss: 9.537, metrics: {'f1': 0.24146981627296585, 'f1_macro': 0.6720393173797192, 'prec_macro': 0.5905217391304348, 'rec_macro': 0.6182270548242075, 'f1_micro': 0.9900344827586207, 'prec_micro': 0.9900344827586207, 'rec_micro': 0.9900344827586207}
epoch 97 time: 1.52e+02s, train loss: 9.532, metrics: {'f1': 0.23383409536250818, 'f1_macro': 0.6649948391101751, 'prec_macro': 0.5879695652173913, 'rec_macro': 0.6143722368824047, 'f1_micro': 0.9898879310344828, 'prec_micro': 0.9898879310344828, 'rec_micro': 0.9898879310344828}
epoch 98 time: 1.53e+02s, train loss: 9.537, metrics: {'f1': 0.23531320999675429, 'f1_macro': 0.6641232095997203, 'prec_macro': 0.5890630434782609, 'rec_macro': 0.6151008414043401, 'f1_micro': 0.9898448275862068, 'prec_micro': 0.9898448275862068, 'rec_micro': 0.9898448275862068}
epoch 99 time: 1.52e+02s, train loss: 9.531, metrics: {'f1': 0.2379254457050243, 'f1_macro': 0.6655884908275642, 'prec_macro': 0.5901891304347826, 'rec_macro': 0.6164123610721405, 'f1_micro': 0.9898663793103448, 'prec_micro': 0.9898663793103448, 'rec_micro': 0.9898663793103448}
epoch 100 time: 1.52e+02s, train loss: 9.531, metrics: {'f1': 0.24696097248880358, 'f1_macro': 0.6679077840756211, 'prec_macro': 0.5948913043478261, 'rec_macro': 0.6209266428945925, 'f1_micro': 0.9898534482758621, 'prec_micro': 0.9898534482758621, 'rec_micro': 0.9898534482758621}
post-training summary -- best {'f1': 0.29731824523329714, 'f1_macro': 0.6923400934786503, 'prec_macro': 0.6182532608695652, 'rec_macro': 0.6461996766186604, 'f1_micro': 0.9902306034482758, 'prec_micro': 0.9902306034482758, 'rec_micro': 0.9902306034482758}
run 2 start -- seed=1
initialized continuityBERT with 628261 parameters.
/home/azureuser/.local/lib/python3.8/site-packages/sklearn/metrics/_classification.py:1344: UndefinedMetricWarning: Precision and F-score are ill-defined and being set to 0.0 in labels with no predicted samples. Use `zero_division` parameter to control this behavior.
  _warn_prf(average, modifier, msg_start, len(result))
epoch 1 time: 1.51e+02s, train loss: 9.885, metrics: {'f1': 0.0, 'f1_macro': 0.4956896551724138, 'prec_macro': 0.5, 'rec_macro': 0.49783549783549785, 'f1_micro': 0.9913793103448276, 'prec_micro': 0.9913793103448276, 'rec_micro': 0.9913793103448276}
epoch 2 time: 1.49e+02s, train loss: 9.851, metrics: {'f1': 0.029319875030040857, 'f1_macro': 0.6851949084014333, 'prec_macro': 0.5075163043478261, 'rec_macro': 0.5124739505627485, 'f1_micro': 0.9912952586206897, 'prec_micro': 0.9912952586206897, 'rec_micro': 0.9912952586206897}
epoch 3 time: 1.49e+02s, train loss: 9.739, metrics: {'f1': 0.18058690744920994, 'f1_macro': 0.6234325576663681, 'prec_macro': 0.5682152173913044, 'rec_macro': 0.5875368844979414, 'f1_micro': 0.9890474137931035, 'prec_micro': 0.9890474137931035, 'rec_micro': 0.9890474137931035}
epoch 4 time: 1.49e+02s, train loss: 9.651, metrics: {'f1': 0.23491577335375194, 'f1_macro': 0.6480780913991043, 'prec_macro': 0.593958695652174, 'rec_macro': 0.614747000809729, 'f1_micro': 0.9892327586206896, 'prec_micro': 0.9892327586206896, 'rec_micro': 0.9892327586206896}
epoch 5 time: 1.5e+02s, train loss: 9.615, metrics: {'f1': 0.24338292873923256, 'f1_macro': 0.6594020773525707, 'prec_macro': 0.5953771739130435, 'rec_macro': 0.6190705217851314, 'f1_micro': 0.9895883620689655, 'prec_micro': 0.9895883620689655, 'rec_micro': 0.9895883620689655}
epoch 6 time: 1.49e+02s, train loss: 9.572, metrics: {'f1': 0.24485891917742708, 'f1_macro': 0.6654398236100286, 'prec_macro': 0.5943641304347826, 'rec_macro': 0.6198598267147715, 'f1_micro': 0.9897909482758621, 'prec_micro': 0.9897909482758621, 'rec_micro': 0.9897909482758621}
epoch 7 time: 1.49e+02s, train loss: 9.548, metrics: {'f1': 0.25957250499769335, 'f1_macro': 0.6651783756129026, 'prec_macro': 0.6036967391304348, 'rec_macro': 0.6271736558219178, 'f1_micro': 0.9896228448275862, 'prec_micro': 0.9896228448275862, 'rec_micro': 0.9896228448275862}
epoch 8 time: 1.48e+02s, train loss: 9.525, metrics: {'f1': 0.2528698464025869, 'f1_macro': 0.6754632892984602, 'prec_macro': 0.596225, 'rec_macro': 0.623928454983701, 'f1_micro': 0.9900409482758621, 'prec_micro': 0.9900409482758621, 'rec_micro': 0.9900409482758621}
epoch 9 time: 1.49e+02s, train loss: 9.517, metrics: {'f1': 0.2546444586803331, 'f1_macro': 0.6736685898374553, 'prec_macro': 0.5978, 'rec_macro': 0.6247977000721173, 'f1_micro': 0.9899698275862069, 'prec_micro': 0.9899698275862069, 'rec_micro': 0.9899698275862069}
epoch 10 time: 1.48e+02s, train loss: 9.505, metrics: {'f1': 0.26384567517112634, 'f1_macro': 0.6712149059947004, 'prec_macro': 0.6042826086956522, 'rec_macro': 0.6293554852788525, 'f1_micro': 0.989801724137931, 'prec_micro': 0.989801724137931, 'rec_micro': 0.989801724137931}
epoch 11 time: 1.48e+02s, train loss: 9.501, metrics: {'f1': 0.2602717825739408, 'f1_macro': 0.6770378487334234, 'prec_macro': 0.6001836956521739, 'rec_macro': 0.6276259780246256, 'f1_micro': 0.9900280172413793, 'prec_micro': 0.9900280172413793, 'rec_micro': 0.9900280172413793}
epoch 12 time: 1.5e+02s, train loss: 9.496, metrics: {'f1': 0.26754118364856616, 'f1_macro': 0.6681731779205344, 'prec_macro': 0.6078, 'rec_macro': 0.6311648990203796, 'f1_micro': 0.9896508620689655, 'prec_micro': 0.9896508620689655, 'rec_micro': 0.9896508620689655}
epoch 13 time: 1.5e+02s, train loss: 9.491, metrics: {'f1': 0.2500405383492785, 'f1_macro': 0.6743998559556991, 'prec_macro': 0.5948576086956522, 'rec_macro': 0.62251168030876, 'f1_micro': 0.9900323275862069, 'prec_micro': 0.9900323275862069, 'rec_micro': 0.9900323275862069}
epoch 14 time: 1.5e+02s, train loss: 9.491, metrics: {'f1': 0.2595150152561426, 'f1_macro': 0.6779537249153956, 'prec_macro': 0.5994576086956522, 'rec_macro': 0.6272563495338334, 'f1_micro': 0.9900625, 'prec_micro': 0.9900625, 'rec_micro': 0.9900625}
epoch 15 time: 1.5e+02s, train loss: 9.505, metrics: {'f1': 0.2549145987753787, 'f1_macro': 0.6758092785764515, 'prec_macro': 0.5973369565217391, 'rec_macro': 0.6249491468069609, 'f1_micro': 0.9900344827586207, 'prec_micro': 0.9900344827586207, 'rec_micro': 0.9900344827586207}
epoch 16 time: 1.49e+02s, train loss: 9.488, metrics: {'f1': 0.26109660574412535, 'f1_macro': 0.6658424110367127, 'prec_macro': 0.6044445652173913, 'rec_macro': 0.627937853913909, 'f1_micro': 0.9896314655172413, 'prec_micro': 0.9896314655172413, 'rec_micro': 0.9896314655172413}
epoch 17 time: 1.49e+02s, train loss: 9.489, metrics: {'f1': 0.25555007400098667, 'f1_macro': 0.6832003848882979, 'prec_macro': 0.5957076086956522, 'rec_macro': 0.6253198321506096, 'f1_micro': 0.9902435344827586, 'prec_micro': 0.9902435344827586, 'rec_micro': 0.9902435344827586}
epoch 18 time: 1.5e+02s, train loss: 9.485, metrics: {'f1': 0.26294573643410846, 'f1_macro': 0.6696466431876618, 'prec_macro': 0.6042586956521739, 'rec_macro': 0.6288935182089158, 'f1_micro': 0.9897543103448276, 'prec_micro': 0.9897543103448276, 'rec_micro': 0.9897543103448276}
epoch 19 time: 1.51e+02s, train loss: 9.482, metrics: {'f1': 0.2654978083907326, 'f1_macro': 0.6741403161778524, 'prec_macro': 0.6043260869565218, 'rec_macro': 0.6302033644237488, 'f1_micro': 0.9898879310344828, 'prec_micro': 0.9898879310344828, 'rec_micro': 0.9898879310344828}
epoch 20 time: 1.49e+02s, train loss: 9.472, metrics: {'f1': 0.2609956500724988, 'f1_macro': 0.6800530946165217, 'prec_macro': 0.5997315217391305, 'rec_macro': 0.6280097393163535, 'f1_micro': 0.990114224137931, 'prec_micro': 0.990114224137931, 'rec_micro': 0.990114224137931}
epoch 21 time: 1.49e+02s, train loss: 9.468, metrics: {'f1': 0.2698311564192418, 'f1_macro': 0.6824942996249118, 'prec_macro': 0.6043195652173913, 'rec_macro': 0.6324289282218806, 'f1_micro': 0.9901206896551724, 'prec_micro': 0.9901206896551724, 'rec_micro': 0.9901206896551724}
epoch 22 time: 1.49e+02s, train loss: 9.457, metrics: {'f1': 0.26984382547093866, 'f1_macro': 0.6860833688692785, 'prec_macro': 0.6032576086956521, 'rec_macro': 0.632462022239922, 'f1_micro': 0.9902262931034482, 'prec_micro': 0.9902262931034482, 'rec_micro': 0.9902262931034482}
epoch 23 time: 1.49e+02s, train loss: 9.449, metrics: {'f1': 0.25936314139580924, 'f1_macro': 0.6872053196132537, 'prec_macro': 0.5968641304347826, 'rec_macro': 0.6272470278485404, 'f1_micro': 0.9903254310344828, 'prec_micro': 0.9903254310344828, 'rec_micro': 0.9903254310344828}
epoch 24 time: 1.48e+02s, train loss: 9.446, metrics: {'f1': 0.26302971261568436, 'f1_macro': 0.6841332762434129, 'prec_macro': 0.5997836956521739, 'rec_macro': 0.6290529350003716, 'f1_micro': 0.9902176724137931, 'prec_micro': 0.9902176724137931, 'rec_micro': 0.9902176724137931}
epoch 25 time: 1.49e+02s, train loss: 9.447, metrics: {'f1': 0.2659871773795825, 'f1_macro': 0.6907369868289741, 'prec_macro': 0.5997402173913043, 'rec_macro': 0.6305720041002891, 'f1_micro': 0.9903771551724138, 'prec_micro': 0.9903771551724138, 'rec_micro': 0.9903771551724138}
epoch 26 time: 1.48e+02s, train loss: 9.452, metrics: {'f1': 0.263964409293129, 'f1_macro': 0.6901091354443614, 'prec_macro': 0.5987467391304347, 'rec_macro': 0.6295595721502063, 'f1_micro': 0.9903728448275863, 'prec_micro': 0.9903728448275863, 'rec_micro': 0.9903728448275863}
epoch 27 time: 1.48e+02s, train loss: 9.448, metrics: {'f1': 0.26836340206185566, 'f1_macro': 0.6852032133922644, 'prec_macro': 0.6026304347826087, 'rec_macro': 0.6317180215891448, 'f1_micro': 0.9902112068965517, 'prec_micro': 0.9902112068965517, 'rec_micro': 0.9902112068965517}
epoch 28 time: 1.49e+02s, train loss: 9.446, metrics: {'f1': 0.2684370500719884, 'f1_macro': 0.6829387617848991, 'prec_macro': 0.6033402173913043, 'rec_macro': 0.6317379148047925, 'f1_micro': 0.9901443965517241, 'prec_micro': 0.9901443965517241, 'rec_micro': 0.9901443965517241}
epoch 29 time: 1.5e+02s, train loss: 9.449, metrics: {'f1': 0.27367424242424243, 'f1_macro': 0.6821804697432801, 'prec_macro': 0.6067782608695652, 'rec_macro': 0.6343405497934698, 'f1_micro': 0.9900818965517242, 'prec_micro': 0.9900818965517242, 'rec_micro': 0.9900818965517242}
epoch 30 time: 1.49e+02s, train loss: 9.444, metrics: {'f1': 0.2687670792477094, 'f1_macro': 0.6847776307199871, 'prec_macro': 0.6029945652173914, 'rec_macro': 0.6319160284308247, 'f1_micro': 0.9901961206896551, 'prec_micro': 0.9901961206896551, 'rec_micro': 0.9901961206896551}
epoch 31 time: 1.5e+02s, train loss: 9.445, metrics: {'f1': 0.27167538437153277, 'f1_macro': 0.6821743806554855, 'prec_macro': 0.6055467391304348, 'rec_macro': 0.6333449912697328, 'f1_micro': 0.9900969827586207, 'prec_micro': 0.9900969827586207, 'rec_micro': 0.9900969827586207}
epoch 32 time: 1.49e+02s, train loss: 9.441, metrics: {'f1': 0.2673728133525919, 'f1_macro': 0.6832583802636512, 'prec_macro': 0.6026054347826086, 'rec_macro': 0.6312101897499294, 'f1_micro': 0.9901616379310345, 'prec_micro': 0.9901616379310345, 'rec_micro': 0.9901616379310345}
epoch 33 time: 1.5e+02s, train loss: 9.443, metrics: {'f1': 0.28548745633534456, 'f1_macro': 0.6922466470683136, 'prec_macro': 0.6108543478260869, 'rec_macro': 0.6403025920954928, 'f1_micro': 0.990301724137931, 'prec_micro': 0.990301724137931, 'rec_micro': 0.990301724137931}
epoch 34 time: 1.49e+02s, train loss: 9.427, metrics: {'f1': 0.28584658126254053, 'f1_macro': 0.6834385657479104, 'prec_macro': 0.6140619565217391, 'rec_macro': 0.640412767268265, 'f1_micro': 0.9900280172413793, 'prec_micro': 0.9900280172413793, 'rec_micro': 0.9900280172413793}
epoch 35 time: 1.49e+02s, train loss: 9.432, metrics: {'f1': 0.2812997769990443, 'f1_macro': 0.6904349522520152, 'prec_macro': 0.608858695652174, 'rec_macro': 0.6382022958414322, 'f1_micro': 0.9902758620689656, 'prec_micro': 0.9902758620689656, 'rec_micro': 0.9902758620689656}
epoch 36 time: 1.49e+02s, train loss: 9.438, metrics: {'f1': 0.27790432801822323, 'f1_macro': 0.69556899869726, 'prec_macro': 0.605345652173913, 'rec_macro': 0.6365450583286025, 'f1_micro': 0.9904353448275862, 'prec_micro': 0.9904353448275862, 'rec_micro': 0.9904353448275862}
epoch 37 time: 1.51e+02s, train loss: 9.433, metrics: {'f1': 0.28135152696556204, 'f1_macro': 0.6974419588530476, 'prec_macro': 0.6068478260869565, 'rec_macro': 0.6382762251661027, 'f1_micro': 0.9904655172413793, 'prec_micro': 0.9904655172413793, 'rec_micro': 0.9904655172413793}
epoch 38 time: 1.5e+02s, train loss: 9.43, metrics: {'f1': 0.28248941840413855, 'f1_macro': 0.686008629810072, 'prec_macro': 0.6110184782608695, 'rec_macro': 0.6387615843600789, 'f1_micro': 0.9901357758620689, 'prec_micro': 0.9901357758620689, 'rec_micro': 0.9901357758620689}
epoch 39 time: 1.5e+02s, train loss: 9.436, metrics: {'f1': 0.2837370242214533, 'f1_macro': 0.6879083689313625, 'prec_macro': 0.6111673913043478, 'rec_macro': 0.6393979215777432, 'f1_micro': 0.9901853448275862, 'prec_micro': 0.9901853448275862, 'rec_micro': 0.9901853448275862}
epoch 40 time: 1.49e+02s, train loss: 9.432, metrics: {'f1': 0.2822027134876297, 'f1_macro': 0.6917692580515792, 'prec_macro': 0.6089989130434783, 'rec_macro': 0.6386619354350873, 'f1_micro': 0.9903081896551724, 'prec_micro': 0.9903081896551724, 'rec_micro': 0.9903081896551724}
epoch 41 time: 1.5e+02s, train loss: 9.425, metrics: {'f1': 0.2770313499680102, 'f1_macro': 0.6888799086753986, 'prec_macro': 0.6067434782608695, 'rec_macro': 0.6360638117849529, 'f1_micro': 0.9902586206896552, 'prec_micro': 0.9902586206896552, 'rec_micro': 0.9902586206896552}
epoch 42 time: 1.5e+02s, train loss: 9.424, metrics: {'f1': 0.2721110393802453, 'f1_macro': 0.6885217739335681, 'prec_macro': 0.6039043478260869, 'rec_macro': 0.6336092295894071, 'f1_micro': 0.9902801724137931, 'prec_micro': 0.9902801724137931, 'rec_micro': 0.9902801724137931}
epoch 43 time: 1.5e+02s, train loss: 9.41, metrics: {'f1': 0.2742013164231819, 'f1_macro': 0.6881592741567374, 'prec_macro': 0.6052554347826087, 'rec_macro': 0.6346483137572743, 'f1_micro': 0.9902564655172413, 'prec_micro': 0.9902564655172413, 'rec_micro': 0.9902564655172413}
epoch 44 time: 1.49e+02s, train loss: 9.413, metrics: {'f1': 0.2777955783402756, 'f1_macro': 0.6899616784334658, 'prec_macro': 0.6068804347826087, 'rec_macro': 0.6364524618716494, 'f1_micro': 0.9902844827586207, 'prec_micro': 0.9902844827586207, 'rec_micro': 0.9902844827586207}
epoch 45 time: 1.5e+02s, train loss: 9.414, metrics: {'f1': 0.2833155243474279, 'f1_macro': 0.6785608099132459, 'prec_macro': 0.6142358695652174, 'rec_macro': 0.6391101442371814, 'f1_micro': 0.9898814655172414, 'prec_micro': 0.9898814655172414, 'rec_micro': 0.9898814655172414}
epoch 46 time: 1.5e+02s, train loss: 9.419, metrics: {'f1': 0.2682611506140918, 'f1_macro': 0.686238799802213, 'prec_macro': 0.6022739130434782, 'rec_macro': 0.63167454305752, 'f1_micro': 0.9902413793103448, 'prec_micro': 0.9902413793103448, 'rec_micro': 0.9902413793103448}
epoch 47 time: 1.51e+02s, train loss: 9.428, metrics: {'f1': 0.2610275896249794, 'f1_macro': 0.6889269393025712, 'prec_macro': 0.5973771739130435, 'rec_macro': 0.6280879503767467, 'f1_micro': 0.9903599137931034, 'prec_micro': 0.9903599137931034, 'rec_micro': 0.9903599137931034}
epoch 48 time: 1.5e+02s, train loss: 9.438, metrics: {'f1': 0.26371826371826373, 'f1_macro': 0.6877528231768749, 'prec_macro': 0.5992119565217391, 'rec_macro': 0.6294212186477575, 'f1_micro': 0.9903125, 'prec_micro': 0.9903125, 'rec_micro': 0.9903125}
epoch 49 time: 1.5e+02s, train loss: 9.424, metrics: {'f1': 0.2690711777848707, 'f1_macro': 0.6825919563787468, 'prec_macro': 0.6038282608695652, 'rec_macro': 0.6320511411016411, 'f1_micro': 0.9901293103448275, 'prec_micro': 0.9901293103448275, 'rec_micro': 0.9901293103448275}
epoch 50 time: 1.5e+02s, train loss: 9.428, metrics: {'f1': 0.27063126093178563, 'f1_macro': 0.682478892670913, 'prec_macro': 0.6048119565217391, 'rec_macro': 0.6328273233935024, 'f1_micro': 0.990114224137931, 'prec_micro': 0.990114224137931, 'rec_micro': 0.990114224137931}
epoch 51 time: 1.5e+02s, train loss: 9.427, metrics: {'f1': 0.2881991303043935, 'f1_macro': 0.6767362432410746, 'prec_macro': 0.6182684782608696, 'rec_macro': 0.6415234008855, 'f1_micro': 0.9897693965517241, 'prec_micro': 0.9897693965517241, 'rec_micro': 0.9897693965517241}
epoch 52 time: 1.5e+02s, train loss: 9.431, metrics: {'f1': 0.2805202483003252, 'f1_macro': 0.6682399290073213, 'prec_macro': 0.61665, 'rec_macro': 0.6376180158476032, 'f1_micro': 0.9895086206896552, 'prec_micro': 0.9895086206896552, 'rec_micro': 0.9895086206896552}
epoch 53 time: 1.5e+02s, train loss: 9.428, metrics: {'f1': 0.27013070840729386, 'f1_macro': 0.6870624073100917, 'prec_macro': 0.6031467391304348, 'rec_macro': 0.6326120100509376, 'f1_micro': 0.9902521551724138, 'prec_micro': 0.9902521551724138, 'rec_micro': 0.9902521551724138}
epoch 54 time: 1.5e+02s, train loss: 9.432, metrics: {'f1': 0.27356020942408377, 'f1_macro': 0.6944915939217589, 'prec_macro': 0.6031130434782609, 'rec_macro': 0.634372003077136, 'f1_micro': 0.9904310344827586, 'prec_micro': 0.9904310344827586, 'rec_micro': 0.9904310344827586}
epoch 55 time: 1.51e+02s, train loss: 9.418, metrics: {'f1': 0.27234860621595647, 'f1_macro': 0.6861520127172979, 'prec_macro': 0.6047369565217391, 'rec_macro': 0.6337105327908235, 'f1_micro': 0.9902112068965517, 'prec_micro': 0.9902112068965517, 'rec_micro': 0.9902112068965517}
epoch 56 time: 1.5e+02s, train loss: 9.416, metrics: {'f1': 0.2761706888285121, 'f1_macro': 0.6880086908579978, 'prec_macro': 0.6064858695652174, 'rec_macro': 0.6356285858600821, 'f1_micro': 0.9902392241379311, 'prec_micro': 0.9902392241379311, 'rec_micro': 0.9902392241379311}
epoch 57 time: 1.51e+02s, train loss: 9.412, metrics: {'f1': 0.2744276039987101, 'f1_macro': 0.6898239247683458, 'prec_macro': 0.6049065217391305, 'rec_macro': 0.6347729201575633, 'f1_micro': 0.990301724137931, 'prec_micro': 0.990301724137931, 'rec_micro': 0.990301724137931}
epoch 58 time: 1.5e+02s, train loss: 9.418, metrics: {'f1': 0.28107229894394803, 'f1_macro': 0.6973020598633459, 'prec_macro': 0.6067228260869565, 'rec_macro': 0.6381360713677374, 'f1_micro': 0.9904633620689656, 'prec_micro': 0.9904633620689656, 'rec_micro': 0.9904633620689656}
epoch 59 time: 1.52e+02s, train loss: 9.425, metrics: {'f1': 0.2793495934959349, 'f1_macro': 0.696366987167383, 'prec_macro': 0.6059717391304348, 'rec_macro': 0.6372709349483254, 'f1_micro': 0.990448275862069, 'prec_micro': 0.990448275862069, 'rec_micro': 0.990448275862069}
epoch 60 time: 1.51e+02s, train loss: 9.413, metrics: {'f1': 0.2756956731542545, 'f1_macro': 0.689876092550763, 'prec_macro': 0.6056467391304348, 'rec_macro': 0.6354052877342868, 'f1_micro': 0.9902952586206897, 'prec_micro': 0.9902952586206897, 'rec_micro': 0.9902952586206897}
epoch 61 time: 1.5e+02s, train loss: 9.41, metrics: {'f1': 0.2690724912947135, 'f1_macro': 0.6799362745037028, 'prec_macro': 0.604654347826087, 'rec_macro': 0.6320310432022618, 'f1_micro': 0.9900474137931035, 'prec_micro': 0.9900474137931035, 'rec_micro': 0.9900474137931035}
epoch 62 time: 1.51e+02s, train loss: 9.418, metrics: {'f1': 0.27378701953371143, 'f1_macro': 0.6816600248650019, 'prec_macro': 0.6070173913043478, 'rec_macro': 0.6343925658097005, 'f1_micro': 0.9900646551724138, 'prec_micro': 0.9900646551724138, 'rec_micro': 0.9900646551724138}
epoch 63 time: 1.51e+02s, train loss: 9.412, metrics: {'f1': 0.27473917167246287, 'f1_macro': 0.6834104548861256, 'prec_macro': 0.6070413043478261, 'rec_macro': 0.634880636381218, 'f1_micro': 0.9901120689655173, 'prec_micro': 0.9901120689655173, 'rec_micro': 0.9901120689655173}
epoch 64 time: 1.5e+02s, train loss: 9.417, metrics: {'f1': 0.2714399363564041, 'f1_macro': 0.6832441323141382, 'prec_macro': 0.6050684782608695, 'rec_macro': 0.6332360116406606, 'f1_micro': 0.9901314655172414, 'prec_micro': 0.9901314655172414, 'rec_micro': 0.9901314655172414}
epoch 65 time: 1.51e+02s, train loss: 9.409, metrics: {'f1': 0.2707993474714519, 'f1_macro': 0.6914039791901284, 'prec_macro': 0.6023369565217391, 'rec_macro': 0.6329752538066687, 'f1_micro': 0.9903663793103449, 'prec_micro': 0.9903663793103449, 'rec_micro': 0.9903663793103449}
epoch 66 time: 1.51e+02s, train loss: 9.411, metrics: {'f1': 0.27038486627527725, 'f1_macro': 0.69098558751003, 'prec_macro': 0.6022086956521739, 'rec_macro': 0.6327658384407839, 'f1_micro': 0.9903577586206896, 'prec_micro': 0.9903577586206896, 'rec_micro': 0.9903577586206896}
epoch 67 time: 1.51e+02s, train loss: 9.406, metrics: {'f1': 0.27314063007469963, 'f1_macro': 0.691436347691319, 'prec_macro': 0.6036934782608696, 'rec_macro': 0.6341425671152547, 'f1_micro': 0.990353448275862, 'prec_micro': 0.990353448275862, 'rec_micro': 0.990353448275862}
epoch 68 time: 1.51e+02s, train loss: 9.421, metrics: {'f1': 0.26548956661316214, 'f1_macro': 0.6819903158746453, 'prec_macro': 0.60185, 'rec_macro': 0.6302626022852851, 'f1_micro': 0.9901379310344828, 'prec_micro': 0.9901379310344828, 'rec_micro': 0.9901379310344828}
epoch 69 time: 1.53e+02s, train loss: 9.426, metrics: {'f1': 0.27462396894711305, 'f1_macro': 0.6910456445551295, 'prec_macro': 0.604675, 'rec_macro': 0.634879289047024, 'f1_micro': 0.9903340517241379, 'prec_micro': 0.9903340517241379, 'rec_micro': 0.9903340517241379}
epoch 70 time: 1.51e+02s, train loss: 9.423, metrics: {'f1': 0.2804560260586319, 'f1_macro': 0.6977700083894824, 'prec_macro': 0.6062347826086957, 'rec_macro': 0.6378317706497789, 'f1_micro': 0.9904784482758621, 'prec_micro': 0.9904784482758621, 'rec_micro': 0.9904784482758621}
epoch 71 time: 1.51e+02s, train loss: 9.429, metrics: {'f1': 0.27292041183199867, 'f1_macro': 0.6936006922976518, 'prec_macro': 0.602979347826087, 'rec_macro': 0.634047204671804, 'f1_micro': 0.9904116379310345, 'prec_micro': 0.9904116379310345, 'rec_micro': 0.9904116379310345}
epoch 72 time: 1.5e+02s, train loss: 9.435, metrics: {'f1': 0.2675825973176317, 'f1_macro': 0.6900275179198136, 'prec_macro': 0.6008413043478261, 'rec_macro': 0.6313625818760467, 'f1_micro': 0.9903491379310345, 'prec_micro': 0.9903491379310345, 'rec_micro': 0.9903491379310345}
epoch 73 time: 1.5e+02s, train loss: 9.426, metrics: {'f1': 0.27120843471208433, 'f1_macro': 0.6896461277286003, 'prec_macro': 0.6030554347826087, 'rec_macro': 0.6331672302596529, 'f1_micro': 0.9903168103448275, 'prec_micro': 0.9903168103448275, 'rec_micro': 0.9903168103448275}
epoch 74 time: 1.5e+02s, train loss: 9.423, metrics: {'f1': 0.25834683954619125, 'f1_macro': 0.680172826775787, 'prec_macro': 0.5981326086956522, 'rec_macro': 0.6266914003118067, 'f1_micro': 0.9901379310344828, 'prec_micro': 0.9901379310344828, 'rec_micro': 0.9901379310344828}
epoch 75 time: 1.51e+02s, train loss: 9.442, metrics: {'f1': 0.2579812963560142, 'f1_macro': 0.6781883243484116, 'prec_macro': 0.5984760869565218, 'rec_macro': 0.6264944396811347, 'f1_micro': 0.9900818965517242, 'prec_micro': 0.9900818965517242, 'rec_micro': 0.9900818965517242}
epoch 76 time: 1.5e+02s, train loss: 9.444, metrics: {'f1': 0.25663430420711975, 'f1_macro': 0.6784086019454738, 'prec_macro': 0.5976173913043478, 'rec_macro': 0.6258253424227112, 'f1_micro': 0.9900991379310344, 'prec_micro': 0.9900991379310344, 'rec_micro': 0.9900991379310344}
epoch 77 time: 1.51e+02s, train loss: 9.443, metrics: {'f1': 0.2669661479223488, 'f1_macro': 0.6828661607294555, 'prec_macro': 0.6024771739130435, 'rec_macro': 0.6310046819163301, 'f1_micro': 0.9901530172413793, 'prec_micro': 0.9901530172413793, 'rec_micro': 0.9901530172413793}
epoch 78 time: 1.51e+02s, train loss: 9.429, metrics: {'f1': 0.2680742162507997, 'f1_macro': 0.682632892837167, 'prec_macro': 0.6032130434782609, 'rec_macro': 0.6315548678601647, 'f1_micro': 0.9901379310344828, 'prec_micro': 0.9901379310344828, 'rec_micro': 0.9901379310344828}
epoch 79 time: 1.51e+02s, train loss: 9.428, metrics: {'f1': 0.2640539672341792, 'f1_macro': 0.681195041361466, 'prec_macro': 0.6012239130434782, 'rec_macro': 0.6295415587732558, 'f1_micro': 0.990125, 'prec_micro': 0.990125, 'rec_micro': 0.990125}
epoch 80 time: 1.5e+02s, train loss: 9.431, metrics: {'f1': 0.26858356477699724, 'f1_macro': 0.690336225540165, 'prec_macro': 0.6013380434782608, 'rec_macro': 0.6318635895345558, 'f1_micro': 0.9903512931034483, 'prec_micro': 0.9903512931034483, 'rec_micro': 0.9903512931034483}
epoch 81 time: 1.51e+02s, train loss: 9.433, metrics: {'f1': 0.2697325505544684, 'f1_macro': 0.6905143792372896, 'prec_macro': 0.6019565217391305, 'rec_macro': 0.6324375110723806, 'f1_micro': 0.9903491379310345, 'prec_micro': 0.9903491379310345, 'rec_micro': 0.9903491379310345}
epoch 82 time: 1.63e+02s, train loss: 9.439, metrics: {'f1': 0.2743694060211554, 'f1_macro': 0.6930857571697229, 'prec_macro': 0.6039597826086957, 'rec_macro': 0.6347662098636078, 'f1_micro': 0.9903900862068965, 'prec_micro': 0.9903900862068965, 'rec_micro': 0.9903900862068965}
epoch 83 time: 1.51e+02s, train loss: 9.424, metrics: {'f1': 0.2710872745002438, 'f1_macro': 0.6902556906770682, 'prec_macro': 0.6028163043478261, 'rec_macro': 0.6331110209916755, 'f1_micro': 0.9903340517241379, 'prec_micro': 0.9903340517241379, 'rec_micro': 0.9903340517241379}
epoch 84 time: 1.52e+02s, train loss: 9.425, metrics: {'f1': 0.26799806732162984, 'f1_macro': 0.6848903838658004, 'prec_macro': 0.6025032608695652, 'rec_macro': 0.6315337242794041, 'f1_micro': 0.9902047413793104, 'prec_micro': 0.9902047413793104, 'rec_micro': 0.9902047413793104}
epoch 85 time: 1.52e+02s, train loss: 9.435, metrics: {'f1': 0.25768857235351245, 'f1_macro': 0.6792675865055582, 'prec_macro': 0.5979978260869565, 'rec_macro': 0.6263568211346983, 'f1_micro': 0.9901163793103448, 'prec_micro': 0.9901163793103448, 'rec_micro': 0.9901163793103448}
epoch 86 time: 1.51e+02s, train loss: 9.448, metrics: {'f1': 0.26358607224210867, 'f1_macro': 0.6852697336551542, 'prec_macro': 0.5997978260869565, 'rec_macro': 0.629338200539715, 'f1_micro': 0.9902456896551725, 'prec_micro': 0.9902456896551725, 'rec_micro': 0.9902456896551725}
epoch 87 time: 1.52e+02s, train loss: 9.439, metrics: {'f1': 0.26599381409734657, 'f1_macro': 0.6871747535174834, 'prec_macro': 0.6006836956521739, 'rec_macro': 0.630551299975125, 'f1_micro': 0.9902823275862069, 'prec_micro': 0.9902823275862069, 'rec_micro': 0.9902823275862069}
epoch 88 time: 1.52e+02s, train loss: 9.434, metrics: {'f1': 0.2621502209131075, 'f1_macro': 0.6862575583855115, 'prec_macro': 0.5987010869565217, 'rec_macro': 0.6286295882732974, 'f1_micro': 0.9902823275862069, 'prec_micro': 0.9902823275862069, 'rec_micro': 0.9902823275862069}
epoch 89 time: 1.53e+02s, train loss: 9.436, metrics: {'f1': 0.26454157081827145, 'f1_macro': 0.6894945841483088, 'prec_macro': 0.5992326086956522, 'rec_macro': 0.629843227090247, 'f1_micro': 0.990353448275862, 'prec_micro': 0.990353448275862, 'rec_micro': 0.990353448275862}
epoch 90 time: 1.52e+02s, train loss: 9.437, metrics: {'f1': 0.27082990961380443, 'f1_macro': 0.6941640565209307, 'prec_macro': 0.601629347826087, 'rec_macro': 0.6330085507457903, 'f1_micro': 0.9904375, 'prec_micro': 0.9904375, 'rec_micro': 0.9904375}
epoch 91 time: 1.5e+02s, train loss: 9.43, metrics: {'f1': 0.27098045656101166, 'f1_macro': 0.6940260916540635, 'prec_macro': 0.6017510869565217, 'rec_macro': 0.633082729075051, 'f1_micro': 0.9904331896551725, 'prec_micro': 0.9904331896551725, 'rec_micro': 0.9904331896551725}
epoch 92 time: 1.51e+02s, train loss: 9.43, metrics: {'f1': 0.2685593082068853, 'f1_macro': 0.6898439595595939, 'prec_macro': 0.6014554347826087, 'rec_macro': 0.6318481859262248, 'f1_micro': 0.9903383620689655, 'prec_micro': 0.9903383620689655, 'rec_micro': 0.9903383620689655}
epoch 93 time: 1.51e+02s, train loss: 9.434, metrics: {'f1': 0.27365687388410975, 'f1_macro': 0.6916307308780786, 'prec_macro': 0.6039423913043478, 'rec_macro': 0.6344012235132457, 'f1_micro': 0.9903556034482759, 'prec_micro': 0.9903556034482759, 'rec_micro': 0.9903556034482759}
epoch 94 time: 1.51e+02s, train loss: 9.442, metrics: {'f1': 0.2742040285899935, 'f1_macro': 0.6923161004706164, 'prec_macro': 0.6040739130434782, 'rec_macro': 0.6346786107690205, 'f1_micro': 0.9903706896551724, 'prec_micro': 0.9903706896551724, 'rec_micro': 0.9903706896551724}
epoch 95 time: 1.51e+02s, train loss: 9.435, metrics: {'f1': 0.2682130022868343, 'f1_macro': 0.6900081909173506, 'prec_macro': 0.6012108695652174, 'rec_macro': 0.6316766785421619, 'f1_micro': 0.9903448275862069, 'prec_micro': 0.9903448275862069, 'rec_micro': 0.9903448275862069}
epoch 96 time: 1.51e+02s, train loss: 9.433, metrics: {'f1': 0.2737704918032787, 'f1_macro': 0.6953834575614182, 'prec_macro': 0.603, 'rec_macro': 0.6344825991937535, 'f1_micro': 0.9904525862068966, 'prec_micro': 0.9904525862068966, 'rec_micro': 0.9904525862068966}
epoch 97 time: 1.51e+02s, train loss: 9.44, metrics: {'f1': 0.27076821845698307, 'f1_macro': 0.6944927982064202, 'prec_macro': 0.6015097826086957, 'rec_macro': 0.6329798902118946, 'f1_micro': 0.9904461206896552, 'prec_micro': 0.9904461206896552, 'rec_micro': 0.9904461206896552}
epoch 98 time: 1.51e+02s, train loss: 9.442, metrics: {'f1': 0.2772929359459904, 'f1_macro': 0.699669024035829, 'prec_macro': 0.6039119565217391, 'rec_macro': 0.6362661276640553, 'f1_micro': 0.990540948275862, 'prec_micro': 0.990540948275862, 'rec_micro': 0.990540948275862}
epoch 99 time: 1.51e+02s, train loss: 9.435, metrics: {'f1': 0.2783235101506221, 'f1_macro': 0.6982030152000342, 'prec_macro': 0.6048826086956521, 'rec_macro': 0.636771019501079, 'f1_micro': 0.9905, 'prec_micro': 0.9905, 'rec_micro': 0.9905}
epoch 100 time: 1.51e+02s, train loss: 9.418, metrics: {'f1': 0.26735885788449054, 'f1_macro': 0.6869497200428943, 'prec_macro': 0.6015434782608696, 'rec_macro': 0.6312299693854477, 'f1_micro': 0.9902672413793103, 'prec_micro': 0.9902672413793103, 'rec_micro': 0.9902672413793103}
post-training summary -- best {'f1': 0.2881991303043935, 'f1_macro': 0.6767362432410746, 'prec_macro': 0.6182684782608696, 'rec_macro': 0.6415234008855, 'f1_micro': 0.9897693965517241, 'prec_micro': 0.9897693965517241, 'rec_micro': 0.9897693965517241}
run 3 start -- seed=2
initialized continuityBERT with 628261 parameters.
/home/azureuser/.local/lib/python3.8/site-packages/sklearn/metrics/_classification.py:1344: UndefinedMetricWarning: Precision and F-score are ill-defined and being set to 0.0 in labels with no predicted samples. Use `zero_division` parameter to control this behavior.
  _warn_prf(average, modifier, msg_start, len(result))
epoch 1 time: 1.5e+02s, train loss: 9.884, metrics: {'f1': 0.0, 'f1_macro': 0.4956896551724138, 'prec_macro': 0.5, 'rec_macro': 0.49783549783549785, 'f1_micro': 0.9913793103448276, 'prec_micro': 0.9913793103448276, 'rec_micro': 0.9913793103448276}
epoch 2 time: 1.5e+02s, train loss: 9.839, metrics: {'f1': 0.07695633376567229, 'f1_macro': 0.6380484255012384, 'prec_macro': 0.5217630434782609, 'rec_macro': 0.5361659943503628, 'f1_micro': 0.9907974137931035, 'prec_micro': 0.9907974137931035, 'rec_micro': 0.9907974137931035}
epoch 3 time: 1.5e+02s, train loss: 9.722, metrics: {'f1': 0.18038721863686447, 'f1_macro': 0.6180477455508435, 'prec_macro': 0.5696902173913043, 'rec_macro': 0.5873687750814629, 'f1_micro': 0.9887780172413793, 'prec_micro': 0.9887780172413793, 'rec_micro': 0.9887780172413793}
epoch 4 time: 1.51e+02s, train loss: 9.641, metrics: {'f1': 0.21242823370482944, 'f1_macro': 0.6599839811540573, 'prec_macro': 0.5772195652173913, 'rec_macro': 0.6036850466436038, 'f1_micro': 0.989948275862069, 'prec_micro': 0.989948275862069, 'rec_micro': 0.989948275862069}
epoch 5 time: 1.51e+02s, train loss: 9.611, metrics: {'f1': 0.23343349675786812, 'f1_macro': 0.6553135465018861, 'prec_macro': 0.5905271739130435, 'rec_macro': 0.6140873022714582, 'f1_micro': 0.9895538793103448, 'prec_micro': 0.9895538793103448, 'rec_micro': 0.9895538793103448}
epoch 6 time: 1.5e+02s, train loss: 9.563, metrics: {'f1': 0.26295413936867185, 'f1_macro': 0.6591766155350528, 'prec_macro': 0.6083826086956522, 'rec_macro': 0.6287906016679587, 'f1_micro': 0.9893318965517242, 'prec_micro': 0.9893318965517242, 'rec_micro': 0.9893318965517242}
epoch 7 time: 1.51e+02s, train loss: 9.545, metrics: {'f1': 0.25084965204725684, 'f1_macro': 0.6743422561959485, 'prec_macro': 0.5953489130434783, 'rec_macro': 0.6229140348830491, 'f1_micro': 0.9900237068965517, 'prec_micro': 0.9900237068965517, 'rec_micro': 0.9900237068965517}
epoch 8 time: 1.5e+02s, train loss: 9.521, metrics: {'f1': 0.25370251126851256, 'f1_macro': 0.674641562661908, 'prec_macro': 0.5969521739130434, 'rec_macro': 0.6243365776388822, 'f1_micro': 0.9900086206896552, 'prec_micro': 0.9900086206896552, 'rec_micro': 0.9900086206896552}
epoch 9 time: 1.51e+02s, train loss: 9.512, metrics: {'f1': 0.25635393787260746, 'f1_macro': 0.6686248554526124, 'prec_macro': 0.6004326086956522, 'rec_macro': 0.6256054269008142, 'f1_micro': 0.9897844827586207, 'prec_micro': 0.9897844827586207, 'rec_micro': 0.9897844827586207}
epoch 10 time: 1.51e+02s, train loss: 9.507, metrics: {'f1': 0.2560051587941319, 'f1_macro': 0.6767375839697043, 'prec_macro': 0.5977184782608695, 'rec_macro': 0.6254993167481313, 'f1_micro': 0.9900538793103448, 'prec_micro': 0.9900538793103448, 'rec_micro': 0.9900538793103448}
epoch 11 time: 1.51e+02s, train loss: 9.498, metrics: {'f1': 0.26422132421510724, 'f1_macro': 0.6711973995740577, 'prec_macro': 0.6045282608695652, 'rec_macro': 0.6295422079762163, 'f1_micro': 0.9897974137931035, 'prec_micro': 0.9897974137931035, 'rec_micro': 0.9897974137931035}
epoch 12 time: 1.51e+02s, train loss: 9.497, metrics: {'f1': 0.2712798530312309, 'f1_macro': 0.6715864904295874, 'prec_macro': 0.6089608695652173, 'rec_macro': 0.6330570913005023, 'f1_micro': 0.9897413793103448, 'prec_micro': 0.9897413793103448, 'rec_micro': 0.9897413793103448}
epoch 13 time: 1.5e+02s, train loss: 9.489, metrics: {'f1': 0.24759419344315775, 'f1_macro': 0.6745768353007037, 'prec_macro': 0.593383695652174, 'rec_macro': 0.6212951143357952, 'f1_micro': 0.9900581896551724, 'prec_micro': 0.9900581896551724, 'rec_micro': 0.9900581896551724}
epoch 14 time: 1.5e+02s, train loss: 9.486, metrics: {'f1': 0.24903225806451615, 'f1_macro': 0.6719595259655892, 'prec_macro': 0.5949478260869565, 'rec_macro': 0.6219906354327789, 'f1_micro': 0.9899655172413793, 'prec_micro': 0.9899655172413793, 'rec_micro': 0.9899655172413793}
epoch 15 time: 1.5e+02s, train loss: 9.489, metrics: {'f1': 0.26556543837357055, 'f1_macro': 0.6786293114112479, 'prec_macro': 0.6029130434782609, 'rec_macro': 0.6302743216969187, 'f1_micro': 0.9900344827586207, 'prec_micro': 0.9900344827586207, 'rec_micro': 0.9900344827586207}
epoch 16 time: 1.5e+02s, train loss: 9.471, metrics: {'f1': 0.2607702349869452, 'f1_macro': 0.6842697166236338, 'prec_macro': 0.5984304347826087, 'rec_macro': 0.6279281603454085, 'f1_micro': 0.9902370689655172, 'prec_micro': 0.9902370689655172, 'rec_micro': 0.9902370689655172}
epoch 17 time: 1.51e+02s, train loss: 9.462, metrics: {'f1': 0.26560255387071025, 'f1_macro': 0.6802339199990745, 'prec_macro': 0.6024423913043478, 'rec_macro': 0.6303054402794833, 'f1_micro': 0.9900840517241379, 'prec_micro': 0.9900840517241379, 'rec_micro': 0.9900840517241379}
epoch 18 time: 1.51e+02s, train loss: 9.463, metrics: {'f1': 0.2655656482246078, 'f1_macro': 0.6921611516775348, 'prec_macro': 0.5991402173913044, 'rec_macro': 0.6303710750383353, 'f1_micro': 0.9904159482758621, 'prec_micro': 0.9904159482758621, 'rec_micro': 0.9904159482758621}
epoch 19 time: 1.5e+02s, train loss: 9.457, metrics: {'f1': 0.2725977520975146, 'f1_macro': 0.6824010855122189, 'prec_macro': 0.6060423913043478, 'rec_macro': 0.6338061534966434, 'f1_micro': 0.9900969827586207, 'prec_micro': 0.9900969827586207, 'rec_micro': 0.9900969827586207}
epoch 20 time: 1.5e+02s, train loss: 9.45, metrics: {'f1': 0.2681728880157171, 'f1_macro': 0.6908165163953734, 'prec_macro': 0.6009739130434782, 'rec_macro': 0.6316620819350778, 'f1_micro': 0.9903663793103449, 'prec_micro': 0.9903663793103449, 'rec_micro': 0.9903663793103449}
epoch 21 time: 1.5e+02s, train loss: 9.445, metrics: {'f1': 0.28057897248290126, 'f1_macro': 0.6894524772363189, 'prec_macro': 0.6087228260869565, 'rec_macro': 0.6378359025337238, 'f1_micro': 0.9902521551724138, 'prec_micro': 0.9902521551724138, 'rec_micro': 0.9902521551724138}
epoch 22 time: 1.5e+02s, train loss: 9.451, metrics: {'f1': 0.28545780969479356, 'f1_macro': 0.674418396542444, 'prec_macro': 0.6173695652173913, 'rec_macro': 0.640136960281146, 'f1_micro': 0.9897068965517242, 'prec_micro': 0.9897068965517242, 'rec_micro': 0.9897068965517242}
epoch 23 time: 1.5e+02s, train loss: 9.445, metrics: {'f1': 0.2682119205298013, 'f1_macro': 0.6950767318790014, 'prec_macro': 0.5999130434782609, 'rec_macro': 0.6317088931470214, 'f1_micro': 0.9904741379310344, 'prec_micro': 0.9904741379310344, 'rec_micro': 0.9904741379310344}
epoch 24 time: 1.5e+02s, train loss: 9.443, metrics: {'f1': 0.2751203852327448, 'f1_macro': 0.6887492569777569, 'prec_macro': 0.6056326086956522, 'rec_macro': 0.6351105576749011, 'f1_micro': 0.9902672413793103, 'prec_micro': 0.9902672413793103, 'rec_micro': 0.9902672413793103}
epoch 25 time: 1.5e+02s, train loss: 9.446, metrics: {'f1': 0.28707986432315763, 'f1_macro': 0.6839236658947591, 'prec_macro': 0.6146847826086956, 'rec_macro': 0.6410310174842109, 'f1_micro': 0.9900344827586207, 'prec_micro': 0.9900344827586207, 'rec_micro': 0.9900344827586207}
epoch 26 time: 1.51e+02s, train loss: 9.44, metrics: {'f1': 0.2699086161879895, 'f1_macro': 0.6908789754203293, 'prec_macro': 0.6019608695652174, 'rec_macro': 0.6325277239261277, 'f1_micro': 0.9903577586206896, 'prec_micro': 0.9903577586206896, 'rec_micro': 0.9903577586206896}
epoch 27 time: 1.54e+02s, train loss: 9.444, metrics: {'f1': 0.27012902172137837, 'f1_macro': 0.6913366525242367, 'prec_macro': 0.601966304347826, 'rec_macro': 0.6326406517124514, 'f1_micro': 0.9903685344827586, 'prec_micro': 0.9903685344827586, 'rec_micro': 0.9903685344827586}
epoch 28 time: 1.53e+02s, train loss: 9.435, metrics: {'f1': 0.2740126767430522, 'f1_macro': 0.6923555409912298, 'prec_macro': 0.6039510869565217, 'rec_macro': 0.6345834851214749, 'f1_micro': 0.9903728448275863, 'prec_micro': 0.9903728448275863, 'rec_micro': 0.9903728448275863}
epoch 29 time: 1.5e+02s, train loss: 9.431, metrics: {'f1': 0.2705107084019769, 'f1_macro': 0.6948681811902194, 'prec_macro': 0.6012673913043478, 'rec_macro': 0.6328538703573128, 'f1_micro': 0.9904568965517241, 'prec_micro': 0.9904568965517241, 'rec_micro': 0.9904568965517241}
epoch 30 time: 1.5e+02s, train loss: 9.435, metrics: {'f1': 0.2687889727600919, 'f1_macro': 0.692115397969125, 'prec_macro': 0.6009891304347825, 'rec_macro': 0.6319777540884675, 'f1_micro': 0.990396551724138, 'prec_micro': 0.990396551724138, 'rec_micro': 0.990396551724138}
epoch 31 time: 1.5e+02s, train loss: 9.43, metrics: {'f1': 0.2740486689531275, 'f1_macro': 0.6941758323504126, 'prec_macro': 0.6034793478260869, 'rec_macro': 0.6346134922492385, 'f1_micro': 0.9904202586206896, 'prec_micro': 0.9904202586206896, 'rec_micro': 0.9904202586206896}
epoch 32 time: 1.5e+02s, train loss: 9.436, metrics: {'f1': 0.2730806608357629, 'f1_macro': 0.6904642907621878, 'prec_macro': 0.6039282608695652, 'rec_macro': 0.6341060315371816, 'f1_micro': 0.9903275862068965, 'prec_micro': 0.9903275862068965, 'rec_micro': 0.9903275862068965}
epoch 33 time: 1.5e+02s, train loss: 9.421, metrics: {'f1': 0.28576057022517415, 'f1_macro': 0.6995695140556668, 'prec_macro': 0.6088467391304347, 'rec_macro': 0.6404888385613362, 'f1_micro': 0.9904978448275862, 'prec_micro': 0.9904978448275862, 'rec_micro': 0.9904978448275862}
epoch 34 time: 1.5e+02s, train loss: 9.43, metrics: {'f1': 0.27925363693864647, 'f1_macro': 0.6865984384157824, 'prec_macro': 0.6088086956521739, 'rec_macro': 0.6371541491147995, 'f1_micro': 0.990176724137931, 'prec_micro': 0.990176724137931, 'rec_micro': 0.990176724137931}
epoch 35 time: 1.5e+02s, train loss: 9.428, metrics: {'f1': 0.2874743326488706, 'f1_macro': 0.6918486417120719, 'prec_macro': 0.6122054347826087, 'rec_macro': 0.6412899754131646, 'f1_micro': 0.9902780172413793, 'prec_micro': 0.9902780172413793, 'rec_micro': 0.9902780172413793}
epoch 36 time: 1.5e+02s, train loss: 9.424, metrics: {'f1': 0.2755612986593442, 'f1_macro': 0.6912527198332499, 'prec_macro': 0.6051706521739131, 'rec_macro': 0.6353479327907796, 'f1_micro': 0.9903340517241379, 'prec_micro': 0.9903340517241379, 'rec_micro': 0.9903340517241379}
epoch 37 time: 1.5e+02s, train loss: 9.427, metrics: {'f1': 0.2692939244663382, 'f1_macro': 0.6927300197981773, 'prec_macro': 0.6011195652173913, 'rec_macro': 0.632233494541095, 'f1_micro': 0.9904094827586207, 'prec_micro': 0.9904094827586207, 'rec_micro': 0.9904094827586207}
epoch 38 time: 1.53e+02s, train loss: 9.418, metrics: {'f1': 0.268899365956755, 'f1_macro': 0.6888010638103759, 'prec_macro': 0.6019358695652174, 'rec_macro': 0.6320105633394779, 'f1_micro': 0.9903081896551724, 'prec_micro': 0.9903081896551724, 'rec_micro': 0.9903081896551724}
epoch 39 time: 1.51e+02s, train loss: 9.429, metrics: {'f1': 0.2687979122492252, 'f1_macro': 0.6898982574157189, 'prec_macro': 0.601579347826087, 'rec_macro': 0.6319674826723108, 'f1_micro': 0.9903383620689655, 'prec_micro': 0.9903383620689655, 'rec_micro': 0.9903383620689655}
epoch 40 time: 1.51e+02s, train loss: 9.42, metrics: {'f1': 0.2695965890455887, 'f1_macro': 0.6924607342973668, 'prec_macro': 0.6013630434782609, 'rec_macro': 0.6323826364593559, 'f1_micro': 0.9904008620689655, 'prec_micro': 0.9904008620689655, 'rec_micro': 0.9904008620689655}
epoch 41 time: 1.5e+02s, train loss: 9.417, metrics: {'f1': 0.2672131147540983, 'f1_macro': 0.6905999030917844, 'prec_macro': 0.6004782608695651, 'rec_macro': 0.6311822163422297, 'f1_micro': 0.9903663793103449, 'prec_micro': 0.9903663793103449, 'rec_micro': 0.9903663793103449}
epoch 42 time: 1.51e+02s, train loss: 9.419, metrics: {'f1': 0.28006589785831965, 'f1_macro': 0.7019044021455454, 'prec_macro': 0.6049239130434783, 'rec_macro': 0.6376629208359206, 'f1_micro': 0.9905818965517241, 'prec_micro': 0.9905818965517241, 'rec_micro': 0.9905818965517241}
epoch 43 time: 1.51e+02s, train loss: 9.411, metrics: {'f1': 0.26906265177270516, 'f1_macro': 0.6874280121065737, 'prec_macro': 0.6024119565217392, 'rec_macro': 0.6320823741895518, 'f1_micro': 0.9902693965517242, 'prec_micro': 0.9902693965517242, 'rec_micro': 0.9902693965517242}
epoch 44 time: 1.52e+02s, train loss: 9.427, metrics: {'f1': 0.27672152100974595, 'f1_macro': 0.6882840561025053, 'prec_macro': 0.6067358695652174, 'rec_macro': 0.6359050815234671, 'f1_micro': 0.9902435344827586, 'prec_micro': 0.9902435344827586, 'rec_micro': 0.9902435344827586}
epoch 45 time: 1.52e+02s, train loss: 9.421, metrics: {'f1': 0.2732653732324893, 'f1_macro': 0.6961374608288136, 'prec_macro': 0.6025152173913044, 'rec_macro': 0.6342355102947064, 'f1_micro': 0.9904741379310344, 'prec_micro': 0.9904741379310344, 'rec_micro': 0.9904741379310344}
epoch 46 time: 1.52e+02s, train loss: 9.426, metrics: {'f1': 0.26886326194398685, 'f1_macro': 0.6936550396461978, 'prec_macro': 0.6006369565217391, 'rec_macro': 0.63202472372307, 'f1_micro': 0.9904353448275862, 'prec_micro': 0.9904353448275862, 'rec_micro': 0.9904353448275862}
epoch 47 time: 1.51e+02s, train loss: 9.441, metrics: {'f1': 0.27067916461108366, 'f1_macro': 0.6943025558320005, 'prec_macro': 0.6015076086956521, 'rec_macro': 0.6329342733792696, 'f1_micro': 0.9904418103448276, 'prec_micro': 0.9904418103448276, 'rec_micro': 0.9904418103448276}
epoch 48 time: 1.5e+02s, train loss: 9.425, metrics: {'f1': 0.28543752018082014, 'f1_macro': 0.6980848122063797, 'prec_macro': 0.6090760869565217, 'rec_macro': 0.640318038029586, 'f1_micro': 0.9904612068965517, 'prec_micro': 0.9904612068965517, 'rec_micro': 0.9904612068965517}
epoch 49 time: 1.5e+02s, train loss: 9.42, metrics: {'f1': 0.28889935625686924, 'f1_macro': 0.6908387594824454, 'prec_macro': 0.613425, 'rec_macro': 0.6419926210198956, 'f1_micro': 0.9902392241379311, 'prec_micro': 0.9902392241379311, 'rec_micro': 0.9902392241379311}
epoch 50 time: 1.51e+02s, train loss: 9.436, metrics: {'f1': 0.2757318224740321, 'f1_macro': 0.6826827252110638, 'prec_macro': 0.6078934782608696, 'rec_macro': 0.6353692910596378, 'f1_micro': 0.9900818965517242, 'prec_micro': 0.9900818965517242, 'rec_micro': 0.9900818965517242}
epoch 51 time: 1.53e+02s, train loss: 9.433, metrics: {'f1': 0.2788033099936346, 'f1_macro': 0.6883857946262719, 'prec_macro': 0.6079695652173913, 'rec_macro': 0.6369431970770243, 'f1_micro': 0.9902327586206896, 'prec_micro': 0.9902327586206896, 'rec_micro': 0.9902327586206896}
epoch 52 time: 1.54e+02s, train loss: 9.43, metrics: {'f1': 0.273840206185567, 'f1_macro': 0.6890712576287561, 'prec_macro': 0.6047739130434783, 'rec_macro': 0.6344748659894023, 'f1_micro': 0.9902844827586207, 'prec_micro': 0.9902844827586207, 'rec_micro': 0.9902844827586207}
epoch 53 time: 1.52e+02s, train loss: 9.438, metrics: {'f1': 0.2748238308776425, 'f1_macro': 0.6877742408391903, 'prec_macro': 0.6057434782608695, 'rec_macro': 0.634955733976482, 'f1_micro': 0.9902413793103448, 'prec_micro': 0.9902413793103448, 'rec_micro': 0.9902413793103448}
epoch 54 time: 1.54e+02s, train loss: 9.432, metrics: {'f1': 0.2728438602116062, 'f1_macro': 0.6867153465031615, 'prec_macro': 0.6048673913043479, 'rec_macro': 0.6339614251164458, 'f1_micro': 0.9902241379310345, 'prec_micro': 0.9902241379310345, 'rec_micro': 0.9902241379310345}
epoch 55 time: 1.53e+02s, train loss: 9.432, metrics: {'f1': 0.2733580764886236, 'f1_macro': 0.689349065115874, 'prec_macro': 0.6044076086956522, 'rec_macro': 0.6342365423965005, 'f1_micro': 0.9902952586206897, 'prec_micro': 0.9902952586206897, 'rec_micro': 0.9902952586206897}
epoch 56 time: 1.53e+02s, train loss: 9.45, metrics: {'f1': 0.2565495207667732, 'f1_macro': 0.6741929622884733, 'prec_macro': 0.5987913043478261, 'rec_macro': 0.6257501872933612, 'f1_micro': 0.9899698275862069, 'prec_micro': 0.9899698275862069, 'rec_micro': 0.9899698275862069}
epoch 57 time: 1.53e+02s, train loss: 9.483, metrics: {'f1': 0.2476613286824164, 'f1_macro': 0.6657813641574422, 'prec_macro': 0.595966304347826, 'rec_macro': 0.6212565968371694, 'f1_micro': 0.9897737068965518, 'prec_micro': 0.9897737068965518, 'rec_micro': 0.9897737068965518}
epoch 58 time: 1.55e+02s, train loss: 9.469, metrics: {'f1': 0.26929982046678635, 'f1_macro': 0.6904980278726935, 'prec_macro': 0.6017097826086957, 'rec_macro': 0.6322217015755847, 'f1_micro': 0.9903512931034483, 'prec_micro': 0.9903512931034483, 'rec_micro': 0.9903512931034483}
epoch 59 time: 1.53e+02s, train loss: 9.463, metrics: {'f1': 0.25571076417419886, 'f1_macro': 0.6830830887501985, 'prec_macro': 0.595829347826087, 'rec_macro': 0.6253990818858879, 'f1_micro': 0.9902392241379311, 'prec_micro': 0.9902392241379311, 'rec_micro': 0.9902392241379311}
epoch 60 time: 1.52e+02s, train loss: 9.47, metrics: {'f1': 0.25639333443326184, 'f1_macro': 0.6850121719537549, 'prec_macro': 0.595729347826087, 'rec_macro': 0.6257523623331191, 'f1_micro': 0.9902866379310344, 'prec_micro': 0.9902866379310344, 'rec_micro': 0.9902866379310344}
epoch 61 time: 1.53e+02s, train loss: 9.466, metrics: {'f1': 0.2597617471872932, 'f1_macro': 0.6885456716771375, 'prec_macro': 0.5967565217391304, 'rec_macro': 0.6274545105134129, 'f1_micro': 0.9903577586206896, 'prec_micro': 0.9903577586206896, 'rec_micro': 0.9903577586206896}
epoch 62 time: 1.53e+02s, train loss: 9.466, metrics: {'f1': 0.26220824366826684, 'f1_macro': 0.6905503683634572, 'prec_macro': 0.5976423913043478, 'rec_macro': 0.6286869861480563, 'f1_micro': 0.9903943965517241, 'prec_micro': 0.9903943965517241, 'rec_micro': 0.9903943965517241}
epoch 63 time: 1.52e+02s, train loss: 9.464, metrics: {'f1': 0.26237623762376233, 'f1_macro': 0.6894920998019749, 'prec_macro': 0.598, 'rec_macro': 0.628763882961392, 'f1_micro': 0.9903663793103449, 'prec_micro': 0.9903663793103449, 'rec_micro': 0.9903663793103449}
epoch 64 time: 1.5e+02s, train loss: 9.476, metrics: {'f1': 0.2561155803644722, 'f1_macro': 0.6830280948125538, 'prec_macro': 0.596075, 'rec_macro': 0.6256003892890893, 'f1_micro': 0.9902349137931035, 'prec_micro': 0.9902349137931035, 'rec_micro': 0.9902349137931035}
epoch 65 time: 1.5e+02s, train loss: 9.484, metrics: {'f1': 0.2545633941785891, 'f1_macro': 0.6824763302615346, 'prec_macro': 0.595329347826087, 'rec_macro': 0.6248232381574361, 'f1_micro': 0.9902306034482758, 'prec_micro': 0.9902306034482758, 'rec_micro': 0.9902306034482758}
epoch 66 time: 1.5e+02s, train loss: 9.477, metrics: {'f1': 0.25453346521595777, 'f1_macro': 0.6833404570927439, 'prec_macro': 0.5950934782608696, 'rec_macro': 0.6248142793954929, 'f1_micro': 0.9902543103448276, 'prec_micro': 0.9902543103448276, 'rec_micro': 0.9902543103448276}
epoch 67 time: 1.5e+02s, train loss: 9.48, metrics: {'f1': 0.2550734202276852, 'f1_macro': 0.6840374396606443, 'prec_macro': 0.595225, 'rec_macro': 0.6250880665484875, 'f1_micro': 0.9902693965517242, 'prec_micro': 0.9902693965517242, 'rec_micro': 0.9902693965517242}
epoch 68 time: 1.53e+02s, train loss: 9.479, metrics: {'f1': 0.2583099057383827, 'f1_macro': 0.687282855383587, 'prec_macro': 0.5962489130434783, 'rec_macro': 0.6267226162967197, 'f1_micro': 0.9903340517241379, 'prec_micro': 0.9903340517241379, 'rec_micro': 0.9903340517241379}
epoch 69 time: 1.5e+02s, train loss: 9.484, metrics: {'f1': 0.26121241991128635, 'f1_macro': 0.6869955139613755, 'prec_macro': 0.5979706521739131, 'rec_macro': 0.6281672596425443, 'f1_micro': 0.9903081896551724, 'prec_micro': 0.9903081896551724, 'rec_micro': 0.9903081896551724}
epoch 70 time: 1.51e+02s, train loss: 9.479, metrics: {'f1': 0.2588849038148027, 'f1_macro': 0.6825649102466707, 'prec_macro': 0.5977934782608696, 'rec_macro': 0.6269768007173152, 'f1_micro': 0.9902025862068966, 'prec_micro': 0.9902025862068966, 'rec_micro': 0.9902025862068966}
epoch 71 time: 1.51e+02s, train loss: 9.483, metrics: {'f1': 0.25850995504174695, 'f1_macro': 0.6771957967365461, 'prec_macro': 0.5990782608695652, 'rec_macro': 0.6267500196788041, 'f1_micro': 0.9900474137931035, 'prec_micro': 0.9900474137931035, 'rec_micro': 0.9900474137931035}
epoch 72 time: 1.5e+02s, train loss: 9.492, metrics: {'f1': 0.2604486041633048, 'f1_macro': 0.680202433892745, 'prec_macro': 0.5993641304347826, 'rec_macro': 0.6277384130142486, 'f1_micro': 0.9901228448275862, 'prec_micro': 0.9901228448275862, 'rec_micro': 0.9901228448275862}
epoch 73 time: 1.51e+02s, train loss: 9.487, metrics: {'f1': 0.2616487455197133, 'f1_macro': 0.6843313387673832, 'prec_macro': 0.5989239130434783, 'rec_macro': 0.6283663041986186, 'f1_micro': 0.9902327586206896, 'prec_micro': 0.9902327586206896, 'rec_micro': 0.9902327586206896}
epoch 74 time: 1.5e+02s, train loss: 9.477, metrics: {'f1': 0.2612231620039037, 'f1_macro': 0.6834569978651734, 'prec_macro': 0.5989130434782609, 'rec_macro': 0.6281480619121196, 'f1_micro': 0.9902112068965517, 'prec_micro': 0.9902112068965517, 'rec_micro': 0.9902112068965517}
epoch 75 time: 1.51e+02s, train loss: 9.482, metrics: {'f1': 0.2600488201790073, 'f1_macro': 0.6827817129156294, 'prec_macro': 0.5984119565217392, 'rec_macro': 0.6275581870934792, 'f1_micro': 0.9902004310344827, 'prec_micro': 0.9902004310344827, 'rec_micro': 0.9902004310344827}
epoch 76 time: 1.51e+02s, train loss: 9.479, metrics: {'f1': 0.25450486365810876, 'f1_macro': 0.6722261252063216, 'prec_macro': 0.5981489130434783, 'rec_macro': 0.6247164369759034, 'f1_micro': 0.9899245689655173, 'prec_micro': 0.9899245689655173, 'rec_micro': 0.9899245689655173}
epoch 77 time: 1.51e+02s, train loss: 9.488, metrics: {'f1': 0.24984247006931318, 'f1_macro': 0.6653937254093074, 'prec_macro': 0.5974347826086956, 'rec_macro': 0.6223378304524498, 'f1_micro': 0.9897370689655173, 'prec_micro': 0.9897370689655173, 'rec_micro': 0.9897370689655173}
epoch 78 time: 1.51e+02s, train loss: 9.494, metrics: {'f1': 0.24836392657621706, 'f1_macro': 0.6682549150983964, 'prec_macro': 0.595633695652174, 'rec_macro': 0.6216275414640484, 'f1_micro': 0.9898512931034483, 'prec_micro': 0.9898512931034483, 'rec_micro': 0.9898512931034483}
epoch 79 time: 1.51e+02s, train loss: 9.485, metrics: {'f1': 0.25180564674983585, 'f1_macro': 0.6798177849757141, 'prec_macro': 0.5944347826086956, 'rec_macro': 0.6234307762726039, 'f1_micro': 0.990176724137931, 'prec_micro': 0.990176724137931, 'rec_micro': 0.990176724137931}
epoch 80 time: 1.5e+02s, train loss: 9.485, metrics: {'f1': 0.24796410171181651, 'f1_macro': 0.6814063364452697, 'prec_macro': 0.5918684782608696, 'rec_macro': 0.6215281010542307, 'f1_micro': 0.9902478448275862, 'prec_micro': 0.9902478448275862, 'rec_micro': 0.9902478448275862}
epoch 81 time: 1.51e+02s, train loss: 9.495, metrics: {'f1': 0.2559553146048957, 'f1_macro': 0.6831449412087509, 'prec_macro': 0.5959532608695652, 'rec_macro': 0.6255213517725334, 'f1_micro': 0.9902392241379311, 'prec_micro': 0.9902392241379311, 'rec_micro': 0.9902392241379311}
epoch 82 time: 1.51e+02s, train loss: 9.504, metrics: {'f1': 0.25618631732168845, 'f1_macro': 0.6779285034891125, 'prec_macro': 0.5974880434782609, 'rec_macro': 0.6255986288355101, 'f1_micro': 0.9900883620689656, 'prec_micro': 0.9900883620689656, 'rec_micro': 0.9900883620689656}
epoch 83 time: 1.51e+02s, train loss: 9.509, metrics: {'f1': 0.25757575757575757, 'f1_macro': 0.6712091388767826, 'prec_macro': 0.6003478260869566, 'rec_macro': 0.626235972670248, 'f1_micro': 0.9898620689655172, 'prec_micro': 0.9898620689655172, 'rec_micro': 0.9898620689655172}
epoch 84 time: 1.51e+02s, train loss: 9.495, metrics: {'f1': 0.2628834355828221, 'f1_macro': 0.6666343345289345, 'prec_macro': 0.6053173913043478, 'rec_macro': 0.6288339563641419, 'f1_micro': 0.9896422413793103, 'prec_micro': 0.9896422413793103, 'rec_micro': 0.9896422413793103}
epoch 85 time: 1.51e+02s, train loss: 9.493, metrics: {'f1': 0.2626911314984709, 'f1_macro': 0.6656911596231202, 'prec_macro': 0.6055478260869565, 'rec_macro': 0.6287290658469066, 'f1_micro': 0.9896077586206896, 'prec_micro': 0.9896077586206896, 'rec_micro': 0.9896077586206896}
epoch 86 time: 1.51e+02s, train loss: 9.489, metrics: {'f1': 0.26591013648213463, 'f1_macro': 0.6685610525244988, 'prec_macro': 0.6065771739130434, 'rec_macro': 0.6303576134971177, 'f1_micro': 0.9896831896551724, 'prec_micro': 0.9896831896551724, 'rec_micro': 0.9896831896551724}
epoch 87 time: 1.52e+02s, train loss: 9.479, metrics: {'f1': 0.2592992745794104, 'f1_macro': 0.6659996916434368, 'prec_macro': 0.6032184782608696, 'rec_macro': 0.6270457899547015, 'f1_micro': 0.989657327586207, 'prec_micro': 0.989657327586207, 'rec_micro': 0.989657327586207}
epoch 88 time: 1.52e+02s, train loss: 9.47, metrics: {'f1': 0.2546816479400749, 'f1_macro': 0.6659862826897683, 'prec_macro': 0.6002695652173913, 'rec_macro': 0.6247496556439235, 'f1_micro': 0.9897068965517242, 'prec_micro': 0.9897068965517242, 'rec_micro': 0.9897068965517242}
epoch 89 time: 1.51e+02s, train loss: 9.491, metrics: {'f1': 0.2571832312764955, 'f1_macro': 0.6694123533522087, 'prec_macro': 0.6006902173913043, 'rec_macro': 0.626024970202059, 'f1_micro': 0.9898038793103449, 'prec_micro': 0.9898038793103449, 'rec_micro': 0.9898038793103449}
epoch 90 time: 1.51e+02s, train loss: 9.506, metrics: {'f1': 0.24566717146222447, 'f1_macro': 0.6843153098091309, 'prec_macro': 0.5899315217391304, 'rec_macro': 0.6204026080366747, 'f1_micro': 0.9903383620689655, 'prec_micro': 0.9903383620689655, 'rec_micro': 0.9903383620689655}
epoch 91 time: 1.51e+02s, train loss: 9.596, metrics: {'f1': 0.2241826673585885, 'f1_macro': 0.6782942826957369, 'prec_macro': 0.5797684782608695, 'rec_macro': 0.609659698677196, 'f1_micro': 0.9903340517241379, 'prec_micro': 0.9903340517241379, 'rec_micro': 0.9903340517241379}
epoch 92 time: 1.5e+02s, train loss: 9.587, metrics: {'f1': 0.23399632291492564, 'f1_macro': 0.6729289549831561, 'prec_macro': 0.5861054347826087, 'rec_macro': 0.6145128493645188, 'f1_micro': 0.9901228448275862, 'prec_micro': 0.9901228448275862, 'rec_micro': 0.9901228448275862}
epoch 93 time: 1.51e+02s, train loss: 9.525, metrics: {'f1': 0.241969672264797, 'f1_macro': 0.6704064377265849, 'prec_macro': 0.5912380434782609, 'rec_macro': 0.6184633227253669, 'f1_micro': 0.9899806034482759, 'prec_micro': 0.9899806034482759, 'rec_micro': 0.9899806034482759}
epoch 94 time: 1.52e+02s, train loss: 9.527, metrics: {'f1': 0.23540824575586097, 'f1_macro': 0.663047844923687, 'prec_macro': 0.5894163043478261, 'rec_macro': 0.6151390745764818, 'f1_micro': 0.9898081896551724, 'prec_micro': 0.9898081896551724, 'rec_micro': 0.9898081896551724}
epoch 95 time: 1.51e+02s, train loss: 9.538, metrics: {'f1': 0.23400030548342754, 'f1_macro': 0.6468688389772559, 'prec_macro': 0.5938141304347826, 'rec_macro': 0.6142789070569095, 'f1_micro': 0.9891918103448276, 'prec_micro': 0.9891918103448276, 'rec_micro': 0.9891918103448276}
epoch 96 time: 1.52e+02s, train loss: 9.589, metrics: {'f1': 0.2013567684242985, 'f1_macro': 0.6277093698301757, 'prec_macro': 0.5796326086956523, 'rec_macro': 0.5978677920779005, 'f1_micro': 0.9888362068965517, 'prec_micro': 0.9888362068965517, 'rec_micro': 0.9888362068965517}
epoch 97 time: 1.51e+02s, train loss: 9.622, metrics: {'f1': 0.21577655003069368, 'f1_macro': 0.6361337108367022, 'prec_macro': 0.5859043478260869, 'rec_macro': 0.6051155735902543, 'f1_micro': 0.9889870689655172, 'prec_micro': 0.9889870689655172, 'rec_micro': 0.9889870689655172}
epoch 98 time: 1.51e+02s, train loss: 9.596, metrics: {'f1': 0.2201441054729419, 'f1_macro': 0.6387349499666226, 'prec_macro': 0.5877880434782609, 'rec_macro': 0.6073118102127835, 'f1_micro': 0.9890366379310345, 'prec_micro': 0.9890366379310345, 'rec_micro': 0.9890366379310345}
epoch 99 time: 1.51e+02s, train loss: 9.56, metrics: {'f1': 0.23380326310787264, 'f1_macro': 0.6560003775360839, 'prec_macro': 0.5905380434782609, 'rec_macro': 0.6142776388101958, 'f1_micro': 0.9895754310344828, 'prec_micro': 0.9895754310344828, 'rec_micro': 0.9895754310344828}
epoch 100 time: 1.51e+02s, train loss: 9.553, metrics: {'f1': 0.22254950090001635, 'f1_macro': 0.6574671714079328, 'prec_macro': 0.5834445652173913, 'rec_macro': 0.608697976022718, 'f1_micro': 0.989760775862069, 'prec_micro': 0.989760775862069, 'rec_micro': 0.989760775862069}
post-training summary -- best {'f1': 0.28889935625686924, 'f1_macro': 0.6908387594824454, 'prec_macro': 0.613425, 'rec_macro': 0.6419926210198956, 'f1_micro': 0.9902392241379311, 'prec_micro': 0.9902392241379311, 'rec_micro': 0.9902392241379311}
run 4 start -- seed=3
initialized continuityBERT with 628261 parameters.
/home/azureuser/.local/lib/python3.8/site-packages/sklearn/metrics/_classification.py:1344: UndefinedMetricWarning: Precision and F-score are ill-defined and being set to 0.0 in labels with no predicted samples. Use `zero_division` parameter to control this behavior.
  _warn_prf(average, modifier, msg_start, len(result))
epoch 1 time: 1.48e+02s, train loss: 9.882, metrics: {'f1': 0.0, 'f1_macro': 0.4956896551724138, 'prec_macro': 0.5, 'rec_macro': 0.49783549783549785, 'f1_micro': 0.9913793103448276, 'prec_micro': 0.9913793103448276, 'rec_micro': 0.9913793103448276}
epoch 2 time: 1.49e+02s, train loss: 9.83, metrics: {'f1': 0.0935412026726058, 'f1_macro': 0.6189335366790013, 'prec_macro': 0.5281054347826087, 'rec_macro': 0.5443455178369458, 'f1_micro': 0.9903512931034483, 'prec_micro': 0.9903512931034483, 'rec_micro': 0.9903512931034483}
epoch 3 time: 1.48e+02s, train loss: 9.718, metrics: {'f1': 0.18176090722948496, 'f1_macro': 0.6191108744939091, 'prec_macro': 0.5701989130434783, 'rec_macro': 0.5880621416940697, 'f1_micro': 0.9888038793103449, 'prec_micro': 0.9888038793103449, 'rec_micro': 0.9888038793103449}
epoch 4 time: 1.48e+02s, train loss: 9.654, metrics: {'f1': 0.21137409598948062, 'f1_macro': 0.6506368558273651, 'prec_macro': 0.578808695652174, 'rec_macro': 0.6030848586412634, 'f1_micro': 0.9896594827586207, 'prec_micro': 0.9896594827586207, 'rec_micro': 0.9896594827586207}
epoch 5 time: 1.48e+02s, train loss: 9.609, metrics: {'f1': 0.2358974358974359, 'f1_macro': 0.6607514107514108, 'prec_macro': 0.5903652173913043, 'rec_macro': 0.6153623614133942, 'f1_micro': 0.9897241379310345, 'prec_micro': 0.9897241379310345, 'rec_micro': 0.9897241379310345}
epoch 6 time: 1.49e+02s, train loss: 9.567, metrics: {'f1': 0.2534766118836915, 'f1_macro': 0.6687873612119201, 'prec_macro': 0.5985913043478261, 'rec_macro': 0.6241755721276472, 'f1_micro': 0.9898189655172414, 'prec_micro': 0.9898189655172414, 'rec_micro': 0.9898189655172414}
epoch 7 time: 1.48e+02s, train loss: 9.533, metrics: {'f1': 0.24863475746867975, 'f1_macro': 0.6703613967262337, 'prec_macro': 0.5951717391304348, 'rec_macro': 0.6217798803887584, 'f1_micro': 0.9899181034482759, 'prec_micro': 0.9899181034482759, 'rec_micro': 0.9899181034482759}
epoch 8 time: 1.48e+02s, train loss: 9.517, metrics: {'f1': 0.2717488789237668, 'f1_macro': 0.6656088661037152, 'prec_macro': 0.6116891304347826, 'rec_macro': 0.6332303782881199, 'f1_micro': 0.9895, 'prec_micro': 0.9895, 'rec_micro': 0.9895}
epoch 9 time: 1.49e+02s, train loss: 9.509, metrics: {'f1': 0.2514398551917065, 'f1_macro': 0.6804163658133382, 'prec_macro': 0.5940728260869566, 'rec_macro': 0.6232528018163683, 'f1_micro': 0.9901961206896551, 'prec_micro': 0.9901961206896551, 'rec_micro': 0.9901961206896551}
epoch 10 time: 1.49e+02s, train loss: 9.504, metrics: {'f1': 0.2587601078167116, 'f1_macro': 0.6734048771486325, 'prec_macro': 0.6003793478260869, 'rec_macro': 0.6268439600029013, 'f1_micro': 0.9899245689655173, 'prec_micro': 0.9899245689655173, 'rec_micro': 0.9899245689655173}
epoch 11 time: 1.49e+02s, train loss: 9.503, metrics: {'f1': 0.26899509803921573, 'f1_macro': 0.6702724095223299, 'prec_macro': 0.6079565217391304, 'rec_macro': 0.6319082136952572, 'f1_micro': 0.9897155172413793, 'prec_micro': 0.9897155172413793, 'rec_micro': 0.9897155172413793}
epoch 12 time: 1.48e+02s, train loss: 9.492, metrics: {'f1': 0.2540673788003287, 'f1_macro': 0.6818786357316406, 'prec_macro': 0.5951989130434783, 'rec_macro': 0.6245719657054636, 'f1_micro': 0.9902176724137931, 'prec_micro': 0.9902176724137931, 'rec_micro': 0.9902176724137931}
epoch 13 time: 1.48e+02s, train loss: 9.49, metrics: {'f1': 0.2646964343077417, 'f1_macro': 0.6816464432212673, 'prec_macro': 0.6014760869565218, 'rec_macro': 0.6298649620392767, 'f1_micro': 0.9901336206896552, 'prec_micro': 0.9901336206896552, 'rec_micro': 0.9901336206896552}
epoch 14 time: 1.48e+02s, train loss: 9.481, metrics: {'f1': 0.2697421111645042, 'f1_macro': 0.6842755037596995, 'prec_macro': 0.6037271739130434, 'rec_macro': 0.6323980610728532, 'f1_micro': 0.9901745689655173, 'prec_micro': 0.9901745689655173, 'rec_micro': 0.9901745689655173}
epoch 15 time: 1.49e+02s, train loss: 9.474, metrics: {'f1': 0.26323602177140026, 'f1_macro': 0.6899418181694016, 'prec_macro': 0.598375, 'rec_macro': 0.6291953941559235, 'f1_micro': 0.9903728448275863, 'prec_micro': 0.9903728448275863, 'rec_micro': 0.9903728448275863}
epoch 16 time: 1.49e+02s, train loss: 9.462, metrics: {'f1': 0.2771045918367347, 'f1_macro': 0.687850672891741, 'prec_macro': 0.6071, 'rec_macro': 0.6360927850865384, 'f1_micro': 0.9902284482758621, 'prec_micro': 0.9902284482758621, 'rec_micro': 0.9902284482758621}
epoch 17 time: 1.49e+02s, train loss: 9.462, metrics: {'f1': 0.27070838061274116, 'f1_macro': 0.6890584380159005, 'prec_macro': 0.6029249999999999, 'rec_macro': 0.6329139382428145, 'f1_micro': 0.9903038793103448, 'prec_micro': 0.9903038793103448, 'rec_micro': 0.9903038793103448}
epoch 18 time: 1.49e+02s, train loss: 9.455, metrics: {'f1': 0.26915584415584415, 'f1_macro': 0.6884651410461216, 'prec_macro': 0.6021782608695652, 'rec_macro': 0.6321360666583264, 'f1_micro': 0.9902974137931034, 'prec_micro': 0.9902974137931034, 'rec_micro': 0.9902974137931034}
epoch 19 time: 1.49e+02s, train loss: 9.453, metrics: {'f1': 0.2711754186311169, 'f1_macro': 0.6904357922075355, 'prec_macro': 0.6028184782608695, 'rec_macro': 0.6331561831111584, 'f1_micro': 0.9903383620689655, 'prec_micro': 0.9903383620689655, 'rec_micro': 0.9903383620689655}
epoch 20 time: 1.49e+02s, train loss: 9.45, metrics: {'f1': 0.2770118627765309, 'f1_macro': 0.6896338019285099, 'prec_macro': 0.6065065217391304, 'rec_macro': 0.6360595298225684, 'f1_micro': 0.9902801724137931, 'prec_micro': 0.9902801724137931, 'rec_micro': 0.9902801724137931}
epoch 21 time: 1.49e+02s, train loss: 9.445, metrics: {'f1': 0.2784770295783512, 'f1_macro': 0.6844445243079657, 'prec_macro': 0.6090260869565217, 'rec_macro': 0.6367505693351825, 'f1_micro': 0.9901163793103448, 'prec_micro': 0.9901163793103448, 'rec_micro': 0.9901163793103448}
epoch 22 time: 1.49e+02s, train loss: 9.444, metrics: {'f1': 0.2790014684287812, 'f1_macro': 0.6973938666497193, 'prec_macro': 0.6054902173913044, 'rec_macro': 0.6371039780521943, 'f1_micro': 0.9904762931034483, 'prec_micro': 0.9904762931034483, 'rec_micro': 0.9904762931034483}
epoch 23 time: 1.48e+02s, train loss: 9.446, metrics: {'f1': 0.27684262134335674, 'f1_macro': 0.6964452069605572, 'prec_macro': 0.6044923913043478, 'rec_macro': 0.6360213262919158, 'f1_micro': 0.9904633620689656, 'prec_micro': 0.9904633620689656, 'rec_micro': 0.9904633620689656}
epoch 24 time: 1.48e+02s, train loss: 9.436, metrics: {'f1': 0.2838068622884646, 'f1_macro': 0.6838753352315915, 'prec_macro': 0.6125902173913044, 'rec_macro': 0.6394006071253686, 'f1_micro': 0.9900581896551724, 'prec_micro': 0.9900581896551724, 'rec_micro': 0.9900581896551724}
epoch 25 time: 1.48e+02s, train loss: 9.445, metrics: {'f1': 0.28631647211413747, 'f1_macro': 0.7002693076871007, 'prec_macro': 0.6089782608695652, 'rec_macro': 0.6407705992642474, 'f1_micro': 0.9905129310344828, 'prec_micro': 0.9905129310344828, 'rec_micro': 0.9905129310344828}
epoch 26 time: 1.48e+02s, train loss: 9.434, metrics: {'f1': 0.27669024510610296, 'f1_macro': 0.6988412863865593, 'prec_macro': 0.603779347826087, 'rec_macro': 0.6359604279859465, 'f1_micro': 0.9905237068965517, 'prec_micro': 0.9905237068965517, 'rec_micro': 0.9905237068965517}
epoch 27 time: 1.48e+02s, train loss: 9.441, metrics: {'f1': 0.2694146743610882, 'f1_macro': 0.6943755333228098, 'prec_macro': 0.6007684782608695, 'rec_macro': 0.6323042393482674, 'f1_micro': 0.9904504310344827, 'prec_micro': 0.9904504310344827, 'rec_micro': 0.9904504310344827}
epoch 28 time: 1.48e+02s, train loss: 9.435, metrics: {'f1': 0.274975272007913, 'f1_macro': 0.6984124065179207, 'prec_macro': 0.6029108695652173, 'rec_macro': 0.635102432724763, 'f1_micro': 0.9905215517241379, 'prec_micro': 0.9905215517241379, 'rec_micro': 0.9905215517241379}
epoch 29 time: 1.48e+02s, train loss: 9.427, metrics: {'f1': 0.27679158448389213, 'f1_macro': 0.6985969846467253, 'prec_macro': 0.6039, 'rec_macro': 0.6360094576951978, 'f1_micro': 0.9905172413793103, 'prec_micro': 0.9905172413793103, 'rec_micro': 0.9905172413793103}
epoch 30 time: 1.49e+02s, train loss: 9.429, metrics: {'f1': 0.2742857142857143, 'f1_macro': 0.6942262198519462, 'prec_macro': 0.6036032608695652, 'rec_macro': 0.63473200968523, 'f1_micro': 0.9904202586206896, 'prec_micro': 0.9904202586206896, 'rec_micro': 0.9904202586206896}
epoch 31 time: 1.48e+02s, train loss: 9.431, metrics: {'f1': 0.2635201573254671, 'f1_macro': 0.6877867936944357, 'prec_macro': 0.5990891304347826, 'rec_macro': 0.6293227157440593, 'f1_micro': 0.9903146551724138, 'prec_micro': 0.9903146551724138, 'rec_micro': 0.9903146551724138}
epoch 32 time: 1.48e+02s, train loss: 9.434, metrics: {'f1': 0.2714097496706192, 'f1_macro': 0.6954039336488549, 'prec_macro': 0.6016434782608696, 'rec_macro': 0.6333055551487398, 'f1_micro': 0.9904655172413793, 'prec_micro': 0.9904655172413793, 'rec_micro': 0.9904655172413793}
epoch 33 time: 1.48e+02s, train loss: 9.42, metrics: {'f1': 0.27606461086637296, 'f1_macro': 0.6952704552806215, 'prec_macro': 0.6043554347826087, 'rec_macro': 0.6356257865167655, 'f1_micro': 0.9904375, 'prec_micro': 0.9904375, 'rec_micro': 0.9904375}
epoch 34 time: 1.48e+02s, train loss: 9.421, metrics: {'f1': 0.28506567212583106, 'f1_macro': 0.6994360245311726, 'prec_macro': 0.608475, 'rec_macro': 0.6401414050770429, 'f1_micro': 0.9904978448275862, 'prec_micro': 0.9904978448275862, 'rec_micro': 0.9904978448275862}
epoch 35 time: 1.48e+02s, train loss: 9.415, metrics: {'f1': 0.2936866718628215, 'f1_macro': 0.6917185565776361, 'prec_macro': 0.6161489130434783, 'rec_macro': 0.644385071094201, 'f1_micro': 0.9902349137931035, 'prec_micro': 0.9902349137931035, 'rec_micro': 0.9902349137931035}
epoch 36 time: 1.49e+02s, train loss: 9.417, metrics: {'f1': 0.2940813810110974, 'f1_macro': 0.6884202347001014, 'prec_macro': 0.6175826086956522, 'rec_macro': 0.6445556441903624, 'f1_micro': 0.9901293103448275, 'prec_micro': 0.9901293103448275, 'rec_micro': 0.9901293103448275}
epoch 37 time: 1.48e+02s, train loss: 9.417, metrics: {'f1': 0.2752562225475842, 'f1_macro': 0.6936045900663428, 'prec_macro': 0.6043358695652173, 'rec_macro': 0.6352117824230967, 'f1_micro': 0.9903987068965517, 'prec_micro': 0.9903987068965517, 'rec_micro': 0.9903987068965517}
epoch 38 time: 1.49e+02s, train loss: 9.421, metrics: {'f1': 0.27400391900718485, 'f1_macro': 0.694082793991112, 'prec_macro': 0.6034782608695652, 'rec_macro': 0.6345905722888261, 'f1_micro': 0.9904181034482759, 'prec_micro': 0.9904181034482759, 'rec_micro': 0.9904181034482759}
epoch 39 time: 1.47e+02s, train loss: 9.429, metrics: {'f1': 0.26741498844503137, 'f1_macro': 0.693340188492862, 'prec_macro': 0.5998934782608696, 'rec_macro': 0.6313006183019046, 'f1_micro': 0.9904353448275862, 'prec_micro': 0.9904353448275862, 'rec_micro': 0.9904353448275862}
epoch 40 time: 1.48e+02s, train loss: 9.436, metrics: {'f1': 0.2798824297844546, 'f1_macro': 0.698339567876127, 'prec_macro': 0.6057478260869565, 'rec_macro': 0.6375493530800096, 'f1_micro': 0.9904956896551724, 'prec_micro': 0.9904956896551724, 'rec_micro': 0.9904956896551724}
epoch 41 time: 1.48e+02s, train loss: 9.431, metrics: {'f1': 0.2863762743280816, 'f1_macro': 0.6840192503844869, 'prec_macro': 0.6141934782608696, 'rec_macro': 0.6406814254706106, 'f1_micro': 0.9900431034482758, 'prec_micro': 0.9900431034482758, 'rec_micro': 0.9900431034482758}
epoch 42 time: 1.49e+02s, train loss: 9.434, metrics: {'f1': 0.27172503242542156, 'f1_macro': 0.6898423598901062, 'prec_macro': 0.6033043478260869, 'rec_macro': 0.6334260635835983, 'f1_micro': 0.9903189655172414, 'prec_micro': 0.9903189655172414, 'rec_micro': 0.9903189655172414}
epoch 43 time: 1.49e+02s, train loss: 9.429, metrics: {'f1': 0.2813838550247117, 'f1_macro': 0.7028749153807627, 'prec_macro': 0.6054282608695652, 'rec_macro': 0.6383262381433148, 'f1_micro': 0.9905991379310345, 'prec_micro': 0.9905991379310345, 'rec_micro': 0.9905991379310345}
epoch 44 time: 1.49e+02s, train loss: 9.423, metrics: {'f1': 0.27384263045967605, 'f1_macro': 0.6946356332121565, 'prec_macro': 0.6032380434782608, 'rec_macro': 0.6345137533486096, 'f1_micro': 0.9904331896551725, 'prec_micro': 0.9904331896551725, 'rec_micro': 0.9904331896551725}
epoch 45 time: 1.5e+02s, train loss: 9.427, metrics: {'f1': 0.2658659308553806, 'f1_macro': 0.6860517630681027, 'prec_macro': 0.6009163043478261, 'rec_macro': 0.6304797170838906, 'f1_micro': 0.9902521551724138, 'prec_micro': 0.9902521551724138, 'rec_micro': 0.9902521551724138}
epoch 46 time: 1.5e+02s, train loss: 9.431, metrics: {'f1': 0.2748017478556401, 'f1_macro': 0.6914026399944234, 'prec_macro': 0.6046793478260869, 'rec_macro': 0.6349703586759436, 'f1_micro': 0.9903426724137931, 'prec_micro': 0.9903426724137931, 'rec_micro': 0.9903426724137931}
epoch 47 time: 1.5e+02s, train loss: 9.421, metrics: {'f1': 0.2779996804601374, 'f1_macro': 0.6891737350339551, 'prec_macro': 0.6072402173913043, 'rec_macro': 0.6365485008625023, 'f1_micro': 0.990260775862069, 'prec_micro': 0.990260775862069, 'rec_micro': 0.990260775862069}
epoch 48 time: 1.49e+02s, train loss: 9.421, metrics: {'f1': 0.2732417138237672, 'f1_macro': 0.6899479744023624, 'prec_macro': 0.6041684782608696, 'rec_macro': 0.6341827321254568, 'f1_micro': 0.9903125, 'prec_micro': 0.9903125, 'rec_micro': 0.9903125}
epoch 49 time: 1.49e+02s, train loss: 9.427, metrics: {'f1': 0.2771607918879768, 'f1_macro': 0.6911335559779068, 'prec_macro': 0.6061554347826087, 'rec_macro': 0.6361443667962569, 'f1_micro': 0.9903211206896552, 'prec_micro': 0.9903211206896552, 'rec_micro': 0.9903211206896552}
epoch 50 time: 1.51e+02s, train loss: 9.418, metrics: {'f1': 0.27447833065810595, 'f1_macro': 0.6882986609042162, 'prec_macro': 0.6053804347826086, 'rec_macro': 0.6347873606489267, 'f1_micro': 0.9902586206896552, 'prec_micro': 0.9902586206896552, 'rec_micro': 0.9902586206896552}
epoch 51 time: 1.52e+02s, train loss: 9.418, metrics: {'f1': 0.28116454881775776, 'f1_macro': 0.6937285093881528, 'prec_macro': 0.6077902173913043, 'rec_macro': 0.6381581680845054, 'f1_micro': 0.9903685344827586, 'prec_micro': 0.9903685344827586, 'rec_micro': 0.9903685344827586}
epoch 52 time: 1.5e+02s, train loss: 9.422, metrics: {'f1': 0.2792720244805927, 'f1_macro': 0.6928504165105217, 'prec_macro': 0.6069163043478261, 'rec_macro': 0.6372086724203154, 'f1_micro': 0.9903556034482759, 'prec_micro': 0.9903556034482759, 'rec_micro': 0.9903556034482759}
epoch 53 time: 1.5e+02s, train loss: 9.415, metrics: {'f1': 0.2784488239033694, 'f1_macro': 0.6877163858284085, 'prec_macro': 0.6079608695652174, 'rec_macro': 0.6367615929244006, 'f1_micro': 0.9902155172413794, 'prec_micro': 0.9902155172413794, 'rec_micro': 0.9902155172413794}
epoch 54 time: 1.49e+02s, train loss: 9.422, metrics: {'f1': 0.2772126916654016, 'f1_macro': 0.6731140598469769, 'prec_macro': 0.6123054347826087, 'rec_macro': 0.6360228138009192, 'f1_micro': 0.989739224137931, 'prec_micro': 0.989739224137931, 'rec_micro': 0.989739224137931}
epoch 55 time: 1.5e+02s, train loss: 9.443, metrics: {'f1': 0.27381856860659476, 'f1_macro': 0.6711866309036771, 'prec_macro': 0.6107989130434782, 'rec_macro': 0.634316001551368, 'f1_micro': 0.9897004310344828, 'prec_micro': 0.9897004310344828, 'rec_micro': 0.9897004310344828}
epoch 56 time: 1.49e+02s, train loss: 9.429, metrics: {'f1': 0.2774769034724434, 'f1_macro': 0.6877880680429808, 'prec_macro': 0.6073456521739131, 'rec_macro': 0.6362778399682483, 'f1_micro': 0.9902241379310345, 'prec_micro': 0.9902241379310345, 'rec_micro': 0.9902241379310345}
epoch 57 time: 1.48e+02s, train loss: 9.421, metrics: {'f1': 0.2689655172413793, 'f1_macro': 0.692489702886465, 'prec_macro': 0.6009934782608696, 'rec_macro': 0.6320682062240348, 'f1_micro': 0.9904051724137931, 'prec_micro': 0.9904051724137931, 'rec_micro': 0.9904051724137931}
epoch 58 time: 1.49e+02s, train loss: 9.435, metrics: {'f1': 0.265903515944399, 'f1_macro': 0.6887485885966672, 'prec_macro': 0.6002097826086956, 'rec_macro': 0.6305170725179401, 'f1_micro': 0.9903254310344828, 'prec_micro': 0.9903254310344828, 'rec_micro': 0.9903254310344828}
epoch 59 time: 1.49e+02s, train loss: 9.439, metrics: {'f1': 0.2658600392413342, 'f1_macro': 0.6886577500395806, 'prec_macro': 0.6002086956521739, 'rec_macro': 0.6304947891578323, 'f1_micro': 0.9903232758620689, 'prec_micro': 0.9903232758620689, 'rec_micro': 0.9903232758620689}
epoch 60 time: 1.49e+02s, train loss: 9.43, metrics: {'f1': 0.26675405538259866, 'f1_macro': 0.6900842271856187, 'prec_macro': 0.6003489130434783, 'rec_macro': 0.630949966967596, 'f1_micro': 0.9903556034482759, 'prec_micro': 0.9903556034482759, 'rec_micro': 0.9903556034482759}
epoch 61 time: 1.49e+02s, train loss: 9.412, metrics: {'f1': 0.2632869991823385, 'f1_macro': 0.6868486754772578, 'prec_macro': 0.5992010869565217, 'rec_macro': 0.6292001362649409, 'f1_micro': 0.9902909482758621, 'prec_micro': 0.9902909482758621, 'rec_micro': 0.9902909482758621}
epoch 62 time: 1.5e+02s, train loss: 9.416, metrics: {'f1': 0.26372549019607844, 'f1_macro': 0.6868736631747853, 'prec_macro': 0.5994478260869566, 'rec_macro': 0.6294188261498029, 'f1_micro': 0.9902887931034483, 'prec_micro': 0.9902887931034483, 'rec_micro': 0.9902887931034483}
epoch 63 time: 1.49e+02s, train loss: 9.421, metrics: {'f1': 0.2671052631578948, 'f1_macro': 0.6917414936985425, 'prec_macro': 0.6001217391304348, 'rec_macro': 0.631135935987139, 'f1_micro': 0.990396551724138, 'prec_micro': 0.990396551724138, 'rec_micro': 0.990396551724138}
epoch 64 time: 1.5e+02s, train loss: 9.421, metrics: {'f1': 0.27177352206494587, 'f1_macro': 0.7000453470810036, 'prec_macro': 0.6007076086956522, 'rec_macro': 0.6335152731176794, 'f1_micro': 0.9905754310344828, 'prec_micro': 0.9905754310344828, 'rec_micro': 0.9905754310344828}
epoch 65 time: 1.5e+02s, train loss: 9.419, metrics: {'f1': 0.27280251613971196, 'f1_macro': 0.698424297935266, 'prec_macro': 0.6016771739130435, 'rec_macro': 0.6340188310855758, 'f1_micro': 0.9905323275862069, 'prec_micro': 0.9905323275862069, 'rec_micro': 0.9905323275862069}
epoch 66 time: 1.49e+02s, train loss: 9.416, metrics: {'f1': 0.27413509060955515, 'f1_macro': 0.6975370925870672, 'prec_macro': 0.602654347826087, 'rec_macro': 0.6346779929526467, 'f1_micro': 0.9905043103448276, 'prec_micro': 0.9905043103448276, 'rec_micro': 0.9905043103448276}
epoch 67 time: 1.49e+02s, train loss: 9.416, metrics: {'f1': 0.27380373073803727, 'f1_macro': 0.6915023638882457, 'prec_macro': 0.6040641304347826, 'rec_macro': 0.6344735566152829, 'f1_micro': 0.9903512931034483, 'prec_micro': 0.9903512931034483, 'rec_micro': 0.9903512931034483}
epoch 68 time: 1.49e+02s, train loss: 9.422, metrics: {'f1': 0.27579493835171964, 'f1_macro': 0.6929852622784902, 'prec_macro': 0.6048217391304348, 'rec_macro': 0.6354762142020901, 'f1_micro': 0.9903793103448276, 'prec_micro': 0.9903793103448276, 'rec_micro': 0.9903793103448276}
epoch 69 time: 1.51e+02s, train loss: 9.427, metrics: {'f1': 0.26292466765140327, 'f1_macro': 0.6878893078617925, 'prec_macro': 0.598720652173913, 'rec_macro': 0.629026621763639, 'f1_micro': 0.9903211206896552, 'prec_micro': 0.9903211206896552, 'rec_micro': 0.9903211206896552}
epoch 70 time: 1.49e+02s, train loss: 9.456, metrics: {'f1': 0.2512331469911213, 'f1_macro': 0.6799746393435459, 'prec_macro': 0.5940673913043478, 'rec_macro': 0.6231467225977585, 'f1_micro': 0.9901853448275862, 'prec_micro': 0.9901853448275862, 'rec_micro': 0.9901853448275862}
epoch 71 time: 1.48e+02s, train loss: 9.459, metrics: {'f1': 0.24806711630202338, 'f1_macro': 0.6778235935158872, 'prec_macro': 0.5928097826086957, 'rec_macro': 0.6215544954113627, 'f1_micro': 0.9901487068965518, 'prec_micro': 0.9901487068965518, 'rec_micro': 0.9901487068965518}
epoch 72 time: 1.49e+02s, train loss: 9.457, metrics: {'f1': 0.2563597570983095, 'f1_macro': 0.683089827617368, 'prec_macro': 0.5961989130434783, 'rec_macro': 0.6257224723248827, 'f1_micro': 0.9902349137931035, 'prec_micro': 0.9902349137931035, 'rec_micro': 0.9902349137931035}
epoch 73 time: 1.49e+02s, train loss: 9.455, metrics: {'f1': 0.2550091074681239, 'f1_macro': 0.6853220819530826, 'prec_macro': 0.5948706521739131, 'rec_macro': 0.625064645755308, 'f1_micro': 0.9903038793103448, 'prec_micro': 0.9903038793103448, 'rec_micro': 0.9903038793103448}
epoch 74 time: 1.5e+02s, train loss: 9.456, metrics: {'f1': 0.25755324418028724, 'f1_macro': 0.6861112212701879, 'prec_macro': 0.5961119565217391, 'rec_macro': 0.6263377511404211, 'f1_micro': 0.9903081896551724, 'prec_micro': 0.9903081896551724, 'rec_micro': 0.9903081896551724}
epoch 75 time: 1.49e+02s, train loss: 9.459, metrics: {'f1': 0.25967581872312273, 'f1_macro': 0.6883579484589053, 'prec_macro': 0.5967543478260869, 'rec_macro': 0.627410456364991, 'f1_micro': 0.990353448275862, 'prec_micro': 0.990353448275862, 'rec_micro': 0.990353448275862}
epoch 76 time: 1.48e+02s, train loss: 9.453, metrics: {'f1': 0.2514754098360656, 'f1_macro': 0.6791193723646636, 'prec_macro': 0.5944260869565218, 'rec_macro': 0.623261297498573, 'f1_micro': 0.9901594827586206, 'prec_micro': 0.9901594827586206, 'rec_micro': 0.9901594827586206}
epoch 77 time: 1.48e+02s, train loss: 9.455, metrics: {'f1': 0.2612568035625928, 'f1_macro': 0.6884811308543813, 'prec_macro': 0.5976184782608696, 'rec_macro': 0.6281992770146366, 'f1_micro': 0.9903469827586207, 'prec_micro': 0.9903469827586207, 'rec_micro': 0.9903469827586207}
epoch 78 time: 1.49e+02s, train loss: 9.455, metrics: {'f1': 0.2618969478175254, 'f1_macro': 0.6870783394237285, 'prec_macro': 0.5983413043478261, 'rec_macro': 0.6285089627221558, 'f1_micro': 0.9903060344827587, 'prec_micro': 0.9903060344827587, 'rec_micro': 0.9903060344827587}
epoch 79 time: 1.49e+02s, train loss: 9.453, metrics: {'f1': 0.26450344149459193, 'f1_macro': 0.6885036472540952, 'prec_macro': 0.5994673913043479, 'rec_macro': 0.6298176119847214, 'f1_micro': 0.9903275862068965, 'prec_micro': 0.9903275862068965, 'rec_micro': 0.9903275862068965}
epoch 80 time: 1.49e+02s, train loss: 9.455, metrics: {'f1': 0.26489414081733137, 'f1_macro': 0.6893291519351198, 'prec_macro': 0.5994771739130434, 'rec_macro': 0.6300178665952658, 'f1_micro': 0.9903469827586207, 'prec_micro': 0.9903469827586207, 'rec_micro': 0.9903469827586207}
epoch 81 time: 1.49e+02s, train loss: 9.463, metrics: {'f1': 0.26515524889107933, 'f1_macro': 0.6898834435258439, 'prec_macro': 0.599483695652174, 'rec_macro': 0.6301516905450523, 'f1_micro': 0.9903599137931034, 'prec_micro': 0.9903599137931034, 'rec_micro': 0.9903599137931034}
epoch 82 time: 1.49e+02s, train loss: 9.47, metrics: {'f1': 0.25755584756898814, 'f1_macro': 0.6842582810386202, 'prec_macro': 0.5965826086956522, 'rec_macro': 0.6263264967502435, 'f1_micro': 0.9902586206896552, 'prec_micro': 0.9902586206896552, 'rec_micro': 0.9902586206896552}
epoch 83 time: 1.49e+02s, train loss: 9.474, metrics: {'f1': 0.2527182866556837, 'f1_macro': 0.681766252514785, 'prec_macro': 0.5944586956521739, 'rec_macro': 0.6238990867074911, 'f1_micro': 0.9902241379310345, 'prec_micro': 0.9902241379310345, 'rec_micro': 0.9902241379310345}
epoch 84 time: 1.48e+02s, train loss: 9.479, metrics: {'f1': 0.25173898641934417, 'f1_macro': 0.6829505291461997, 'prec_macro': 0.5936108695652174, 'rec_macro': 0.6234192837650312, 'f1_micro': 0.9902629310344827, 'prec_micro': 0.9902629310344827, 'rec_micro': 0.9902629310344827}
epoch 85 time: 1.49e+02s, train loss: 9.481, metrics: {'f1': 0.25755324418028724, 'f1_macro': 0.6861112212701879, 'prec_macro': 0.5961119565217391, 'rec_macro': 0.6263377511404211, 'f1_micro': 0.9903081896551724, 'prec_micro': 0.9903081896551724, 'rec_micro': 0.9903081896551724}
epoch 86 time: 1.49e+02s, train loss: 9.48, metrics: {'f1': 0.24983498349834984, 'f1_macro': 0.6802276679483025, 'prec_macro': 0.5932086956521739, 'rec_macro': 0.622452038465881, 'f1_micro': 0.9902025862068966, 'prec_micro': 0.9902025862068966, 'rec_micro': 0.9902025862068966}
epoch 87 time: 1.49e+02s, train loss: 9.47, metrics: {'f1': 0.2528470044561809, 'f1_macro': 0.6825121804622876, 'prec_macro': 0.5943445652173913, 'rec_macro': 0.6239683559660194, 'f1_micro': 0.9902435344827586, 'prec_micro': 0.9902435344827586, 'rec_micro': 0.9902435344827586}
epoch 88 time: 1.49e+02s, train loss: 9.471, metrics: {'f1': 0.25102812962658333, 'f1_macro': 0.6799978376059568, 'prec_macro': 0.5939445652173914, 'rec_macro': 0.6230447642983885, 'f1_micro': 0.9901875, 'prec_micro': 0.9901875, 'rec_micro': 0.9901875}
epoch 89 time: 1.49e+02s, train loss: 9.467, metrics: {'f1': 0.26147834581569523, 'f1_macro': 0.68398062283718, 'prec_macro': 0.5989195652173913, 'rec_macro': 0.628278924149362, 'f1_micro': 0.9902241379310345, 'prec_micro': 0.9902241379310345, 'rec_micro': 0.9902241379310345}
epoch 90 time: 1.5e+02s, train loss: 9.463, metrics: {'f1': 0.2583360310780188, 'f1_macro': 0.6797288886647597, 'prec_macro': 0.59825, 'rec_macro': 0.6266827201132114, 'f1_micro': 0.990125, 'prec_micro': 0.990125, 'rec_micro': 0.990125}
epoch 91 time: 1.5e+02s, train loss: 9.464, metrics: {'f1': 0.24716553287981863, 'f1_macro': 0.6719784140257988, 'prec_macro': 0.5938413043478261, 'rec_macro': 0.6210616832853878, 'f1_micro': 0.9899827586206896, 'prec_micro': 0.9899827586206896, 'rec_micro': 0.9899827586206896}
epoch 92 time: 1.5e+02s, train loss: 9.46, metrics: {'f1': 0.2612772837510105, 'f1_macro': 0.681441095849277, 'prec_macro': 0.5995032608695652, 'rec_macro': 0.6281603788834732, 'f1_micro': 0.9901530172413793, 'prec_micro': 0.9901530172413793, 'rec_micro': 0.9901530172413793}
epoch 93 time: 1.5e+02s, train loss: 9.464, metrics: {'f1': 0.25899280575539574, 'f1_macro': 0.6836728242423703, 'prec_macro': 0.5975608695652174, 'rec_macro': 0.6270383929762352, 'f1_micro': 0.9902327586206896, 'prec_micro': 0.9902327586206896, 'rec_micro': 0.9902327586206896}
epoch 94 time: 1.49e+02s, train loss: 9.488, metrics: {'f1': 0.2608266095834019, 'f1_macro': 0.6875550862393268, 'prec_macro': 0.5976076086956522, 'rec_macro': 0.6279787302538037, 'f1_micro': 0.9903254310344828, 'prec_micro': 0.9903254310344828, 'rec_micro': 0.9903254310344828}
epoch 95 time: 1.49e+02s, train loss: 9.501, metrics: {'f1': 0.2690096896042043, 'f1_macro': 0.6925835030716188, 'prec_macro': 0.6009945652173914, 'rec_macro': 0.6320908373762226, 'f1_micro': 0.9904073275862069, 'prec_micro': 0.9904073275862069, 'rec_micro': 0.9904073275862069}
epoch 96 time: 1.5e+02s, train loss: 9.493, metrics: {'f1': 0.26450344149459193, 'f1_macro': 0.6885036472540952, 'prec_macro': 0.5994673913043479, 'rec_macro': 0.6298176119847214, 'f1_micro': 0.9903275862068965, 'prec_micro': 0.9903275862068965, 'rec_micro': 0.9903275862068965}
epoch 97 time: 1.49e+02s, train loss: 9.475, metrics: {'f1': 0.2585983127839066, 'f1_macro': 0.6806820415674678, 'prec_macro': 0.5981391304347826, 'rec_macro': 0.6268204074604731, 'f1_micro': 0.9901508620689655, 'prec_micro': 0.9901508620689655, 'rec_micro': 0.9901508620689655}
epoch 98 time: 1.5e+02s, train loss: 9.466, metrics: {'f1': 0.2513325795509611, 'f1_macro': 0.6740560450443532, 'prec_macro': 0.5957141304347826, 'rec_macro': 0.6231522114794343, 'f1_micro': 0.990010775862069, 'prec_micro': 0.990010775862069, 'rec_micro': 0.990010775862069}
epoch 99 time: 1.53e+02s, train loss: 9.47, metrics: {'f1': 0.2494775759524192, 'f1_macro': 0.6712052354921774, 'prec_macro': 0.5954293478260869, 'rec_macro': 0.6222061852590725, 'f1_micro': 0.9899375, 'prec_micro': 0.9899375, 'rec_micro': 0.9899375}
epoch 100 time: 1.52e+02s, train loss: 9.472, metrics: {'f1': 0.24263764404609475, 'f1_macro': 0.6650837635941316, 'prec_macro': 0.5931304347826087, 'rec_macro': 0.6187519710696456, 'f1_micro': 0.989801724137931, 'prec_micro': 0.989801724137931, 'rec_micro': 0.989801724137931}
post-training summary -- best {'f1': 0.2940813810110974, 'f1_macro': 0.6884202347001014, 'prec_macro': 0.6175826086956522, 'rec_macro': 0.6445556441903624, 'f1_micro': 0.9901293103448275, 'prec_micro': 0.9901293103448275, 'rec_micro': 0.9901293103448275}
run 5 start -- seed=4
initialized continuityBERT with 628261 parameters.
/home/azureuser/.local/lib/python3.8/site-packages/sklearn/metrics/_classification.py:1344: UndefinedMetricWarning: Precision and F-score are ill-defined and being set to 0.0 in labels with no predicted samples. Use `zero_division` parameter to control this behavior.
  _warn_prf(average, modifier, msg_start, len(result))
epoch 1 time: 1.49e+02s, train loss: 9.883, metrics: {'f1': 0.0, 'f1_macro': 0.4956896551724138, 'prec_macro': 0.5, 'rec_macro': 0.49783549783549785, 'f1_micro': 0.9913793103448276, 'prec_micro': 0.9913793103448276, 'rec_micro': 0.9913793103448276}
epoch 2 time: 1.51e+02s, train loss: 9.835, metrics: {'f1': 0.0856370816877988, 'f1_macro': 0.6229081787337497, 'prec_macro': 0.5250923913043478, 'rec_macro': 0.5404360384527314, 'f1_micro': 0.9905193965517242, 'prec_micro': 0.9905193965517242, 'rec_micro': 0.9905193965517242}
epoch 3 time: 1.49e+02s, train loss: 9.716, metrics: {'f1': 0.18695106649937263, 'f1_macro': 0.6217338920751222, 'prec_macro': 0.5725652173913043, 'rec_macro': 0.5906631064899664, 'f1_micro': 0.9888275862068966, 'prec_micro': 0.9888275862068966, 'rec_micro': 0.9888275862068966}
epoch 4 time: 1.49e+02s, train loss: 9.64, metrics: {'f1': 0.20918032786885246, 'f1_macro': 0.6482654460355262, 'prec_macro': 0.5781608695652174, 'rec_macro': 0.6019738281062453, 'f1_micro': 0.9896034482758621, 'prec_micro': 0.9896034482758621, 'rec_micro': 0.9896034482758621}
epoch 5 time: 1.48e+02s, train loss: 9.615, metrics: {'f1': 0.25204582651391155, 'f1_macro': 0.6522236370416381, 'prec_macro': 0.6038380434782609, 'rec_macro': 0.6232946409312, 'f1_micro': 0.989165948275862, 'prec_micro': 0.989165948275862, 'rec_micro': 0.989165948275862}
epoch 6 time: 1.48e+02s, train loss: 9.567, metrics: {'f1': 0.23559786993706633, 'f1_macro': 0.6625951687882217, 'prec_macro': 0.5896554347826086, 'rec_macro': 0.6152295139534139, 'f1_micro': 0.9897909482758621, 'prec_micro': 0.9897909482758621, 'rec_micro': 0.9897909482758621}
epoch 7 time: 1.48e+02s, train loss: 9.542, metrics: {'f1': 0.26125073056691994, 'f1_macro': 0.6538053718095267, 'prec_macro': 0.6096304347826087, 'rec_macro': 0.6278809875667648, 'f1_micro': 0.989103448275862, 'prec_micro': 0.989103448275862, 'rec_micro': 0.989103448275862}
epoch 8 time: 1.48e+02s, train loss: 9.524, metrics: {'f1': 0.2516789254876879, 'f1_macro': 0.6710993415367574, 'prec_macro': 0.5967804347826087, 'rec_macro': 0.6233008024187652, 'f1_micro': 0.9899137931034483, 'prec_micro': 0.9899137931034483, 'rec_micro': 0.9899137931034483}
epoch 9 time: 1.48e+02s, train loss: 9.51, metrics: {'f1': 0.2571704801804705, 'f1_macro': 0.6774034397624267, 'prec_macro': 0.5982195652173914, 'rec_macro': 0.6260846813970782, 'f1_micro': 0.9900646551724138, 'prec_micro': 0.9900646551724138, 'rec_micro': 0.9900646551724138}
epoch 10 time: 1.48e+02s, train loss: 9.51, metrics: {'f1': 0.26373288198184336, 'f1_macro': 0.6680633943801377, 'prec_macro': 0.6053402173913044, 'rec_macro': 0.6292701334448637, 'f1_micro': 0.9896875, 'prec_micro': 0.9896875, 'rec_micro': 0.9896875}
epoch 11 time: 1.48e+02s, train loss: 9.5, metrics: {'f1': 0.2508972267536705, 'f1_macro': 0.6770186944662904, 'prec_macro': 0.5946456521739131, 'rec_macro': 0.6229580235973652, 'f1_micro': 0.990103448275862, 'prec_micro': 0.990103448275862, 'rec_micro': 0.990103448275862}
epoch 12 time: 1.48e+02s, train loss: 9.492, metrics: {'f1': 0.27032077234506385, 'f1_macro': 0.6757980420871884, 'prec_macro': 0.6068108695652175, 'rec_macro': 0.632618007773742, 'f1_micro': 0.9899008620689655, 'prec_micro': 0.9899008620689655, 'rec_micro': 0.9899008620689655}
epoch 13 time: 1.49e+02s, train loss: 9.495, metrics: {'f1': 0.26935179358086847, 'f1_macro': 0.6782586156724975, 'prec_macro': 0.6053695652173913, 'rec_macro': 0.6321564858248119, 'f1_micro': 0.9899913793103449, 'prec_micro': 0.9899913793103449, 'rec_micro': 0.9899913793103449}
epoch 14 time: 1.48e+02s, train loss: 9.491, metrics: {'f1': 0.2633928571428571, 'f1_macro': 0.6783410805117628, 'prec_macro': 0.6016782608695652, 'rec_macro': 0.6291902662328644, 'f1_micro': 0.9900431034482758, 'prec_micro': 0.9900431034482758, 'rec_micro': 0.9900431034482758}
epoch 15 time: 1.48e+02s, train loss: 9.482, metrics: {'f1': 0.2604828462515883, 'f1_macro': 0.6751276637350833, 'prec_macro': 0.600895652173913, 'rec_macro': 0.6277156664837485, 'f1_micro': 0.9899655172413793, 'prec_micro': 0.9899655172413793, 'rec_micro': 0.9899655172413793}
epoch 16 time: 1.49e+02s, train loss: 9.475, metrics: {'f1': 0.2588658277496323, 'f1_macro': 0.683407848088907, 'prec_macro': 0.5975576086956522, 'rec_macro': 0.626973268866404, 'f1_micro': 0.9902262931034482, 'prec_micro': 0.9902262931034482, 'rec_micro': 0.9902262931034482}
epoch 17 time: 1.49e+02s, train loss: 9.471, metrics: {'f1': 0.2664738026358084, 'f1_macro': 0.6831101863353441, 'prec_macro': 0.6021108695652174, 'rec_macro': 0.6307612509986299, 'f1_micro': 0.9901637931034483, 'prec_micro': 0.9901637931034483, 'rec_micro': 0.9901637931034483}
epoch 18 time: 1.49e+02s, train loss: 9.468, metrics: {'f1': 0.27046830200700855, 'f1_macro': 0.6829354469930842, 'prec_macro': 0.6045717391304348, 'rec_macro': 0.6327496708674112, 'f1_micro': 0.9901293103448275, 'prec_micro': 0.9901293103448275, 'rec_micro': 0.9901293103448275}
epoch 19 time: 1.49e+02s, train loss: 9.467, metrics: {'f1': 0.2619203135205748, 'f1_macro': 0.6853327587830252, 'prec_macro': 0.5988130434782608, 'rec_macro': 0.6285086339958376, 'f1_micro': 0.9902586206896552, 'prec_micro': 0.9902586206896552, 'rec_micro': 0.9902586206896552}
epoch 20 time: 1.48e+02s, train loss: 9.468, metrics: {'f1': 0.2803680024949322, 'f1_macro': 0.6829235723180009, 'prec_macro': 0.6107293478260869, 'rec_macro': 0.6376801681855848, 'f1_micro': 0.9900538793103448, 'prec_micro': 0.9900538793103448, 'rec_micro': 0.9900538793103448}
epoch 21 time: 1.48e+02s, train loss: 9.464, metrics: {'f1': 0.2808701215611004, 'f1_macro': 0.6915572011774979, 'prec_macro': 0.6082565217391305, 'rec_macro': 0.6379962163241478, 'f1_micro': 0.9903103448275862, 'prec_micro': 0.9903103448275862, 'rec_micro': 0.9903103448275862}
epoch 22 time: 1.48e+02s, train loss: 9.467, metrics: {'f1': 0.2770065422052019, 'f1_macro': 0.6880508644829848, 'prec_macro': 0.606979347826087, 'rec_macro': 0.6360454009818609, 'f1_micro': 0.9902349137931035, 'prec_micro': 0.9902349137931035, 'rec_micro': 0.9902349137931035}
epoch 23 time: 1.48e+02s, train loss: 9.46, metrics: {'f1': 0.27507432326709436, 'f1_macro': 0.6804337369685843, 'prec_macro': 0.6082315217391304, 'rec_macro': 0.6350236228117692, 'f1_micro': 0.9900150862068966, 'prec_micro': 0.9900150862068966, 'rec_micro': 0.9900150862068966}
epoch 24 time: 1.48e+02s, train loss: 9.457, metrics: {'f1': 0.267384916748286, 'f1_macro': 0.6891716600363301, 'prec_macro': 0.600954347826087, 'rec_macro': 0.6312582862421596, 'f1_micro': 0.9903275862068965, 'prec_micro': 0.9903275862068965, 'rec_micro': 0.9903275862068965}
epoch 25 time: 1.48e+02s, train loss: 9.449, metrics: {'f1': 0.27144934561318473, 'f1_macro': 0.6884471200264848, 'prec_macro': 0.603533695652174, 'rec_macro': 0.6332789436929237, 'f1_micro': 0.9902823275862069, 'prec_micro': 0.9902823275862069, 'rec_micro': 0.9902823275862069}
epoch 26 time: 1.49e+02s, train loss: 9.446, metrics: {'f1': 0.2768043722874136, 'f1_macro': 0.6904327953982412, 'prec_macro': 0.6061467391304348, 'rec_macro': 0.6359617964190549, 'f1_micro': 0.9903038793103448, 'prec_micro': 0.9903038793103448, 'rec_micro': 0.9903038793103448}
epoch 27 time: 1.49e+02s, train loss: 9.443, metrics: {'f1': 0.27500398787685437, 'f1_macro': 0.6865534380603313, 'prec_macro': 0.6062206521739131, 'rec_macro': 0.6350365240779148, 'f1_micro': 0.9902047413793104, 'prec_micro': 0.9902047413793104, 'rec_micro': 0.9902047413793104}
epoch 28 time: 1.49e+02s, train loss: 9.449, metrics: {'f1': 0.2719269644603848, 'f1_macro': 0.6919802840773314, 'prec_macro': 0.6028369565217391, 'rec_macro': 0.6335412212942212, 'f1_micro': 0.990375, 'prec_micro': 0.990375, 'rec_micro': 0.990375}
epoch 29 time: 1.48e+02s, train loss: 9.447, metrics: {'f1': 0.26721177432542925, 'f1_macro': 0.689698545156372, 'prec_macro': 0.6007141304347826, 'rec_macro': 0.6311755406444396, 'f1_micro': 0.9903426724137931, 'prec_micro': 0.9903426724137931, 'rec_micro': 0.9903426724137931}
epoch 30 time: 1.49e+02s, train loss: 9.451, metrics: {'f1': 0.26762402088772846, 'f1_macro': 0.6892266607211555, 'prec_macro': 0.6010782608695652, 'rec_macro': 0.631377833030948, 'f1_micro': 0.9903275862068965, 'prec_micro': 0.9903275862068965, 'rec_micro': 0.9903275862068965}
epoch 31 time: 1.48e+02s, train loss: 9.448, metrics: {'f1': 0.2687058049662884, 'f1_macro': 0.6928544465784741, 'prec_macro': 0.6007510869565217, 'rec_macro': 0.6319410853929226, 'f1_micro': 0.9904159482758621, 'prec_micro': 0.9904159482758621, 'rec_micro': 0.9904159482758621}
epoch 32 time: 1.48e+02s, train loss: 9.445, metrics: {'f1': 0.27658207516864763, 'f1_macro': 0.6899973776275923, 'prec_macro': 0.6061413043478261, 'rec_macro': 0.6358479224606601, 'f1_micro': 0.9902931034482758, 'prec_micro': 0.9902931034482758, 'rec_micro': 0.9902931034482759}
epoch 33 time: 1.49e+02s, train loss: 9.445, metrics: {'f1': 0.26906265177270516, 'f1_macro': 0.6874280121065737, 'prec_macro': 0.6024119565217392, 'rec_macro': 0.6320823741895518, 'f1_micro': 0.9902693965517242, 'prec_micro': 0.9902693965517242, 'rec_micro': 0.9902693965517242}
epoch 34 time: 1.48e+02s, train loss: 9.449, metrics: {'f1': 0.27161716171617156, 'f1_macro': 0.696318523273102, 'prec_macro': 0.6015304347826087, 'rec_macro': 0.633414715747558, 'f1_micro': 0.9904870689655172, 'prec_micro': 0.9904870689655172, 'rec_micro': 0.9904870689655172}
epoch 35 time: 1.48e+02s, train loss: 9.439, metrics: {'f1': 0.2758839384810528, 'f1_macro': 0.6851668686207549, 'prec_macro': 0.6071880434782608, 'rec_macro': 0.6354644631728879, 'f1_micro': 0.9901573275862069, 'prec_micro': 0.9901573275862069, 'rec_micro': 0.9901573275862069}
epoch 36 time: 1.48e+02s, train loss: 9.447, metrics: {'f1': 0.28363518758085376, 'f1_macro': 0.6973971715167343, 'prec_macro': 0.608204347826087, 'rec_macro': 0.6394147281426187, 'f1_micro': 0.9904525862068966, 'prec_micro': 0.9904525862068966, 'rec_micro': 0.9904525862068966}
epoch 37 time: 1.48e+02s, train loss: 9.442, metrics: {'f1': 0.2768324607329843, 'f1_macro': 0.6968698432992807, 'prec_macro': 0.6043739130434782, 'rec_macro': 0.636018976036248, 'f1_micro': 0.9904741379310344, 'prec_micro': 0.9904741379310344, 'rec_micro': 0.9904741379310344}
epoch 38 time: 1.48e+02s, train loss: 9.433, metrics: {'f1': 0.26916855386606275, 'f1_macro': 0.6872208564915357, 'prec_macro': 0.6025326086956522, 'rec_macro': 0.6321336847337036, 'f1_micro': 0.9902629310344827, 'prec_micro': 0.9902629310344827, 'rec_micro': 0.9902629310344827}
epoch 39 time: 1.49e+02s, train loss: 9.441, metrics: {'f1': 0.27172859450726977, 'f1_macro': 0.6885888946599735, 'prec_macro': 0.6036586956521739, 'rec_macro': 0.6334191078979108, 'f1_micro': 0.9902844827586207, 'prec_micro': 0.9902844827586207, 'rec_micro': 0.9902844827586207}
epoch 40 time: 1.49e+02s, train loss: 9.436, metrics: {'f1': 0.2756721736313573, 'f1_macro': 0.6923128784358268, 'prec_macro': 0.6049369565217391, 'rec_macro': 0.635410466362361, 'f1_micro': 0.9903620689655173, 'prec_micro': 0.9903620689655173, 'rec_micro': 0.9903620689655173}
epoch 41 time: 1.49e+02s, train loss: 9.431, metrics: {'f1': 0.2803738317757009, 'f1_macro': 0.7002640043603221, 'prec_macro': 0.6055228260869565, 'rec_macro': 0.6378065084471383, 'f1_micro': 0.990540948275862, 'prec_micro': 0.990540948275862, 'rec_micro': 0.990540948275862}
epoch 42 time: 1.49e+02s, train loss: 9.434, metrics: {'f1': 0.27332028701891714, 'f1_macro': 0.6931060247373619, 'prec_macro': 0.6033434782608695, 'rec_macro': 0.6342433115985994, 'f1_micro': 0.990396551724138, 'prec_micro': 0.990396551724138, 'rec_micro': 0.990396551724138}
epoch 43 time: 1.49e+02s, train loss: 9.431, metrics: {'f1': 0.27255154639175255, 'f1_macro': 0.688161129573111, 'prec_macro': 0.6042695652173913, 'rec_macro': 0.6338261967187535, 'f1_micro': 0.9902672413793103, 'prec_micro': 0.9902672413793103, 'rec_micro': 0.9902672413793103}
epoch 44 time: 1.5e+02s, train loss: 9.455, metrics: {'f1': 0.26319095477386933, 'f1_macro': 0.6735177616615645, 'prec_macro': 0.6030869565217392, 'rec_macro': 0.6290499928551476, 'f1_micro': 0.9898879310344828, 'prec_micro': 0.9898879310344828, 'rec_micro': 0.9898879310344828}
epoch 45 time: 1.52e+02s, train loss: 9.452, metrics: {'f1': 0.2646042455158796, 'f1_macro': 0.6900889360627274, 'prec_macro': 0.5991163043478261, 'rec_macro': 0.6298783845498681, 'f1_micro': 0.9903685344827586, 'prec_micro': 0.9903685344827586, 'rec_micro': 0.9903685344827586}
epoch 46 time: 1.49e+02s, train loss: 9.445, metrics: {'f1': 0.2585209003215434, 'f1_macro': 0.6776205587544321, 'prec_macro': 0.5989608695652174, 'rec_macro': 0.6267587686315566, 'f1_micro': 0.9900603448275862, 'prec_micro': 0.9900603448275862, 'rec_micro': 0.9900603448275862}
epoch 47 time: 1.49e+02s, train loss: 9.447, metrics: {'f1': 0.25653594771241833, 'f1_macro': 0.6816611682197941, 'prec_macro': 0.5966739130434783, 'rec_macro': 0.6258001906306266, 'f1_micro': 0.9901939655172414, 'prec_micro': 0.9901939655172414, 'rec_micro': 0.9901939655172414}
epoch 48 time: 1.54e+02s, train loss: 9.438, metrics: {'f1': 0.24943089430894308, 'f1_macro': 0.674872038893127, 'prec_macro': 0.5943717391304348, 'rec_macro': 0.6222117860382379, 'f1_micro': 0.9900517241379311, 'prec_micro': 0.9900517241379311, 'rec_micro': 0.9900517241379311}
epoch 49 time: 1.5e+02s, train loss: 9.454, metrics: {'f1': 0.234729772945315, 'f1_macro': 0.6592850740131384, 'prec_macro': 0.5900978260869565, 'rec_macro': 0.6147687265761134, 'f1_micro': 0.9896853448275862, 'prec_micro': 0.9896853448275862, 'rec_micro': 0.9896853448275862}
epoch 50 time: 1.5e+02s, train loss: 9.453, metrics: {'f1': 0.260718240784686, 'f1_macro': 0.6740700747947828, 'prec_macro': 0.6013728260869565, 'rec_macro': 0.6278240729408984, 'f1_micro': 0.9899288793103448, 'prec_micro': 0.9899288793103448, 'rec_micro': 0.9899288793103448}
epoch 51 time: 1.5e+02s, train loss: 9.448, metrics: {'f1': 0.26716321243523317, 'f1_macro': 0.6861305580124234, 'prec_macro': 0.6016565217391304, 'rec_macro': 0.6311266907456827, 'f1_micro': 0.9902456896551725, 'prec_micro': 0.9902456896551725, 'rec_micro': 0.9902456896551725}
epoch 52 time: 1.52e+02s, train loss: 9.466, metrics: {'f1': 0.26780982073265786, 'f1_macro': 0.6744443839663007, 'prec_macro': 0.6056836956521738, 'rec_macro': 0.6313565832993736, 'f1_micro': 0.9898771551724138, 'prec_micro': 0.9898771551724138, 'rec_micro': 0.9898771551724138}
epoch 53 time: 1.49e+02s, train loss: 9.482, metrics: {'f1': 0.25983778912586364, 'f1_macro': 0.6593186317801628, 'prec_macro': 0.6061760869565217, 'rec_macro': 0.6272445347703683, 'f1_micro': 0.9893793103448276, 'prec_micro': 0.9893793103448276, 'rec_micro': 0.9893793103448276}
epoch 54 time: 1.48e+02s, train loss: 9.478, metrics: {'f1': 0.26857847671908724, 'f1_macro': 0.6717910840103165, 'prec_macro': 0.6071195652173913, 'rec_macro': 0.6317152134396835, 'f1_micro': 0.9897758620689655, 'prec_micro': 0.9897758620689655, 'rec_micro': 0.9897758620689655}
epoch 55 time: 1.47e+02s, train loss: 9.453, metrics: {'f1': 0.26346922462030375, 'f1_macro': 0.6792659721212304, 'prec_macro': 0.6014445652173913, 'rec_macro': 0.6292355480353253, 'f1_micro': 0.9900711206896552, 'prec_micro': 0.9900711206896552, 'rec_micro': 0.9900711206896552}
epoch 56 time: 1.47e+02s, train loss: 9.45, metrics: {'f1': 0.2519322479855287, 'f1_macro': 0.6805455179234995, 'prec_macro': 0.594320652173913, 'rec_macro': 0.6234989875089736, 'f1_micro': 0.9901961206896551, 'prec_micro': 0.9901961206896551, 'rec_micro': 0.9901961206896551}
epoch 57 time: 1.48e+02s, train loss: 9.46, metrics: {'f1': 0.24194348041646008, 'f1_macro': 0.6749123498058196, 'prec_macro': 0.590066304347826, 'rec_macro': 0.6184840754892489, 'f1_micro': 0.990114224137931, 'prec_micro': 0.990114224137931, 'rec_micro': 0.990114224137931}
epoch 58 time: 1.48e+02s, train loss: 9.46, metrics: {'f1': 0.232512315270936, 'f1_macro': 0.6658145256864078, 'prec_macro': 0.5869978260869565, 'rec_macro': 0.6137212030303547, 'f1_micro': 0.989926724137931, 'prec_micro': 0.989926724137931, 'rec_micro': 0.989926724137931}
epoch 59 time: 1.48e+02s, train loss: 9.467, metrics: {'f1': 0.235524384276627, 'f1_macro': 0.6658554104044642, 'prec_macro': 0.5887184782608695, 'rec_macro': 0.6152200738980863, 'f1_micro': 0.9898987068965517, 'prec_micro': 0.9898987068965517, 'rec_micro': 0.9898987068965517}
epoch 60 time: 1.48e+02s, train loss: 9.455, metrics: {'f1': 0.2525485037816508, 'f1_macro': 0.6809395839098306, 'prec_macro': 0.5945717391304348, 'rec_macro': 0.6238087397736957, 'f1_micro': 0.9902025862068966, 'prec_micro': 0.9902025862068966, 'rec_micro': 0.9902025862068966}
epoch 61 time: 1.47e+02s, train loss: 9.5, metrics: {'f1': 0.2478202548625084, 'f1_macro': 0.6846075104153813, 'prec_macro': 0.5910434782608696, 'rec_macro': 0.6214774675351113, 'f1_micro': 0.9903318965517242, 'prec_micro': 0.9903318965517242, 'rec_micro': 0.9903318965517242}
epoch 62 time: 1.48e+02s, train loss: 9.501, metrics: {'f1': 0.2499591035498119, 'f1_macro': 0.677282591570946, 'prec_macro': 0.5940336956521739, 'rec_macro': 0.6224928044837521, 'f1_micro': 0.9901185344827587, 'prec_micro': 0.9901185344827587, 'rec_micro': 0.9901185344827587}
epoch 63 time: 1.48e+02s, train loss: 9.474, metrics: {'f1': 0.23887814313346228, 'f1_macro': 0.6645748339093452, 'prec_macro': 0.5910347826086957, 'rec_macro': 0.6168777673302189, 'f1_micro': 0.989823275862069, 'prec_micro': 0.989823275862069, 'rec_micro': 0.989823275862069}
epoch 64 time: 1.48e+02s, train loss: 9.496, metrics: {'f1': 0.22758731691614356, 'f1_macro': 0.6561724156894728, 'prec_macro': 0.5867380434782609, 'rec_macro': 0.6111905625150829, 'f1_micro': 0.989657327586207, 'prec_micro': 0.989657327586207, 'rec_micro': 0.989657327586207}
epoch 65 time: 1.48e+02s, train loss: 9.497, metrics: {'f1': 0.24479922593130138, 'f1_macro': 0.6689125240883907, 'prec_macro': 0.5933076086956521, 'rec_macro': 0.6198594713512641, 'f1_micro': 0.9899073275862069, 'prec_micro': 0.9899073275862069, 'rec_micro': 0.9899073275862069}
epoch 66 time: 1.49e+02s, train loss: 9.481, metrics: {'f1': 0.24015683711811797, 'f1_macro': 0.6697328512531646, 'prec_macro': 0.5903684782608696, 'rec_macro': 0.6175558532332408, 'f1_micro': 0.9899762931034483, 'prec_micro': 0.9899762931034483, 'rec_micro': 0.9899762931034483}
epoch 67 time: 1.48e+02s, train loss: 9.462, metrics: {'f1': 0.2588733311624878, 'f1_macro': 0.6821045485344648, 'prec_macro': 0.5979108695652174, 'rec_macro': 0.6269677386966261, 'f1_micro': 0.9901896551724138, 'prec_micro': 0.9901896551724138, 'rec_micro': 0.9901896551724138}
epoch 68 time: 1.48e+02s, train loss: 9.444, metrics: {'f1': 0.26279974076474405, 'f1_macro': 0.6832417068971377, 'prec_macro': 0.599895652173913, 'rec_macro': 0.6289319479499876, 'f1_micro': 0.9901939655172414, 'prec_micro': 0.9901939655172414, 'rec_micro': 0.9901939655172414}
epoch 69 time: 1.49e+02s, train loss: 9.453, metrics: {'f1': 0.25715214564369315, 'f1_macro': 0.6803084411685294, 'prec_macro': 0.5973956521739131, 'rec_macro': 0.6260973561570602, 'f1_micro': 0.9901508620689655, 'prec_micro': 0.9901508620689655, 'rec_micro': 0.9901508620689655}
epoch 70 time: 1.49e+02s, train loss: 9.471, metrics: {'f1': 0.24975417895771876, 'f1_macro': 0.6777508438592053, 'prec_macro': 0.5937934782608696, 'rec_macro': 0.6223941683747893, 'f1_micro': 0.9901336206896552, 'prec_micro': 0.9901336206896552, 'rec_micro': 0.9901336206896552}
epoch 71 time: 1.48e+02s, train loss: 9.473, metrics: {'f1': 0.23983009312203885, 'f1_macro': 0.6694960308590611, 'prec_macro': 0.5902423913043477, 'rec_macro': 0.6173913964941451, 'f1_micro': 0.9899719827586206, 'prec_micro': 0.9899719827586206, 'rec_micro': 0.9899719827586206}
epoch 72 time: 1.49e+02s, train loss: 9.489, metrics: {'f1': 0.24158031088082899, 'f1_macro': 0.6678924540644972, 'prec_macro': 0.5916956521739131, 'rec_macro': 0.6182495403121471, 'f1_micro': 0.989905172413793, 'prec_micro': 0.989905172413793, 'rec_micro': 0.989905172413793}
epoch 73 time: 1.49e+02s, train loss: 9.487, metrics: {'f1': 0.2483026188166828, 'f1_macro': 0.6721640677008659, 'prec_macro': 0.5944586956521739, 'rec_macro': 0.6216291086172925, 'f1_micro': 0.9899784482758621, 'prec_micro': 0.9899784482758621, 'rec_micro': 0.9899784482758621}
epoch 74 time: 1.49e+02s, train loss: 9.471, metrics: {'f1': 0.2436678422571337, 'f1_macro': 0.6662861585257224, 'prec_macro': 0.5933934782608695, 'rec_macro': 0.6192746921735871, 'f1_micro': 0.9898318965517241, 'prec_micro': 0.9898318965517241, 'rec_micro': 0.9898318965517241}
epoch 75 time: 1.48e+02s, train loss: 9.457, metrics: {'f1': 0.26496815286624203, 'f1_macro': 0.6790254897401174, 'prec_macro': 0.6024260869565218, 'rec_macro': 0.6299800621988633, 'f1_micro': 0.9900517241379311, 'prec_micro': 0.9900517241379311, 'rec_micro': 0.9900517241379311}
epoch 76 time: 1.49e+02s, train loss: 9.45, metrics: {'f1': 0.25833467547109035, 'f1_macro': 0.6780674987417536, 'prec_macro': 0.598720652173913, 'rec_macro': 0.626669483015766, 'f1_micro': 0.9900754310344828, 'prec_micro': 0.9900754310344828, 'rec_micro': 0.9900754310344828}
epoch 77 time: 1.49e+02s, train loss: 9.47, metrics: {'f1': 0.26452131938857604, 'f1_macro': 0.6821120521357024, 'prec_macro': 0.6012358695652174, 'rec_macro': 0.6297812311941497, 'f1_micro': 0.9901487068965518, 'prec_micro': 0.9901487068965518, 'rec_micro': 0.9901487068965518}
epoch 78 time: 1.49e+02s, train loss: 9.479, metrics: {'f1': 0.26410906785034877, 'f1_macro': 0.6770294964024348, 'prec_macro': 0.6025217391304348, 'rec_macro': 0.6295363391269121, 'f1_micro': 0.9899956896551724, 'prec_micro': 0.9899956896551724, 'rec_micro': 0.9899956896551724}
epoch 79 time: 1.49e+02s, train loss: 9.491, metrics: {'f1': 0.2639040348964013, 'f1_macro': 0.6716569087330571, 'prec_macro': 0.604166304347826, 'rec_macro': 0.6293884880351593, 'f1_micro': 0.9898168103448276, 'prec_micro': 0.9898168103448276, 'rec_micro': 0.9898168103448276}
epoch 80 time: 1.5e+02s, train loss: 9.488, metrics: {'f1': 0.2613583138173302, 'f1_macro': 0.6705863103841851, 'prec_macro': 0.602920652173913, 'rec_macro': 0.6281124112123451, 'f1_micro': 0.9898038793103449, 'prec_micro': 0.9898038793103449, 'rec_micro': 0.9898038793103449}
epoch 81 time: 1.49e+02s, train loss: 9.479, metrics: {'f1': 0.2604233483001925, 'f1_macro': 0.6781222599145698, 'prec_macro': 0.5999521739130435, 'rec_macro': 0.6277099491966374, 'f1_micro': 0.9900603448275862, 'prec_micro': 0.9900603448275862, 'rec_micro': 0.9900603448275862}
epoch 82 time: 1.49e+02s, train loss: 9.478, metrics: {'f1': 0.2587931590835754, 'f1_macro': 0.678976057628328, 'prec_macro': 0.5987326086956521, 'rec_macro': 0.6269047212034461, 'f1_micro': 0.9900991379310344, 'prec_micro': 0.9900991379310344, 'rec_micro': 0.9900991379310344}
epoch 83 time: 1.49e+02s, train loss: 9.476, metrics: {'f1': 0.2587288817377313, 'f1_macro': 0.6780293571287841, 'prec_macro': 0.598966304347826, 'rec_macro': 0.6268654850386015, 'f1_micro': 0.9900711206896552, 'prec_micro': 0.9900711206896552, 'rec_micro': 0.9900711206896552}
epoch 84 time: 1.48e+02s, train loss: 9.476, metrics: {'f1': 0.2561169367651732, 'f1_macro': 0.6722167645937318, 'prec_macro': 0.5991326086956521, 'rec_macro': 0.6255186129406127, 'f1_micro': 0.9899094827586207, 'prec_micro': 0.9899094827586207, 'rec_micro': 0.9899094827586207}
epoch 85 time: 1.49e+02s, train loss: 9.491, metrics: {'f1': 0.23587833643699566, 'f1_macro': 0.6519729484322149, 'prec_macro': 0.5931695652173913, 'rec_macro': 0.6152675996974313, 'f1_micro': 0.9893879310344827, 'prec_micro': 0.9893879310344827, 'rec_micro': 0.9893879310344827}
epoch 86 time: 1.49e+02s, train loss: 9.501, metrics: {'f1': 0.2387780548628429, 'f1_macro': 0.6550233357107882, 'prec_macro': 0.5939565217391305, 'rec_macro': 0.6167392418448662, 'f1_micro': 0.9894741379310344, 'prec_micro': 0.9894741379310344, 'rec_micro': 0.9894741379310344}
epoch 87 time: 1.5e+02s, train loss: 9.494, metrics: {'f1': 0.2457241487525498, 'f1_macro': 0.6614966217560455, 'prec_macro': 0.5961467391304348, 'rec_macro': 0.6202541863695216, 'f1_micro': 0.9896400862068966, 'prec_micro': 0.9896400862068966, 'rec_micro': 0.9896400862068966}
epoch 88 time: 1.51e+02s, train loss: 9.49, metrics: {'f1': 0.24460431654676257, 'f1_macro': 0.6661200441331698, 'prec_macro': 0.5940054347826087, 'rec_macro': 0.6197390849721971, 'f1_micro': 0.9898168103448276, 'prec_micro': 0.9898168103448276, 'rec_micro': 0.9898168103448276}
epoch 89 time: 1.51e+02s, train loss: 9.484, metrics: {'f1': 0.24781906300484655, 'f1_macro': 0.671613797961347, 'prec_macro': 0.5943282608695653, 'rec_macro': 0.6213840653000605, 'f1_micro': 0.9899655172413793, 'prec_micro': 0.9899655172413793, 'rec_micro': 0.9899655172413793}
epoch 90 time: 1.5e+02s, train loss: 9.484, metrics: {'f1': 0.2485361093038387, 'f1_macro': 0.6743365642570192, 'prec_macro': 0.593995652173913, 'rec_macro': 0.621762229421839, 'f1_micro': 0.9900431034482758, 'prec_micro': 0.9900431034482758, 'rec_micro': 0.9900431034482758}
epoch 91 time: 1.49e+02s, train loss: 9.478, metrics: {'f1': 0.25968483256730135, 'f1_macro': 0.6855799018423392, 'prec_macro': 0.5974608695652174, 'rec_macro': 0.6273964021477499, 'f1_micro': 0.9902801724137931, 'prec_micro': 0.9902801724137931, 'rec_micro': 0.9902801724137931}
epoch 92 time: 1.51e+02s, train loss: 9.489, metrics: {'f1': 0.2475783943523231, 'f1_macro': 0.6767828297461466, 'prec_macro': 0.5927967391304347, 'rec_macro': 0.6213035939333252, 'f1_micro': 0.9901228448275862, 'prec_micro': 0.9901228448275862, 'rec_micro': 0.9901228448275862}
epoch 93 time: 1.52e+02s, train loss: 9.496, metrics: {'f1': 0.23274032968826505, 'f1_macro': 0.6640486206919679, 'prec_macro': 0.5875880434782609, 'rec_macro': 0.6138204643973247, 'f1_micro': 0.9898685344827586, 'prec_micro': 0.9898685344827586, 'rec_micro': 0.9898685344827586}
epoch 94 time: 1.51e+02s, train loss: 9.508, metrics: {'f1': 0.2388498611338017, 'f1_macro': 0.6687855696767507, 'prec_macro': 0.5898641304347826, 'rec_macro': 0.6168980262768584, 'f1_micro': 0.9899590517241379, 'prec_micro': 0.9899590517241379, 'rec_micro': 0.9899590517241379}
epoch 95 time: 1.51e+02s, train loss: 9.51, metrics: {'f1': 0.2508574228319452, 'f1_macro': 0.677377351712205, 'prec_macro': 0.5945271739130434, 'rec_macro': 0.6229408524065819, 'f1_micro': 0.990114224137931, 'prec_micro': 0.990114224137931, 'rec_micro': 0.990114224137931}
epoch 96 time: 1.5e+02s, train loss: 9.502, metrics: {'f1': 0.24424720578566733, 'f1_macro': 0.6747374230732748, 'prec_macro': 0.5914173913043478, 'rec_macro': 0.6196298832914817, 'f1_micro': 0.9900905172413793, 'prec_micro': 0.9900905172413793, 'rec_micro': 0.9900905172413793}
epoch 97 time: 1.49e+02s, train loss: 9.508, metrics: {'f1': 0.2413680781758958, 'f1_macro': 0.6696027157155281, 'prec_macro': 0.5911043478260869, 'rec_macro': 0.6181576250988389, 'f1_micro': 0.9899612068965518, 'prec_micro': 0.9899612068965518, 'rec_micro': 0.9899612068965518}
epoch 98 time: 1.49e+02s, train loss: 9.513, metrics: {'f1': 0.24791800128122993, 'f1_macro': 0.6689667061702101, 'prec_macro': 0.5951521739130434, 'rec_macro': 0.6214116887706623, 'f1_micro': 0.9898793103448276, 'prec_micro': 0.9898793103448276, 'rec_micro': 0.9898793103448276}
epoch 99 time: 1.49e+02s, train loss: 9.515, metrics: {'f1': 0.2504325939908762, 'f1_macro': 0.665388504713695, 'prec_macro': 0.5978032608695653, 'rec_macro': 0.6226312396576186, 'f1_micro': 0.9897306034482759, 'prec_micro': 0.9897306034482759, 'rec_micro': 0.9897306034482759}
epoch 100 time: 1.49e+02s, train loss: 9.523, metrics: {'f1': 0.2415730337078652, 'f1_macro': 0.657219857734598, 'prec_macro': 0.5949739130434782, 'rec_macro': 0.6181497752155503, 'f1_micro': 0.9895258620689655, 'prec_micro': 0.9895258620689655, 'rec_micro': 0.9895258620689655}
post-training summary -- best {'f1': 0.28363518758085376, 'f1_macro': 0.6973971715167343, 'prec_macro': 0.608204347826087, 'rec_macro': 0.6394147281426187, 'f1_micro': 0.9904525862068966, 'prec_micro': 0.9904525862068966, 'rec_micro': 0.9904525862068966}
run 1: {'f1': 0.29731824523329714, 'f1_macro': 0.6923400934786503, 'prec_macro': 0.6182532608695652, 'rec_macro': 0.6461996766186604, 'f1_micro': 0.9902306034482758, 'prec_micro': 0.9902306034482758, 'rec_micro': 0.9902306034482758}
run 2: {'f1': 0.2881991303043935, 'f1_macro': 0.6767362432410746, 'prec_macro': 0.6182684782608696, 'rec_macro': 0.6415234008855, 'f1_micro': 0.9897693965517241, 'prec_micro': 0.9897693965517241, 'rec_micro': 0.9897693965517241}
run 3: {'f1': 0.28889935625686924, 'f1_macro': 0.6908387594824454, 'prec_macro': 0.613425, 'rec_macro': 0.6419926210198956, 'f1_micro': 0.9902392241379311, 'prec_micro': 0.9902392241379311, 'rec_micro': 0.9902392241379311}
run 4: {'f1': 0.2940813810110974, 'f1_macro': 0.6884202347001014, 'prec_macro': 0.6175826086956522, 'rec_macro': 0.6445556441903624, 'f1_micro': 0.9901293103448275, 'prec_micro': 0.9901293103448275, 'rec_micro': 0.9901293103448275}
run 5: {'f1': 0.28363518758085376, 'f1_macro': 0.6973971715167343, 'prec_macro': 0.608204347826087, 'rec_macro': 0.6394147281426187, 'f1_micro': 0.9904525862068966, 'prec_micro': 0.9904525862068966, 'rec_micro': 0.9904525862068966}
done.
t,p-val for human<model: -87.67700888310296,5.072263554290196e-08, significant: True
t,p-val for random<model: 110.62541940247962,0.9999999799799578, significant: False
95% CI: 0.2904266600773022+/-0.009369930646154826
