reading data...
done.
creating training artifacts...
Using cached encoded data file: train_1_error.pkl
Using cached encoded data file: test_1_error.pkl
done.
training bert_kg model...
run 1 start -- seed=0
initialized continuityBERT with 547661 parameters.
/home/azureuser/.local/lib/python3.8/site-packages/sklearn/metrics/_classification.py:1344: UndefinedMetricWarning: Precision and F-score are ill-defined and being set to 0.0 in labels with no predicted samples. Use `zero_division` parameter to control this behavior.
  _warn_prf(average, modifier, msg_start, len(result))
epoch 1 time: 1.35e+02s, train loss: 4.942, metrics: {'f1': 0.0, 'f1_macro': 0.4978448275862069, 'prec_macro': 0.5, 'rec_macro': 0.4989200863930886, 'f1_micro': 0.9956896551724138, 'prec_micro': 0.9956896551724138, 'rec_micro': 0.9956896551724138}
epoch 2 time: 1.32e+02s, train loss: 4.912, metrics: {'f1': 0.0879405108309085, 'f1_macro': 0.5602007262861173, 'prec_macro': 0.5329642857142857, 'rec_macro': 0.5424452372244362, 'f1_micro': 0.9939202586206897, 'prec_micro': 0.9939202586206897, 'rec_micro': 0.9939202586206897}
epoch 3 time: 1.34e+02s, train loss: 4.849, metrics: {'f1': 0.14256515074093, 'f1_macro': 0.571021805071311, 'prec_macro': 0.5679805194805195, 'rec_macro': 0.5694667270619742, 'f1_micro': 0.9927672413793104, 'prec_micro': 0.9927672413793104, 'rec_micro': 0.9927672413793104}
epoch 4 time: 1.31e+02s, train loss: 4.815, metrics: {'f1': 0.17845876520955387, 'f1_macro': 0.5794765318759829, 'prec_macro': 0.5967900432900433, 'rec_macro': 0.5872555032117313, 'f1_micro': 0.9921422413793104, 'prec_micro': 0.9921422413793104, 'rec_micro': 0.9921422413793104}
epoch 5 time: 1.33e+02s, train loss: 4.791, metrics: {'f1': 0.18609967992684037, 'f1_macro': 0.5839948805407745, 'prec_macro': 0.5996212121212121, 'rec_macro': 0.5911226529851411, 'f1_micro': 0.9923275862068965, 'prec_micro': 0.9923275862068965, 'rec_micro': 0.9923275862068965}
epoch 6 time: 1.32e+02s, train loss: 4.772, metrics: {'f1': 0.18535636098272926, 'f1_macro': 0.5884890060847988, 'prec_macro': 0.5933777056277056, 'rec_macro': 0.5908657333250925, 'f1_micro': 0.9927823275862069, 'prec_micro': 0.9927823275862069, 'rec_micro': 0.9927823275862069}
epoch 7 time: 1.32e+02s, train loss: 4.748, metrics: {'f1': 0.19363279546445702, 'f1_macro': 0.5841607463920272, 'prec_macro': 0.6086818181818182, 'rec_macro': 0.594814045591152, 'f1_micro': 0.9920301724137931, 'prec_micro': 0.9920301724137931, 'rec_micro': 0.9920301724137931}
epoch 8 time: 1.32e+02s, train loss: 4.737, metrics: {'f1': 0.18566221142162823, 'f1_macro': 0.5885558103701424, 'prec_macro': 0.5936244588744589, 'rec_macro': 0.591017568311679, 'f1_micro': 0.9927780172413793, 'prec_micro': 0.9927780172413793, 'rec_micro': 0.9927780172413793}
epoch 9 time: 1.31e+02s, train loss: 4.724, metrics: {'f1': 0.19323892188213795, 'f1_macro': 0.5872321784553743, 'prec_macro': 0.6036341991341991, 'rec_macro': 0.5947074233326101, 'f1_micro': 0.9923879310344828, 'prec_micro': 0.9923879310344828, 'rec_micro': 0.9923879310344828}
epoch 10 time: 1.31e+02s, train loss: 4.725, metrics: {'f1': 0.19551934826883907, 'f1_macro': 0.5875945862001432, 'prec_macro': 0.6058495670995672, 'rec_macro': 0.5958351001122169, 'f1_micro': 0.9923383620689655, 'prec_micro': 0.9923383620689655, 'rec_micro': 0.9923383620689655}
epoch 11 time: 1.32e+02s, train loss: 4.716, metrics: {'f1': 0.18895001195886155, 'f1_macro': 0.5888170976082985, 'prec_macro': 0.5968170995670996, 'rec_macro': 0.5926396897540662, 'f1_micro': 0.9926918103448276, 'prec_micro': 0.9926918103448276, 'rec_micro': 0.9926918103448276}
epoch 12 time: 1.33e+02s, train loss: 4.713, metrics: {'f1': 0.19538863798431186, 'f1_macro': 0.5913923550077704, 'prec_macro': 0.600806277056277, 'rec_macro': 0.595862198592889, 'f1_micro': 0.9927047413793103, 'prec_micro': 0.9927047413793103, 'rec_micro': 0.9927047413793103}
epoch 13 time: 1.33e+02s, train loss: 4.709, metrics: {'f1': 0.18523676880222845, 'f1_macro': 0.5847046349940828, 'prec_macro': 0.5976839826839827, 'rec_macro': 0.5907184004237712, 'f1_micro': 0.9924353448275862, 'prec_micro': 0.9924353448275862, 'rec_micro': 0.9924353448275862}
epoch 14 time: 1.33e+02s, train loss: 4.711, metrics: {'f1': 0.19561630921517792, 'f1_macro': 0.5907937605290365, 'prec_macro': 0.601771645021645, 'rec_macro': 0.595960807307379, 'f1_micro': 0.9926443965517241, 'prec_micro': 0.9926443965517241, 'rec_micro': 0.9926443965517241}
epoch 15 time: 1.32e+02s, train loss: 4.708, metrics: {'f1': 0.19440493124703648, 'f1_macro': 0.5907040170829342, 'prec_macro': 0.6005432900432901, 'rec_macro': 0.5953632871160349, 'f1_micro': 0.9926767241379311, 'prec_micro': 0.9926767241379311, 'rec_micro': 0.9926767241379311}
epoch 16 time: 1.31e+02s, train loss: 4.701, metrics: {'f1': 0.19870720612880058, 'f1_macro': 0.5935986277887947, 'prec_macro': 0.6018430735930735, 'rec_macro': 0.5975421088712486, 'f1_micro': 0.9927866379310345, 'prec_micro': 0.9927866379310345, 'rec_micro': 0.9927866379310345}
epoch 17 time: 1.3e+02s, train loss: 4.696, metrics: {'f1': 0.20206383489320853, 'f1_macro': 0.595429409315158, 'prec_macro': 0.6033603896103896, 'rec_macro': 0.599232349775824, 'f1_micro': 0.992834051724138, 'prec_micro': 0.992834051724138, 'rec_micro': 0.992834051724138}
epoch 18 time: 1.3e+02s, train loss: 4.697, metrics: {'f1': 0.20231623729614748, 'f1_macro': 0.5942189618329571, 'prec_macro': 0.6050487012987014, 'rec_macro': 0.5993313632579276, 'f1_micro': 0.9927262931034483, 'prec_micro': 0.9927262931034483, 'rec_micro': 0.9927262931034483}
epoch 19 time: 1.3e+02s, train loss: 4.692, metrics: {'f1': 0.19725102483723175, 'f1_macro': 0.5935267753979242, 'prec_macro': 0.6003690476190476, 'rec_macro': 0.5968238188591427, 'f1_micro': 0.9928254310344827, 'prec_micro': 0.9928254310344827, 'rec_micro': 0.9928254310344827}
epoch 20 time: 1.3e+02s, train loss: 4.687, metrics: {'f1': 0.2067804760759798, 'f1_macro': 0.5978834211753322, 'prec_macro': 0.6056287878787879, 'rec_macro': 0.6016047576360593, 'f1_micro': 0.9928900862068966, 'prec_micro': 0.9928900862068966, 'rec_micro': 0.9928900862068966}
epoch 21 time: 1.3e+02s, train loss: 4.694, metrics: {'f1': 0.19692307692307692, 'f1_macro': 0.5917680250669285, 'prec_macro': 0.6020422077922079, 'rec_macro': 0.5966250523041949, 'f1_micro': 0.9926875, 'prec_micro': 0.9926875, 'rec_micro': 0.9926875}
epoch 22 time: 1.3e+02s, train loss: 4.69, metrics: {'f1': 0.2, 'f1_macro': 0.5919668379147613, 'prec_macro': 0.6052359307359307, 'rec_macro': 0.598142274090353, 'f1_micro': 0.9926034482758621, 'prec_micro': 0.9926034482758621, 'rec_micro': 0.9926034482758621}
epoch 23 time: 1.3e+02s, train loss: 4.68, metrics: {'f1': 0.2099609375, 'f1_macro': 0.6008768485385021, 'prec_macro': 0.6056969696969697, 'rec_macro': 0.6032292045493903, 'f1_micro': 0.9930258620689655, 'prec_micro': 0.9930258620689655, 'rec_micro': 0.9930258620689655}
epoch 24 time: 1.34e+02s, train loss: 4.676, metrics: {'f1': 0.20758873929008567, 'f1_macro': 0.5999727155050042, 'prec_macro': 0.604202380952381, 'rec_macro': 0.60204258511941, 'f1_micro': 0.9930237068965517, 'prec_micro': 0.9930237068965517, 'rec_micro': 0.9930237068965517}
epoch 25 time: 1.3e+02s, train loss: 4.678, metrics: {'f1': 0.20482774783220062, 'f1_macro': 0.5946903482740472, 'prec_macro': 0.6072694805194805, 'rec_macro': 0.6005773042579848, 'f1_micro': 0.9926875, 'prec_micro': 0.9926875, 'rec_micro': 0.9926875}
epoch 26 time: 1.32e+02s, train loss: 4.681, metrics: {'f1': 0.20714285714285716, 'f1_macro': 0.597169179888972, 'prec_macro': 0.6068398268398268, 'rec_macro': 0.6017690904029939, 'f1_micro': 0.992823275862069, 'prec_micro': 0.992823275862069, 'rec_micro': 0.992823275862069}
epoch 27 time: 1.31e+02s, train loss: 4.675, metrics: {'f1': 0.21973307912297427, 'f1_macro': 0.603297278800448, 'prec_macro': 0.6133722943722943, 'rec_macro': 0.6080945186566199, 'f1_micro': 0.9929439655172414, 'prec_micro': 0.9929439655172414, 'rec_micro': 0.9929439655172414}
epoch 28 time: 1.31e+02s, train loss: 4.669, metrics: {'f1': 0.2117084826762246, 'f1_macro': 0.5996872577508636, 'prec_macro': 0.6088647186147186, 'rec_macro': 0.6040687106853301, 'f1_micro': 0.9928900862068966, 'prec_micro': 0.9928900862068966, 'rec_micro': 0.9928900862068966}
epoch 29 time: 1.3e+02s, train loss: 4.671, metrics: {'f1': 0.21735030645921735, 'f1_macro': 0.6011435337575928, 'prec_macro': 0.6133225108225108, 'rec_macro': 0.6068781457882658, 'f1_micro': 0.9928448275862068, 'prec_micro': 0.9928448275862068, 'rec_micro': 0.9928448275862068}
epoch 30 time: 1.31e+02s, train loss: 4.664, metrics: {'f1': 0.2181110029211295, 'f1_macro': 0.6045818131647653, 'prec_macro': 0.6102034632034632, 'rec_macro': 0.6073172030447327, 'f1_micro': 0.9930775862068966, 'prec_micro': 0.9930775862068966, 'rec_micro': 0.9930775862068966}
epoch 31 time: 1.3e+02s, train loss: 4.663, metrics: {'f1': 0.2200676437429538, 'f1_macro': 0.5985674329886196, 'prec_macro': 0.6198928571428571, 'rec_macro': 0.6081611870271508, 'f1_micro': 0.9925452586206897, 'prec_micro': 0.9925452586206897, 'rec_micro': 0.9925452586206897}
epoch 32 time: 1.31e+02s, train loss: 4.67, metrics: {'f1': 0.22144684810421028, 'f1_macro': 0.6018728522098653, 'prec_macro': 0.6170270562770563, 'rec_macro': 0.6089116906015621, 'f1_micro': 0.9927866379310345, 'prec_micro': 0.9927866379310345, 'rec_micro': 0.9927866379310345}
epoch 33 time: 1.31e+02s, train loss: 4.66, metrics: {'f1': 0.21989029334605295, 'f1_macro': 0.6034408786402659, 'prec_macro': 0.6133755411255412, 'rec_macro': 0.608174755238452, 'f1_micro': 0.9929504310344828, 'prec_micro': 0.9929504310344828, 'rec_micro': 0.9929504310344828}
epoch 34 time: 1.3e+02s, train loss: 4.675, metrics: {'f1': 0.21725239616613418, 'f1_macro': 0.6051284873676192, 'prec_macro': 0.6087391774891775, 'rec_macro': 0.60690258452318, 'f1_micro': 0.9931357758620689, 'prec_micro': 0.9931357758620689, 'rec_micro': 0.9931357758620689}
epoch 35 time: 1.31e+02s, train loss: 4.671, metrics: {'f1': 0.21811193850588517, 'f1_macro': 0.6032730824065812, 'prec_macro': 0.611650432900433, 'rec_macro': 0.6072942948450113, 'f1_micro': 0.9929849137931035, 'prec_micro': 0.9929849137931035, 'rec_micro': 0.9929849137931035}
epoch 36 time: 1.3e+02s, train loss: 4.668, metrics: {'f1': 0.2045019157088123, 'f1_macro': 0.5964127790979197, 'prec_macro': 0.6048571428571429, 'rec_macro': 0.6004529963379268, 'f1_micro': 0.9928405172413793, 'prec_micro': 0.9928405172413793, 'rec_micro': 0.9928405172413793}
epoch 37 time: 1.31e+02s, train loss: 4.672, metrics: {'f1': 0.20873320537428022, 'f1_macro': 0.5986285391617623, 'prec_macro': 0.6068744588744589, 'rec_macro': 0.6025816461149496, 'f1_micro': 0.9928922413793103, 'prec_micro': 0.9928922413793103, 'rec_micro': 0.9928922413793103}
epoch 38 time: 1.31e+02s, train loss: 4.662, metrics: {'f1': 0.21200387221684414, 'f1_macro': 0.6010294909597149, 'prec_macro': 0.6076666666666667, 'rec_macro': 0.6042397796098746, 'f1_micro': 0.9929827586206896, 'prec_micro': 0.9929827586206896, 'rec_micro': 0.9929827586206896}
epoch 39 time: 1.31e+02s, train loss: 4.666, metrics: {'f1': 0.2114580772067863, 'f1_macro': 0.6023161007278609, 'prec_macro': 0.605728354978355, 'rec_macro': 0.6039935231493505, 'f1_micro': 0.9930883620689656, 'prec_micro': 0.9930883620689656, 'rec_micro': 0.9930883620689656}
epoch 40 time: 1.33e+02s, train loss: 4.668, metrics: {'f1': 0.21959042684431285, 'f1_macro': 0.606694889923813, 'prec_macro': 0.6095097402597403, 'rec_macro': 0.6080835351548965, 'f1_micro': 0.9931831896551724, 'prec_micro': 0.9931831896551724, 'rec_micro': 0.9931831896551724}
epoch 41 time: 1.35e+02s, train loss: 4.668, metrics: {'f1': 0.21913128355295264, 'f1_macro': 0.6053277454572041, 'prec_macro': 0.610465367965368, 'rec_macro': 0.6078338563706649, 'f1_micro': 0.993103448275862, 'prec_micro': 0.993103448275862, 'rec_micro': 0.993103448275862}
epoch 42 time: 1.35e+02s, train loss: 4.664, metrics: {'f1': 0.20830298616168974, 'f1_macro': 0.5995263393674436, 'prec_macro': 0.6054209956709956, 'rec_macro': 0.6023866554015334, 'f1_micro': 0.9929719827586206, 'prec_micro': 0.9929719827586206, 'rec_micro': 0.9929719827586206}
epoch 43 time: 1.34e+02s, train loss: 4.671, metrics: {'f1': 0.21562952243125902, 'f1_macro': 0.6024659834586781, 'prec_macro': 0.6099112554112553, 'rec_macro': 0.6060547428577504, 'f1_micro': 0.9929913793103449, 'prec_micro': 0.9929913793103449, 'rec_micro': 0.9929913793103449}
epoch 44 time: 1.33e+02s, train loss: 4.671, metrics: {'f1': 0.2143891839690971, 'f1_macro': 0.6019569561517647, 'prec_macro': 0.6091623376623376, 'rec_macro': 0.6054334988295398, 'f1_micro': 0.9929870689655172, 'prec_micro': 0.9929870689655172, 'rec_micro': 0.9929870689655172}
epoch 45 time: 1.33e+02s, train loss: 4.66, metrics: {'f1': 0.2223844282238443, 'f1_macro': 0.6066235277495237, 'prec_macro': 0.612461038961039, 'rec_macro': 0.6094625709725874, 'f1_micro': 0.9931120689655173, 'prec_micro': 0.9931120689655173, 'rec_micro': 0.9931120689655173}
epoch 46 time: 1.32e+02s, train loss: 4.672, metrics: {'f1': 0.21820809248554912, 'f1_macro': 0.6035761359294959, 'prec_macro': 0.6114112554112554, 'rec_macro': 0.6073472637417571, 'f1_micro': 0.9930043103448276, 'prec_micro': 0.9930043103448276, 'rec_micro': 0.9930043103448276}
epoch 47 time: 1.32e+02s, train loss: 4.683, metrics: {'f1': 0.21525302922309336, 'f1_macro': 0.6008600835858913, 'prec_macro': 0.6113495670995671, 'rec_macro': 0.6058387725789873, 'f1_micro': 0.9928814655172413, 'prec_micro': 0.9928814655172413, 'rec_micro': 0.9928814655172413}
epoch 48 time: 1.32e+02s, train loss: 4.681, metrics: {'f1': 0.22063739692444842, 'f1_macro': 0.5978869843366736, 'prec_macro': 0.6215941558441559, 'rec_macro': 0.6084253845619326, 'f1_micro': 0.9924633620689656, 'prec_micro': 0.9924633620689656, 'rec_micro': 0.9924633620689656}
epoch 49 time: 1.34e+02s, train loss: 4.685, metrics: {'f1': 0.2197851387645479, 'f1_macro': 0.597838484811721, 'prec_macro': 0.6206103896103896, 'rec_macro': 0.6080052498308128, 'f1_micro': 0.9924870689655172, 'prec_micro': 0.9924870689655172, 'rec_micro': 0.9924870689655172}
epoch 50 time: 1.34e+02s, train loss: 4.685, metrics: {'f1': 0.20863143318716826, 'f1_macro': 0.5951944484832599, 'prec_macro': 0.6109642857142857, 'rec_macro': 0.6024595281620391, 'f1_micro': 0.9926099137931035, 'prec_micro': 0.9926099137931035, 'rec_micro': 0.9926099137931035}
epoch 51 time: 1.34e+02s, train loss: 4.677, metrics: {'f1': 0.22413381123058543, 'f1_macro': 0.6056650643016804, 'prec_macro': 0.6153928571428572, 'rec_macro': 0.6103095191255735, 'f1_micro': 0.9930021551724137, 'prec_micro': 0.9930021551724137, 'rec_micro': 0.9930021551724137}
epoch 52 time: 1.32e+02s, train loss: 4.678, metrics: {'f1': 0.21432098765432098, 'f1_macro': 0.6041586699014517, 'prec_macro': 0.6067510822510823, 'rec_macro': 0.6054385391759348, 'f1_micro': 0.9931422413793104, 'prec_micro': 0.9931422413793104, 'rec_micro': 0.9931422413793104}
epoch 53 time: 1.32e+02s, train loss: 4.672, metrics: {'f1': 0.21391941391941388, 'f1_macro': 0.6028437823345413, 'prec_macro': 0.60770670995671, 'rec_macro': 0.6052176447346946, 'f1_micro': 0.9930625, 'prec_micro': 0.9930625, 'rec_micro': 0.9930625}
epoch 54 time: 1.32e+02s, train loss: 4.67, metrics: {'f1': 0.21480057664584334, 'f1_macro': 0.6016951777513169, 'prec_macro': 0.6098939393939394, 'rec_macro': 0.6056315799563032, 'f1_micro': 0.9929568965517241, 'prec_micro': 0.9929568965517241, 'rec_micro': 0.9929568965517241}
epoch 55 time: 1.32e+02s, train loss: 4.683, metrics: {'f1': 0.21123703882324574, 'f1_macro': 0.6003117803566504, 'prec_macro': 0.607650432900433, 'rec_macro': 0.6038482161274423, 'f1_micro': 0.9929504310344828, 'prec_micro': 0.9929504310344828, 'rec_micro': 0.9929504310344828}
epoch 56 time: 1.32e+02s, train loss: 4.683, metrics: {'f1': 0.2081426162370513, 'f1_macro': 0.5987208855262526, 'prec_macro': 0.6061396103896104, 'rec_macro': 0.6022923377456617, 'f1_micro': 0.992915948275862, 'prec_micro': 0.992915948275862, 'rec_micro': 0.992915948275862}
epoch 57 time: 1.32e+02s, train loss: 4.687, metrics: {'f1': 0.21138996138996138, 'f1_macro': 0.6004545191316335, 'prec_macro': 0.6076536796536797, 'rec_macro': 0.6039263067890907, 'f1_micro': 0.9929568965517241, 'prec_micro': 0.9929568965517241, 'rec_micro': 0.9929568965517241}
epoch 58 time: 1.32e+02s, train loss: 4.68, metrics: {'f1': 0.21680876979293545, 'f1_macro': 0.6040174295918557, 'prec_macro': 0.6094534632034632, 'rec_macro': 0.606664468563984, 'f1_micro': 0.9930711206896552, 'prec_micro': 0.9930711206896552, 'rec_micro': 0.9930711206896552}
epoch 59 time: 1.32e+02s, train loss: 4.682, metrics: {'f1': 0.2132247244849066, 'f1_macro': 0.6006623716724082, 'prec_macro': 0.6093787878787879, 'rec_macro': 0.6048349712619008, 'f1_micro': 0.9929224137931034, 'prec_micro': 0.9929224137931034, 'rec_micro': 0.9929224137931034}
epoch 60 time: 1.31e+02s, train loss: 4.694, metrics: {'f1': 0.21233373639661426, 'f1_macro': 0.6011204167118899, 'prec_macro': 0.6079145021645022, 'rec_macro': 0.6044041647730232, 'f1_micro': 0.9929806034482759, 'prec_micro': 0.9929806034482759, 'rec_micro': 0.9929806034482759}
epoch 61 time: 1.32e+02s, train loss: 4.677, metrics: {'f1': 0.20708180708180712, 'f1_macro': 0.5994873389203614, 'prec_macro': 0.6041915584415585, 'rec_macro': 0.6017836882427938, 'f1_micro': 0.9930021551724137, 'prec_micro': 0.9930021551724137, 'rec_micro': 0.9930021551724137}
epoch 62 time: 1.32e+02s, train loss: 4.674, metrics: {'f1': 0.2131308182263596, 'f1_macro': 0.6027728351750444, 'prec_macro': 0.6069675324675324, 'rec_macro': 0.6048271596148477, 'f1_micro': 0.9930775862068966, 'prec_micro': 0.9930775862068966, 'rec_micro': 0.9930775862068966}
epoch 63 time: 1.32e+02s, train loss: 4.683, metrics: {'f1': 0.19536903039073805, 'f1_macro': 0.592634866827577, 'prec_macro': 0.5993658008658009, 'rec_macro': 0.5958790351086887, 'f1_micro': 0.9928103448275862, 'prec_micro': 0.9928103448275862, 'rec_micro': 0.9928103448275862}
epoch 64 time: 1.32e+02s, train loss: 4.693, metrics: {'f1': 0.19728550654386814, 'f1_macro': 0.5939951650446457, 'prec_macro': 0.5998896103896104, 'rec_macro': 0.5968503010544239, 'f1_micro': 0.9928620689655172, 'prec_micro': 0.9928620689655172, 'rec_micro': 0.9928620689655172}
epoch 65 time: 1.34e+02s, train loss: 4.684, metrics: {'f1': 0.19892473118279572, 'f1_macro': 0.5955509652530941, 'prec_macro': 0.5999264069264069, 'rec_macro': 0.5976883794369322, 'f1_micro': 0.9929353448275862, 'prec_micro': 0.9929353448275862, 'rec_micro': 0.9929353448275862}
epoch 66 time: 1.32e+02s, train loss: 4.682, metrics: {'f1': 0.21402572191215724, 'f1_macro': 0.6022727245931861, 'prec_macro': 0.6084318181818181, 'rec_macro': 0.6052599257773377, 'f1_micro': 0.9930193965517241, 'prec_micro': 0.9930193965517241, 'rec_micro': 0.9930193965517241}
epoch 67 time: 1.32e+02s, train loss: 4.682, metrics: {'f1': 0.21435499515033948, 'f1_macro': 0.6023623643518249, 'prec_macro': 0.6086796536796537, 'rec_macro': 0.6054240155061474, 'f1_micro': 0.9930172413793104, 'prec_micro': 0.9930172413793104, 'rec_micro': 0.9930172413793104}
epoch 68 time: 1.32e+02s, train loss: 4.694, metrics: {'f1': 0.21713729308666016, 'f1_macro': 0.6041052648547873, 'prec_macro': 0.6097012987012987, 'rec_macro': 0.60682818337231, 'f1_micro': 0.9930689655172413, 'prec_micro': 0.9930689655172413, 'rec_micro': 0.9930689655172413}
epoch 69 time: 1.32e+02s, train loss: 4.701, metrics: {'f1': 0.21479131071515742, 'f1_macro': 0.6032231124964026, 'prec_macro': 0.60820670995671, 'rec_macro': 0.6056546717261801, 'f1_micro': 0.9930668103448276, 'prec_micro': 0.9930668103448276, 'rec_micro': 0.9930668103448276}
epoch 70 time: 1.32e+02s, train loss: 4.7, metrics: {'f1': 0.2096303501945525, 'f1_macro': 0.600337521151658, 'prec_macro': 0.6059307359307359, 'rec_macro': 0.6030563038921085, 'f1_micro': 0.9929956896551724, 'prec_micro': 0.9929956896551724, 'rec_micro': 0.9929956896551724}
epoch 71 time: 1.33e+02s, train loss: 4.686, metrics: {'f1': 0.20777351247600767, 'f1_macro': 0.5981651192596736, 'prec_macro': 0.6063722943722943, 'rec_macro': 0.6020996347700314, 'f1_micro': 0.9928836206896552, 'prec_micro': 0.9928836206896552, 'rec_micro': 0.9928836206896552}
epoch 72 time: 1.33e+02s, train loss: 4.695, metrics: {'f1': 0.19821987009862882, 'f1_macro': 0.5937838144960386, 'prec_macro': 0.6011114718614718, 'rec_macro': 0.5973060571176745, 'f1_micro': 0.9928168103448276, 'prec_micro': 0.9928168103448276, 'rec_micro': 0.9928168103448276}
epoch 73 time: 1.33e+02s, train loss: 4.714, metrics: {'f1': 0.1907291163689039, 'f1_macro': 0.5904660010476339, 'prec_macro': 0.5968593073593074, 'rec_macro': 0.5935504265754817, 'f1_micro': 0.9927758620689655, 'prec_micro': 0.9927758620689655, 'rec_micro': 0.9927758620689655}
epoch 74 time: 1.33e+02s, train loss: 4.721, metrics: {'f1': 0.1794068000964553, 'f1_macro': 0.5848700449333424, 'prec_macro': 0.5910790043290043, 'rec_macro': 0.5878616568271741, 'f1_micro': 0.9926659482758621, 'prec_micro': 0.9926659482758621, 'rec_micro': 0.9926659482758621}
epoch 75 time: 1.33e+02s, train loss: 4.728, metrics: {'f1': 0.18347742555235352, 'f1_macro': 0.5865107728265289, 'prec_macro': 0.5935714285714285, 'rec_macro': 0.5898985593290281, 'f1_micro': 0.9926724137931034, 'prec_micro': 0.9926724137931034, 'rec_micro': 0.9926724137931034}
epoch 76 time: 1.33e+02s, train loss: 4.725, metrics: {'f1': 0.18710918710918711, 'f1_macro': 0.588385646806685, 'prec_macro': 0.5953354978354979, 'rec_macro': 0.5917252764202784, 'f1_micro': 0.9927155172413793, 'prec_micro': 0.9927155172413793, 'rec_micro': 0.9927155172413793}
epoch 77 time: 1.32e+02s, train loss: 4.708, metrics: {'f1': 0.19161676646706585, 'f1_macro': 0.5902217650986123, 'prec_macro': 0.5980790043290043, 'rec_macro': 0.5939817385768069, 'f1_micro': 0.9927262931034483, 'prec_micro': 0.9927262931034483, 'rec_micro': 0.9927262931034483}
epoch 78 time: 1.34e+02s, train loss: 4.704, metrics: {'f1': 0.19278252611585944, 'f1_macro': 0.5900462517021071, 'prec_macro': 0.5995454545454546, 'rec_macro': 0.5945510139964567, 'f1_micro': 0.9926724137931034, 'prec_micro': 0.9926724137931034, 'rec_micro': 0.9926724137931034}
epoch 79 time: 1.33e+02s, train loss: 4.71, metrics: {'f1': 0.20532501798992564, 'f1_macro': 0.596961057065457, 'prec_macro': 0.6051158008658009, 'rec_macro': 0.6008694321226777, 'f1_micro': 0.9928599137931035, 'prec_micro': 0.9928599137931035, 'rec_micro': 0.9928599137931035}
epoch 80 time: 1.33e+02s, train loss: 4.717, metrics: {'f1': 0.19262098706276953, 'f1_macro': 0.5907262129265991, 'prec_macro': 0.598582251082251, 'rec_macro': 0.594486556989222, 'f1_micro': 0.9927370689655173, 'prec_micro': 0.9927370689655173, 'rec_micro': 0.9927370689655173}
epoch 81 time: 1.33e+02s, train loss: 4.73, metrics: {'f1': 0.17653784587239882, 'f1_macro': 0.57958348305958, 'prec_macro': 0.5943495670995671, 'rec_macro': 0.5863195429375636, 'f1_micro': 0.9922392241379311, 'prec_micro': 0.9922392241379311, 'rec_micro': 0.9922392241379311}
epoch 82 time: 1.34e+02s, train loss: 4.743, metrics: {'f1': 0.18821905200184078, 'f1_macro': 0.5854464984979266, 'prec_macro': 0.6001536796536796, 'rec_macro': 0.5921997199480045, 'f1_micro': 0.9923965517241379, 'prec_micro': 0.9923965517241379, 'rec_micro': 0.9923965517241379}
epoch 83 time: 1.33e+02s, train loss: 4.742, metrics: {'f1': 0.17655236329935126, 'f1_macro': 0.580500522237739, 'prec_macro': 0.5931558441558442, 'rec_macro': 0.586352363547381, 'f1_micro': 0.9923405172413793, 'prec_micro': 0.9923405172413793, 'rec_micro': 0.9923405172413793}
epoch 84 time: 1.33e+02s, train loss: 4.731, metrics: {'f1': 0.19282296650717703, 'f1_macro': 0.5907021640346789, 'prec_macro': 0.5988268398268398, 'rec_macro': 0.5945853699414714, 'f1_micro': 0.992728448275862, 'prec_micro': 0.992728448275862, 'rec_micro': 0.992728448275862}
epoch 85 time: 1.33e+02s, train loss: 4.731, metrics: {'f1': 0.17458033573141488, 'f1_macro': 0.5820997532257716, 'prec_macro': 0.5890454545454545, 'rec_macro': 0.5854272710123903, 'f1_micro': 0.9925818965517241, 'prec_micro': 0.9925818965517241, 'rec_micro': 0.9925818965517241}
epoch 86 time: 1.33e+02s, train loss: 4.735, metrics: {'f1': 0.17691009881899256, 'f1_macro': 0.583620666635521, 'prec_macro': 0.5898214285714285, 'rec_macro': 0.5866068076475671, 'f1_micro': 0.9926400862068966, 'prec_micro': 0.9926400862068966, 'rec_micro': 0.9926400862068966}
epoch 87 time: 1.32e+02s, train loss: 4.727, metrics: {'f1': 0.1843765162542455, 'f1_macro': 0.5877844616821692, 'prec_macro': 0.5931147186147187, 'rec_macro': 0.5903687538202771, 'f1_micro': 0.9927543103448276, 'prec_micro': 0.9927543103448276, 'rec_micro': 0.9927543103448276}
epoch 88 time: 1.32e+02s, train loss: 4.725, metrics: {'f1': 0.19144800777453838, 'f1_macro': 0.5913616572833555, 'prec_macro': 0.5966363636363636, 'rec_macro': 0.5939229119752976, 'f1_micro': 0.9928275862068966, 'prec_micro': 0.9928275862068966, 'rec_micro': 0.9928275862068966}
epoch 89 time: 1.33e+02s, train loss: 4.716, metrics: {'f1': 0.19070785696910728, 'f1_macro': 0.5911063139918515, 'prec_macro': 0.5961396103896104, 'rec_macro': 0.5935533875104756, 'f1_micro': 0.9928297413793103, 'prec_micro': 0.9928297413793103, 'rec_micro': 0.9928297413793103}
epoch 90 time: 1.33e+02s, train loss: 4.708, metrics: {'f1': 0.18960538979788258, 'f1_macro': 0.5896342304758504, 'prec_macro': 0.5965930735930736, 'rec_macro': 0.5929798763278405, 'f1_micro': 0.9927413793103448, 'prec_micro': 0.9927413793103448, 'rec_micro': 0.9927413793103448}
epoch 91 time: 1.32e+02s, train loss: 4.714, metrics: {'f1': 0.20209723546234507, 'f1_macro': 0.5948328105005602, 'prec_macro': 0.6040822510822511, 'rec_macro': 0.5992365450404286, 'f1_micro': 0.9927844827586206, 'prec_micro': 0.9927844827586206, 'rec_micro': 0.9927844827586206}
epoch 92 time: 1.33e+02s, train loss: 4.716, metrics: {'f1': 0.19146919431279624, 'f1_macro': 0.5892628953610374, 'prec_macro': 0.599034632034632, 'rec_macro': 0.5938878371053038, 'f1_micro': 0.992646551724138, 'prec_micro': 0.992646551724138, 'rec_micro': 0.992646551724138}
epoch 93 time: 1.33e+02s, train loss: 4.722, metrics: {'f1': 0.1885902876001886, 'f1_macro': 0.587473556776049, 'prec_macro': 0.5980064935064935, 'rec_macro': 0.592432101747955, 'f1_micro': 0.9925818965517241, 'prec_micro': 0.9925818965517241, 'rec_micro': 0.9925818965517241}
epoch 94 time: 1.33e+02s, train loss: 4.713, metrics: {'f1': 0.20067372473532244, 'f1_macro': 0.5949930824211194, 'prec_macro': 0.6023679653679653, 'rec_macro': 0.5985389397746693, 'f1_micro': 0.9928405172413793, 'prec_micro': 0.9928405172413793, 'rec_micro': 0.9928405172413793}
epoch 95 time: 1.33e+02s, train loss: 4.712, metrics: {'f1': 0.20029097963142578, 'f1_macro': 0.5955042286481894, 'prec_macro': 0.6013982683982684, 'rec_macro': 0.5983606182528626, 'f1_micro': 0.9928922413793103, 'prec_micro': 0.9928922413793103, 'rec_micro': 0.9928922413793103}
epoch 96 time: 1.33e+02s, train loss: 4.738, metrics: {'f1': 0.1775609756097561, 'f1_macro': 0.584895720574439, 'prec_macro': 0.5891212121212122, 'rec_macro': 0.5869556149831441, 'f1_micro': 0.9927327586206897, 'prec_micro': 0.9927327586206897, 'rec_micro': 0.9927327586206897}
epoch 97 time: 1.33e+02s, train loss: 4.769, metrics: {'f1': 0.15190487745692793, 'f1_macro': 0.571959714147944, 'prec_macro': 0.5762932900432901, 'rec_macro': 0.5740609572682296, 'f1_micro': 0.9924676724137931, 'prec_micro': 0.9924676724137931, 'rec_micro': 0.9924676724137931}
epoch 98 time: 1.33e+02s, train loss: 4.766, metrics: {'f1': 0.17073170731707316, 'f1_macro': 0.5815472324456953, 'prec_macro': 0.5856060606060606, 'rec_macro': 0.5835258276816992, 'f1_micro': 0.9926724137931034, 'prec_micro': 0.9926724137931034, 'rec_micro': 0.9926724137931034}
epoch 99 time: 1.33e+02s, train loss: 4.741, metrics: {'f1': 0.1816867469879518, 'f1_macro': 0.5859173546228389, 'prec_macro': 0.5923311688311688, 'rec_macro': 0.5890054127860688, 'f1_micro': 0.9926810344827586, 'prec_micro': 0.9926810344827586, 'rec_micro': 0.9926810344827586}
epoch 100 time: 1.33e+02s, train loss: 4.738, metrics: {'f1': 0.18160152526215442, 'f1_macro': 0.5849957257196096, 'prec_macro': 0.5932857142857143, 'rec_macro': 0.5889421432702604, 'f1_micro': 0.9925991379310345, 'prec_micro': 0.9925991379310345, 'rec_micro': 0.9925991379310345}
post-training summary -- best {'f1': 0.22413381123058543, 'f1_macro': 0.6056650643016804, 'prec_macro': 0.6153928571428572, 'rec_macro': 0.6103095191255735, 'f1_micro': 0.9930021551724137, 'prec_micro': 0.9930021551724137, 'rec_micro': 0.9930021551724137}
run 2 start -- seed=1
initialized continuityBERT with 547661 parameters.
/home/azureuser/.local/lib/python3.8/site-packages/sklearn/metrics/_classification.py:1344: UndefinedMetricWarning: Precision and F-score are ill-defined and being set to 0.0 in labels with no predicted samples. Use `zero_division` parameter to control this behavior.
  _warn_prf(average, modifier, msg_start, len(result))
epoch 1 time: 1.31e+02s, train loss: 4.945, metrics: {'f1': 0.0, 'f1_macro': 0.4978448275862069, 'prec_macro': 0.5, 'rec_macro': 0.4989200863930886, 'f1_micro': 0.9956896551724138, 'prec_micro': 0.9956896551724138, 'rec_micro': 0.9956896551724138}
epoch 2 time: 1.32e+02s, train loss: 4.924, metrics: {'f1': 0.05044625533566162, 'f1_macro': 0.5542380977546142, 'prec_macro': 0.5156958874458875, 'rec_macro': 0.523901029557021, 'f1_micro': 0.9947262931034483, 'prec_micro': 0.9947262931034483, 'rec_micro': 0.9947262931034483}
epoch 3 time: 1.31e+02s, train loss: 4.863, metrics: {'f1': 0.13291746641074856, 'f1_macro': 0.5620183668967594, 'prec_macro': 0.5672034632034632, 'rec_macro': 0.5645027498664122, 'f1_micro': 0.9922112068965517, 'prec_micro': 0.9922112068965517, 'rec_micro': 0.9922112068965517}
epoch 4 time: 1.31e+02s, train loss: 4.821, metrics: {'f1': 0.13715925394548062, 'f1_macro': 0.5785676584299332, 'prec_macro': 0.5584015151515151, 'rec_macro': 0.5669533688806596, 'f1_micro': 0.9935193965517242, 'prec_micro': 0.9935193965517242, 'rec_micro': 0.9935193965517242}
epoch 5 time: 1.31e+02s, train loss: 4.804, metrics: {'f1': 0.188295165394402, 'f1_macro': 0.5858770063418997, 'prec_macro': 0.5996764069264069, 'rec_macro': 0.5922481091799434, 'f1_micro': 0.9924375, 'prec_micro': 0.9924375, 'rec_micro': 0.9924375}
epoch 6 time: 1.31e+02s, train loss: 4.792, metrics: {'f1': 0.1894786955486789, 'f1_macro': 0.5886789275695578, 'prec_macro': 0.5975487012987013, 'rec_macro': 0.5928964144089645, 'f1_micro': 0.9926616379310345, 'prec_micro': 0.9926616379310345, 'rec_micro': 0.9926616379310345}
epoch 7 time: 1.31e+02s, train loss: 4.756, metrics: {'f1': 0.19241706161137442, 'f1_macro': 0.5897155113448587, 'prec_macro': 0.5995367965367966, 'rec_macro': 0.5943639357722377, 'f1_micro': 0.9926551724137931, 'prec_micro': 0.9926551724137931, 'rec_micro': 0.9926551724137931}
epoch 8 time: 1.31e+02s, train loss: 4.741, metrics: {'f1': 0.18954545454545454, 'f1_macro': 0.5851603119584056, 'prec_macro': 0.602103896103896, 'rec_macro': 0.5928422378833812, 'f1_micro': 0.9923146551724138, 'prec_micro': 0.9923146551724138, 'rec_micro': 0.9923146551724138}
epoch 9 time: 1.32e+02s, train loss: 4.729, metrics: {'f1': 0.18813519262585676, 'f1_macro': 0.5874630356560924, 'prec_macro': 0.5975162337662338, 'rec_macro': 0.5922083652714019, 'f1_micro': 0.9925969827586207, 'prec_micro': 0.9925969827586207, 'rec_micro': 0.9925969827586207}
epoch 10 time: 1.32e+02s, train loss: 4.722, metrics: {'f1': 0.19264953158779727, 'f1_macro': 0.5909642003121565, 'prec_macro': 0.5983430735930736, 'rec_macro': 0.5945057219582436, 'f1_micro': 0.9927564655172414, 'prec_micro': 0.9927564655172414, 'rec_micro': 0.9927564655172414}
epoch 11 time: 1.33e+02s, train loss: 4.712, metrics: {'f1': 0.1953180420903287, 'f1_macro': 0.5909240563355531, 'prec_macro': 0.601284632034632, 'rec_macro': 0.5958171143388487, 'f1_micro': 0.9926659482758621, 'prec_micro': 0.9926659482758621, 'rec_micro': 0.9926659482758621}
epoch 12 time: 1.31e+02s, train loss: 4.714, metrics: {'f1': 0.19105199516324065, 'f1_macro': 0.5907683340968349, 'prec_macro': 0.5968668831168831, 'rec_macro': 0.5937156681503724, 'f1_micro': 0.9927909482758621, 'prec_micro': 0.9927909482758621, 'rec_micro': 0.9927909482758621}
epoch 13 time: 1.31e+02s, train loss: 4.712, metrics: {'f1': 0.19684483164586766, 'f1_macro': 0.5912998690404101, 'prec_macro': 0.6025205627705628, 'rec_macro': 0.5965761430638737, 'f1_micro': 0.9926487068965517, 'prec_micro': 0.9926487068965517, 'rec_micro': 0.9926487068965517}
epoch 14 time: 1.32e+02s, train loss: 4.711, metrics: {'f1': 0.2023053399200188, 'f1_macro': 0.5938130474629165, 'prec_macro': 0.6055292207792208, 'rec_macro': 0.5993172146577574, 'f1_micro': 0.9926918103448276, 'prec_micro': 0.9926918103448276, 'rec_micro': 0.9926918103448276}
epoch 15 time: 1.32e+02s, train loss: 4.71, metrics: {'f1': 0.19645232815964525, 'f1_macro': 0.5865600848248429, 'prec_macro': 0.608512987012987, 'rec_macro': 0.5962640421293954, 'f1_micro': 0.9921896551724138, 'prec_micro': 0.9921896551724138, 'rec_micro': 0.9921896551724138}
epoch 16 time: 1.32e+02s, train loss: 4.702, metrics: {'f1': 0.201233981964879, 'f1_macro': 0.5940478727518295, 'prec_macro': 0.6040627705627706, 'rec_macro': 0.5987951404672769, 'f1_micro': 0.9927456896551724, 'prec_micro': 0.9927456896551724, 'rec_micro': 0.9927456896551724}
epoch 17 time: 1.32e+02s, train loss: 4.69, metrics: {'f1': 0.1951219512195122, 'f1_macro': 0.5909481216847623, 'prec_macro': 0.6010400432900433, 'rec_macro': 0.5957212458914366, 'f1_micro': 0.9926745689655172, 'prec_micro': 0.9926745689655172, 'rec_micro': 0.9926745689655172}
epoch 18 time: 1.31e+02s, train loss: 4.698, metrics: {'f1': 0.19107358262967433, 'f1_macro': 0.5905712165739664, 'prec_macro': 0.5971071428571428, 'rec_macro': 0.5937221126044334, 'f1_micro': 0.9927737068965518, 'prec_micro': 0.9927737068965518, 'rec_micro': 0.9927737068965518}
epoch 19 time: 1.32e+02s, train loss: 4.692, metrics: {'f1': 0.19852579852579852, 'f1_macro': 0.5958570065878814, 'prec_macro': 0.5991969696969697, 'rec_macro': 0.5974976140140168, 'f1_micro': 0.9929698275862069, 'prec_micro': 0.9929698275862069, 'rec_micro': 0.9929698275862069}
epoch 20 time: 1.32e+02s, train loss: 4.696, metrics: {'f1': 0.19629540534038972, 'f1_macro': 0.5928522702973344, 'prec_macro': 0.6001071428571428, 'rec_macro': 0.596339494998545, 'f1_micro': 0.9927995689655172, 'prec_micro': 0.9927995689655172, 'rec_micro': 0.9927995689655172}
epoch 21 time: 1.32e+02s, train loss: 4.686, metrics: {'f1': 0.19431279620853079, 'f1_macro': 0.5906207433125013, 'prec_macro': 0.6005411255411256, 'rec_macro': 0.5953161331061056, 'f1_micro': 0.9926724137931034, 'prec_micro': 0.9926724137931034, 'rec_micro': 0.9926724137931034}
epoch 22 time: 1.32e+02s, train loss: 4.684, metrics: {'f1': 0.19632495164410058, 'f1_macro': 0.5933118369848127, 'prec_macro': 0.5996277056277056, 'rec_macro': 0.5963635097404625, 'f1_micro': 0.9928362068965517, 'prec_micro': 0.9928362068965517, 'rec_micro': 0.9928362068965517}
epoch 23 time: 1.31e+02s, train loss: 4.674, metrics: {'f1': 0.20857699805068228, 'f1_macro': 0.6000093448521093, 'prec_macro': 0.6051861471861472, 'rec_macro': 0.6025307254231175, 'f1_micro': 0.993, 'prec_micro': 0.993, 'rec_micro': 0.993}
epoch 24 time: 1.31e+02s, train loss: 4.668, metrics: {'f1': 0.20068359375, 'f1_macro': 0.5963238387461761, 'prec_macro': 0.6009264069264069, 'rec_macro': 0.5985699677672139, 'f1_micro': 0.9929439655172414, 'prec_micro': 0.9929439655172414, 'rec_micro': 0.9929439655172414}
epoch 25 time: 1.31e+02s, train loss: 4.669, metrics: {'f1': 0.2105263157894737, 'f1_macro': 0.6009642451733576, 'prec_macro': 0.6061904761904762, 'rec_macro': 0.6035097137841443, 'f1_micro': 0.9930172413793104, 'prec_micro': 0.9930172413793104, 'rec_micro': 0.9930172413793104}
epoch 26 time: 1.31e+02s, train loss: 4.675, metrics: {'f1': 0.2090558766859345, 'f1_macro': 0.5991410682502021, 'prec_macro': 0.6066406926406926, 'rec_macro': 0.6027505896882103, 'f1_micro': 0.9929224137931034, 'prec_micro': 0.9929224137931034, 'rec_micro': 0.9929224137931034}
epoch 27 time: 1.32e+02s, train loss: 4.671, metrics: {'f1': 0.20305522914218566, 'f1_macro': 0.5940892328362289, 'prec_macro': 0.6060270562770563, 'rec_macro': 0.5996921513209534, 'f1_micro': 0.9926918103448276, 'prec_micro': 0.9926918103448276, 'rec_micro': 0.9926918103448276}
epoch 28 time: 1.32e+02s, train loss: 4.667, metrics: {'f1': 0.21517175572519084, 'f1_macro': 0.6011969836865878, 'prec_macro': 0.6108658008658009, 'rec_macro': 0.6058052048223099, 'f1_micro': 0.9929094827586207, 'prec_micro': 0.9929094827586207, 'rec_micro': 0.9929094827586207}
epoch 29 time: 1.35e+02s, train loss: 4.673, metrics: {'f1': 0.2157751586582049, 'f1_macro': 0.5970224773541526, 'prec_macro': 0.6169047619047618, 'rec_macro': 0.606014449751845, 'f1_micro': 0.9925431034482759, 'prec_micro': 0.9925431034482759, 'rec_micro': 0.9925431034482759}
epoch 30 time: 1.33e+02s, train loss: 4.666, metrics: {'f1': 0.21527272727272725, 'f1_macro': 0.6027861498049829, 'prec_macro': 0.609180735930736, 'rec_macro': 0.6058845032656425, 'f1_micro': 0.9930237068965517, 'prec_micro': 0.9930237068965517, 'rec_micro': 0.9930237068965517}
epoch 31 time: 1.32e+02s, train loss: 4.664, metrics: {'f1': 0.21740190104801363, 'f1_macro': 0.6043567987000735, 'prec_macro': 0.60970670995671, 'rec_macro': 0.6069632027014682, 'f1_micro': 0.9930797413793103, 'prec_micro': 0.9930797413793103, 'rec_micro': 0.9930797413793103}
epoch 32 time: 1.32e+02s, train loss: 4.657, metrics: {'f1': 0.21753713464302826, 'f1_macro': 0.602742032805252, 'prec_macro': 0.6116385281385281, 'rec_macro': 0.6070009184352521, 'f1_micro': 0.9929612068965518, 'prec_micro': 0.9929612068965518, 'rec_micro': 0.9929612068965518}
epoch 33 time: 1.33e+02s, train loss: 4.66, metrics: {'f1': 0.22053231939163495, 'f1_macro': 0.6034093773569178, 'prec_macro': 0.6141125541125542, 'rec_macro': 0.6084908682882278, 'f1_micro': 0.9929310344827587, 'prec_micro': 0.9929310344827587, 'rec_micro': 0.9929310344827587}
epoch 34 time: 1.33e+02s, train loss: 4.655, metrics: {'f1': 0.21920465567410283, 'f1_macro': 0.6047272387323888, 'prec_macro': 0.6111904761904762, 'rec_macro': 0.6078596697314183, 'f1_micro': 0.9930603448275862, 'prec_micro': 0.9930603448275862, 'rec_micro': 0.9930603448275862}
epoch 35 time: 1.32e+02s, train loss: 4.656, metrics: {'f1': 0.2259941804073715, 'f1_macro': 0.6080380628651784, 'prec_macro': 0.6147056277056278, 'rec_macro': 0.6112695856467971, 'f1_micro': 0.9931206896551724, 'prec_micro': 0.9931206896551724, 'rec_micro': 0.9931206896551724}
epoch 36 time: 1.32e+02s, train loss: 4.657, metrics: {'f1': 0.2301474084640989, 'f1_macro': 0.6080593914251978, 'prec_macro': 0.6191363636363636, 'rec_macro': 0.6133211490086988, 'f1_micro': 0.993021551724138, 'prec_micro': 0.993021551724138, 'rec_micro': 0.993021551724138}
epoch 37 time: 1.32e+02s, train loss: 4.65, metrics: {'f1': 0.21692379616643293, 'f1_macro': 0.6001803840179474, 'prec_macro': 0.6140367965367965, 'rec_macro': 0.606648581955637, 'f1_micro': 0.9927801724137931, 'prec_micro': 0.9927801724137931, 'rec_micro': 0.9927801724137931}
epoch 38 time: 1.32e+02s, train loss: 4.656, metrics: {'f1': 0.2157391517528806, 'f1_macro': 0.6041315053884302, 'prec_macro': 0.6082261904761905, 'rec_macro': 0.6061383672557898, 'f1_micro': 0.9931056034482758, 'prec_micro': 0.9931056034482758, 'rec_micro': 0.9931056034482758}
epoch 39 time: 1.32e+02s, train loss: 4.651, metrics: {'f1': 0.22472460220318238, 'f1_macro': 0.6084038866349091, 'prec_macro': 0.6129902597402598, 'rec_macro': 0.6106483988486784, 'f1_micro': 0.9931745689655173, 'prec_micro': 0.9931745689655173, 'rec_micro': 0.9931745689655173}
epoch 40 time: 1.33e+02s, train loss: 4.662, metrics: {'f1': 0.22042513863216265, 'f1_macro': 0.6007990141793889, 'prec_macro': 0.6172467532467533, 'rec_macro': 0.6083861634057582, 'f1_micro': 0.992728448275862, 'prec_micro': 0.992728448275862, 'rec_micro': 0.992728448275862}
epoch 41 time: 1.32e+02s, train loss: 4.659, metrics: {'f1': 0.232396002788752, 'f1_macro': 0.6069296179176695, 'prec_macro': 0.6230487012987014, 'rec_macro': 0.6144100774322975, 'f1_micro': 0.9928814655172413, 'prec_micro': 0.9928814655172413, 'rec_micro': 0.9928814655172413}
epoch 42 time: 1.32e+02s, train loss: 4.65, metrics: {'f1': 0.23349514563106794, 'f1_macro': 0.6117990297242933, 'prec_macro': 0.6184761904761905, 'rec_macro': 0.6150384763960857, 'f1_micro': 0.9931939655172414, 'prec_micro': 0.9931939655172414, 'rec_micro': 0.9931939655172414}
epoch 43 time: 1.32e+02s, train loss: 4.659, metrics: {'f1': 0.22348018705390107, 'f1_macro': 0.6083605428057193, 'prec_macro': 0.611758658008658, 'rec_macro': 0.6100327260332794, 'f1_micro': 0.9932004310344827, 'prec_micro': 0.9932004310344827, 'rec_micro': 0.9932004310344827}
epoch 44 time: 1.32e+02s, train loss: 4.647, metrics: {'f1': 0.2285294837288965, 'f1_macro': 0.6102236823749008, 'prec_macro': 0.6149967532467533, 'rec_macro': 0.6125584123723856, 'f1_micro': 0.9932047413793104, 'prec_micro': 0.9932047413793104, 'rec_micro': 0.9932047413793104}
epoch 45 time: 1.32e+02s, train loss: 4.639, metrics: {'f1': 0.22940461725394898, 'f1_macro': 0.6099298329634977, 'prec_macro': 0.6162218614718615, 'rec_macro': 0.6129861859493685, 'f1_micro': 0.993165948275862, 'prec_micro': 0.993165948275862, 'rec_micro': 0.993165948275862}
epoch 46 time: 1.33e+02s, train loss: 4.638, metrics: {'f1': 0.2303921568627451, 'f1_macro': 0.6113246382990062, 'prec_macro': 0.6157575757575757, 'rec_macro': 0.6134967971083143, 'f1_micro': 0.9932327586206896, 'prec_micro': 0.9932327586206896, 'rec_micro': 0.9932327586206896}
epoch 47 time: 1.32e+02s, train loss: 4.644, metrics: {'f1': 0.22434484447710018, 'f1_macro': 0.608268458980039, 'prec_macro': 0.612741341991342, 'rec_macro': 0.6104585236957156, 'f1_micro': 0.9931745689655173, 'prec_micro': 0.9931745689655173, 'rec_micro': 0.9931745689655173}
epoch 48 time: 1.33e+02s, train loss: 4.646, metrics: {'f1': 0.22287968441814598, 'f1_macro': 0.608246651218727, 'prec_macro': 0.6112640692640693, 'rec_macro': 0.6097341111258039, 'f1_micro': 0.9932068965517241, 'prec_micro': 0.9932068965517241, 'rec_micro': 0.9932068965517241}
epoch 49 time: 1.33e+02s, train loss: 4.642, metrics: {'f1': 0.22660098522167488, 'f1_macro': 0.6099836022918961, 'prec_macro': 0.6132683982683983, 'rec_macro': 0.6116012480711487, 'f1_micro': 0.9932327586206896, 'prec_micro': 0.9932327586206896, 'rec_micro': 0.9932327586206896}
epoch 50 time: 1.34e+02s, train loss: 4.639, metrics: {'f1': 0.2265451859147993, 'f1_macro': 0.6099294257162291, 'prec_macro': 0.613267316017316, 'rec_macro': 0.6115728054173132, 'f1_micro': 0.9932306034482759, 'prec_micro': 0.9932306034482759, 'rec_micro': 0.9932306034482759}
epoch 51 time: 1.33e+02s, train loss: 4.65, metrics: {'f1': 0.21484375, 'f1_macro': 0.6032731694818315, 'prec_macro': 0.6082077922077922, 'rec_macro': 0.6056814344347465, 'f1_micro': 0.9930689655172413, 'prec_micro': 0.9930689655172413, 'rec_micro': 0.9930689655172413}
epoch 52 time: 1.33e+02s, train loss: 4.645, metrics: {'f1': 0.22092172640819313, 'f1_macro': 0.6061311982403739, 'prec_macro': 0.6114664502164502, 'rec_macro': 0.6087317780984736, 'f1_micro': 0.993114224137931, 'prec_micro': 0.993114224137931, 'rec_micro': 0.993114224137931}
epoch 53 time: 1.34e+02s, train loss: 4.645, metrics: {'f1': 0.22070645554202192, 'f1_macro': 0.6059263270983815, 'prec_macro': 0.6114621212121212, 'rec_macro': 0.6086219704311617, 'f1_micro': 0.9931056034482758, 'prec_micro': 0.9931056034482758, 'rec_micro': 0.9931056034482758}
epoch 54 time: 1.34e+02s, train loss: 4.642, metrics: {'f1': 0.224609375, 'f1_macro': 0.6080658113684904, 'prec_macro': 0.6132294372294372, 'rec_macro': 0.6105858942054585, 'f1_micro': 0.9931551724137931, 'prec_micro': 0.9931551724137931, 'rec_micro': 0.9931551724137931}
epoch 55 time: 1.34e+02s, train loss: 4.643, metrics: {'f1': 0.22579858571080225, 'f1_macro': 0.6085218422514197, 'prec_macro': 0.6139772727272728, 'rec_macro': 0.61118103144371, 'f1_micro': 0.9931573275862069, 'prec_micro': 0.9931573275862069, 'rec_micro': 0.9931573275862069}
epoch 56 time: 1.34e+02s, train loss: 4.652, metrics: {'f1': 0.2215642733777449, 'f1_macro': 0.6076734035456153, 'prec_macro': 0.6105140692640693, 'rec_macro': 0.6090747876742645, 'f1_micro': 0.9932004310344827, 'prec_micro': 0.9932004310344827, 'rec_micro': 0.9932004310344827}
epoch 57 time: 1.34e+02s, train loss: 4.651, metrics: {'f1': 0.21739130434782608, 'f1_macro': 0.6034621892542588, 'prec_macro': 0.6106709956709957, 'rec_macro': 0.6069421397369636, 'f1_micro': 0.9930172413793104, 'prec_micro': 0.9930172413793104, 'rec_micro': 0.9930172413793104}
epoch 58 time: 1.34e+02s, train loss: 4.652, metrics: {'f1': 0.2132247244849066, 'f1_macro': 0.6006623716724082, 'prec_macro': 0.6093787878787879, 'rec_macro': 0.6048349712619008, 'f1_micro': 0.9929224137931034, 'prec_micro': 0.9929224137931034, 'rec_micro': 0.9929224137931034}
epoch 59 time: 1.33e+02s, train loss: 4.652, metrics: {'f1': 0.21466992665036674, 'f1_macro': 0.6033342003387432, 'prec_macro': 0.6079632034632034, 'rec_macro': 0.605596698775606, 'f1_micro': 0.9930775862068966, 'prec_micro': 0.9930775862068966, 'rec_micro': 0.9930775862068966}
epoch 60 time: 1.34e+02s, train loss: 4.647, metrics: {'f1': 0.22216855831924656, 'f1_macro': 0.6057592607647829, 'prec_macro': 0.613180735930736, 'rec_macro': 0.6093410477790772, 'f1_micro': 0.9930581896551725, 'prec_micro': 0.9930581896551725, 'rec_micro': 0.9930581896551725}
epoch 61 time: 1.34e+02s, train loss: 4.66, metrics: {'f1': 0.2152269399707174, 'f1_macro': 0.6034125079185682, 'prec_macro': 0.60845670995671, 'rec_macro': 0.6058730256525182, 'f1_micro': 0.9930689655172413, 'prec_micro': 0.9930689655172413, 'rec_micro': 0.9930689655172413}
epoch 62 time: 1.34e+02s, train loss: 4.671, metrics: {'f1': 0.20480465906333412, 'f1_macro': 0.5977731371052205, 'prec_macro': 0.6036612554112554, 'rec_macro': 0.6006288288892669, 'f1_micro': 0.9929375, 'prec_micro': 0.9929375, 'rec_micro': 0.9929375}
epoch 63 time: 1.34e+02s, train loss: 4.664, metrics: {'f1': 0.2264783337323438, 'f1_macro': 0.6069825064698784, 'prec_macro': 0.6164058441558441, 'rec_macro': 0.6114904552623257, 'f1_micro': 0.9930366379310345, 'prec_micro': 0.9930366379310345, 'rec_micro': 0.9930366379310345}
epoch 64 time: 1.34e+02s, train loss: 4.66, metrics: {'f1': 0.21462945139557268, 'f1_macro': 0.6017498957434149, 'prec_macro': 0.6096493506493507, 'rec_macro': 0.6055481936858883, 'f1_micro': 0.9929655172413793, 'prec_micro': 0.9929655172413793, 'rec_micro': 0.9929655172413793}
epoch 65 time: 1.33e+02s, train loss: 4.66, metrics: {'f1': 0.2152946906965416, 'f1_macro': 0.6032517374650707, 'prec_macro': 0.6086991341991342, 'rec_macro': 0.6059036388191669, 'f1_micro': 0.9930560344827586, 'prec_micro': 0.9930560344827586, 'rec_micro': 0.9930560344827586}
epoch 66 time: 1.34e+02s, train loss: 4.66, metrics: {'f1': 0.2105521472392638, 'f1_macro': 0.6016730014717092, 'prec_macro': 0.6054686147186147, 'rec_macro': 0.6035351314435894, 'f1_micro': 0.9930668103448276, 'prec_micro': 0.9930668103448276, 'rec_micro': 0.9930668103448276}
epoch 67 time: 1.34e+02s, train loss: 4.658, metrics: {'f1': 0.20850749938529628, 'f1_macro': 0.6008582274696624, 'prec_macro': 0.6042218614718615, 'rec_macro': 0.6025117402612283, 'f1_micro': 0.9930625, 'prec_micro': 0.9930625, 'rec_micro': 0.9930625}
epoch 68 time: 1.33e+02s, train loss: 4.658, metrics: {'f1': 0.22156718251043972, 'f1_macro': 0.6072079322174925, 'prec_macro': 0.6109967532467533, 'rec_macro': 0.6090686326382699, 'f1_micro': 0.9931702586206896, 'prec_micro': 0.9931702586206896, 'rec_micro': 0.9931702586206896}
epoch 69 time: 1.34e+02s, train loss: 4.661, metrics: {'f1': 0.21898171033119132, 'f1_macro': 0.6065747868215423, 'prec_macro': 0.6090151515151515, 'rec_macro': 0.6077808133236858, 'f1_micro': 0.9931896551724138, 'prec_micro': 0.9931896551724138, 'rec_micro': 0.9931896551724138}
epoch 70 time: 1.34e+02s, train loss: 4.663, metrics: {'f1': 0.20654296875, 'f1_macro': 0.5991994238781715, 'prec_macro': 0.6039393939393939, 'rec_macro': 0.6015126436296412, 'f1_micro': 0.9929956896551724, 'prec_micro': 0.9929956896551724, 'rec_micro': 0.9929956896551724}
epoch 71 time: 1.34e+02s, train loss: 4.678, metrics: {'f1': 0.20701412566975158, 'f1_macro': 0.5991972476050352, 'prec_macro': 0.6044307359307359, 'rec_macro': 0.6017449559265076, 'f1_micro': 0.9929827586206896, 'prec_micro': 0.9929827586206896, 'rec_micro': 0.9929827586206896}
epoch 72 time: 1.33e+02s, train loss: 4.684, metrics: {'f1': 0.20674593545256004, 'f1_macro': 0.5987204186816344, 'prec_macro': 0.6046655844155844, 'rec_macro': 0.6016037966551766, 'f1_micro': 0.9929547413793104, 'prec_micro': 0.9929547413793104, 'rec_micro': 0.9929547413793104}
epoch 73 time: 1.34e+02s, train loss: 4.674, metrics: {'f1': 0.21119221411192213, 'f1_macro': 0.6011483930797827, 'prec_macro': 0.6066861471861472, 'rec_macro': 0.6038415691780752, 'f1_micro': 0.9930129310344827, 'prec_micro': 0.9930129310344827, 'rec_micro': 0.9930129310344827}
epoch 74 time: 1.33e+02s, train loss: 4.677, metrics: {'f1': 0.21514334721881892, 'f1_macro': 0.6037884453279964, 'prec_macro': 0.6079729437229437, 'rec_macro': 0.6058382965492993, 'f1_micro': 0.9930969827586207, 'prec_micro': 0.9930969827586207, 'rec_micro': 0.9930969827586207}
epoch 75 time: 1.33e+02s, train loss: 4.678, metrics: {'f1': 0.21104054714215928, 'f1_macro': 0.6014545474260587, 'prec_macro': 0.6062012987012987, 'rec_macro': 0.6037722602450486, 'f1_micro': 0.9930387931034482, 'prec_micro': 0.9930387931034482, 'rec_micro': 0.9930387931034482}
epoch 76 time: 1.34e+02s, train loss: 4.688, metrics: {'f1': 0.20185275475377867, 'f1_macro': 0.5967608110858552, 'prec_macro': 0.6016731601731602, 'rec_macro': 0.5991545367624492, 'f1_micro': 0.9929439655172414, 'prec_micro': 0.9929439655172414, 'rec_micro': 0.9929439655172414}
epoch 77 time: 1.33e+02s, train loss: 4.685, metrics: {'f1': 0.2010074358359319, 'f1_macro': 0.594876624444737, 'prec_macro': 0.6028560606060606, 'rec_macro': 0.5987008990041169, 'f1_micro': 0.9928211206896552, 'prec_micro': 0.9928211206896552, 'rec_micro': 0.9928211206896552}
epoch 78 time: 1.34e+02s, train loss: 4.681, metrics: {'f1': 0.2026493144317918, 'f1_macro': 0.5929653887221625, 'prec_macro': 0.6069794372294373, 'rec_macro': 0.5994674464638852, 'f1_micro': 0.9926056034482759, 'prec_micro': 0.9926056034482759, 'rec_micro': 0.9926056034482759}
epoch 79 time: 1.34e+02s, train loss: 4.683, metrics: {'f1': 0.19503134432319477, 'f1_macro': 0.5893162144570101, 'prec_macro': 0.6029577922077922, 'rec_macro': 0.5956389663729857, 'f1_micro': 0.9925280172413793, 'prec_micro': 0.9925280172413793, 'rec_micro': 0.9925280172413793}
epoch 80 time: 1.33e+02s, train loss: 4.689, metrics: {'f1': 0.19976553341148884, 'f1_macro': 0.5923352942404035, 'prec_macro': 0.6045097402597402, 'rec_macro': 0.5980353754084569, 'f1_micro': 0.9926443965517241, 'prec_micro': 0.9926443965517241, 'rec_micro': 0.9926443965517241}
epoch 81 time: 1.34e+02s, train loss: 4.687, metrics: {'f1': 0.20949654020520164, 'f1_macro': 0.598492472381441, 'prec_macro': 0.6078538961038961, 'rec_macro': 0.6029551505291825, 'f1_micro': 0.9928599137931035, 'prec_micro': 0.9928599137931035, 'rec_micro': 0.9928599137931035}
epoch 82 time: 1.34e+02s, train loss: 4.688, metrics: {'f1': 0.21147463252726412, 'f1_macro': 0.5988584158114509, 'prec_macro': 0.6095822510822511, 'rec_macro': 0.6039371079893855, 'f1_micro': 0.9928318965517241, 'prec_micro': 0.9928318965517241, 'rec_micro': 0.9928318965517241}
epoch 83 time: 1.34e+02s, train loss: 4.687, metrics: {'f1': 0.2054826076940797, 'f1_macro': 0.5935753761248553, 'prec_macro': 0.6094491341991343, 'rec_macro': 0.6008742728323472, 'f1_micro': 0.9925668103448276, 'prec_micro': 0.9925668103448276, 'rec_micro': 0.9925668103448276}
epoch 84 time: 1.35e+02s, train loss: 4.696, metrics: {'f1': 0.20261004202610042, 'f1_macro': 0.5891662542127509, 'prec_macro': 0.612267316017316, 'rec_macro': 0.5993531628765901, 'f1_micro': 0.9922306034482758, 'prec_micro': 0.9922306034482758, 'rec_micro': 0.9922306034482758}
epoch 85 time: 1.34e+02s, train loss: 4.713, metrics: {'f1': 0.2014103129131776, 'f1_macro': 0.5883596605777276, 'prec_macro': 0.6119978354978355, 'rec_macro': 0.5987429750132809, 'f1_micro': 0.9921896551724138, 'prec_micro': 0.9921896551724138, 'rec_micro': 0.9921896551724138}
epoch 86 time: 1.34e+02s, train loss: 4.717, metrics: {'f1': 0.18374884579870732, 'f1_macro': 0.5835994638042372, 'prec_macro': 0.5974069264069264, 'rec_macro': 0.5899603152329627, 'f1_micro': 0.9923793103448276, 'prec_micro': 0.9923793103448276, 'rec_micro': 0.9923793103448276}
epoch 87 time: 1.34e+02s, train loss: 4.72, metrics: {'f1': 0.184421256976462, 'f1_macro': 0.5878266805528755, 'prec_macro': 0.5931158008658008, 'rec_macro': 0.5903916673472157, 'f1_micro': 0.9927564655172414, 'prec_micro': 0.9927564655172414, 'rec_micro': 0.9927564655172414}
epoch 88 time: 1.34e+02s, train loss: 4.74, metrics: {'f1': 0.18454613653413354, 'f1_macro': 0.5905310003795515, 'prec_macro': 0.5904859307359307, 'rec_macro': 0.5905084597872059, 'f1_micro': 0.9929719827586206, 'prec_micro': 0.9929719827586206, 'rec_micro': 0.9929719827586206}
epoch 89 time: 1.33e+02s, train loss: 4.73, metrics: {'f1': 0.1938949938949939, 'f1_macro': 0.5930141980501575, 'prec_macro': 0.5974123376623377, 'rec_macro': 0.5951610578655566, 'f1_micro': 0.9928857758620689, 'prec_micro': 0.9928857758620689, 'rec_micro': 0.9928857758620689}
epoch 90 time: 1.33e+02s, train loss: 4.71, metrics: {'f1': 0.19343780607247796, 'f1_macro': 0.5930323448394261, 'prec_macro': 0.5969220779220779, 'rec_macro': 0.594936273446536, 'f1_micro': 0.9929008620689656, 'prec_micro': 0.9929008620689656, 'rec_micro': 0.9929008620689656}
epoch 91 time: 1.33e+02s, train loss: 4.704, metrics: {'f1': 0.1853035143769968, 'f1_macro': 0.5893500590072938, 'prec_macro': 0.5924188311688312, 'rec_macro': 0.5908577920547384, 'f1_micro': 0.9928556034482758, 'prec_micro': 0.9928556034482758, 'rec_micro': 0.9928556034482758}
epoch 92 time: 1.33e+02s, train loss: 4.7, metrics: {'f1': 0.19489445262641142, 'f1_macro': 0.593973648907876, 'prec_macro': 0.5974350649350649, 'rec_macro': 0.5956721923819168, 'f1_micro': 0.9929310344827587, 'prec_micro': 0.9929310344827587, 'rec_micro': 0.9929310344827587}
epoch 93 time: 1.34e+02s, train loss: 4.692, metrics: {'f1': 0.20426157237325493, 'f1_macro': 0.5983825040606441, 'prec_macro': 0.6024469696969696, 'rec_macro': 0.6003725113632397, 'f1_micro': 0.9929978448275862, 'prec_micro': 0.9929978448275862, 'rec_micro': 0.9929978448275862}
epoch 94 time: 1.34e+02s, train loss: 4.697, metrics: {'f1': 0.19917012448132781, 'f1_macro': 0.595558525644905, 'prec_macro': 0.6001720779220779, 'rec_macro': 0.5978094429386376, 'f1_micro': 0.9929288793103448, 'prec_micro': 0.9929288793103448, 'rec_micro': 0.9929288793103448}
epoch 95 time: 1.33e+02s, train loss: 4.697, metrics: {'f1': 0.20896969696969697, 'f1_macro': 0.5997132532038526, 'prec_macro': 0.6059166666666667, 'rec_macro': 0.602718916946491, 'f1_micro': 0.9929676724137931, 'prec_micro': 0.9929676724137931, 'rec_micro': 0.9929676724137931}
epoch 96 time: 1.34e+02s, train loss: 4.709, metrics: {'f1': 0.18234027279253412, 'f1_macro': 0.5856725808724326, 'prec_macro': 0.5933041125541125, 'rec_macro': 0.5893207521540816, 'f1_micro': 0.992635775862069, 'prec_micro': 0.992635775862069, 'rec_micro': 0.992635775862069}
epoch 97 time: 1.34e+02s, train loss: 4.746, metrics: {'f1': 0.1677867902665122, 'f1_macro': 0.5764118083653148, 'prec_macro': 0.5883863636363637, 'rec_macro': 0.5819495506408154, 'f1_micro': 0.992260775862069, 'prec_micro': 0.992260775862069, 'rec_micro': 0.992260775862069}
epoch 98 time: 1.34e+02s, train loss: 4.748, metrics: {'f1': 0.18667917448405255, 'f1_macro': 0.5861627689779869, 'prec_macro': 0.5974805194805195, 'rec_macro': 0.5914624275340578, 'f1_micro': 0.9925258620689655, 'prec_micro': 0.9925258620689655, 'rec_micro': 0.9925258620689655}
epoch 99 time: 1.34e+02s, train loss: 4.733, metrics: {'f1': 0.17364414843006662, 'f1_macro': 0.581033730546776, 'prec_macro': 0.5892597402597403, 'rec_macro': 0.5849417889572491, 'f1_micro': 0.9925129310344828, 'prec_micro': 0.9925129310344828, 'rec_micro': 0.9925129310344828}
epoch 100 time: 1.33e+02s, train loss: 4.72, metrics: {'f1': 0.1845556095191841, 'f1_macro': 0.587953576343784, 'prec_macro': 0.5931190476190477, 'rec_macro': 0.5904604731090133, 'f1_micro': 0.9927629310344828, 'prec_micro': 0.9927629310344828, 'rec_micro': 0.9927629310344828}
post-training summary -- best {'f1': 0.23349514563106794, 'f1_macro': 0.6117990297242933, 'prec_macro': 0.6184761904761905, 'rec_macro': 0.6150384763960857, 'f1_micro': 0.9931939655172414, 'prec_micro': 0.9931939655172414, 'rec_micro': 0.9931939655172414}
run 3 start -- seed=2
initialized continuityBERT with 547661 parameters.
/home/azureuser/.local/lib/python3.8/site-packages/sklearn/metrics/_classification.py:1344: UndefinedMetricWarning: Precision and F-score are ill-defined and being set to 0.0 in labels with no predicted samples. Use `zero_division` parameter to control this behavior.
  _warn_prf(average, modifier, msg_start, len(result))
epoch 1 time: 1.31e+02s, train loss: 4.945, metrics: {'f1': 0.0, 'f1_macro': 0.4978448275862069, 'prec_macro': 0.5, 'rec_macro': 0.4989200863930886, 'f1_micro': 0.9956896551724138, 'prec_micro': 0.9956896551724138, 'rec_micro': 0.9956896551724138}
epoch 2 time: 1.31e+02s, train loss: 4.917, metrics: {'f1': 0.07291666666666667, 'f1_macro': 0.5576131848804159, 'prec_macro': 0.5254112554112554, 'rec_macro': 0.5350152772973595, 'f1_micro': 0.9942456896551725, 'prec_micro': 0.9942456896551725, 'rec_micro': 0.9942456896551725}
epoch 3 time: 1.31e+02s, train loss: 4.857, metrics: {'f1': 0.14469300333174678, 'f1_macro': 0.5671918555013884, 'prec_macro': 0.5739458874458875, 'rec_macro': 0.5704012712150606, 'f1_micro': 0.9922543103448276, 'prec_micro': 0.9922543103448276, 'rec_micro': 0.9922543103448276}
epoch 4 time: 1.3e+02s, train loss: 4.826, metrics: {'f1': 0.09231905465288036, 'f1_macro': 0.5862532743440447, 'prec_macro': 0.5306190476190475, 'rec_macro': 0.5448312979674919, 'f1_micro': 0.9947025862068966, 'prec_micro': 0.9947025862068966, 'rec_micro': 0.9947025862068966}
epoch 5 time: 1.31e+02s, train loss: 4.81, metrics: {'f1': 0.1836616454229432, 'f1_macro': 0.6073405089656573, 'prec_macro': 0.578021645021645, 'rec_macro': 0.5903068347735819, 'f1_micro': 0.993926724137931, 'prec_micro': 0.993926724137931, 'rec_micro': 0.993926724137931}
epoch 6 time: 1.31e+02s, train loss: 4.777, metrics: {'f1': 0.19595782073813708, 'f1_macro': 0.5856986151103798, 'prec_macro': 0.6092207792207792, 'rec_macro': 0.5959972070138174, 'f1_micro': 0.9921120689655173, 'prec_micro': 0.9921120689655173, 'rec_micro': 0.9921120689655173}
epoch 7 time: 1.31e+02s, train loss: 4.756, metrics: {'f1': 0.19304643812302458, 'f1_macro': 0.592206989273393, 'prec_macro': 0.5973928571428572, 'rec_macro': 0.5947270037234893, 'f1_micro': 0.9928469827586207, 'prec_micro': 0.9928469827586207, 'rec_micro': 0.9928469827586207}
epoch 8 time: 1.32e+02s, train loss: 4.742, metrics: {'f1': 0.19861638027226064, 'f1_macro': 0.5879969256384687, 'prec_macro': 0.6090465367965368, 'rec_macro': 0.597363996242989, 'f1_micro': 0.992260775862069, 'prec_micro': 0.992260775862069, 'rec_micro': 0.992260775862069}
epoch 9 time: 1.32e+02s, train loss: 4.737, metrics: {'f1': 0.18872266973532795, 'f1_macro': 0.5856979774653809, 'prec_macro': 0.6004058441558442, 'rec_macro': 0.5924531548653904, 'f1_micro': 0.9924030172413794, 'prec_micro': 0.9924030172413794, 'rec_micro': 0.9924030172413794}
epoch 10 time: 1.31e+02s, train loss: 4.725, metrics: {'f1': 0.19169632265717676, 'f1_macro': 0.5894683113429385, 'prec_macro': 0.5990400432900433, 'rec_macro': 0.5940041175305185, 'f1_micro': 0.992657327586207, 'prec_micro': 0.992657327586207, 'rec_micro': 0.992657327586207}
epoch 11 time: 1.32e+02s, train loss: 4.713, metrics: {'f1': 0.1960973259455553, 'f1_macro': 0.5928825698221111, 'prec_macro': 0.5998625541125541, 'rec_macro': 0.5962426319006002, 'f1_micro': 0.9928081896551724, 'prec_micro': 0.9928081896551724, 'rec_micro': 0.9928081896551724}
epoch 12 time: 1.32e+02s, train loss: 4.712, metrics: {'f1': 0.1982962612399432, 'f1_macro': 0.5924031281199384, 'prec_macro': 0.6027943722943723, 'rec_macro': 0.5973143487642363, 'f1_micro': 0.9926982758620689, 'prec_micro': 0.9926982758620689, 'rec_micro': 0.9926982758620689}
epoch 13 time: 1.3e+02s, train loss: 4.708, metrics: {'f1': 0.19546742209631726, 'f1_macro': 0.5908587011565619, 'prec_macro': 0.6015281385281386, 'rec_macro': 0.5958890840655093, 'f1_micro': 0.9926551724137931, 'prec_micro': 0.9926551724137931, 'rec_micro': 0.9926551724137931}
epoch 14 time: 1.31e+02s, train loss: 4.702, metrics: {'f1': 0.195295794725588, 'f1_macro': 0.5913080444122257, 'prec_macro': 0.6008041125541125, 'rec_macro': 0.5958146905010688, 'f1_micro': 0.9927004310344828, 'prec_micro': 0.9927004310344828, 'rec_micro': 0.9927004310344828}
epoch 15 time: 1.42e+02s, train loss: 4.695, metrics: {'f1': 0.19565747743352035, 'f1_macro': 0.5937907866034403, 'prec_macro': 0.5984123376623376, 'rec_macro': 0.596044456634589, 'f1_micro': 0.9928943965517242, 'prec_micro': 0.9928943965517242, 'rec_micro': 0.9928943965517242}
epoch 16 time: 1.31e+02s, train loss: 4.69, metrics: {'f1': 0.19656257564754295, 'f1_macro': 0.5935348435895504, 'prec_macro': 0.5996331168831169, 'rec_macro': 0.596485037489579, 'f1_micro': 0.9928469827586207, 'prec_micro': 0.9928469827586207, 'rec_micro': 0.9928469827586207}
epoch 17 time: 1.3e+02s, train loss: 4.691, metrics: {'f1': 0.20263473053892214, 'f1_macro': 0.5955340226276187, 'prec_macro': 0.6038538961038961, 'rec_macro': 0.599515617102871, 'f1_micro': 0.9928254310344827, 'prec_micro': 0.9928254310344827, 'rec_micro': 0.9928254310344827}
epoch 18 time: 1.31e+02s, train loss: 4.691, metrics: {'f1': 0.1958413926499033, 'f1_macro': 0.5930766720180483, 'prec_macro': 0.5993766233766233, 'rec_macro': 0.5961206478329658, 'f1_micro': 0.9928318965517241, 'prec_micro': 0.9928318965517241, 'rec_micro': 0.9928318965517241}
epoch 19 time: 1.31e+02s, train loss: 4.681, metrics: {'f1': 0.2056166056166056, 'f1_macro': 0.5987681010458943, 'prec_macro': 0.6034383116883116, 'rec_macro': 0.6010478404231009, 'f1_micro': 0.992989224137931, 'prec_micro': 0.992989224137931, 'rec_micro': 0.992989224137931}
epoch 20 time: 1.3e+02s, train loss: 4.679, metrics: {'f1': 0.20116686114352392, 'f1_macro': 0.5926116220064425, 'prec_macro': 0.6057435064935065, 'rec_macro': 0.59873058635033, 'f1_micro': 0.9926228448275862, 'prec_micro': 0.9926228448275862, 'rec_micro': 0.9926228448275862}
epoch 21 time: 1.3e+02s, train loss: 4.68, metrics: {'f1': 0.20113582584003786, 'f1_macro': 0.5937573336993424, 'prec_macro': 0.6043008658008658, 'rec_macro': 0.5987406261594043, 'f1_micro': 0.9927241379310345, 'prec_micro': 0.9927241379310345, 'rec_micro': 0.9927241379310345}
epoch 22 time: 1.31e+02s, train loss: 4.671, metrics: {'f1': 0.20377541142303968, 'f1_macro': 0.5970242206414214, 'prec_macro': 0.6033982683982684, 'rec_macro': 0.6001071483158746, 'f1_micro': 0.9929094827586207, 'prec_micro': 0.9929094827586207, 'rec_micro': 0.9929094827586207}
epoch 23 time: 1.3e+02s, train loss: 4.672, metrics: {'f1': 0.2108610567514677, 'f1_macro': 0.601510436812399, 'prec_macro': 0.6059567099567099, 'rec_macro': 0.603684691109847, 'f1_micro': 0.9930474137931035, 'prec_micro': 0.9930474137931035, 'rec_micro': 0.9930474137931035}
epoch 24 time: 1.3e+02s, train loss: 4.676, metrics: {'f1': 0.19888734353268428, 'f1_macro': 0.5909952564189864, 'prec_macro': 0.6052099567099567, 'rec_macro': 0.5975729061598481, 'f1_micro': 0.992551724137931, 'prec_micro': 0.992551724137931, 'rec_micro': 0.992551724137931}
epoch 25 time: 1.3e+02s, train loss: 4.678, metrics: {'f1': 0.20184376516254246, 'f1_macro': 0.5963059966314879, 'prec_macro': 0.6021536796536796, 'rec_macro': 0.5991413444582723, 'f1_micro': 0.9929094827586207, 'prec_micro': 0.9929094827586207, 'rec_micro': 0.9929094827586207}
epoch 26 time: 1.31e+02s, train loss: 4.693, metrics: {'f1': 0.20018752930145337, 'f1_macro': 0.5925155262324383, 'prec_macro': 0.6047597402597402, 'rec_macro': 0.5982469126348866, 'f1_micro': 0.992646551724138, 'prec_micro': 0.992646551724138, 'rec_micro': 0.992646551724138}
epoch 27 time: 1.3e+02s, train loss: 4.681, metrics: {'f1': 0.20536585365853657, 'f1_macro': 0.598528850812895, 'prec_macro': 0.6034329004329004, 'rec_macro': 0.6009197489961695, 'f1_micro': 0.9929784482758621, 'prec_micro': 0.9929784482758621, 'rec_micro': 0.9929784482758621}
epoch 28 time: 1.31e+02s, train loss: 4.681, metrics: {'f1': 0.20455089820359282, 'f1_macro': 0.5964578935022284, 'prec_macro': 0.6048582251082251, 'rec_macro': 0.600478030759578, 'f1_micro': 0.9928426724137931, 'prec_micro': 0.9928426724137931, 'rec_micro': 0.9928426724137931}
epoch 29 time: 1.31e+02s, train loss: 4.668, metrics: {'f1': 0.20889840590054723, 'f1_macro': 0.5979467222537079, 'prec_macro': 0.607840909090909, 'rec_macro': 0.6026495651510602, 'f1_micro': 0.992834051724138, 'prec_micro': 0.992834051724138, 'rec_micro': 0.992834051724138}
epoch 30 time: 1.31e+02s, train loss: 4.668, metrics: {'f1': 0.20350535540408957, 'f1_macro': 0.5974335885150938, 'prec_macro': 0.6026709956709957, 'rec_macro': 0.5999819079583951, 'f1_micro': 0.992948275862069, 'prec_micro': 0.992948275862069, 'rec_micro': 0.992948275862069}
epoch 31 time: 1.3e+02s, train loss: 4.681, metrics: {'f1': 0.20899149453219926, 'f1_macro': 0.5999552890865986, 'prec_macro': 0.6056764069264069, 'rec_macro': 0.6027341643851133, 'f1_micro': 0.9929849137931035, 'prec_micro': 0.9929849137931035, 'rec_micro': 0.9929849137931035}
epoch 32 time: 1.32e+02s, train loss: 4.671, metrics: {'f1': 0.2178310985650435, 'f1_macro': 0.6011788566843842, 'prec_macro': 0.613814935064935, 'rec_macro': 0.6071158179702281, 'f1_micro': 0.992834051724138, 'prec_micro': 0.992834051724138, 'rec_micro': 0.992834051724138}
epoch 33 time: 1.32e+02s, train loss: 4.666, metrics: {'f1': 0.22151321786690975, 'f1_macro': 0.6001188885947724, 'prec_macro': 0.6194415584415585, 'rec_macro': 0.6089073475553004, 'f1_micro': 0.9926379310344827, 'prec_micro': 0.9926379310344827, 'rec_micro': 0.9926379310344827}
epoch 34 time: 1.3e+02s, train loss: 4.665, metrics: {'f1': 0.215414073719483, 'f1_macro': 0.6016276493920183, 'prec_macro': 0.6106298701298701, 'rec_macro': 0.6059328855621972, 'f1_micro': 0.9929353448275862, 'prec_micro': 0.9929353448275862, 'rec_micro': 0.9929353448275862}
epoch 35 time: 1.3e+02s, train loss: 4.658, metrics: {'f1': 0.21471945591450084, 'f1_macro': 0.6027064346693504, 'prec_macro': 0.6086872294372294, 'rec_macro': 0.6056100475323482, 'f1_micro': 0.9930323275862069, 'prec_micro': 0.9930323275862069, 'rec_micro': 0.9930323275862069}
epoch 36 time: 1.3e+02s, train loss: 4.653, metrics: {'f1': 0.21709567751335598, 'f1_macro': 0.6038429140008326, 'prec_macro': 0.6099415584415584, 'rec_macro': 0.6068030271898329, 'f1_micro': 0.9930517241379311, 'prec_micro': 0.9930517241379311, 'rec_micro': 0.9930517241379311}
epoch 37 time: 1.3e+02s, train loss: 4.647, metrics: {'f1': 0.2117818889970789, 'f1_macro': 0.6014842491499076, 'prec_macro': 0.6069393939393939, 'rec_macro': 0.6041385751739863, 'f1_micro': 0.993021551724138, 'prec_micro': 0.993021551724138, 'rec_micro': 0.993021551724138}
epoch 38 time: 1.31e+02s, train loss: 4.647, metrics: {'f1': 0.21470019342359767, 'f1_macro': 0.6022481057218653, 'prec_macro': 0.6091688311688311, 'rec_macro': 0.6055922622253376, 'f1_micro': 0.993, 'prec_micro': 0.993, 'rec_micro': 0.993}
epoch 39 time: 1.31e+02s, train loss: 4.657, metrics: {'f1': 0.2175609756097561, 'f1_macro': 0.6045082938999371, 'prec_macro': 0.6097099567099568, 'rec_macro': 0.607044369177321, 'f1_micro': 0.9930862068965517, 'prec_micro': 0.9930862068965517, 'rec_micro': 0.9930862068965517}
epoch 40 time: 1.31e+02s, train loss: 4.653, metrics: {'f1': 0.21557177615571776, 'f1_macro': 0.6032908370809857, 'prec_macro': 0.6089458874458874, 'rec_macro': 0.606041091619406, 'f1_micro': 0.9930517241379311, 'prec_micro': 0.9930517241379311, 'rec_micro': 0.9930517241379311}
epoch 41 time: 1.31e+02s, train loss: 4.647, metrics: {'f1': 0.20981713185755535, 'f1_macro': 0.5994199601150372, 'prec_macro': 0.6071385281385282, 'rec_macro': 0.6031312095785714, 'f1_micro': 0.9929224137931034, 'prec_micro': 0.9929224137931034, 'rec_micro': 0.9929224137931034}
epoch 42 time: 1.31e+02s, train loss: 4.653, metrics: {'f1': 0.21805225653206653, 'f1_macro': 0.6021776465159822, 'prec_macro': 0.6128549783549784, 'rec_macro': 0.6072443380323221, 'f1_micro': 0.9929051724137931, 'prec_micro': 0.9929051724137931, 'rec_micro': 0.9929051724137931}
epoch 43 time: 1.31e+02s, train loss: 4.65, metrics: {'f1': 0.22259136212624583, 'f1_macro': 0.6042591982456114, 'prec_macro': 0.6153614718614718, 'rec_macro': 0.6095225431285797, 'f1_micro': 0.9929396551724138, 'prec_micro': 0.9929396551724138, 'rec_micro': 0.9929396551724138}
epoch 44 time: 1.31e+02s, train loss: 4.655, metrics: {'f1': 0.22147489791016095, 'f1_macro': 0.6048987838152787, 'prec_macro': 0.6134080086580086, 'rec_macro': 0.6089833516413768, 'f1_micro': 0.9930150862068966, 'prec_micro': 0.9930150862068966, 'rec_micro': 0.9930150862068966}
epoch 45 time: 1.31e+02s, train loss: 4.663, metrics: {'f1': 0.2178809469087566, 'f1_macro': 0.5991553959095051, 'prec_macro': 0.6164686147186147, 'rec_macro': 0.6070983234601706, 'f1_micro': 0.9926659482758621, 'prec_micro': 0.9926659482758621, 'rec_micro': 0.9926659482758621}
epoch 46 time: 1.31e+02s, train loss: 4.663, metrics: {'f1': 0.2196765498652291, 'f1_macro': 0.598077635922441, 'prec_macro': 0.6201255411255411, 'rec_macro': 0.6079574847625313, 'f1_micro': 0.9925129310344828, 'prec_micro': 0.9925129310344828, 'rec_micro': 0.9925129310344828}
epoch 47 time: 1.31e+02s, train loss: 4.663, metrics: {'f1': 0.21092456845589974, 'f1_macro': 0.5983622109436183, 'prec_macro': 0.6095703463203463, 'rec_macro': 0.6036561006608104, 'f1_micro': 0.9928081896551724, 'prec_micro': 0.9928081896551724, 'rec_micro': 0.9928081896551724}
epoch 48 time: 1.31e+02s, train loss: 4.665, metrics: {'f1': 0.21843971631205675, 'f1_macro': 0.6019221127206864, 'prec_macro': 0.6135865800865801, 'rec_macro': 0.6074304517020409, 'f1_micro': 0.992875, 'prec_micro': 0.992875, 'rec_micro': 0.992875}
epoch 49 time: 1.31e+02s, train loss: 4.658, metrics: {'f1': 0.213751507840772, 'f1_macro': 0.6015778092999299, 'prec_macro': 0.6089080086580086, 'rec_macro': 0.6051119489942882, 'f1_micro': 0.9929762931034483, 'prec_micro': 0.9929762931034483, 'rec_micro': 0.9929762931034483}
epoch 50 time: 1.31e+02s, train loss: 4.665, metrics: {'f1': 0.21875, 'f1_macro': 0.605190226236495, 'prec_macro': 0.6102164502164502, 'rec_macro': 0.6076432183430314, 'f1_micro': 0.993103448275862, 'prec_micro': 0.993103448275862, 'rec_micro': 0.993103448275862}
epoch 51 time: 1.31e+02s, train loss: 4.666, metrics: {'f1': 0.20808129687878052, 'f1_macro': 0.5990973760464939, 'prec_macro': 0.6056569264069264, 'rec_macro': 0.602269289574965, 'f1_micro': 0.9929461206896552, 'prec_micro': 0.9929461206896552, 'rec_micro': 0.9929461206896552}
epoch 52 time: 1.32e+02s, train loss: 4.668, metrics: {'f1': 0.22420014433485688, 'f1_macro': 0.6063596611785433, 'prec_macro': 0.6146699134199134, 'rec_macro': 0.6103546457259227, 'f1_micro': 0.9930495689655172, 'prec_micro': 0.9930495689655172, 'rec_micro': 0.9930495689655172}
epoch 53 time: 1.32e+02s, train loss: 4.668, metrics: {'f1': 0.22639668211758965, 'f1_macro': 0.6088661292952671, 'prec_macro': 0.6142305194805195, 'rec_macro': 0.6114822481007831, 'f1_micro': 0.993165948275862, 'prec_micro': 0.993165948275862, 'rec_micro': 0.993165948275862}
epoch 54 time: 1.32e+02s, train loss: 4.675, metrics: {'f1': 0.21197929504560017, 'f1_macro': 0.6028218034434546, 'prec_macro': 0.6057391774891775, 'rec_macro': 0.604259562441794, 'f1_micro': 0.9931099137931034, 'prec_micro': 0.9931099137931034, 'rec_micro': 0.9931099137931034}
epoch 55 time: 1.32e+02s, train loss: 4.675, metrics: {'f1': 0.21382133397543945, 'f1_macro': 0.6014273962810188, 'prec_macro': 0.6091504329004329, 'rec_macro': 0.6051435994971072, 'f1_micro': 0.9929633620689655, 'prec_micro': 0.9929633620689655, 'rec_micro': 0.9929633620689655}
epoch 56 time: 1.32e+02s, train loss: 4.675, metrics: {'f1': 0.22185273159144892, 'f1_macro': 0.6039962632130195, 'prec_macro': 0.6148636363636364, 'rec_macro': 0.6091532355388478, 'f1_micro': 0.9929396551724138, 'prec_micro': 0.9929396551724138, 'rec_micro': 0.9929396551724138}
epoch 57 time: 1.32e+02s, train loss: 4.667, metrics: {'f1': 0.22872087494056112, 'f1_macro': 0.6073761794883513, 'prec_macro': 0.6183831168831169, 'rec_macro': 0.6126046347696785, 'f1_micro': 0.9930086206896551, 'prec_micro': 0.9930086206896551, 'rec_micro': 0.9930086206896551}
epoch 58 time: 1.32e+02s, train loss: 4.67, metrics: {'f1': 0.21290626471973623, 'f1_macro': 0.598947113158529, 'prec_macro': 0.6110584415584416, 'rec_macro': 0.6046442092050022, 'f1_micro': 0.9927974137931035, 'prec_micro': 0.9927974137931035, 'rec_micro': 0.9927974137931035}
epoch 59 time: 1.32e+02s, train loss: 4.679, metrics: {'f1': 0.2146547674964772, 'f1_macro': 0.5995249019599245, 'prec_macro': 0.6123008658008658, 'rec_macro': 0.6055173545409491, 'f1_micro': 0.9927931034482759, 'prec_micro': 0.9927931034482759, 'rec_micro': 0.9927931034482759}
epoch 60 time: 1.31e+02s, train loss: 4.684, metrics: {'f1': 0.2088200238379023, 'f1_macro': 0.598081019562759, 'prec_macro': 0.6075984848484849, 'rec_macro': 0.6026136371428891, 'f1_micro': 0.9928469827586207, 'prec_micro': 0.9928469827586207, 'rec_micro': 0.9928469827586207}
epoch 61 time: 1.31e+02s, train loss: 4.681, metrics: {'f1': 0.20743639921722112, 'f1_macro': 0.599826614400819, 'prec_macro': 0.6041991341991342, 'rec_macro': 0.6019647858635786, 'f1_micro': 0.9930172413793104, 'prec_micro': 0.9930172413793104, 'rec_micro': 0.9930172413793104}
epoch 62 time: 1.32e+02s, train loss: 4.67, metrics: {'f1': 0.2119205298013245, 'f1_macro': 0.6022988957184056, 'prec_macro': 0.606219696969697, 'rec_macro': 0.6042214836385874, 'f1_micro': 0.9930754310344828, 'prec_micro': 0.9930754310344828, 'rec_micro': 0.9930754310344829}
epoch 63 time: 1.34e+02s, train loss: 4.664, metrics: {'f1': 0.21112204724409447, 'f1_macro': 0.602223966593983, 'prec_macro': 0.6054805194805195, 'rec_macro': 0.6038260549662096, 'f1_micro': 0.9930905172413793, 'prec_micro': 0.9930905172413793, 'rec_micro': 0.9930905172413793}
epoch 64 time: 1.34e+02s, train loss: 4.675, metrics: {'f1': 0.20170859041290934, 'f1_macro': 0.5942747910961358, 'prec_macro': 0.6043138528138527, 'rec_macro': 0.5990335271930836, 'f1_micro': 0.99275, 'prec_micro': 0.99275, 'rec_micro': 0.99275}
epoch 65 time: 1.33e+02s, train loss: 4.678, metrics: {'f1': 0.20229454460313745, 'f1_macro': 0.593414319647025, 'prec_macro': 0.6060097402597403, 'rec_macro': 0.5993031167104808, 'f1_micro': 0.992657327586207, 'prec_micro': 0.992657327586207, 'rec_micro': 0.992657327586207}
epoch 66 time: 1.33e+02s, train loss: 4.677, metrics: {'f1': 0.21451990632318502, 'f1_macro': 0.59921125023864, 'prec_macro': 0.6125389610389611, 'rec_macro': 0.6054444876034748, 'f1_micro': 0.9927715517241379, 'prec_micro': 0.9927715517241379, 'rec_micro': 0.9927715517241379}
epoch 67 time: 1.32e+02s, train loss: 4.679, metrics: {'f1': 0.21687299403943144, 'f1_macro': 0.598473117697278, 'prec_macro': 0.6162056277056277, 'rec_macro': 0.6065872876974487, 'f1_micro': 0.9926379310344827, 'prec_micro': 0.9926379310344827, 'rec_micro': 0.9926379310344827}
epoch 68 time: 1.32e+02s, train loss: 4.696, metrics: {'f1': 0.19653432770344376, 'f1_macro': 0.5858525045942802, 'prec_macro': 0.609715367965368, 'rec_macro': 0.596283821115153, 'f1_micro': 0.9921056034482758, 'prec_micro': 0.9921056034482758, 'rec_micro': 0.9921056034482758}
epoch 69 time: 1.32e+02s, train loss: 4.729, metrics: {'f1': 0.1852090032154341, 'f1_macro': 0.5793512408346029, 'prec_macro': 0.6055833333333334, 'rec_macro': 0.5905462020739617, 'f1_micro': 0.9918081896551724, 'prec_micro': 0.9918081896551724, 'rec_micro': 0.9918081896551724}
epoch 70 time: 1.32e+02s, train loss: 4.706, metrics: {'f1': 0.2126865671641791, 'f1_macro': 0.5979783116699636, 'prec_macro': 0.612017316017316, 'rec_macro': 0.6045158741730963, 'f1_micro': 0.9927241379310345, 'prec_micro': 0.9927241379310345, 'rec_micro': 0.9927241379310345}
epoch 71 time: 1.31e+02s, train loss: 4.686, metrics: {'f1': 0.20628246351719018, 'f1_macro': 0.600342437361638, 'prec_macro': 0.6024902597402597, 'rec_macro': 0.6014046790835248, 'f1_micro': 0.9930840517241379, 'prec_micro': 0.9930840517241379, 'rec_micro': 0.9930840517241379}
epoch 72 time: 1.32e+02s, train loss: 4.706, metrics: {'f1': 0.2048463652260804, 'f1_macro': 0.6006256898848378, 'prec_macro': 0.600775974025974, 'rec_macro': 0.6007007744234032, 'f1_micro': 0.9931400862068965, 'prec_micro': 0.9931400862068965, 'rec_micro': 0.9931400862068965}
epoch 73 time: 1.32e+02s, train loss: 4.697, metrics: {'f1': 0.20592520641087908, 'f1_macro': 0.5983883652528905, 'prec_macro': 0.6041666666666666, 'rec_macro': 0.6011928966844768, 'f1_micro': 0.9929525862068965, 'prec_micro': 0.9929525862068965, 'rec_micro': 0.9929525862068965}
epoch 74 time: 1.33e+02s, train loss: 4.681, metrics: {'f1': 0.20289156626506025, 'f1_macro': 0.5961975472757439, 'prec_macro': 0.6033787878787878, 'rec_macro': 0.599655449203862, 'f1_micro': 0.9928706896551724, 'prec_micro': 0.9928706896551724, 'rec_micro': 0.9928706896551724}
epoch 75 time: 1.33e+02s, train loss: 4.679, metrics: {'f1': 0.205226564373052, 'f1_macro': 0.596870157960115, 'prec_macro': 0.6051136363636364, 'rec_macro': 0.6008191189809977, 'f1_micro': 0.9928556034482758, 'prec_micro': 0.9928556034482758, 'rec_micro': 0.9928556034482758}
epoch 76 time: 1.32e+02s, train loss: 4.687, metrics: {'f1': 0.19645424053665547, 'f1_macro': 0.592574800600238, 'prec_macro': 0.6005909090909091, 'rec_macro': 0.5964118433655343, 'f1_micro': 0.9927715517241379, 'prec_micro': 0.9927715517241379, 'rec_micro': 0.9927715517241379}
epoch 77 time: 1.32e+02s, train loss: 4.691, metrics: {'f1': 0.20245398773006132, 'f1_macro': 0.594143411250713, 'prec_macro': 0.6052922077922078, 'rec_macro': 0.5993975183074737, 'f1_micro': 0.9927155172413793, 'prec_micro': 0.9927155172413793, 'rec_micro': 0.9927155172413793}
epoch 78 time: 1.32e+02s, train loss: 4.699, metrics: {'f1': 0.2018867924528302, 'f1_macro': 0.5938335313335313, 'prec_macro': 0.605038961038961, 'rec_macro': 0.5991117516434066, 'f1_micro': 0.9927068965517242, 'prec_micro': 0.9927068965517242, 'rec_micro': 0.9927068965517242}
epoch 79 time: 1.33e+02s, train loss: 4.698, metrics: {'f1': 0.19222614840989402, 'f1_macro': 0.5891447389919533, 'prec_macro': 0.6000119047619048, 'rec_macro': 0.5942570626001383, 'f1_micro': 0.9926099137931035, 'prec_micro': 0.9926099137931035, 'rec_micro': 0.9926099137931035}
epoch 80 time: 1.33e+02s, train loss: 4.706, metrics: {'f1': 0.1958640361302591, 'f1_macro': 0.5916199896243554, 'prec_macro': 0.6010573593073593, 'rec_macro': 0.5961009801594516, 'f1_micro': 0.9927090517241379, 'prec_micro': 0.9927090517241379, 'rec_micro': 0.9927090517241379}
epoch 81 time: 1.33e+02s, train loss: 4.696, metrics: {'f1': 0.2021608643457383, 'f1_macro': 0.5955191524241672, 'prec_macro': 0.6033625541125541, 'rec_macro': 0.5992819508423286, 'f1_micro': 0.9928383620689655, 'prec_micro': 0.9928383620689655, 'rec_micro': 0.9928383620689655}
epoch 82 time: 1.32e+02s, train loss: 4.693, metrics: {'f1': 0.2055984555984556, 'f1_macro': 0.5976430206067976, 'prec_macro': 0.6046406926406926, 'rec_macro': 0.6010175648560852, 'f1_micro': 0.9929051724137931, 'prec_micro': 0.9929051724137931, 'rec_micro': 0.9929051724137931}
epoch 83 time: 1.32e+02s, train loss: 4.69, metrics: {'f1': 0.20444659255679073, 'f1_macro': 0.5972170083451886, 'prec_macro': 0.6038939393939394, 'rec_macro': 0.6004416449062208, 'f1_micro': 0.9929051724137931, 'prec_micro': 0.9929051724137931, 'rec_micro': 0.9929051724137931}
epoch 84 time: 1.33e+02s, train loss: 4.687, metrics: {'f1': 0.19611650485436896, 'f1_macro': 0.5935552973818242, 'prec_macro': 0.5991428571428572, 'rec_macro': 0.5962658118504862, 'f1_micro': 0.9928620689655172, 'prec_micro': 0.9928620689655172, 'rec_micro': 0.9928620689655172}
epoch 85 time: 1.33e+02s, train loss: 4.694, metrics: {'f1': 0.18433179723502305, 'f1_macro': 0.5877422825807106, 'prec_macro': 0.5931136363636363, 'rec_macro': 0.5903458511436596, 'f1_micro': 0.9927521551724138, 'prec_micro': 0.9927521551724138, 'rec_micro': 0.9927521551724138}
epoch 86 time: 1.33e+02s, train loss: 4.705, metrics: {'f1': 0.18050888142102736, 'f1_macro': 0.585037729716982, 'prec_macro': 0.5920627705627706, 'rec_macro': 0.5884067061608002, 'f1_micro': 0.9926422413793103, 'prec_micro': 0.9926422413793103, 'rec_micro': 0.9926422413793103}
epoch 87 time: 1.33e+02s, train loss: 4.714, metrics: {'f1': 0.1754636233951498, 'f1_macro': 0.5818696005127482, 'prec_macro': 0.5902619047619048, 'rec_macro': 0.5858547698462531, 'f1_micro': 0.9925258620689655, 'prec_micro': 0.9925258620689655, 'rec_micro': 0.9925258620689655}
epoch 88 time: 1.34e+02s, train loss: 4.721, metrics: {'f1': 0.18297271872060206, 'f1_macro': 0.5846232151633354, 'prec_macro': 0.5952337662337662, 'rec_macro': 0.5896059763987141, 'f1_micro': 0.9925129310344828, 'prec_micro': 0.9925129310344828, 'rec_micro': 0.9925129310344828}
epoch 89 time: 1.34e+02s, train loss: 4.721, metrics: {'f1': 0.18173213440605776, 'f1_macro': 0.5845035955734148, 'prec_macro': 0.5940064935064935, 'rec_macro': 0.5889943972924231, 'f1_micro': 0.9925474137931034, 'prec_micro': 0.9925474137931034, 'rec_micro': 0.9925474137931034}
epoch 90 time: 1.33e+02s, train loss: 4.708, metrics: {'f1': 0.18617021276595744, 'f1_macro': 0.5883733726827574, 'prec_macro': 0.5943549783549784, 'rec_macro': 0.5912634096830315, 'f1_micro': 0.9927456896551724, 'prec_micro': 0.9927456896551724, 'rec_micro': 0.9927456896551724}
epoch 91 time: 1.33e+02s, train loss: 4.713, metrics: {'f1': 0.1860691670725767, 'f1_macro': 0.588941773253181, 'prec_macro': 0.5936341991341991, 'rec_macro': 0.591225934492134, 'f1_micro': 0.9927974137931035, 'prec_micro': 0.9927974137931035, 'rec_micro': 0.9927974137931035}
epoch 92 time: 1.33e+02s, train loss: 4.723, metrics: {'f1': 0.18288222384784197, 'f1_macro': 0.5874841749542162, 'prec_macro': 0.5918820346320346, 'rec_macro': 0.5896276020056291, 'f1_micro': 0.9927780172413793, 'prec_micro': 0.9927780172413793, 'rec_micro': 0.9927780172413793}
epoch 93 time: 1.33e+02s, train loss: 4.731, metrics: {'f1': 0.1915312653865091, 'f1_macro': 0.5925821566852247, 'prec_macro': 0.5954393939393939, 'rec_macro': 0.5939884571684899, 'f1_micro': 0.9929224137931034, 'prec_micro': 0.9929224137931034, 'rec_micro': 0.9929224137931034}
epoch 94 time: 1.32e+02s, train loss: 4.726, metrics: {'f1': 0.18248712288447386, 'f1_macro': 0.5877900403443218, 'prec_macro': 0.5911547619047619, 'rec_macro': 0.5894398397035207, 'f1_micro': 0.9928168103448276, 'prec_micro': 0.9928168103448276, 'rec_micro': 0.9928168103448276}
epoch 95 time: 1.32e+02s, train loss: 4.722, metrics: {'f1': 0.19038272816486754, 'f1_macro': 0.5917040644893181, 'prec_macro': 0.5951731601731601, 'rec_macro': 0.593405502907705, 'f1_micro': 0.9928879310344828, 'prec_micro': 0.9928879310344828, 'rec_micro': 0.9928879310344828}
epoch 96 time: 1.32e+02s, train loss: 4.723, metrics: {'f1': 0.1931068198484478, 'f1_macro': 0.5927150599190475, 'prec_macro': 0.5969145021645021, 'rec_macro': 0.5947669785765479, 'f1_micro': 0.9928857758620689, 'prec_micro': 0.9928857758620689, 'rec_micro': 0.9928857758620689}
epoch 97 time: 1.33e+02s, train loss: 4.719, metrics: {'f1': 0.19410912602607439, 'f1_macro': 0.5921075660625097, 'prec_macro': 0.5986168831168831, 'rec_macro': 0.5952480083260615, 'f1_micro': 0.9928060344827586, 'prec_micro': 0.9928060344827586, 'rec_micro': 0.9928060344827586}
epoch 98 time: 1.33e+02s, train loss: 4.726, metrics: {'f1': 0.196144578313253, 'f1_macro': 0.5929265768861832, 'prec_macro': 0.5998636363636364, 'rec_macro': 0.596266801252746, 'f1_micro': 0.9928103448275862, 'prec_micro': 0.9928103448275862, 'rec_micro': 0.9928103448275862}
epoch 99 time: 1.33e+02s, train loss: 4.729, metrics: {'f1': 0.1884892086330935, 'f1_macro': 0.5888131777098741, 'prec_macro': 0.5963268398268398, 'rec_macro': 0.5924130985200258, 'f1_micro': 0.9927068965517242, 'prec_micro': 0.9927068965517242, 'rec_micro': 0.9927068965517242}
epoch 100 time: 1.33e+02s, train loss: 4.728, metrics: {'f1': 0.1882576657951034, 'f1_macro': 0.5879778357589965, 'prec_macro': 0.5970400432900433, 'rec_macro': 0.5922804750944508, 'f1_micro': 0.9926400862068966, 'prec_micro': 0.9926400862068966, 'rec_micro': 0.9926400862068966}
post-training summary -- best {'f1': 0.22872087494056112, 'f1_macro': 0.6073761794883513, 'prec_macro': 0.6183831168831169, 'rec_macro': 0.6126046347696785, 'f1_micro': 0.9930086206896551, 'prec_micro': 0.9930086206896551, 'rec_micro': 0.9930086206896551}
run 4 start -- seed=3
initialized continuityBERT with 547661 parameters.
/home/azureuser/.local/lib/python3.8/site-packages/sklearn/metrics/_classification.py:1344: UndefinedMetricWarning: Precision and F-score are ill-defined and being set to 0.0 in labels with no predicted samples. Use `zero_division` parameter to control this behavior.
  _warn_prf(average, modifier, msg_start, len(result))
epoch 1 time: 1.31e+02s, train loss: 4.942, metrics: {'f1': 0.0, 'f1_macro': 0.4978448275862069, 'prec_macro': 0.5, 'rec_macro': 0.4989200863930886, 'f1_micro': 0.9956896551724138, 'prec_micro': 0.9956896551724138, 'rec_micro': 0.9956896551724138}
epoch 2 time: 1.3e+02s, train loss: 4.914, metrics: {'f1': 0.09096989966555184, 'f1_macro': 0.5666739531990823, 'prec_macro': 0.5330757575757575, 'rec_macro': 0.5440157765265414, 'f1_micro': 0.9941422413793104, 'prec_micro': 0.9941422413793104, 'rec_micro': 0.9941422413793104}
epoch 3 time: 1.3e+02s, train loss: 4.85, metrics: {'f1': 0.14827096162955944, 'f1_macro': 0.5686054078947128, 'prec_macro': 0.5761839826839827, 'rec_macro': 0.5721891257381271, 'f1_micro': 0.99225, 'prec_micro': 0.99225, 'rec_micro': 0.99225}
epoch 4 time: 1.3e+02s, train loss: 4.819, metrics: {'f1': 0.16709936275666745, 'f1_macro': 0.5773415269754978, 'prec_macro': 0.5864621212121212, 'rec_macro': 0.5816395594098202, 'f1_micro': 0.9923943965517241, 'prec_micro': 0.9923943965517241, 'rec_micro': 0.9923943965517241}
epoch 5 time: 1.3e+02s, train loss: 4.793, metrics: {'f1': 0.18890772584160814, 'f1_macro': 0.5898493859536189, 'prec_macro': 0.5956179653679654, 'rec_macro': 0.5926413804421897, 'f1_micro': 0.9927823275862069, 'prec_micro': 0.9927823275862069, 'rec_micro': 0.9927823275862069}
epoch 6 time: 1.3e+02s, train loss: 4.769, metrics: {'f1': 0.18739903069466884, 'f1_macro': 0.5852860778030426, 'prec_macro': 0.5994145021645022, 'rec_macro': 0.5917935254180634, 'f1_micro': 0.9924116379310345, 'prec_micro': 0.9924116379310345, 'rec_micro': 0.9924116379310345}
epoch 7 time: 1.29e+02s, train loss: 4.743, metrics: {'f1': 0.19360858409143922, 'f1_macro': 0.5890137800193618, 'prec_macro': 0.601724025974026, 'rec_macro': 0.5949330398277688, 'f1_micro': 0.9925495689655173, 'prec_micro': 0.9925495689655173, 'rec_micro': 0.9925495689655173}
epoch 8 time: 1.29e+02s, train loss: 4.735, metrics: {'f1': 0.19257221458046767, 'f1_macro': 0.587196407737644, 'prec_macro': 0.6028982683982684, 'rec_macro': 0.5943795161798637, 'f1_micro': 0.9924094827586207, 'prec_micro': 0.9924094827586207, 'rec_micro': 0.9924094827586207}
epoch 9 time: 1.3e+02s, train loss: 4.728, metrics: {'f1': 0.1853635050553683, 'f1_macro': 0.5876201982234541, 'prec_macro': 0.5943354978354978, 'rec_macro': 0.5908502784508358, 'f1_micro': 0.9927068965517242, 'prec_micro': 0.9927068965517242, 'rec_micro': 0.9927068965517242}
epoch 10 time: 1.3e+02s, train loss: 4.717, metrics: {'f1': 0.19310991328802435, 'f1_macro': 0.5891493813360903, 'prec_macro': 0.6009924242424243, 'rec_macro': 0.5946913228883707, 'f1_micro': 0.9925797413793104, 'prec_micro': 0.9925797413793104, 'rec_micro': 0.9925797413793104}
epoch 11 time: 1.29e+02s, train loss: 4.714, metrics: {'f1': 0.1989051094890511, 'f1_macro': 0.5897489042869881, 'prec_macro': 0.6068917748917749, 'rec_macro': 0.5975513317254353, 'f1_micro': 0.9924310344827586, 'prec_micro': 0.9924310344827586, 'rec_micro': 0.9924310344827586}
epoch 12 time: 1.31e+02s, train loss: 4.703, metrics: {'f1': 0.20165208940719145, 'f1_macro': 0.596346583080566, 'prec_macro': 0.6019090909090908, 'rec_macro': 0.599047682917917, 'f1_micro': 0.9929181034482759, 'prec_micro': 0.9929181034482759, 'rec_micro': 0.9929181034482759}
epoch 13 time: 1.31e+02s, train loss: 4.706, metrics: {'f1': 0.20217441591487395, 'f1_macro': 0.5923666640452863, 'prec_macro': 0.6072088744588744, 'rec_macro': 0.5992202133261968, 'f1_micro': 0.9925668103448276, 'prec_micro': 0.9925668103448276, 'rec_micro': 0.9925668103448276}
epoch 14 time: 1.3e+02s, train loss: 4.7, metrics: {'f1': 0.1948271694464588, 'f1_macro': 0.5925621945855506, 'prec_macro': 0.5988733766233767, 'rec_macro': 0.5956108282539261, 'f1_micro': 0.9928211206896552, 'prec_micro': 0.9928211206896552, 'rec_micro': 0.9928211206896552}
epoch 15 time: 1.3e+02s, train loss: 4.699, metrics: {'f1': 0.18837097549255166, 'f1_macro': 0.5889159290846883, 'prec_macro': 0.5960844155844156, 'rec_macro': 0.592357245132311, 'f1_micro': 0.9927198275862069, 'prec_micro': 0.9927198275862069, 'rec_micro': 0.9927198275862069}
epoch 16 time: 1.3e+02s, train loss: 4.693, metrics: {'f1': 0.19676739283204497, 'f1_macro': 0.5908408320131381, 'prec_macro': 0.6029989177489178, 'rec_macro': 0.5965276365890815, 'f1_micro': 0.9926099137931035, 'prec_micro': 0.9926099137931035, 'rec_micro': 0.9926099137931035}
epoch 17 time: 1.3e+02s, train loss: 4.697, metrics: {'f1': 0.19315700072797864, 'f1_macro': 0.5920894476467377, 'prec_macro': 0.5976352813852814, 'rec_macro': 0.5947790222938092, 'f1_micro': 0.992834051724138, 'prec_micro': 0.992834051724138, 'rec_micro': 0.992834051724138}
epoch 18 time: 1.31e+02s, train loss: 4.69, metrics: {'f1': 0.19752498810090433, 'f1_macro': 0.5925163975918335, 'prec_macro': 0.6018160173160173, 'rec_macro': 0.5969374197376696, 'f1_micro': 0.9927327586206897, 'prec_micro': 0.9927327586206897, 'rec_micro': 0.9927327586206897}
epoch 19 time: 1.3e+02s, train loss: 4.682, metrics: {'f1': 0.20276497695852533, 'f1_macro': 0.5967330186969343, 'prec_macro': 0.6026547619047619, 'rec_macro': 0.5996035720217688, 'f1_micro': 0.992915948275862, 'prec_micro': 0.992915948275862, 'rec_micro': 0.992915948275862}
epoch 20 time: 1.31e+02s, train loss: 4.68, metrics: {'f1': 0.19951923076923075, 'f1_macro': 0.5943488525768102, 'prec_macro': 0.6018614718614719, 'rec_macro': 0.5979573552529909, 'f1_micro': 0.992823275862069, 'prec_micro': 0.992823275862069, 'rec_micro': 0.992823275862069}
epoch 21 time: 1.32e+02s, train loss: 4.673, metrics: {'f1': 0.20187454938716656, 'f1_macro': 0.5954666799509157, 'prec_macro': 0.6031158008658009, 'rec_macro': 0.5991398835897221, 'f1_micro': 0.9928426724137931, 'prec_micro': 0.9928426724137931, 'rec_micro': 0.9928426724137931}
epoch 22 time: 1.3e+02s, train loss: 4.674, metrics: {'f1': 0.20947976878612717, 'f1_macro': 0.5957439338174284, 'prec_macro': 0.6112240259740259, 'rec_macro': 0.6028891251974591, 'f1_micro': 0.9926314655172414, 'prec_micro': 0.9926314655172414, 'rec_micro': 0.9926314655172414}
epoch 23 time: 1.3e+02s, train loss: 4.671, metrics: {'f1': 0.21259469696969696, 'f1_macro': 0.5992648589281445, 'prec_macro': 0.6103290043290043, 'rec_macro': 0.6044971285181033, 'f1_micro': 0.9928318965517241, 'prec_micro': 0.9928318965517241, 'rec_micro': 0.9928318965517241}
epoch 24 time: 1.3e+02s, train loss: 4.667, metrics: {'f1': 0.21605980226669885, 'f1_macro': 0.6026514372389699, 'prec_macro': 0.6101612554112554, 'rec_macro': 0.6062704220820285, 'f1_micro': 0.9929935344827586, 'prec_micro': 0.9929935344827586, 'rec_micro': 0.9929935344827586}
epoch 25 time: 1.3e+02s, train loss: 4.666, metrics: {'f1': 0.2082926829268293, 'f1_macro': 0.599963917153785, 'prec_macro': 0.6049393939393939, 'rec_macro': 0.6023896578396458, 'f1_micro': 0.9930043103448276, 'prec_micro': 0.9930043103448276, 'rec_micro': 0.9930043103448276}
epoch 26 time: 1.3e+02s, train loss: 4.667, metrics: {'f1': 0.19942748091603055, 'f1_macro': 0.5936338822896284, 'prec_macro': 0.6025800865800865, 'rec_macro': 0.5978973457093228, 'f1_micro': 0.9927672413793104, 'prec_micro': 0.9927672413793104, 'rec_micro': 0.9927672413793104}
epoch 27 time: 1.3e+02s, train loss: 4.661, metrics: {'f1': 0.21032320308731306, 'f1_macro': 0.5998911671981516, 'prec_macro': 0.6071493506493507, 'rec_macro': 0.6033896765425201, 'f1_micro': 0.9929439655172414, 'prec_micro': 0.9929439655172414, 'rec_micro': 0.9929439655172414}
epoch 28 time: 1.3e+02s, train loss: 4.657, metrics: {'f1': 0.205607476635514, 'f1_macro': 0.599449299217431, 'prec_macro': 0.6027164502164503, 'rec_macro': 0.6010557779656106, 'f1_micro': 0.9930387931034482, 'prec_micro': 0.9930387931034482, 'rec_micro': 0.9930387931034482}
epoch 29 time: 1.3e+02s, train loss: 4.66, metrics: {'f1': 0.21291108404384898, 'f1_macro': 0.6021085320853299, 'prec_macro': 0.6074448051948051, 'rec_macro': 0.6047069666968063, 'f1_micro': 0.9930366379310345, 'prec_micro': 0.9930366379310345, 'rec_micro': 0.9930366379310345}
epoch 30 time: 1.3e+02s, train loss: 4.657, metrics: {'f1': 0.20889840590054723, 'f1_macro': 0.5979467222537079, 'prec_macro': 0.607840909090909, 'rec_macro': 0.6026495651510602, 'f1_micro': 0.992834051724138, 'prec_micro': 0.992834051724138, 'rec_micro': 0.992834051724138}
epoch 31 time: 1.3e+02s, train loss: 4.66, metrics: {'f1': 0.2106497771522402, 'f1_macro': 0.5975250681462215, 'prec_macro': 0.6102867965367965, 'rec_macro': 0.6035034826997723, 'f1_micro': 0.9927478448275862, 'prec_micro': 0.9927478448275862, 'rec_micro': 0.9927478448275862}
epoch 32 time: 1.3e+02s, train loss: 4.658, metrics: {'f1': 0.2065347006916289, 'f1_macro': 0.5970266140172056, 'prec_macro': 0.6063452380952381, 'rec_macro': 0.6014666495500854, 'f1_micro': 0.9928297413793103, 'prec_micro': 0.9928297413793103, 'rec_micro': 0.9928297413793103}
epoch 33 time: 1.3e+02s, train loss: 4.66, metrics: {'f1': 0.21308321308321307, 'f1_macro': 0.6009556931592126, 'prec_macro': 0.6088939393939394, 'rec_macro': 0.6047707409606955, 'f1_micro': 0.992948275862069, 'prec_micro': 0.992948275862069, 'rec_micro': 0.992948275862069}
epoch 34 time: 1.31e+02s, train loss: 4.652, metrics: {'f1': 0.22525597269624573, 'f1_macro': 0.6082304680404045, 'prec_macro': 0.6137251082251083, 'rec_macro': 0.6109080995207891, 'f1_micro': 0.9931508620689655, 'prec_micro': 0.9931508620689655, 'rec_micro': 0.9931508620689655}
epoch 35 time: 1.3e+02s, train loss: 4.65, metrics: {'f1': 0.21395775941230485, 'f1_macro': 0.5972349812206552, 'prec_macro': 0.6144545454545455, 'rec_macro': 0.6051253517235097, 'f1_micro': 0.9926206896551724, 'prec_micro': 0.9926206896551724, 'rec_micro': 0.9926206896551724}
epoch 36 time: 1.31e+02s, train loss: 4.671, metrics: {'f1': 0.20576701268742792, 'f1_macro': 0.5938201734245084, 'prec_macro': 0.6094556277056277, 'rec_macro': 0.6010197353877937, 'f1_micro': 0.9925797413793104, 'prec_micro': 0.9925797413793104, 'rec_micro': 0.9925797413793104}
epoch 37 time: 1.3e+02s, train loss: 4.667, metrics: {'f1': 0.21055202735710796, 'f1_macro': 0.6012146874953256, 'prec_macro': 0.6059502164502164, 'rec_macro': 0.6035269179913304, 'f1_micro': 0.9930344827586207, 'prec_micro': 0.9930344827586207, 'rec_micro': 0.9930344827586207}
epoch 38 time: 1.3e+02s, train loss: 4.664, metrics: {'f1': 0.21355529131985732, 'f1_macro': 0.6001347423770484, 'prec_macro': 0.6103495670995671, 'rec_macro': 0.604987746385739, 'f1_micro': 0.9928728448275862, 'prec_micro': 0.9928728448275862, 'rec_micro': 0.9928728448275862}
epoch 39 time: 1.31e+02s, train loss: 4.653, metrics: {'f1': 0.21354656632173097, 'f1_macro': 0.599125216216373, 'prec_macro': 0.6115541125541125, 'rec_macro': 0.6049632657102189, 'f1_micro': 0.9927931034482759, 'prec_micro': 0.9927931034482759, 'rec_micro': 0.9927931034482759}
epoch 40 time: 1.3e+02s, train loss: 4.649, metrics: {'f1': 0.2128466461246741, 'f1_macro': 0.5994923314711144, 'prec_macro': 0.6103344155844156, 'rec_macro': 0.6046258191084779, 'f1_micro': 0.9928426724137931, 'prec_micro': 0.9928426724137931, 'rec_micro': 0.9928426724137931}
epoch 41 time: 1.3e+02s, train loss: 4.649, metrics: {'f1': 0.21949525353090993, 'f1_macro': 0.6005465675320419, 'prec_macro': 0.6165032467532467, 'rec_macro': 0.6079228625882119, 'f1_micro': 0.9927349137931034, 'prec_micro': 0.9927349137931034, 'rec_micro': 0.9927349137931034}
epoch 42 time: 1.31e+02s, train loss: 4.654, metrics: {'f1': 0.22375215146299485, 'f1_macro': 0.6083905726370212, 'prec_macro': 0.6120054112554112, 'rec_macro': 0.6101676185165261, 'f1_micro': 0.9931961206896551, 'prec_micro': 0.9931961206896551, 'rec_micro': 0.9931961206896551}
epoch 43 time: 1.3e+02s, train loss: 4.651, metrics: {'f1': 0.22518726591760302, 'f1_macro': 0.6042089654149165, 'prec_macro': 0.6183116883116883, 'rec_macro': 0.6108019800046852, 'f1_micro': 0.9928663793103448, 'prec_micro': 0.9928663793103448, 'rec_micro': 0.9928663793103448}
epoch 44 time: 1.3e+02s, train loss: 4.657, metrics: {'f1': 0.22360801781737194, 'f1_macro': 0.5991802794371784, 'prec_macro': 0.6233484848484849, 'rec_macro': 0.6099166443972026, 'f1_micro': 0.9924870689655172, 'prec_micro': 0.9924870689655172, 'rec_micro': 0.9924870689655172}
epoch 45 time: 1.3e+02s, train loss: 4.654, metrics: {'f1': 0.21929614555901367, 'f1_macro': 0.6035211585351155, 'prec_macro': 0.6126396103896105, 'rec_macro': 0.6078831242991161, 'f1_micro': 0.9929719827586206, 'prec_micro': 0.9929719827586206, 'rec_micro': 0.9929719827586206}
epoch 46 time: 1.3e+02s, train loss: 4.651, metrics: {'f1': 0.22276264591439687, 'f1_macro': 0.6067587944709671, 'prec_macro': 0.6127099567099568, 'rec_macro': 0.6096516760735935, 'f1_micro': 0.9931120689655173, 'prec_micro': 0.9931120689655173, 'rec_micro': 0.9931120689655173}
epoch 47 time: 1.3e+02s, train loss: 4.659, metrics: {'f1': 0.22108345534407026, 'f1_macro': 0.606285364226522, 'prec_macro': 0.611469696969697, 'rec_macro': 0.6088142717297382, 'f1_micro': 0.9931206896551724, 'prec_micro': 0.9931206896551724, 'rec_micro': 0.9931206896551724}
epoch 48 time: 1.3e+02s, train loss: 4.656, metrics: {'f1': 0.2198824681684623, 'f1_macro': 0.6060466511522173, 'prec_macro': 0.6104805194805195, 'rec_macro': 0.6082170513663218, 'f1_micro': 0.9931336206896552, 'prec_micro': 0.9931336206896552, 'rec_micro': 0.9931336206896552}
epoch 49 time: 1.3e+02s, train loss: 4.652, metrics: {'f1': 0.2161902474177276, 'f1_macro': 0.6023441101730397, 'prec_macro': 0.610646103896104, 'rec_macro': 0.6063291195328024, 'f1_micro': 0.9929676724137931, 'prec_micro': 0.9929676724137931, 'rec_micro': 0.9929676724137931}
epoch 50 time: 1.3e+02s, train loss: 4.659, metrics: {'f1': 0.21857659831121834, 'f1_macro': 0.6039196375394966, 'prec_macro': 0.6114188311688311, 'rec_macro': 0.6075353184389383, 'f1_micro': 0.9930193965517241, 'prec_micro': 0.9930193965517241, 'rec_micro': 0.9930193965517241}
epoch 51 time: 1.3e+02s, train loss: 4.654, metrics: {'f1': 0.22114216281895507, 'f1_macro': 0.6058925175847528, 'prec_macro': 0.6119534632034632, 'rec_macro': 0.6088365581733605, 'f1_micro': 0.9930926724137931, 'prec_micro': 0.9930926724137931, 'rec_micro': 0.9930926724137931}
epoch 52 time: 1.3e+02s, train loss: 4.647, metrics: {'f1': 0.22447992259313015, 'f1_macro': 0.6070532062896921, 'prec_macro': 0.6141926406926407, 'rec_macro': 0.6105048611846441, 'f1_micro': 0.9930905172413793, 'prec_micro': 0.9930905172413793, 'rec_micro': 0.9930905172413793}
epoch 53 time: 1.3e+02s, train loss: 4.649, metrics: {'f1': 0.22405431619786614, 'f1_macro': 0.6070921131129529, 'prec_macro': 0.6137012987012987, 'rec_macro': 0.6102953239566888, 'f1_micro': 0.993103448275862, 'prec_micro': 0.993103448275862, 'rec_micro': 0.993103448275862}
epoch 54 time: 1.3e+02s, train loss: 4.654, metrics: {'f1': 0.2173702086365842, 'f1_macro': 0.6038806943642155, 'prec_macro': 0.6101883116883117, 'rec_macro': 0.6069392028031569, 'f1_micro': 0.9930474137931035, 'prec_micro': 0.9930474137931035, 'rec_micro': 0.9930474137931035}
epoch 55 time: 1.3e+02s, train loss: 4.648, metrics: {'f1': 0.22276862552249813, 'f1_macro': 0.6079046148842884, 'prec_macro': 0.6115032467532467, 'rec_macro': 0.6096736908871522, 'f1_micro': 0.9931875, 'prec_micro': 0.9931875, 'rec_micro': 0.9931875}
epoch 56 time: 1.31e+02s, train loss: 4.659, metrics: {'f1': 0.2267126663380976, 'f1_macro': 0.6100921133818629, 'prec_macro': 0.6132705627705628, 'rec_macro': 0.6116581746266294, 'f1_micro': 0.9932370689655172, 'prec_micro': 0.9932370689655172, 'rec_micro': 0.9932370689655172}
epoch 57 time: 1.31e+02s, train loss: 4.668, metrics: {'f1': 0.2242718446601942, 'f1_macro': 0.6072973295358919, 'prec_macro': 0.6137056277056278, 'rec_macro': 0.6104062604692493, 'f1_micro': 0.9931120689655173, 'prec_micro': 0.9931120689655173, 'rec_micro': 0.9931120689655173}
epoch 58 time: 1.3e+02s, train loss: 4.665, metrics: {'f1': 0.22924710424710423, 'f1_macro': 0.6091233062498772, 'prec_macro': 0.6169437229437229, 'rec_macro': 0.6128949277491907, 'f1_micro': 0.9931163793103448, 'prec_micro': 0.9931163793103448, 'rec_micro': 0.9931163793103448}
epoch 59 time: 1.3e+02s, train loss: 4.656, metrics: {'f1': 0.21750536608633436, 'f1_macro': 0.6022954742432909, 'prec_macro': 0.6121201298701299, 'rec_macro': 0.6069768792226723, 'f1_micro': 0.9929288793103448, 'prec_micro': 0.9929288793103448, 'rec_micro': 0.9929288793103448}
epoch 60 time: 1.33e+02s, train loss: 4.66, metrics: {'f1': 0.20926404890665415, 'f1_macro': 0.5970733900792264, 'prec_macro': 0.60929329004329, 'rec_macro': 0.6028117208420569, 'f1_micro': 0.9927521551724138, 'prec_micro': 0.9927521551724138, 'rec_micro': 0.9927521551724138}
epoch 61 time: 1.31e+02s, train loss: 4.665, metrics: {'f1': 0.21219281663516068, 'f1_macro': 0.5989030225049318, 'prec_macro': 0.6103203463203463, 'rec_macro': 0.6042918426690624, 'f1_micro': 0.9928146551724137, 'prec_micro': 0.9928146551724137, 'rec_micro': 0.9928146551724137}
epoch 62 time: 1.31e+02s, train loss: 4.657, metrics: {'f1': 0.22271714922049002, 'f1_macro': 0.6085624403341559, 'prec_macro': 0.6107781385281386, 'rec_macro': 0.6096588238637293, 'f1_micro': 0.9932306034482759, 'prec_micro': 0.9932306034482759, 'rec_micro': 0.9932306034482759}
epoch 63 time: 1.31e+02s, train loss: 4.659, metrics: {'f1': 0.22320333578611723, 'f1_macro': 0.6078606236118045, 'prec_macro': 0.6119945887445888, 'rec_macro': 0.609887780480363, 'f1_micro': 0.9931745689655173, 'prec_micro': 0.9931745689655173, 'rec_micro': 0.9931745689655173}
epoch 64 time: 1.33e+02s, train loss: 4.648, metrics: {'f1': 0.21964759835867728, 'f1_macro': 0.6044869937304601, 'prec_macro': 0.6119231601731602, 'rec_macro': 0.6080740695133838, 'f1_micro': 0.9930323275862069, 'prec_micro': 0.9930323275862069, 'rec_micro': 0.9930323275862069}
epoch 65 time: 1.32e+02s, train loss: 4.649, metrics: {'f1': 0.2220086496876502, 'f1_macro': 0.6051804273876701, 'prec_macro': 0.6136601731601732, 'rec_macro': 0.6092518530901193, 'f1_micro': 0.993021551724138, 'prec_micro': 0.993021551724138, 'rec_micro': 0.993021551724138}
epoch 66 time: 1.31e+02s, train loss: 4.645, metrics: {'f1': 0.2240503266392451, 'f1_macro': 0.606868684301505, 'prec_macro': 0.6139426406926407, 'rec_macro': 0.6102895238823443, 'f1_micro': 0.9930883620689656, 'prec_micro': 0.9930883620689656, 'rec_micro': 0.9930883620689656}
epoch 67 time: 1.31e+02s, train loss: 4.644, metrics: {'f1': 0.21962503043584125, 'f1_macro': 0.6053474097557534, 'prec_macro': 0.6109577922077922, 'rec_macro': 0.60807800700106, 'f1_micro': 0.9930926724137931, 'prec_micro': 0.9930926724137931, 'rec_micro': 0.9930926724137931}
epoch 68 time: 1.31e+02s, train loss: 4.642, metrics: {'f1': 0.21078193297717338, 'f1_macro': 0.6007599081867784, 'prec_macro': 0.6066774891774892, 'rec_macro': 0.6036320838607185, 'f1_micro': 0.9929956896551724, 'prec_micro': 0.9929956896551724, 'rec_micro': 0.9929956896551724}
epoch 69 time: 1.32e+02s, train loss: 4.642, metrics: {'f1': 0.22807441410968832, 'f1_macro': 0.6086777534697196, 'prec_macro': 0.6161958874458875, 'rec_macro': 0.6123080508289617, 'f1_micro': 0.993114224137931, 'prec_micro': 0.993114224137931, 'rec_micro': 0.993114224137931}
epoch 70 time: 1.34e+02s, train loss: 4.642, metrics: {'f1': 0.22387701177035793, 'f1_macro': 0.6060599991072056, 'prec_macro': 0.6146634199134199, 'rec_macro': 0.610189820781638, 'f1_micro': 0.9930366379310345, 'prec_micro': 0.9930366379310345, 'rec_micro': 0.9930366379310345}
epoch 71 time: 1.31e+02s, train loss: 4.635, metrics: {'f1': 0.23296278395360076, 'f1_macro': 0.6110788222395297, 'prec_macro': 0.6187077922077922, 'rec_macro': 0.6147636029563622, 'f1_micro': 0.9931594827586206, 'prec_micro': 0.9931594827586206, 'rec_micro': 0.9931594827586206}
epoch 72 time: 1.32e+02s, train loss: 4.635, metrics: {'f1': 0.2304191616766467, 'f1_macro': 0.6089301503094606, 'prec_macro': 0.6184166666666666, 'rec_macro': 0.6134706151251201, 'f1_micro': 0.9930754310344828, 'prec_micro': 0.9930754310344828, 'rec_micro': 0.9930754310344829}
epoch 73 time: 1.32e+02s, train loss: 4.636, metrics: {'f1': 0.2302537099090474, 'f1_macro': 0.6087778328596416, 'prec_macro': 0.6184134199134199, 'rec_macro': 0.613386259904828, 'f1_micro': 0.9930689655172413, 'prec_micro': 0.9930689655172413, 'rec_micro': 0.9930689655172413}
epoch 74 time: 1.31e+02s, train loss: 4.644, metrics: {'f1': 0.2283278067266698, 'f1_macro': 0.6068171991373741, 'prec_macro': 0.6186168831168831, 'rec_macro': 0.6124004926737536, 'f1_micro': 0.9929784482758621, 'prec_micro': 0.9929784482758621, 'rec_micro': 0.9929784482758621}
epoch 75 time: 1.32e+02s, train loss: 4.644, metrics: {'f1': 0.23069767441860464, 'f1_macro': 0.6061973236903315, 'prec_macro': 0.6220476190476191, 'rec_macro': 0.6135582125476157, 'f1_micro': 0.9928706896551724, 'prec_micro': 0.9928706896551724, 'rec_micro': 0.9928706896551724}
epoch 76 time: 1.32e+02s, train loss: 4.637, metrics: {'f1': 0.22569778633301252, 'f1_macro': 0.6071087476886837, 'prec_macro': 0.6154242424242424, 'rec_macro': 0.611107257132717, 'f1_micro': 0.9930646551724138, 'prec_micro': 0.9930646551724138, 'rec_micro': 0.9930646551724138}
epoch 77 time: 1.32e+02s, train loss: 4.64, metrics: {'f1': 0.2219506233194818, 'f1_macro': 0.6068870075697406, 'prec_macro': 0.611728354978355, 'rec_macro': 0.6092527394150717, 'f1_micro': 0.9931400862068965, 'prec_micro': 0.9931400862068965, 'rec_micro': 0.9931400862068965}
epoch 78 time: 1.31e+02s, train loss: 4.641, metrics: {'f1': 0.22480620155038758, 'f1_macro': 0.6073597580399192, 'prec_macro': 0.6141991341991342, 'rec_macro': 0.6106712591347935, 'f1_micro': 0.993103448275862, 'prec_micro': 0.993103448275862, 'rec_micro': 0.993103448275862}
epoch 79 time: 1.32e+02s, train loss: 4.64, metrics: {'f1': 0.2343825665859564, 'f1_macro': 0.6119738690367826, 'prec_macro': 0.6192186147186147, 'rec_macro': 0.6154800035674757, 'f1_micro': 0.9931853448275862, 'prec_micro': 0.9931853448275862, 'rec_micro': 0.9931853448275862}
epoch 80 time: 1.31e+02s, train loss: 4.645, metrics: {'f1': 0.22525597269624573, 'f1_macro': 0.6082304680404045, 'prec_macro': 0.6137251082251083, 'rec_macro': 0.6109080995207891, 'f1_micro': 0.9931508620689655, 'prec_micro': 0.9931508620689655, 'rec_micro': 0.9931508620689655}
epoch 81 time: 1.31e+02s, train loss: 4.666, metrics: {'f1': 0.22953252535246105, 'f1_macro': 0.6118960000166395, 'prec_macro': 0.6142911255411255, 'rec_macro': 0.6130805781692676, 'f1_micro': 0.9932866379310344, 'prec_micro': 0.9932866379310344, 'rec_micro': 0.9932866379310344}
epoch 82 time: 1.3e+02s, train loss: 4.671, metrics: {'f1': 0.23238747553816047, 'f1_macro': 0.6120944633994739, 'prec_macro': 0.617004329004329, 'rec_macro': 0.6144955240863919, 'f1_micro': 0.9932370689655172, 'prec_micro': 0.9932370689655172, 'rec_micro': 0.9932370689655172}
epoch 83 time: 1.31e+02s, train loss: 4.662, metrics: {'f1': 0.23295316670710992, 'f1_macro': 0.6115087199632209, 'prec_macro': 0.6182240259740259, 'rec_macro': 0.6147658614949566, 'f1_micro': 0.9931875, 'prec_micro': 0.9931875, 'rec_micro': 0.9931875}
epoch 84 time: 1.31e+02s, train loss: 4.663, metrics: {'f1': 0.2261161785885742, 'f1_macro': 0.6070704050862515, 'prec_macro': 0.6159155844155844, 'rec_macro': 0.6113131870715933, 'f1_micro': 0.9930517241379311, 'prec_micro': 0.9930517241379311, 'rec_micro': 0.9930517241379311}
epoch 85 time: 1.32e+02s, train loss: 4.656, metrics: {'f1': 0.2127455678006708, 'f1_macro': 0.6004312982132034, 'prec_macro': 0.6091277056277057, 'rec_macro': 0.6045943104648617, 'f1_micro': 0.9929181034482759, 'prec_micro': 0.9929181034482759, 'rec_micro': 0.9929181034482759}
epoch 86 time: 1.31e+02s, train loss: 4.667, metrics: {'f1': 0.2157461809635723, 'f1_macro': 0.6001051659833074, 'prec_macro': 0.612806277056277, 'rec_macro': 0.6060668560772697, 'f1_micro': 0.9928081896551724, 'prec_micro': 0.9928081896551724, 'rec_micro': 0.9928081896551724}
epoch 87 time: 1.31e+02s, train loss: 4.679, metrics: {'f1': 0.21716203259827424, 'f1_macro': 0.6026069019883846, 'prec_macro': 0.6113896103896104, 'rec_macro': 0.6068133712396672, 'f1_micro': 0.9929612068965518, 'prec_micro': 0.9929612068965518, 'rec_micro': 0.9929612068965518}
epoch 88 time: 1.31e+02s, train loss: 4.675, metrics: {'f1': 0.22119366626065776, 'f1_macro': 0.6061649392866971, 'prec_macro': 0.6117132034632035, 'rec_macro': 0.608866658164559, 'f1_micro': 0.9931099137931034, 'prec_micro': 0.9931099137931034, 'rec_micro': 0.9931099137931034}
epoch 89 time: 1.31e+02s, train loss: 4.683, metrics: {'f1': 0.22472460220318238, 'f1_macro': 0.6084038866349091, 'prec_macro': 0.6129902597402598, 'rec_macro': 0.6106483988486784, 'f1_micro': 0.9931745689655173, 'prec_micro': 0.9931745689655173, 'rec_micro': 0.9931745689655173}
epoch 90 time: 1.31e+02s, train loss: 4.684, metrics: {'f1': 0.22059541239629088, 'f1_macro': 0.6060459595341926, 'prec_macro': 0.6112186147186147, 'rec_macro': 0.6085691678899698, 'f1_micro': 0.9931163793103448, 'prec_micro': 0.9931163793103448, 'rec_micro': 0.9931163793103448}
epoch 91 time: 1.31e+02s, train loss: 4.688, metrics: {'f1': 0.22162688748173406, 'f1_macro': 0.6063522297109801, 'prec_macro': 0.6119632034632034, 'rec_macro': 0.6090838080900239, 'f1_micro': 0.9931120689655173, 'prec_micro': 0.9931120689655173, 'rec_micro': 0.9931120689655173}
epoch 92 time: 1.31e+02s, train loss: 4.687, metrics: {'f1': 0.22550205661746917, 'f1_macro': 0.6075751668701422, 'prec_macro': 0.6146958874458874, 'rec_macro': 0.611018636092106, 'f1_micro': 0.9931012931034483, 'prec_micro': 0.9931012931034483, 'rec_micro': 0.9931012931034483}
epoch 93 time: 1.31e+02s, train loss: 4.684, metrics: {'f1': 0.22103732428502182, 'f1_macro': 0.605572198525626, 'prec_macro': 0.6121926406926407, 'rec_macro': 0.6087792474604222, 'f1_micro': 0.993073275862069, 'prec_micro': 0.993073275862069, 'rec_micro': 0.993073275862069}
epoch 94 time: 1.31e+02s, train loss: 4.679, metrics: {'f1': 0.21615087040618958, 'f1_macro': 0.602953600622159, 'prec_macro': 0.6099220779220779, 'rec_macro': 0.6063208479478277, 'f1_micro': 0.9930129310344827, 'prec_micro': 0.9930129310344827, 'rec_micro': 0.9930129310344827}
epoch 95 time: 1.32e+02s, train loss: 4.681, metrics: {'f1': 0.21273516642547036, 'f1_macro': 0.6010615382256637, 'prec_macro': 0.6084047619047619, 'rec_macro': 0.6046010703221701, 'f1_micro': 0.9929655172413793, 'prec_micro': 0.9929655172413793, 'rec_micro': 0.9929655172413793}
epoch 96 time: 1.35e+02s, train loss: 4.674, metrics: {'f1': 0.20859488169966198, 'f1_macro': 0.5991428446976919, 'prec_macro': 0.6061493506493507, 'rec_macro': 0.6025233586856888, 'f1_micro': 0.9929353448275862, 'prec_micro': 0.9929353448275862, 'rec_micro': 0.9929353448275862}
epoch 97 time: 1.34e+02s, train loss: 4.677, metrics: {'f1': 0.20666344760985028, 'f1_macro': 0.5982048075463342, 'prec_macro': 0.6051450216450217, 'rec_macro': 0.6015533119710719, 'f1_micro': 0.9929181034482759, 'prec_micro': 0.9929181034482759, 'rec_micro': 0.9929181034482759}
epoch 98 time: 1.32e+02s, train loss: 4.672, metrics: {'f1': 0.21868211440984792, 'f1_macro': 0.6040181930004936, 'prec_macro': 0.6114209956709956, 'rec_macro': 0.6075891627017703, 'f1_micro': 0.9930237068965517, 'prec_micro': 0.9930237068965517, 'rec_micro': 0.9930237068965517}
epoch 99 time: 1.33e+02s, train loss: 4.675, metrics: {'f1': 0.2104752667313288, 'f1_macro': 0.6004704648473737, 'prec_macro': 0.6066709956709957, 'rec_macro': 0.603475492125931, 'f1_micro': 0.9929827586206896, 'prec_micro': 0.9929827586206896, 'rec_micro': 0.9929827586206896}
epoch 100 time: 1.32e+02s, train loss: 4.671, metrics: {'f1': 0.2209188660801564, 'f1_macro': 0.6063549343780161, 'prec_macro': 0.6112251082251082, 'rec_macro': 0.6087341530338438, 'f1_micro': 0.9931293103448275, 'prec_micro': 0.9931293103448275, 'rec_micro': 0.9931293103448275}
post-training summary -- best {'f1': 0.2343825665859564, 'f1_macro': 0.6119738690367826, 'prec_macro': 0.6192186147186147, 'rec_macro': 0.6154800035674757, 'f1_micro': 0.9931853448275862, 'prec_micro': 0.9931853448275862, 'rec_micro': 0.9931853448275862}
run 5 start -- seed=4
initialized continuityBERT with 547661 parameters.
/home/azureuser/.local/lib/python3.8/site-packages/sklearn/metrics/_classification.py:1344: UndefinedMetricWarning: Precision and F-score are ill-defined and being set to 0.0 in labels with no predicted samples. Use `zero_division` parameter to control this behavior.
  _warn_prf(average, modifier, msg_start, len(result))
epoch 1 time: 1.32e+02s, train loss: 4.944, metrics: {'f1': 0.0, 'f1_macro': 0.4978448275862069, 'prec_macro': 0.5, 'rec_macro': 0.4989200863930886, 'f1_micro': 0.9956896551724138, 'prec_micro': 0.9956896551724138, 'rec_micro': 0.9956896551724138}
epoch 2 time: 1.32e+02s, train loss: 4.918, metrics: {'f1': 0.0724991286162426, 'f1_macro': 0.5577919582382027, 'prec_macro': 0.5251720779220779, 'rec_macro': 0.5348113896063763, 'f1_micro': 0.9942650862068966, 'prec_micro': 0.9942650862068966, 'rec_micro': 0.9942650862068966}
epoch 3 time: 1.32e+02s, train loss: 4.859, metrics: {'f1': 0.1377601585728444, 'f1_macro': 0.5664073382494581, 'prec_macro': 0.5675974025974027, 'rec_macro': 0.5669968890322565, 'f1_micro': 0.9925, 'prec_micro': 0.9925, 'rec_micro': 0.9925}
epoch 4 time: 1.32e+02s, train loss: 4.816, metrics: {'f1': 0.16931734768779053, 'f1_macro': 0.5811037259331773, 'prec_macro': 0.5846158008658009, 'rec_macro': 0.5828213796397873, 'f1_micro': 0.9926831896551724, 'prec_micro': 0.9926831896551724, 'rec_micro': 0.9926831896551724}
epoch 5 time: 1.31e+02s, train loss: 4.794, metrics: {'f1': 0.17514553277651226, 'f1_macro': 0.5868826221964102, 'prec_macro': 0.584762987012987, 'rec_macro': 0.5858093317652004, 'f1_micro': 0.9929762931034483, 'prec_micro': 0.9929762931034483, 'rec_micro': 0.9929762931034483}
epoch 6 time: 1.31e+02s, train loss: 4.771, metrics: {'f1': 0.1815423514538559, 'f1_macro': 0.5900400557191552, 'prec_macro': 0.5880227272727272, 'rec_macro': 0.5890196376524834, 'f1_micro': 0.9930237068965517, 'prec_micro': 0.9930237068965517, 'rec_micro': 0.9930237068965517}
epoch 7 time: 1.3e+02s, train loss: 4.744, metrics: {'f1': 0.18835465372739307, 'f1_macro': 0.5825497927299816, 'prec_macro': 0.604469696969697, 'rec_macro': 0.5921848333663724, 'f1_micro': 0.9920689655172413, 'prec_micro': 0.9920689655172413, 'rec_micro': 0.9920689655172413}
epoch 8 time: 1.31e+02s, train loss: 4.732, metrics: {'f1': 0.1930870083432658, 'f1_macro': 0.590528205914008, 'prec_macro': 0.5993127705627705, 'rec_macro': 0.5947114075711599, 'f1_micro': 0.9927047413793103, 'prec_micro': 0.9927047413793103, 'rec_micro': 0.9927047413793103}
epoch 9 time: 1.31e+02s, train loss: 4.721, metrics: {'f1': 0.19322756334359462, 'f1_macro': 0.5900441054796717, 'prec_macro': 0.6000357142857143, 'rec_macro': 0.5947697219041261, 'f1_micro': 0.992657327586207, 'prec_micro': 0.992657327586207, 'rec_micro': 0.992657327586207}
epoch 10 time: 1.3e+02s, train loss: 4.722, metrics: {'f1': 0.19745664739884394, 'f1_macro': 0.590124377631474, 'prec_macro': 0.6046958874458874, 'rec_macro': 0.5968494160749869, 'f1_micro': 0.9925193965517242, 'prec_micro': 0.9925193965517242, 'rec_micro': 0.9925193965517242}
epoch 11 time: 1.3e+02s, train loss: 4.717, metrics: {'f1': 0.19469026548672566, 'f1_macro': 0.589394024830945, 'prec_macro': 0.602469696969697, 'rec_macro': 0.5954733250469746, 'f1_micro': 0.9925474137931034, 'prec_micro': 0.9925474137931034, 'rec_micro': 0.9925474137931034}
epoch 12 time: 1.3e+02s, train loss: 4.712, metrics: {'f1': 0.18961293483586478, 'f1_macro': 0.5911935003796287, 'prec_macro': 0.5949155844155845, 'rec_macro': 0.5930162652571346, 'f1_micro': 0.9928706896551724, 'prec_micro': 0.9928706896551724, 'rec_micro': 0.9928706896551724}
epoch 13 time: 1.3e+02s, train loss: 4.706, metrics: {'f1': 0.18979118329466357, 'f1_macro': 0.5868051209189202, 'prec_macro': 0.6001926406926407, 'rec_macro': 0.5930053470847622, 'f1_micro': 0.9924741379310345, 'prec_micro': 0.9924741379310345, 'rec_micro': 0.9924741379310345}
epoch 14 time: 1.3e+02s, train loss: 4.706, metrics: {'f1': 0.20041180507892928, 'f1_macro': 0.5906742554721991, 'prec_macro': 0.6074080086580087, 'rec_macro': 0.598313909109202, 'f1_micro': 0.9924676724137931, 'prec_micro': 0.9924676724137931, 'rec_micro': 0.9924676724137931}
epoch 15 time: 1.3e+02s, train loss: 4.704, metrics: {'f1': 0.19726788608474186, 'f1_macro': 0.5901452951000006, 'prec_macro': 0.6044512987012988, 'rec_macro': 0.5967572128725396, 'f1_micro': 0.9925280172413793, 'prec_micro': 0.9925280172413793, 'rec_micro': 0.9925280172413793}
epoch 16 time: 1.31e+02s, train loss: 4.704, metrics: {'f1': 0.20039005363237444, 'f1_macro': 0.5960439575261959, 'prec_macro': 0.6009199134199134, 'rec_macro': 0.598419939090053, 'f1_micro': 0.9929310344827587, 'prec_micro': 0.9929310344827587, 'rec_micro': 0.9929310344827587}
epoch 17 time: 1.31e+02s, train loss: 4.713, metrics: {'f1': 0.20230821452817382, 'f1_macro': 0.5907112894359338, 'prec_macro': 0.6096158008658008, 'rec_macro': 0.5992457743728732, 'f1_micro': 0.9924030172413794, 'prec_micro': 0.9924030172413794, 'rec_micro': 0.9924030172413794}
epoch 18 time: 1.3e+02s, train loss: 4.707, metrics: {'f1': 0.20430600091617043, 'f1_macro': 0.5925687503565883, 'prec_macro': 0.6094220779220779, 'rec_macro': 0.6002723854092672, 'f1_micro': 0.9925129310344828, 'prec_micro': 0.9925129310344828, 'rec_micro': 0.9925129310344828}
epoch 19 time: 1.31e+02s, train loss: 4.7, metrics: {'f1': 0.19788155994222437, 'f1_macro': 0.5936836293282871, 'prec_macro': 0.6008636363636364, 'rec_macro': 0.5971374491129389, 'f1_micro': 0.9928189655172414, 'prec_micro': 0.9928189655172414, 'rec_micro': 0.9928189655172414}
epoch 20 time: 1.31e+02s, train loss: 4.697, metrics: {'f1': 0.1986596457635232, 'f1_macro': 0.5935548616059919, 'prec_macro': 0.6018419913419913, 'rec_macro': 0.5975177854979367, 'f1_micro': 0.9927844827586206, 'prec_micro': 0.9927844827586206, 'rec_micro': 0.9927844827586206}
epoch 21 time: 1.32e+02s, train loss: 4.7, metrics: {'f1': 0.21271780945915367, 'f1_macro': 0.5954902343974793, 'prec_macro': 0.6153906926406927, 'rec_macro': 0.6044754749058797, 'f1_micro': 0.9925021551724138, 'prec_micro': 0.9925021551724138, 'rec_micro': 0.9925021551724138}
epoch 22 time: 1.31e+02s, train loss: 4.701, metrics: {'f1': 0.2065795839380745, 'f1_macro': 0.5983439854963309, 'prec_macro': 0.6049025974025974, 'rec_macro': 0.601514642759087, 'f1_micro': 0.9929310344827587, 'prec_micro': 0.9929310344827587, 'rec_micro': 0.9929310344827587}
epoch 23 time: 1.31e+02s, train loss: 4.688, metrics: {'f1': 0.20097323600973235, 'f1_macro': 0.5961493570769758, 'prec_macro': 0.6014134199134199, 'rec_macro': 0.5987093501483032, 'f1_micro': 0.9929224137931034, 'prec_micro': 0.9929224137931034, 'rec_micro': 0.9929224137931034}
epoch 24 time: 1.32e+02s, train loss: 4.685, metrics: {'f1': 0.2064453598255391, 'f1_macro': 0.5984371121233092, 'prec_macro': 0.6046590909090909, 'rec_macro': 0.601450250152402, 'f1_micro': 0.9929418103448275, 'prec_micro': 0.9929418103448275, 'rec_micro': 0.9929418103448275}
epoch 25 time: 1.32e+02s, train loss: 4.675, metrics: {'f1': 0.21442495126705657, 'f1_macro': 0.602874045815854, 'prec_macro': 0.6081991341991342, 'rec_macro': 0.605467690506198, 'f1_micro': 0.9930517241379311, 'prec_micro': 0.9930517241379311, 'rec_micro': 0.9930517241379311}
epoch 26 time: 1.31e+02s, train loss: 4.676, metrics: {'f1': 0.21088270858524788, 'f1_macro': 0.600414592897227, 'prec_macro': 0.6071612554112554, 'rec_macro': 0.6036754036396605, 'f1_micro': 0.9929676724137931, 'prec_micro': 0.9929676724137931, 'rec_micro': 0.9929676724137931}
epoch 27 time: 1.32e+02s, train loss: 4.667, metrics: {'f1': 0.21150097465886938, 'f1_macro': 0.6014416953339816, 'prec_macro': 0.6066926406926407, 'rec_macro': 0.6039992079646577, 'f1_micro': 0.9930258620689655, 'prec_micro': 0.9930258620689655, 'rec_micro': 0.9930258620689655}
epoch 28 time: 1.31e+02s, train loss: 4.67, metrics: {'f1': 0.20259358942989966, 'f1_macro': 0.5974686601318319, 'prec_macro': 0.6016893939393939, 'rec_macro': 0.5995331005143054, 'f1_micro': 0.9929762931034483, 'prec_micro': 0.9929762931034483, 'rec_micro': 0.9929762931034483}
epoch 29 time: 1.3e+02s, train loss: 4.666, metrics: {'f1': 0.21296296296296297, 'f1_macro': 0.6021578705749178, 'prec_macro': 0.6074458874458875, 'rec_macro': 0.6047334492354278, 'f1_micro': 0.9930387931034482, 'prec_micro': 0.9930387931034482, 'rec_micro': 0.9930387931034482}
epoch 30 time: 1.3e+02s, train loss: 4.663, metrics: {'f1': 0.21781219748305905, 'f1_macro': 0.6038567405961575, 'prec_macro': 0.6106796536796537, 'rec_macro': 0.6071569311115218, 'f1_micro': 0.9930344827586207, 'prec_micro': 0.9930344827586207, 'rec_micro': 0.9930344827586207}
epoch 31 time: 1.31e+02s, train loss: 4.667, metrics: {'f1': 0.2117128154864004, 'f1_macro': 0.6020989845322156, 'prec_macro': 0.606215367965368, 'rec_macro': 0.6041154542613473, 'f1_micro': 0.9930668103448276, 'prec_micro': 0.9930668103448276, 'rec_micro': 0.9930668103448276}
epoch 32 time: 1.31e+02s, train loss: 4.662, metrics: {'f1': 0.2096112050229413, 'f1_macro': 0.5996591846411523, 'prec_macro': 0.6066525974025975, 'rec_macro': 0.6030342283082644, 'f1_micro': 0.9929461206896552, 'prec_micro': 0.9929461206896552, 'rec_micro': 0.9929461206896552}
epoch 33 time: 1.31e+02s, train loss: 4.686, metrics: {'f1': 0.20288438034710338, 'f1_macro': 0.5975191099701299, 'prec_macro': 0.6019361471861472, 'rec_macro': 0.5996774059794373, 'f1_micro': 0.9929719827586206, 'prec_micro': 0.9929719827586206, 'rec_micro': 0.9929719827586206}
epoch 34 time: 1.32e+02s, train loss: 4.691, metrics: {'f1': 0.20461236506378802, 'f1_macro': 0.5987200406763107, 'prec_macro': 0.6024545454545455, 'rec_macro': 0.6005517092202364, 'f1_micro': 0.9930129310344827, 'prec_micro': 0.9930129310344827, 'rec_micro': 0.9930129310344827}
epoch 35 time: 1.32e+02s, train loss: 4.67, metrics: {'f1': 0.21726336439431096, 'f1_macro': 0.6049075282924972, 'prec_macro': 0.6089805194805195, 'rec_macro': 0.6069042636488365, 'f1_micro': 0.9931206896551724, 'prec_micro': 0.9931206896551724, 'rec_micro': 0.9931206896551724}
epoch 36 time: 1.31e+02s, train loss: 4.672, metrics: {'f1': 0.2176115802171291, 'f1_macro': 0.6034512718915832, 'prec_macro': 0.6109166666666667, 'rec_macro': 0.6070506445500082, 'f1_micro': 0.993010775862069, 'prec_micro': 0.993010775862069, 'rec_micro': 0.993010775862069}
epoch 37 time: 1.31e+02s, train loss: 4.67, metrics: {'f1': 0.21435452793834298, 'f1_macro': 0.6017087390118985, 'prec_macro': 0.6094025974025974, 'rec_macro': 0.6054118220350004, 'f1_micro': 0.9929698275862069, 'prec_micro': 0.9929698275862069, 'rec_micro': 0.9929698275862069}
epoch 38 time: 1.31e+02s, train loss: 4.669, metrics: {'f1': 0.221840490797546, 'f1_macro': 0.6072400659628284, 'prec_macro': 0.6112435064935066, 'rec_macro': 0.6092041970182226, 'f1_micro': 0.993165948275862, 'prec_micro': 0.993165948275862, 'rec_micro': 0.993165948275862}
epoch 39 time: 1.31e+02s, train loss: 4.669, metrics: {'f1': 0.21546012269938652, 'f1_macro': 0.604093464293935, 'prec_macro': 0.6079794372294373, 'rec_macro': 0.6059999425629952, 'f1_micro': 0.9931099137931034, 'prec_micro': 0.9931099137931034, 'rec_micro': 0.9931099137931034}
epoch 40 time: 1.3e+02s, train loss: 4.665, metrics: {'f1': 0.22382671480144403, 'f1_macro': 0.6062268181445855, 'prec_macro': 0.6144209956709956, 'rec_macro': 0.6101679347378295, 'f1_micro': 0.9930495689655172, 'prec_micro': 0.9930495689655172, 'rec_micro': 0.9930495689655172}
epoch 41 time: 1.31e+02s, train loss: 4.66, metrics: {'f1': 0.2057673509286412, 'f1_macro': 0.5989122000919587, 'prec_macro': 0.6034415584415584, 'rec_macro': 0.6011248423337492, 'f1_micro': 0.9929956896551724, 'prec_micro': 0.9929956896551724, 'rec_micro': 0.9929956896551724}
epoch 42 time: 1.31e+02s, train loss: 4.667, metrics: {'f1': 0.19533317296127015, 'f1_macro': 0.5923864981979825, 'prec_macro': 0.5996049783549784, 'rec_macro': 0.5958562139389803, 'f1_micro': 0.9927909482758621, 'prec_micro': 0.9927909482758621, 'rec_micro': 0.9927909482758621}
epoch 43 time: 1.31e+02s, train loss: 4.667, metrics: {'f1': 0.21727558674086622, 'f1_macro': 0.6035717656478639, 'prec_macro': 0.6104274891774891, 'rec_macro': 0.6068870002367894, 'f1_micro': 0.9930280172413793, 'prec_micro': 0.9930280172413793, 'rec_micro': 0.9930280172413793}
epoch 44 time: 1.31e+02s, train loss: 4.665, metrics: {'f1': 0.21662591687041566, 'f1_macro': 0.6042954679855922, 'prec_macro': 0.6089675324675324, 'rec_macro': 0.6065790233116568, 'f1_micro': 0.9930948275862069, 'prec_micro': 0.9930948275862069, 'rec_micro': 0.9930948275862069}
epoch 45 time: 1.32e+02s, train loss: 4.675, metrics: {'f1': 0.2119904076738609, 'f1_macro': 0.6001565501140473, 'prec_macro': 0.6086298701298701, 'rec_macro': 0.6042167381018926, 'f1_micro': 0.9929181034482759, 'prec_micro': 0.9929181034482759, 'rec_micro': 0.9929181034482759}
epoch 46 time: 1.31e+02s, train loss: 4.675, metrics: {'f1': 0.20548604427333975, 'f1_macro': 0.5973230180494972, 'prec_macro': 0.6048787878787879, 'rec_macro': 0.6009559238819863, 'f1_micro': 0.9928836206896552, 'prec_micro': 0.9928836206896552, 'rec_micro': 0.9928836206896552}
epoch 47 time: 1.31e+02s, train loss: 4.677, metrics: {'f1': 0.20331545587518285, 'f1_macro': 0.5974776646455146, 'prec_macro': 0.6024264069264069, 'rec_macro': 0.5998891344348454, 'f1_micro': 0.9929568965517241, 'prec_micro': 0.9929568965517241, 'rec_micro': 0.9929568965517241}
epoch 48 time: 1.31e+02s, train loss: 4.676, metrics: {'f1': 0.20662768031189083, 'f1_macro': 0.5990544445308611, 'prec_macro': 0.6041818181818182, 'rec_macro': 0.6015517370620906, 'f1_micro': 0.9929827586206896, 'prec_micro': 0.9929827586206896, 'rec_micro': 0.9929827586206896}
epoch 49 time: 1.31e+02s, train loss: 4.674, metrics: {'f1': 0.21530984204131226, 'f1_macro': 0.6030426479056388, 'prec_macro': 0.6089404761904762, 'rec_macro': 0.6059074091550019, 'f1_micro': 0.9930409482758621, 'prec_micro': 0.9930409482758621, 'rec_micro': 0.9930409482758621}
epoch 50 time: 1.3e+02s, train loss: 4.673, metrics: {'f1': 0.21466992665036674, 'f1_macro': 0.6033342003387432, 'prec_macro': 0.6079632034632034, 'rec_macro': 0.605596698775606, 'f1_micro': 0.9930775862068966, 'prec_micro': 0.9930775862068966, 'rec_micro': 0.9930775862068966}
epoch 51 time: 1.3e+02s, train loss: 4.683, metrics: {'f1': 0.21146245059288538, 'f1_macro': 0.6027907120220283, 'prec_macro': 0.6052467532467533, 'rec_macro': 0.6040038628360551, 'f1_micro': 0.9931206896551724, 'prec_micro': 0.9931206896551724, 'rec_micro': 0.9931206896551724}
epoch 52 time: 1.29e+02s, train loss: 4.687, metrics: {'f1': 0.2067779960707269, 'f1_macro': 0.5998835232741815, 'prec_macro': 0.6034632034632035, 'rec_macro': 0.6016410263319407, 'f1_micro': 0.9930387931034482, 'prec_micro': 0.9930387931034482, 'rec_micro': 0.9930387931034482}
epoch 53 time: 1.29e+02s, train loss: 4.673, metrics: {'f1': 0.21416319529527078, 'f1_macro': 0.6033057422434875, 'prec_macro': 0.6074707792207792, 'rec_macro': 0.6053460558955986, 'f1_micro': 0.9930883620689656, 'prec_micro': 0.9930883620689656, 'rec_micro': 0.9930883620689656}
epoch 54 time: 1.3e+02s, train loss: 4.669, metrics: {'f1': 0.20945454545454545, 'f1_macro': 0.599949629865478, 'prec_macro': 0.6061677489177489, 'rec_macro': 0.6029624235864257, 'f1_micro': 0.9929719827586206, 'prec_micro': 0.9929719827586206, 'rec_micro': 0.9929719827586206}
epoch 55 time: 1.29e+02s, train loss: 4.677, metrics: {'f1': 0.2051898125901009, 'f1_macro': 0.5970481782361792, 'prec_macro': 0.6048722943722944, 'rec_macro': 0.6008045491112152, 'f1_micro': 0.9928706896551724, 'prec_micro': 0.9928706896551724, 'rec_micro': 0.9928706896551724}
epoch 56 time: 1.29e+02s, train loss: 4.683, metrics: {'f1': 0.19748486259897532, 'f1_macro': 0.5907082818445768, 'prec_macro': 0.6039761904761904, 'rec_macro': 0.5968771191763662, 'f1_micro': 0.992573275862069, 'prec_micro': 0.992573275862069, 'rec_micro': 0.992573275862069}
epoch 57 time: 1.29e+02s, train loss: 4.681, metrics: {'f1': 0.2008329477093938, 'f1_macro': 0.5917579317887919, 'prec_macro': 0.60645670995671, 'rec_macro': 0.5985467746738136, 'f1_micro': 0.9925560344827586, 'prec_micro': 0.9925560344827586, 'rec_micro': 0.9925560344827586}
epoch 58 time: 1.29e+02s, train loss: 4.677, metrics: {'f1': 0.20650367908853548, 'f1_macro': 0.5965883697506285, 'prec_macro': 0.6068257575757575, 'rec_macro': 0.6014424397583864, 'f1_micro': 0.9927952586206896, 'prec_micro': 0.9927952586206896, 'rec_micro': 0.9927952586206896}
epoch 59 time: 1.29e+02s, train loss: 4.674, metrics: {'f1': 0.20358422939068097, 'f1_macro': 0.5957786919291758, 'prec_macro': 0.6045963203463204, 'rec_macro': 0.5999881820897863, 'f1_micro': 0.9928168103448276, 'prec_micro': 0.9928168103448276, 'rec_micro': 0.9928168103448276}
epoch 60 time: 1.3e+02s, train loss: 4.675, metrics: {'f1': 0.2123271619404734, 'f1_macro': 0.5982365671143396, 'prec_macro': 0.6112867965367965, 'rec_macro': 0.6043443323345379, 'f1_micro': 0.9927564655172414, 'prec_micro': 0.9927564655172414, 'rec_micro': 0.9927564655172414}
epoch 61 time: 1.3e+02s, train loss: 4.681, metrics: {'f1': 0.20894117647058824, 'f1_macro': 0.5969817722432774, 'prec_macro': 0.6090454545454546, 'rec_macro': 0.6026508318076893, 'f1_micro': 0.9927543103448276, 'prec_micro': 0.9927543103448276, 'rec_micro': 0.9927543103448276}
epoch 62 time: 1.3e+02s, train loss: 4.694, metrics: {'f1': 0.21626617375231053, 'f1_macro': 0.5988562773088513, 'prec_macro': 0.614987012987013, 'rec_macro': 0.6062969372472827, 'f1_micro': 0.9926896551724138, 'prec_micro': 0.9926896551724138, 'rec_micro': 0.9926896551724138}
epoch 63 time: 1.3e+02s, train loss: 4.698, metrics: {'f1': 0.21351981351981353, 'f1_macro': 0.598330120638496, 'prec_macro': 0.6125173160173161, 'rec_macro': 0.6049335759850965, 'f1_micro': 0.992728448275862, 'prec_micro': 0.992728448275862, 'rec_micro': 0.992728448275862}
epoch 64 time: 1.3e+02s, train loss: 4.694, metrics: {'f1': 0.20435903445043357, 'f1_macro': 0.594468709596529, 'prec_macro': 0.6070183982683983, 'rec_macro': 0.6003418650032002, 'f1_micro': 0.9926831896551724, 'prec_micro': 0.9926831896551724, 'rec_micro': 0.9926831896551724}
epoch 65 time: 1.29e+02s, train loss: 4.688, metrics: {'f1': 0.20532319391634982, 'f1_macro': 0.596128352911757, 'prec_macro': 0.6060779220779221, 'rec_macro': 0.6008516657182421, 'f1_micro': 0.9927931034482759, 'prec_micro': 0.9927931034482759, 'rec_micro': 0.9927931034482759}
epoch 66 time: 1.3e+02s, train loss: 4.685, metrics: {'f1': 0.20172910662824206, 'f1_macro': 0.595331949940092, 'prec_macro': 0.6031125541125542, 'rec_macro': 0.5990655327087322, 'f1_micro': 0.9928362068965517, 'prec_micro': 0.9928362068965517, 'rec_micro': 0.9928362068965517}
epoch 67 time: 1.3e+02s, train loss: 4.679, metrics: {'f1': 0.20925838450637696, 'f1_macro': 0.5974635887676578, 'prec_macro': 0.6088116883116883, 'rec_macro': 0.6028170450210972, 'f1_micro': 0.9927844827586206, 'prec_micro': 0.9927844827586206, 'rec_micro': 0.9927844827586206}
epoch 68 time: 1.29e+02s, train loss: 4.686, metrics: {'f1': 0.2081661552985603, 'f1_macro': 0.5968814173320266, 'prec_macro': 0.608306277056277, 'rec_macro': 0.602267135681481, 'f1_micro': 0.9927693965517241, 'prec_micro': 0.9927693965517241, 'rec_micro': 0.9927693965517241}
epoch 69 time: 1.3e+02s, train loss: 4.693, metrics: {'f1': 0.21007806955287436, 'f1_macro': 0.5980008652949066, 'prec_macro': 0.6090703463203463, 'rec_macro': 0.6032317726027213, 'f1_micro': 0.9928038793103449, 'prec_micro': 0.9928038793103449, 'rec_micro': 0.9928038793103449}
epoch 70 time: 1.3e+02s, train loss: 4.696, metrics: {'f1': 0.2005082005082005, 'f1_macro': 0.5914770226760016, 'prec_macro': 0.6064491341991343, 'rec_macro': 0.5983805976758013, 'f1_micro': 0.992540948275862, 'prec_micro': 0.992540948275862, 'rec_micro': 0.992540948275862}
epoch 71 time: 1.29e+02s, train loss: 4.693, metrics: {'f1': 0.1962174940898345, 'f1_macro': 0.5913331049924783, 'prec_macro': 0.6017857142857143, 'rec_macro': 0.596268462125511, 'f1_micro': 0.9926724137931034, 'prec_micro': 0.9926724137931034, 'rec_micro': 0.9926724137931034}
epoch 72 time: 1.3e+02s, train loss: 4.692, metrics: {'f1': 0.20906741836974396, 'f1_macro': 0.5968983516332704, 'prec_macro': 0.609288961038961, 'rec_macro': 0.6027112325869437, 'f1_micro': 0.9927435344827586, 'prec_micro': 0.9927435344827586, 'rec_micro': 0.9927435344827586}
epoch 73 time: 1.3e+02s, train loss: 4.696, metrics: {'f1': 0.20201075520224457, 'f1_macro': 0.5931636723244885, 'prec_macro': 0.6060032467532468, 'rec_macro': 0.5991579623045453, 'f1_micro': 0.9926443965517241, 'prec_micro': 0.9926443965517241, 'rec_micro': 0.9926443965517241}
epoch 74 time: 1.29e+02s, train loss: 4.704, metrics: {'f1': 0.19060773480662985, 'f1_macro': 0.5865928509864857, 'prec_macro': 0.6014112554112554, 'rec_macro': 0.5934005614106077, 'f1_micro': 0.9924224137931035, 'prec_micro': 0.9924224137931035, 'rec_micro': 0.9924224137931035}
epoch 75 time: 1.29e+02s, train loss: 4.706, metrics: {'f1': 0.1963247266806234, 'f1_macro': 0.5900701361797432, 'prec_macro': 0.6034686147186147, 'rec_macro': 0.596292169413922, 'f1_micro': 0.9925538793103448, 'prec_micro': 0.9925538793103448, 'rec_micro': 0.9925538793103448}
epoch 76 time: 1.29e+02s, train loss: 4.695, metrics: {'f1': 0.2051898125901009, 'f1_macro': 0.5970481782361792, 'prec_macro': 0.6048722943722944, 'rec_macro': 0.6008045491112152, 'f1_micro': 0.9928706896551724, 'prec_micro': 0.9928706896551724, 'rec_micro': 0.9928706896551724}
epoch 77 time: 1.3e+02s, train loss: 4.693, metrics: {'f1': 0.20374819798173952, 'f1_macro': 0.5963511283089086, 'prec_macro': 0.6041190476190477, 'rec_macro': 0.600080494484452, 'f1_micro': 0.9928577586206897, 'prec_micro': 0.9928577586206897, 'rec_micro': 0.9928577586206897}
epoch 78 time: 1.3e+02s, train loss: 4.688, metrics: {'f1': 0.21052631578947367, 'f1_macro': 0.5980043995364248, 'prec_macro': 0.6095616883116883, 'rec_macro': 0.603452628570657, 'f1_micro': 0.9927909482758621, 'prec_micro': 0.9927909482758621, 'rec_micro': 0.9927909482758621}
epoch 79 time: 1.3e+02s, train loss: 4.686, metrics: {'f1': 0.20724438331040806, 'f1_macro': 0.5940049873359136, 'prec_macro': 0.6109329004329005, 'rec_macro': 0.6017502461527453, 'f1_micro': 0.9925474137931034, 'prec_micro': 0.9925474137931034, 'rec_micro': 0.9925474137931034}
epoch 80 time: 1.3e+02s, train loss: 4.705, metrics: {'f1': 0.18678096097450936, 'f1_macro': 0.5833620875322115, 'prec_macro': 0.601314935064935, 'rec_macro': 0.5914388083291979, 'f1_micro': 0.9922306034482758, 'prec_micro': 0.9922306034482758, 'rec_micro': 0.9922306034482758}
epoch 81 time: 1.3e+02s, train loss: 4.734, metrics: {'f1': 0.18420476919711223, 'f1_macro': 0.5801637677810081, 'prec_macro': 0.6029231601731602, 'rec_macro': 0.590083279718809, 'f1_micro': 0.9919633620689655, 'prec_micro': 0.9919633620689655, 'rec_micro': 0.9919633620689655}
epoch 82 time: 1.3e+02s, train loss: 4.735, metrics: {'f1': 0.18434700612918434, 'f1_macro': 0.585456674926313, 'prec_macro': 0.5957467532467533, 'rec_macro': 0.590300718201024, 'f1_micro': 0.9925431034482759, 'prec_micro': 0.9925431034482759, 'rec_micro': 0.9925431034482759}
epoch 83 time: 1.3e+02s, train loss: 4.732, metrics: {'f1': 0.17832582404553, 'f1_macro': 0.5830408766305011, 'prec_macro': 0.5920075757575758, 'rec_macro': 0.5872874715784182, 'f1_micro': 0.9925323275862069, 'prec_micro': 0.9925323275862069, 'rec_micro': 0.9925323275862069}
epoch 84 time: 1.31e+02s, train loss: 4.76, metrics: {'f1': 0.16516373991457048, 'f1_macro': 0.5768020785845535, 'prec_macro': 0.5849805194805194, 'rec_macro': 0.5806777493059656, 'f1_micro': 0.9924181034482759, 'prec_micro': 0.9924181034482759, 'rec_micro': 0.9924181034482759}
epoch 85 time: 1.31e+02s, train loss: 4.758, metrics: {'f1': 0.18339768339768342, 'f1_macro': 0.5868656095949271, 'prec_macro': 0.5930909090909091, 'rec_macro': 0.5898673874462309, 'f1_micro': 0.9927068965517242, 'prec_micro': 0.9927068965517242, 'rec_micro': 0.9927068965517242}
epoch 86 time: 1.3e+02s, train loss: 4.74, metrics: {'f1': 0.18624078624078624, 'f1_macro': 0.5897912988677729, 'prec_macro': 0.5929199134199135, 'rec_macro': 0.5913280495445811, 'f1_micro': 0.9928620689655172, 'prec_micro': 0.9928620689655172, 'rec_micro': 0.9928620689655172}
epoch 87 time: 1.3e+02s, train loss: 4.736, metrics: {'f1': 0.17707038050236262, 'f1_macro': 0.5862959086353658, 'prec_macro': 0.587198051948052, 'rec_macro': 0.5867445651395716, 'f1_micro': 0.9928685344827586, 'prec_micro': 0.9928685344827586, 'rec_micro': 0.9928685344827586}
epoch 88 time: 1.3e+02s, train loss: 4.75, metrics: {'f1': 0.17718386537985648, 'f1_macro': 0.5859248928152057, 'prec_macro': 0.5876785714285714, 'rec_macro': 0.5867926104256286, 'f1_micro': 0.992834051724138, 'prec_micro': 0.992834051724138, 'rec_micro': 0.992834051724138}
epoch 89 time: 1.3e+02s, train loss: 4.734, metrics: {'f1': 0.18754578754578752, 'f1_macro': 0.5898975005941334, 'prec_macro': 0.5941482683982684, 'rec_macro': 0.5919723839802202, 'f1_micro': 0.9928297413793103, 'prec_micro': 0.9928297413793103, 'rec_micro': 0.9928297413793103}
epoch 90 time: 1.3e+02s, train loss: 4.722, metrics: {'f1': 0.18582143721267844, 'f1_macro': 0.5882646433273877, 'prec_macro': 0.5941071428571428, 'rec_macro': 0.5910895690252849, 'f1_micro': 0.9927478448275862, 'prec_micro': 0.9927478448275862, 'rec_micro': 0.9927478448275862}
epoch 91 time: 1.29e+02s, train loss: 4.727, metrics: {'f1': 0.18164297759576006, 'f1_macro': 0.5858765909771414, 'prec_macro': 0.5923300865800866, 'rec_macro': 0.5889829848865266, 'f1_micro': 0.9926788793103448, 'prec_micro': 0.9926788793103448, 'rec_micro': 0.9926788793103448}
epoch 92 time: 1.29e+02s, train loss: 4.729, metrics: {'f1': 0.18269929731039494, 'f1_macro': 0.5868654964817418, 'prec_macro': 0.5923560606060606, 'rec_macro': 0.5895241813020007, 'f1_micro': 0.9927306034482759, 'prec_micro': 0.9927306034482759, 'rec_micro': 0.9927306034482759}
epoch 93 time: 1.29e+02s, train loss: 4.723, metrics: {'f1': 0.1776061776061776, 'f1_macro': 0.5840541110700912, 'prec_macro': 0.5900779220779221, 'rec_macro': 0.5869586455132254, 'f1_micro': 0.9926551724137931, 'prec_micro': 0.9926551724137931, 'rec_micro': 0.9926551724137931}
epoch 94 time: 1.3e+02s, train loss: 4.739, metrics: {'f1': 0.18515832729030698, 'f1_macro': 0.5878610859604896, 'prec_macro': 0.5938517316017315, 'rec_macro': 0.5907547589444565, 'f1_micro': 0.9927349137931034, 'prec_micro': 0.9927349137931034, 'rec_micro': 0.9927349137931034}
epoch 95 time: 1.3e+02s, train loss: 4.741, metrics: {'f1': 0.18150600932057886, 'f1_macro': 0.5873064118318523, 'prec_macro': 0.5906525974025975, 'rec_macro': 0.5889471182390185, 'f1_micro': 0.9928081896551724, 'prec_micro': 0.9928081896551724, 'rec_micro': 0.9928081896551724}
epoch 96 time: 1.29e+02s, train loss: 4.748, metrics: {'f1': 0.16597307221542226, 'f1_macro': 0.5794970141895208, 'prec_macro': 0.5828603896103897, 'rec_macro': 0.5811427517769016, 'f1_micro': 0.992657327586207, 'prec_micro': 0.992657327586207, 'rec_micro': 0.992657327586207}
epoch 97 time: 1.3e+02s, train loss: 4.746, metrics: {'f1': 0.1665473633977571, 'f1_macro': 0.5778564626347651, 'prec_macro': 0.5852564935064934, 'rec_macro': 0.5813831393898081, 'f1_micro': 0.9924719827586207, 'prec_micro': 0.9924719827586207, 'rec_micro': 0.9924719827586207}
epoch 98 time: 1.3e+02s, train loss: 4.756, metrics: {'f1': 0.16867469879518074, 'f1_macro': 0.5781582683277694, 'prec_macro': 0.587219696969697, 'rec_macro': 0.5824326483203707, 'f1_micro': 0.9924159482758621, 'prec_micro': 0.9924159482758621, 'rec_micro': 0.9924159482758621}
epoch 99 time: 1.3e+02s, train loss: 4.754, metrics: {'f1': 0.1661160924964606, 'f1_macro': 0.576857175269803, 'prec_macro': 0.5859588744588744, 'rec_macro': 0.5811452158871633, 'f1_micro': 0.9923836206896551, 'prec_micro': 0.9923836206896551, 'rec_micro': 0.9923836206896551}
epoch 100 time: 1.3e+02s, train loss: 4.757, metrics: {'f1': 0.16, 'f1_macro': 0.5737580460807316, 'prec_macro': 0.5829329004329005, 'rec_macro': 0.5780676589986469, 'f1_micro': 0.9923060344827587, 'prec_micro': 0.9923060344827587, 'rec_micro': 0.9923060344827587}
post-training summary -- best {'f1': 0.22382671480144403, 'f1_macro': 0.6062268181445855, 'prec_macro': 0.6144209956709956, 'rec_macro': 0.6101679347378295, 'f1_micro': 0.9930495689655172, 'prec_micro': 0.9930495689655172, 'rec_micro': 0.9930495689655172}
run 1: {'f1': 0.22413381123058543, 'f1_macro': 0.6056650643016804, 'prec_macro': 0.6153928571428572, 'rec_macro': 0.6103095191255735, 'f1_micro': 0.9930021551724137, 'prec_micro': 0.9930021551724137, 'rec_micro': 0.9930021551724137}
run 2: {'f1': 0.23349514563106794, 'f1_macro': 0.6117990297242933, 'prec_macro': 0.6184761904761905, 'rec_macro': 0.6150384763960857, 'f1_micro': 0.9931939655172414, 'prec_micro': 0.9931939655172414, 'rec_micro': 0.9931939655172414}
run 3: {'f1': 0.22872087494056112, 'f1_macro': 0.6073761794883513, 'prec_macro': 0.6183831168831169, 'rec_macro': 0.6126046347696785, 'f1_micro': 0.9930086206896551, 'prec_micro': 0.9930086206896551, 'rec_micro': 0.9930086206896551}
run 4: {'f1': 0.2343825665859564, 'f1_macro': 0.6119738690367826, 'prec_macro': 0.6192186147186147, 'rec_macro': 0.6154800035674757, 'f1_micro': 0.9931853448275862, 'prec_micro': 0.9931853448275862, 'rec_micro': 0.9931853448275862}
run 5: {'f1': 0.22382671480144403, 'f1_macro': 0.6062268181445855, 'prec_macro': 0.6144209956709956, 'rec_macro': 0.6101679347378295, 'f1_micro': 0.9930495689655172, 'prec_micro': 0.9930495689655172, 'rec_micro': 0.9930495689655172}
done.
t,p-val for human<model: -121.44090443387299,1.378684804612969e-08, significant: True
t,p-val for random<model: 90.89955711555197,0.999999956094001, significant: False
95% CI: 0.22891182263792303+/-0.008750475469638688
