reading data...
done.
creating training artifacts...
Using cached encoded data file: train_5_error.pkl
Using cached encoded data file: test_5_error.pkl
done.
training bert_kg model...
run 1 start -- seed=0
initialized continuityBERT with 547661 parameters.
/home/azureuser/.local/lib/python3.8/site-packages/sklearn/metrics/_classification.py:1344: UndefinedMetricWarning: Precision and F-score are ill-defined and being set to 0.0 in labels with no predicted samples. Use `zero_division` parameter to control this behavior.
  _warn_prf(average, modifier, msg_start, len(result))
epoch 1 time: 1.36e+02s, train loss: 24.69, metrics: {'f1': 0.0, 'f1_macro': 0.4892446120689655, 'prec_macro': 0.5, 'rec_macro': 0.49456383800335285, 'f1_micro': 0.978489224137931, 'prec_micro': 0.978489224137931, 'rec_micro': 0.978489224137931}
epoch 2 time: 1.33e+02s, train loss: 24.56, metrics: {'f1': 0.09905488913122502, 'f1_macro': 0.7561828405128153, 'prec_macro': 0.5267754638720633, 'rec_macro': 0.5441217503204904, 'f1_micro': 0.9786336206896552, 'prec_micro': 0.9786336206896552, 'rec_micro': 0.9786336206896552}
epoch 3 time: 1.34e+02s, train loss: 24.36, metrics: {'f1': 0.17081371889710828, 'f1_macro': 0.7555735552253775, 'prec_macro': 0.5499066570650449, 'rec_macro': 0.5800231912187461, 'f1_micro': 0.9787413793103448, 'prec_micro': 0.9787413793103448, 'rec_micro': 0.9787413793103448}
epoch 4 time: 1.33e+02s, train loss: 24.29, metrics: {'f1': 0.12143563911127102, 'f1_macro': 0.7870424415725923, 'prec_macro': 0.5333065590651854, 'rec_macro': 0.5553916219928058, 'f1_micro': 0.9789504310344828, 'prec_micro': 0.9789504310344828, 'rec_micro': 0.9789504310344828}
epoch 5 time: 1.35e+02s, train loss: 24.25, metrics: {'f1': 0.18473413379073758, 'f1_macro': 0.8110969501002593, 'prec_macro': 0.5532895419191971, 'rec_macro': 0.587180127549711, 'f1_micro': 0.9795129310344828, 'prec_micro': 0.9795129310344828, 'rec_micro': 0.9795129310344828}
epoch 6 time: 1.33e+02s, train loss: 24.2, metrics: {'f1': 0.24744735162731335, 'f1_macro': 0.7943881551865525, 'prec_macro': 0.5765919448891579, 'rec_macro': 0.6185710974490242, 'f1_micro': 0.9796681034482758, 'prec_micro': 0.9796681034482758, 'rec_micro': 0.9796681034482758}
epoch 7 time: 1.32e+02s, train loss: 24.15, metrics: {'f1': 0.228796197656314, 'f1_macro': 0.8048358208870274, 'prec_macro': 0.5690232188969155, 'rec_macro': 0.6092599514002882, 'f1_micro': 0.9797176724137932, 'prec_micro': 0.9797176724137932, 'rec_micro': 0.9797176724137932}
epoch 8 time: 1.32e+02s, train loss: 24.12, metrics: {'f1': 0.23217057429948534, 'f1_macro': 0.8051112452282267, 'prec_macro': 0.5702612818365409, 'rec_macro': 0.6109534784533499, 'f1_micro': 0.9797435344827586, 'prec_micro': 0.9797435344827586, 'rec_micro': 0.9797435344827586}
epoch 9 time: 1.31e+02s, train loss: 24.11, metrics: {'f1': 0.25318660438603435, 'f1_macro': 0.7926139038220481, 'prec_macro': 0.5789447536212786, 'rec_macro': 0.6214407353046913, 'f1_micro': 0.9796702586206897, 'prec_micro': 0.9796702586206897, 'rec_micro': 0.9796702586206897}
epoch 10 time: 1.31e+02s, train loss: 24.1, metrics: {'f1': 0.22956180510137345, 'f1_macro': 0.8025738815895889, 'prec_macro': 0.5694008535582215, 'rec_macro': 0.6096354945434185, 'f1_micro': 0.9796896551724138, 'prec_micro': 0.9796896551724138, 'rec_micro': 0.9796896551724138}
epoch 11 time: 1.31e+02s, train loss: 24.09, metrics: {'f1': 0.22519399042430246, 'f1_macro': 0.8104090159413335, 'prec_macro': 0.5674829458132653, 'rec_macro': 0.6074729950636611, 'f1_micro': 0.9797715517241379, 'prec_micro': 0.9797715517241379, 'rec_micro': 0.9797715517241379}
epoch 12 time: 1.33e+02s, train loss: 24.07, metrics: {'f1': 0.23104693140794227, 'f1_macro': 0.8097027500962881, 'prec_macro': 0.5696540955054653, 'rec_macro': 0.6104066950130432, 'f1_micro': 0.979801724137931, 'prec_micro': 0.979801724137931, 'rec_micro': 0.979801724137931}
epoch 13 time: 1.32e+02s, train loss: 24.07, metrics: {'f1': 0.2294059730882836, 'f1_macro': 0.807426403930439, 'prec_macro': 0.5691421309420566, 'rec_macro': 0.6095752965815731, 'f1_micro': 0.9797586206896551, 'prec_micro': 0.9797586206896551, 'rec_micro': 0.9797586206896551}
epoch 14 time: 1.33e+02s, train loss: 24.07, metrics: {'f1': 0.23069323233986494, 'f1_macro': 0.8142675501890728, 'prec_macro': 0.569341973881965, 'rec_macro': 0.6102453664074157, 'f1_micro': 0.9798620689655172, 'prec_micro': 0.9798620689655172, 'rec_micro': 0.9798620689655172}
epoch 15 time: 1.32e+02s, train loss: 24.06, metrics: {'f1': 0.23713280418950985, 'f1_macro': 0.8141989345114344, 'prec_macro': 0.5717168081240313, 'rec_macro': 0.6134762002010665, 'f1_micro': 0.9799073275862069, 'prec_micro': 0.9799073275862069, 'rec_micro': 0.9799073275862069}
epoch 16 time: 1.32e+02s, train loss: 24.06, metrics: {'f1': 0.2446929184897099, 'f1_macro': 0.810604836277699, 'prec_macro': 0.5747065376256542, 'rec_macro': 0.6172561307597655, 'f1_micro': 0.9799094827586207, 'prec_micro': 0.9799094827586207, 'rec_micro': 0.9799094827586207}
epoch 17 time: 1.32e+02s, train loss: 24.06, metrics: {'f1': 0.23246228670348695, 'f1_macro': 0.8186279900601978, 'prec_macro': 0.5698192611214921, 'rec_macro': 0.611147992813839, 'f1_micro': 0.9799331896551724, 'prec_micro': 0.9799331896551724, 'rec_micro': 0.9799331896551724}
epoch 18 time: 1.32e+02s, train loss: 24.06, metrics: {'f1': 0.2327028576107427, 'f1_macro': 0.8090556490717709, 'prec_macro': 0.5702921175504648, 'rec_macro': 0.6112350644105939, 'f1_micro': 0.9798038793103448, 'prec_micro': 0.9798038793103448, 'rec_micro': 0.9798038793103448}
epoch 19 time: 1.31e+02s, train loss: 24.05, metrics: {'f1': 0.2353517218867309, 'f1_macro': 0.8079551297546309, 'prec_macro': 0.5713220908382348, 'rec_macro': 0.6125598134804227, 'f1_micro': 0.9798060344827586, 'prec_micro': 0.9798060344827586, 'rec_micro': 0.9798060344827586}
epoch 20 time: 1.31e+02s, train loss: 24.05, metrics: {'f1': 0.23137902559867876, 'f1_macro': 0.8197394047668505, 'prec_macro': 0.569381619799867, 'rec_macro': 0.6106081165618, 'f1_micro': 0.9799396551724138, 'prec_micro': 0.9799396551724138, 'rec_micro': 0.9799396551724138}
epoch 21 time: 1.32e+02s, train loss: 24.04, metrics: {'f1': 0.22840531561461794, 'f1_macro': 0.824584909035545, 'prec_macro': 0.5681276012198138, 'rec_macro': 0.6091314756596169, 'f1_micro': 0.9799784482758621, 'prec_micro': 0.9799784482758621, 'rec_micro': 0.9799784482758621}
epoch 22 time: 1.31e+02s, train loss: 24.03, metrics: {'f1': 0.2468313292167696, 'f1_macro': 0.8172214093818839, 'prec_macro': 0.5752047490996297, 'rec_macro': 0.6183539189559165, 'f1_micro': 0.980021551724138, 'prec_micro': 0.980021551724138, 'rec_micro': 0.980021551724138}
epoch 23 time: 1.32e+02s, train loss: 24.03, metrics: {'f1': 0.23377265238879735, 'f1_macro': 0.8193549392384408, 'prec_macro': 0.5702701177490845, 'rec_macro': 0.611808039119955, 'f1_micro': 0.9799525862068965, 'prec_micro': 0.9799525862068965, 'rec_micro': 0.9799525862068965}
epoch 24 time: 1.32e+02s, train loss: 24.03, metrics: {'f1': 0.2312081369387249, 'f1_macro': 0.8216746956365653, 'prec_macro': 0.5692467521142982, 'rec_macro': 0.6105287715232751, 'f1_micro': 0.9799633620689655, 'prec_micro': 0.9799633620689655, 'rec_micro': 0.9799633620689655}
epoch 25 time: 1.31e+02s, train loss: 24.03, metrics: {'f1': 0.25212671149639476, 'f1_macro': 0.8202567644127899, 'prec_macro': 0.5770604733418376, 'rec_macro': 0.6210227128000192, 'f1_micro': 0.9801056034482759, 'prec_micro': 0.9801056034482759, 'rec_micro': 0.9801056034482759}
epoch 26 time: 1.32e+02s, train loss: 24.03, metrics: {'f1': 0.26175085787247626, 'f1_macro': 0.8125308118696606, 'prec_macro': 0.581153935880983, 'rec_macro': 0.6258228274827755, 'f1_micro': 0.9800625, 'prec_micro': 0.9800625, 'rec_micro': 0.9800625}
epoch 27 time: 1.32e+02s, train loss: 24.03, metrics: {'f1': 0.2485681557846506, 'f1_macro': 0.8297484119760314, 'prec_macro': 0.5752994587923959, 'rec_macro': 0.6192697621957264, 'f1_micro': 0.9802068965517241, 'prec_micro': 0.9802068965517241, 'rec_micro': 0.9802068965517241}
epoch 28 time: 1.32e+02s, train loss: 24.03, metrics: {'f1': 0.23410547067520945, 'f1_macro': 0.8156337906979498, 'prec_macro': 0.5705398531202223, 'rec_macro': 0.6119622487167837, 'f1_micro': 0.9799051724137932, 'prec_micro': 0.9799051724137932, 'rec_micro': 0.9799051724137932}
epoch 29 time: 1.32e+02s, train loss: 24.03, metrics: {'f1': 0.24428851174934726, 'f1_macro': 0.8198237022060726, 'prec_macro': 0.5741356933859889, 'rec_macro': 0.6170871656835285, 'f1_micro': 0.9800387931034483, 'prec_micro': 0.9800387931034483, 'rec_micro': 0.9800387931034483}
epoch 30 time: 1.33e+02s, train loss: 24.03, metrics: {'f1': 0.24055714870954528, 'f1_macro': 0.8208182985852058, 'prec_macro': 0.5727071612024646, 'rec_macro': 0.6152179439735191, 'f1_micro': 0.9800237068965517, 'prec_micro': 0.9800237068965517, 'rec_micro': 0.9800237068965517}
epoch 31 time: 1.32e+02s, train loss: 24.03, metrics: {'f1': 0.2329522086040964, 'f1_macro': 0.8160946339629256, 'prec_macro': 0.570097806696608, 'rec_macro': 0.6113851662264174, 'f1_micro': 0.9799030172413793, 'prec_micro': 0.9799030172413793, 'rec_micro': 0.9799030172413793}
epoch 32 time: 1.32e+02s, train loss: 24.02, metrics: {'f1': 0.24832214765100674, 'f1_macro': 0.8299053086593504, 'prec_macro': 0.5752014709817033, 'rec_macro': 0.6191467800306919, 'f1_micro': 0.9802068965517241, 'prec_micro': 0.9802068965517241, 'rec_micro': 0.9802068965517241}
epoch 33 time: 1.32e+02s, train loss: 24.02, metrics: {'f1': 0.24776437771761425, 'f1_macro': 0.8327665275488858, 'prec_macro': 0.5748750327767382, 'rec_macro': 0.6188762433089066, 'f1_micro': 0.9802392241379311, 'prec_micro': 0.9802392241379311, 'rec_micro': 0.9802392241379311}
epoch 34 time: 1.32e+02s, train loss: 24.02, metrics: {'f1': 0.25411423039690223, 'f1_macro': 0.8169813746679093, 'prec_macro': 0.5779748384109585, 'rec_macro': 0.622007989157062, 'f1_micro': 0.9800732758620689, 'prec_micro': 0.9800732758620689, 'rec_micro': 0.9800732758620689}
epoch 35 time: 1.32e+02s, train loss: 24.02, metrics: {'f1': 0.25534683256078716, 'f1_macro': 0.8298374151314107, 'prec_macro': 0.5778278824034849, 'rec_macro': 0.6226734326612506, 'f1_micro': 0.9802650862068966, 'prec_micro': 0.9802650862068966, 'rec_micro': 0.9802650862068966}
epoch 36 time: 1.31e+02s, train loss: 24.01, metrics: {'f1': 0.23988080456915814, 'f1_macro': 0.8357642346828318, 'prec_macro': 0.5718709866936507, 'rec_macro': 0.6149274044103129, 'f1_micro': 0.980209051724138, 'prec_micro': 0.980209051724138, 'rec_micro': 0.980209051724138}
epoch 37 time: 1.32e+02s, train loss: 24.01, metrics: {'f1': 0.23929221101372583, 'f1_macro': 0.8331659744014499, 'prec_macro': 0.5717542771995042, 'rec_macro': 0.6146237560517879, 'f1_micro': 0.9801724137931035, 'prec_micro': 0.9801724137931035, 'rec_micro': 0.9801724137931035}
epoch 38 time: 1.32e+02s, train loss: 24.0, metrics: {'f1': 0.24306930693069306, 'f1_macro': 0.8351092122447616, 'prec_macro': 0.5730567519014379, 'rec_macro': 0.6165263554350369, 'f1_micro': 0.9802284482758621, 'prec_micro': 0.9802284482758621, 'rec_micro': 0.9802284482758621}
epoch 39 time: 1.33e+02s, train loss: 24.0, metrics: {'f1': 0.2467895949950609, 'f1_macro': 0.836686893108413, 'prec_macro': 0.574357024052377, 'rec_macro': 0.6183994489040896, 'f1_micro': 0.9802801724137931, 'prec_micro': 0.9802801724137931, 'rec_micro': 0.9802801724137931}
epoch 40 time: 1.33e+02s, train loss: 23.99, metrics: {'f1': 0.2495695662867918, 'f1_macro': 0.8342525082913411, 'prec_macro': 0.5754805800488506, 'rec_macro': 0.6197875293672017, 'f1_micro': 0.9802737068965517, 'prec_micro': 0.9802737068965517, 'rec_micro': 0.9802737068965517}
epoch 41 time: 1.32e+02s, train loss: 24.0, metrics: {'f1': 0.24785135466972255, 'f1_macro': 0.8293828807129118, 'prec_macro': 0.5750489828881779, 'rec_macro': 0.6189086591111118, 'f1_micro': 0.9801961206896552, 'prec_micro': 0.9801961206896552, 'rec_micro': 0.9801961206896552}
epoch 42 time: 1.33e+02s, train loss: 23.99, metrics: {'f1': 0.2580749878266515, 'f1_macro': 0.8305105856460684, 'prec_macro': 0.5788242796428705, 'rec_macro': 0.6240455644359331, 'f1_micro': 0.9802974137931034, 'prec_micro': 0.9802974137931034, 'rec_micro': 0.9802974137931034}
epoch 43 time: 1.33e+02s, train loss: 23.99, metrics: {'f1': 0.24950851900393184, 'f1_macro': 0.8327816499150527, 'prec_macro': 0.5755196624747213, 'rec_macro': 0.6197520319219041, 'f1_micro': 0.9802543103448276, 'prec_micro': 0.9802543103448276, 'rec_micro': 0.9802543103448276}
epoch 44 time: 1.33e+02s, train loss: 24.01, metrics: {'f1': 0.2430875576036866, 'f1_macro': 0.8309589512603412, 'prec_macro': 0.5732262969108884, 'rec_macro': 0.6165222031692056, 'f1_micro': 0.980176724137931, 'prec_micro': 0.980176724137931, 'rec_micro': 0.980176724137931}
epoch 45 time: 1.33e+02s, train loss: 24.01, metrics: {'f1': 0.24665748318612754, 'f1_macro': 0.8132957260702081, 'prec_macro': 0.5753219963772421, 'rec_macro': 0.6182520700373864, 'f1_micro': 0.9799633620689655, 'prec_micro': 0.9799633620689655, 'rec_micro': 0.9799633620689655}
epoch 46 time: 1.33e+02s, train loss: 24.01, metrics: {'f1': 0.24282306490088013, 'f1_macro': 0.8299463584803378, 'prec_macro': 0.5731695940770611, 'rec_macro': 0.6163861077870425, 'f1_micro': 0.9801616379310345, 'prec_micro': 0.9801616379310345, 'rec_micro': 0.9801616379310345}
epoch 47 time: 1.33e+02s, train loss: 24.01, metrics: {'f1': 0.23836680717414663, 'f1_macro': 0.8311717833707237, 'prec_macro': 0.5714927885403134, 'rec_macro': 0.6141528380565192, 'f1_micro': 0.9801400862068965, 'prec_micro': 0.9801400862068965, 'rec_micro': 0.9801400862068965}
epoch 48 time: 1.33e+02s, train loss: 23.99, metrics: {'f1': 0.24335479610368166, 'f1_macro': 0.8363133767913702, 'prec_macro': 0.5731145560107624, 'rec_macro': 0.6166735001868227, 'f1_micro': 0.9802456896551724, 'prec_micro': 0.9802456896551724, 'rec_micro': 0.9802456896551724}
epoch 49 time: 1.34e+02s, train loss: 23.99, metrics: {'f1': 0.25670529130540476, 'f1_macro': 0.8264984711837972, 'prec_macro': 0.5784961766703769, 'rec_macro': 0.623343684893293, 'f1_micro': 0.9802306034482758, 'prec_micro': 0.9802306034482758, 'rec_micro': 0.9802306034482758}
epoch 50 time: 1.33e+02s, train loss: 24.0, metrics: {'f1': 0.2594351009897803, 'f1_macro': 0.8204514682810802, 'prec_macro': 0.5798349677551555, 'rec_macro': 0.6246917360595583, 'f1_micro': 0.9801659482758621, 'prec_micro': 0.9801659482758621, 'rec_micro': 0.9801659482758621}
epoch 51 time: 1.33e+02s, train loss: 24.01, metrics: {'f1': 0.25414634146341464, 'f1_macro': 0.8278820218749912, 'prec_macro': 0.5774662033826068, 'rec_macro': 0.6220638882155994, 'f1_micro': 0.9802284482758621, 'prec_micro': 0.9802284482758621, 'rec_micro': 0.9802284482758621}
epoch 52 time: 1.33e+02s, train loss: 24.01, metrics: {'f1': 0.25882922109337203, 'f1_macro': 0.8224013942035234, 'prec_macro': 0.5795041244482013, 'rec_macro': 0.6243949403420765, 'f1_micro': 0.9801896551724137, 'prec_micro': 0.9801896551724137, 'rec_micro': 0.9801896551724137}
epoch 53 time: 1.34e+02s, train loss: 24.01, metrics: {'f1': 0.2549098844257658, 'f1_macro': 0.8205375064070057, 'prec_macro': 0.5781025606600777, 'rec_macro': 0.6224206869976041, 'f1_micro': 0.9801314655172414, 'prec_micro': 0.9801314655172414, 'rec_micro': 0.9801314655172414}
epoch 54 time: 1.36e+02s, train loss: 24.02, metrics: {'f1': 0.25052734058088594, 'f1_macro': 0.8200733113751606, 'prec_macro': 0.5764648375492007, 'rec_macro': 0.6202192986035763, 'f1_micro': 0.9800905172413793, 'prec_micro': 0.9800905172413793, 'rec_micro': 0.9800905172413793}
epoch 55 time: 1.33e+02s, train loss: 24.02, metrics: {'f1': 0.2517857142857143, 'f1_macro': 0.8224218693109275, 'prec_macro': 0.5768298203965706, 'rec_macro': 0.6208594393549836, 'f1_micro': 0.9801336206896551, 'prec_micro': 0.9801336206896551, 'rec_micro': 0.9801336206896551}
epoch 56 time: 1.33e+02s, train loss: 24.01, metrics: {'f1': 0.2430794430794431, 'f1_macro': 0.8236842538189078, 'prec_macro': 0.5735207981264323, 'rec_macro': 0.6164938048994437, 'f1_micro': 0.9800818965517242, 'prec_micro': 0.9800818965517242, 'rec_micro': 0.9800818965517242}
epoch 57 time: 1.33e+02s, train loss: 24.04, metrics: {'f1': 0.2318456570340316, 'f1_macro': 0.8246807389870378, 'prec_macro': 0.5693667654349365, 'rec_macro': 0.610858538178199, 'f1_micro': 0.9800064655172414, 'prec_micro': 0.9800064655172414, 'rec_micro': 0.9800064655172414}
epoch 58 time: 1.33e+02s, train loss: 24.06, metrics: {'f1': 0.2373046875, 'f1_macro': 0.8067646390045826, 'prec_macro': 0.5721037907727814, 'rec_macro': 0.6135350142839671, 'f1_micro': 0.979801724137931, 'prec_micro': 0.979801724137931, 'rec_micro': 0.979801724137931}
epoch 59 time: 1.33e+02s, train loss: 24.07, metrics: {'f1': 0.23728813559322035, 'f1_macro': 0.7844224197580778, 'prec_macro': 0.5731926180282426, 'rec_macro': 0.6134337546535134, 'f1_micro': 0.9794396551724138, 'prec_micro': 0.9794396551724138, 'rec_micro': 0.9794396551724138}
epoch 60 time: 1.34e+02s, train loss: 24.1, metrics: {'f1': 0.23213125406107865, 'f1_macro': 0.7972587594697809, 'prec_macro': 0.5705926629269611, 'rec_macro': 0.610903388364094, 'f1_micro': 0.979625, 'prec_micro': 0.979625, 'rec_micro': 0.979625}
epoch 61 time: 1.34e+02s, train loss: 24.1, metrics: {'f1': 0.21234690499834494, 'f1_macro': 0.7956248994055445, 'prec_macro': 0.563369071114572, 'rec_macro': 0.6009775611728936, 'f1_micro': 0.9794870689655173, 'prec_micro': 0.9794870689655173, 'rec_micro': 0.9794870689655173}
epoch 62 time: 1.33e+02s, train loss: 24.12, metrics: {'f1': 0.22624508519003933, 'f1_macro': 0.8007464398429617, 'prec_macro': 0.5682497656743158, 'rec_macro': 0.607965257971437, 'f1_micro': 0.9796422413793103, 'prec_micro': 0.9796422413793103, 'rec_micro': 0.9796422413793103}
epoch 63 time: 1.33e+02s, train loss: 24.09, metrics: {'f1': 0.23572534006679158, 'f1_macro': 0.8058713884956746, 'prec_macro': 0.5715527437835018, 'rec_macro': 0.6127393958555057, 'f1_micro': 0.9797780172413794, 'prec_micro': 0.9797780172413794, 'rec_micro': 0.9797780172413794}
epoch 64 time: 1.34e+02s, train loss: 24.09, metrics: {'f1': 0.2482057898556568, 'f1_macro': 0.8088305296324984, 'prec_macro': 0.5761262596052003, 'rec_macro': 0.6190116923380484, 'f1_micro': 0.9799073275862069, 'prec_micro': 0.9799073275862069, 'rec_micro': 0.9799073275862069}
epoch 65 time: 1.33e+02s, train loss: 24.09, metrics: {'f1': 0.25546513483325356, 'f1_macro': 0.8044725504049346, 'prec_macro': 0.5791539702571967, 'rec_macro': 0.622635709641461, 'f1_micro': 0.9798879310344828, 'prec_micro': 0.9798879310344828, 'rec_micro': 0.9798879310344828}
epoch 66 time: 1.34e+02s, train loss: 24.08, metrics: {'f1': 0.26572215663124754, 'f1_macro': 0.8008492776450701, 'prec_macro': 0.5834197438488186, 'rec_macro': 0.6277649071358402, 'f1_micro': 0.9798943965517242, 'prec_micro': 0.9798943965517242, 'rec_micro': 0.9798943965517242}
epoch 67 time: 1.34e+02s, train loss: 24.08, metrics: {'f1': 0.2630782705629429, 'f1_macro': 0.8113780527661447, 'prec_macro': 0.5817374576431498, 'rec_macro': 0.6264841945479889, 'f1_micro': 0.9800538793103448, 'prec_micro': 0.9800538793103448, 'rec_micro': 0.9800538793103448}
epoch 68 time: 1.34e+02s, train loss: 24.07, metrics: {'f1': 0.24248788368336022, 'f1_macro': 0.8036532607425135, 'prec_macro': 0.5742039210496895, 'rec_macro': 0.6161228217263485, 'f1_micro': 0.9797887931034482, 'prec_micro': 0.9797887931034482, 'rec_micro': 0.9797887931034482}
epoch 69 time: 1.34e+02s, train loss: 24.07, metrics: {'f1': 0.2304984857166244, 'f1_macro': 0.8055650623224908, 'prec_macro': 0.5696221585160441, 'rec_macro': 0.6101164766899076, 'f1_micro': 0.979739224137931, 'prec_micro': 0.979739224137931, 'rec_micro': 0.979739224137931}
epoch 70 time: 1.34e+02s, train loss: 24.09, metrics: {'f1': 0.22971967253783176, 'f1_macro': 0.8195342711967954, 'prec_macro': 0.5687859840072302, 'rec_macro': 0.6097747129976667, 'f1_micro': 0.9799245689655173, 'prec_micro': 0.9799245689655173, 'rec_micro': 0.9799245689655173}
epoch 71 time: 1.34e+02s, train loss: 24.09, metrics: {'f1': 0.23127899271040425, 'f1_macro': 0.8245186174380045, 'prec_macro': 0.5691674859870594, 'rec_macro': 0.6105735959787533, 'f1_micro': 0.98, 'prec_micro': 0.98, 'rec_micro': 0.98}
epoch 72 time: 1.34e+02s, train loss: 24.05, metrics: {'f1': 0.23654146461740774, 'f1_macro': 0.8198916696107234, 'prec_macro': 0.5712643124374757, 'rec_macro': 0.6131993928832846, 'f1_micro': 0.9799806034482759, 'prec_micro': 0.9799806034482759, 'rec_micro': 0.9799806034482759}
epoch 73 time: 1.35e+02s, train loss: 24.04, metrics: {'f1': 0.24214734437464305, 'f1_macro': 0.8168091604386518, 'prec_macro': 0.57346903817806, 'rec_macro': 0.6160018343463552, 'f1_micro': 0.9799806034482759, 'prec_micro': 0.9799806034482759, 'rec_micro': 0.9799806034482759}
epoch 74 time: 1.34e+02s, train loss: 24.05, metrics: {'f1': 0.24831615678000488, 'f1_macro': 0.817491014703366, 'prec_macro': 0.5757513909869202, 'rec_macro': 0.619100072127969, 'f1_micro': 0.9800366379310345, 'prec_micro': 0.9800366379310345, 'rec_micro': 0.9800366379310345}
epoch 75 time: 1.35e+02s, train loss: 24.06, metrics: {'f1': 0.24170654554302864, 'f1_macro': 0.808094990716327, 'prec_macro': 0.5736969250803012, 'rec_macro': 0.6157482732684176, 'f1_micro': 0.9798512931034483, 'prec_micro': 0.9798512931034483, 'rec_micro': 0.9798512931034483}
epoch 76 time: 1.35e+02s, train loss: 24.07, metrics: {'f1': 0.247671499149591, 'f1_macro': 0.813964750139212, 'prec_macro': 0.5756737639186447, 'rec_macro': 0.6187634132203031, 'f1_micro': 0.9799806034482759, 'prec_micro': 0.9799806034482759, 'rec_micro': 0.9799806034482759}
epoch 77 time: 1.34e+02s, train loss: 24.08, metrics: {'f1': 0.24326292789512016, 'f1_macro': 0.8071050806664639, 'prec_macro': 0.5743316432988088, 'rec_macro': 0.6165252162069013, 'f1_micro': 0.9798469827586207, 'prec_micro': 0.9798469827586207, 'rec_micro': 0.9798469827586207}
epoch 78 time: 1.34e+02s, train loss: 24.08, metrics: {'f1': 0.25030200531529356, 'f1_macro': 0.8098367723652624, 'prec_macro': 0.576876586042357, 'rec_macro': 0.6200673564999527, 'f1_micro': 0.9799375, 'prec_micro': 0.9799375, 'rec_micro': 0.9799375}
epoch 79 time: 1.34e+02s, train loss: 24.07, metrics: {'f1': 0.25208868894601544, 'f1_macro': 0.8088844600577875, 'prec_macro': 0.5776103933470546, 'rec_macro': 0.620959980067709, 'f1_micro': 0.9799353448275862, 'prec_micro': 0.9799353448275862, 'rec_micro': 0.9799353448275863}
epoch 80 time: 1.33e+02s, train loss: 24.06, metrics: {'f1': 0.252239167271847, 'f1_macro': 0.8148864538456619, 'prec_macro': 0.5773637847613597, 'rec_macro': 0.6210590063358373, 'f1_micro': 0.9800280172413793, 'prec_micro': 0.9800280172413793, 'rec_micro': 0.9800280172413793}
epoch 81 time: 1.33e+02s, train loss: 24.06, metrics: {'f1': 0.2571428571428571, 'f1_macro': 0.821549152592115, 'prec_macro': 0.578902982278078, 'rec_macro': 0.6235452711463241, 'f1_micro': 0.9801637931034483, 'prec_micro': 0.9801637931034483, 'rec_micro': 0.9801637931034484}
epoch 82 time: 1.32e+02s, train loss: 24.07, metrics: {'f1': 0.24408549518681677, 'f1_macro': 0.8193140059580026, 'prec_macro': 0.5740822943786534, 'rec_macro': 0.6169834623362072, 'f1_micro': 0.9800301724137931, 'prec_micro': 0.9800301724137931, 'rec_micro': 0.9800301724137931}
epoch 83 time: 1.33e+02s, train loss: 24.09, metrics: {'f1': 0.24261706640561267, 'f1_macro': 0.8173279752698394, 'prec_macro': 0.5736215262715855, 'rec_macro': 0.6162394198499187, 'f1_micro': 0.9799913793103449, 'prec_micro': 0.9799913793103449, 'rec_micro': 0.9799913793103449}
epoch 84 time: 1.33e+02s, train loss: 24.09, metrics: {'f1': 0.2400585508660649, 'f1_macro': 0.8094420042275512, 'prec_macro': 0.5730154155074418, 'rec_macro': 0.6149266384426546, 'f1_micro': 0.9798599137931034, 'prec_micro': 0.9798599137931034, 'rec_micro': 0.9798599137931034}
epoch 85 time: 1.32e+02s, train loss: 24.1, metrics: {'f1': 0.23408590757192924, 'f1_macro': 0.8045575848329514, 'prec_macro': 0.5709983929677304, 'rec_macro': 0.6119120801997259, 'f1_micro': 0.9797478448275863, 'prec_micro': 0.9797478448275863, 'rec_micro': 0.9797478448275863}
epoch 86 time: 1.32e+02s, train loss: 24.1, metrics: {'f1': 0.23547624867595535, 'f1_macro': 0.8059829383638755, 'prec_macro': 0.5714547559728091, 'rec_macro': 0.6126148725391337, 'f1_micro': 0.9797780172413794, 'prec_micro': 0.9797780172413794, 'rec_micro': 0.9797780172413794}
epoch 87 time: 1.32e+02s, train loss: 24.11, metrics: {'f1': 0.2247356774034915, 'f1_macro': 0.7994611626221917, 'prec_macro': 0.567745510039388, 'rec_macro': 0.6072034958710592, 'f1_micro': 0.9796142241379311, 'prec_micro': 0.9796142241379311, 'rec_micro': 0.9796142241379311}
epoch 88 time: 1.33e+02s, train loss: 24.11, metrics: {'f1': 0.22468953038901227, 'f1_macro': 0.8042632632890941, 'prec_macro': 0.5675357813285693, 'rec_macro': 0.6071981294793547, 'f1_micro': 0.9796831896551724, 'prec_micro': 0.9796831896551724, 'rec_micro': 0.9796831896551724}
epoch 89 time: 1.33e+02s, train loss: 24.11, metrics: {'f1': 0.22178086726249588, 'f1_macro': 0.8092386699469307, 'prec_macro': 0.5662872691260025, 'rec_macro': 0.6057567750861411, 'f1_micro': 0.9797327586206896, 'prec_micro': 0.9797327586206896, 'rec_micro': 0.9797327586206896}
epoch 90 time: 1.32e+02s, train loss: 24.1, metrics: {'f1': 0.22345260722254356, 'f1_macro': 0.80952675366141, 'prec_macro': 0.5668829049186392, 'rec_macro': 0.6065963711623883, 'f1_micro': 0.9797478448275863, 'prec_micro': 0.9797478448275863, 'rec_micro': 0.9797478448275863}
epoch 91 time: 1.32e+02s, train loss: 24.09, metrics: {'f1': 0.22894239460925303, 'f1_macro': 0.809029083528549, 'prec_macro': 0.5689070728948004, 'rec_macro': 0.6093485272923644, 'f1_micro': 0.9797780172413794, 'prec_micro': 0.9797780172413794, 'rec_micro': 0.9797780172413794}
epoch 92 time: 1.32e+02s, train loss: 24.09, metrics: {'f1': 0.2345969640392889, 'f1_macro': 0.799779948735005, 'prec_macro': 0.5714040972999342, 'rec_macro': 0.6121498549322636, 'f1_micro': 0.9796788793103448, 'prec_micro': 0.9796788793103448, 'rec_micro': 0.9796788793103448}
epoch 93 time: 1.33e+02s, train loss: 24.1, metrics: {'f1': 0.23653508070960524, 'f1_macro': 0.7829328603066694, 'prec_macro': 0.5729812245498953, 'rec_macro': 0.6130495468518982, 'f1_micro': 0.9794094827586207, 'prec_micro': 0.9794094827586207, 'rec_micro': 0.9794094827586207}
epoch 94 time: 1.33e+02s, train loss: 24.14, metrics: {'f1': 0.23294958316792377, 'f1_macro': 0.7713778898071564, 'prec_macro': 0.5722264673021841, 'rec_macro': 0.6111978922880218, 'f1_micro': 0.9791788793103449, 'prec_micro': 0.9791788793103449, 'rec_micro': 0.9791788793103449}
epoch 95 time: 1.34e+02s, train loss: 24.16, metrics: {'f1': 0.21724986114417202, 'f1_macro': 0.7517273479351457, 'prec_macro': 0.5672004043767993, 'rec_macro': 0.6032365580954447, 'f1_micro': 0.978739224137931, 'prec_micro': 0.978739224137931, 'rec_micro': 0.978739224137931}
epoch 96 time: 1.32e+02s, train loss: 24.18, metrics: {'f1': 0.22146426588403267, 'f1_macro': 0.7564997715308001, 'prec_macro': 0.568578303596014, 'rec_macro': 0.6053710475939746, 'f1_micro': 0.9788469827586207, 'prec_micro': 0.9788469827586207, 'rec_micro': 0.9788469827586207}
epoch 97 time: 1.33e+02s, train loss: 24.16, metrics: {'f1': 0.23702764794422876, 'f1_macro': 0.7739231705127868, 'prec_macro': 0.5736803288221459, 'rec_macro': 0.6132531499547422, 'f1_micro': 0.9792435344827586, 'prec_micro': 0.9792435344827586, 'rec_micro': 0.9792435344827586}
epoch 98 time: 1.33e+02s, train loss: 24.14, metrics: {'f1': 0.2363140150907048, 'f1_macro': 0.7879152372409213, 'prec_macro': 0.5726333243270161, 'rec_macro': 0.6129611781896265, 'f1_micro': 0.9794956896551724, 'prec_micro': 0.9794956896551724, 'rec_micro': 0.9794956896551724}
epoch 99 time: 1.33e+02s, train loss: 24.14, metrics: {'f1': 0.22858545365294936, 'f1_macro': 0.8022572734951174, 'prec_macro': 0.5690523898433107, 'rec_macro': 0.6091446394645951, 'f1_micro': 0.9796788793103448, 'prec_micro': 0.9796788793103448, 'rec_micro': 0.9796788793103448}
epoch 100 time: 1.33e+02s, train loss: 24.16, metrics: {'f1': 0.22536824877250408, 'f1_macro': 0.7981868418192464, 'prec_macro': 0.5680317645429849, 'rec_macro': 0.6075158525305662, 'f1_micro': 0.9795991379310345, 'prec_micro': 0.9795991379310345, 'rec_micro': 0.9795991379310345}
post-training summary -- best {'f1': 0.26572215663124754, 'f1_macro': 0.8008492776450701, 'prec_macro': 0.5834197438488186, 'rec_macro': 0.6277649071358402, 'f1_micro': 0.9798943965517242, 'prec_micro': 0.9798943965517242, 'rec_micro': 0.9798943965517242}
run 2 start -- seed=1
initialized continuityBERT with 547661 parameters.
/home/azureuser/.local/lib/python3.8/site-packages/sklearn/metrics/_classification.py:1344: UndefinedMetricWarning: Precision and F-score are ill-defined and being set to 0.0 in labels with no predicted samples. Use `zero_division` parameter to control this behavior.
  _warn_prf(average, modifier, msg_start, len(result))
epoch 1 time: 1.3e+02s, train loss: 24.71, metrics: {'f1': 0.0, 'f1_macro': 0.4892446120689655, 'prec_macro': 0.5, 'rec_macro': 0.49456383800335285, 'f1_micro': 0.978489224137931, 'prec_micro': 0.978489224137931, 'rec_micro': 0.978489224137931}
epoch 2 time: 1.3e+02s, train loss: 24.61, metrics: {'f1': 0.06591143151390319, 'f1_macro': 0.7410368166260677, 'prec_macro': 0.5172502597838944, 'rec_macro': 0.5275175857280303, 'f1_micro': 0.9784978448275862, 'prec_micro': 0.9784978448275862, 'rec_micro': 0.9784978448275862}
epoch 3 time: 1.3e+02s, train loss: 24.39, metrics: {'f1': 0.19229524117837488, 'f1_macro': 0.7405812989011928, 'prec_macro': 0.5582058608269277, 'rec_macro': 0.590697904323914, 'f1_micro': 0.9784913793103448, 'prec_micro': 0.9784913793103448, 'rec_micro': 0.9784913793103448}
epoch 4 time: 1.3e+02s, train loss: 24.29, metrics: {'f1': 0.22025010084711574, 'f1_macro': 0.773392727665869, 'prec_macro': 0.5672246838548701, 'rec_macro': 0.6048471194380347, 'f1_micro': 0.9791702586206896, 'prec_micro': 0.9791702586206896, 'rec_micro': 0.9791702586206896}
epoch 5 time: 1.3e+02s, train loss: 24.23, metrics: {'f1': 0.21171991392153616, 'f1_macro': 0.7949590589796186, 'prec_macro': 0.5631664878402031, 'rec_macro': 0.6006608015778626, 'f1_micro': 0.9794741379310344, 'prec_micro': 0.9794741379310344, 'rec_micro': 0.9794741379310344}
epoch 6 time: 1.3e+02s, train loss: 24.2, metrics: {'f1': 0.25674492638280944, 'f1_macro': 0.8030452637891459, 'prec_macro': 0.5797341881928716, 'rec_macro': 0.6232716094988979, 'f1_micro': 0.9798728448275862, 'prec_micro': 0.9798728448275862, 'rec_micro': 0.9798728448275862}
epoch 7 time: 1.3e+02s, train loss: 24.16, metrics: {'f1': 0.23033753558357054, 'f1_macro': 0.796687914381347, 'prec_macro': 0.5699458306779833, 'rec_macro': 0.6100017107155434, 'f1_micro': 0.9796056034482759, 'prec_micro': 0.9796056034482759, 'rec_micro': 0.9796056034482759}
epoch 8 time: 1.32e+02s, train loss: 24.12, metrics: {'f1': 0.22227698373583046, 'f1_macro': 0.7991399673815094, 'prec_macro': 0.5668537082636786, 'rec_macro': 0.6059693876931047, 'f1_micro': 0.9795948275862069, 'prec_micro': 0.9795948275862069, 'rec_micro': 0.9795948275862069}
epoch 9 time: 1.33e+02s, train loss: 24.1, metrics: {'f1': 0.24050836550836552, 'f1_macro': 0.7957846034186979, 'prec_macro': 0.5738394759857857, 'rec_macro': 0.615097820801821, 'f1_micro': 0.9796508620689656, 'prec_micro': 0.9796508620689656, 'rec_micro': 0.9796508620689656}
epoch 10 time: 1.33e+02s, train loss: 24.1, metrics: {'f1': 0.24449091201544154, 'f1_macro': 0.8006587906796099, 'prec_macro': 0.5751171848433132, 'rec_macro': 0.6171152960847879, 'f1_micro': 0.9797543103448276, 'prec_micro': 0.9797543103448276, 'rec_micro': 0.9797543103448276}
epoch 11 time: 1.33e+02s, train loss: 24.08, metrics: {'f1': 0.22662375175373445, 'f1_macro': 0.8120763705852156, 'prec_macro': 0.5679404100938413, 'rec_macro': 0.608196047763451, 'f1_micro': 0.9798038793103448, 'prec_micro': 0.9798038793103448, 'rec_micro': 0.9798038793103448}
epoch 12 time: 1.34e+02s, train loss: 24.08, metrics: {'f1': 0.2547943025383942, 'f1_macro': 0.8004706486635516, 'prec_macro': 0.5791176281657864, 'rec_macro': 0.6222820855025053, 'f1_micro': 0.9798168103448276, 'prec_micro': 0.9798168103448276, 'rec_micro': 0.9798168103448276}
epoch 13 time: 1.31e+02s, train loss: 24.08, metrics: {'f1': 0.24443009363900547, 'f1_macro': 0.8053278772498143, 'prec_macro': 0.5748606647781428, 'rec_macro': 0.6171037114503726, 'f1_micro': 0.9798275862068966, 'prec_micro': 0.9798275862068966, 'rec_micro': 0.9798275862068966}
epoch 14 time: 1.31e+02s, train loss: 24.07, metrics: {'f1': 0.2367519973911626, 'f1_macro': 0.8084880716933214, 'prec_macro': 0.5718208400956764, 'rec_macro': 0.6132642522714014, 'f1_micro': 0.979823275862069, 'prec_micro': 0.979823275862069, 'rec_micro': 0.979823275862069}
epoch 15 time: 1.3e+02s, train loss: 24.05, metrics: {'f1': 0.24379490529065972, 'f1_macro': 0.8200983511887028, 'prec_macro': 0.5739397177646036, 'rec_macro': 0.6168404066328723, 'f1_micro': 0.9800387931034483, 'prec_micro': 0.9800387931034483, 'rec_micro': 0.9800387931034483}
epoch 16 time: 1.3e+02s, train loss: 24.06, metrics: {'f1': 0.22426806004810484, 'f1_macro': 0.8162859231537208, 'prec_macro': 0.5669313610405197, 'rec_macro': 0.6070283629683513, 'f1_micro': 0.9798426724137931, 'prec_micro': 0.9798426724137931, 'rec_micro': 0.9798426724137931}
epoch 17 time: 1.3e+02s, train loss: 24.05, metrics: {'f1': 0.2550659376005146, 'f1_macro': 0.8139198021239167, 'prec_macro': 0.5784939484108169, 'rec_macro': 0.6224737921615953, 'f1_micro': 0.9800344827586207, 'prec_micro': 0.9800344827586207, 'rec_micro': 0.9800344827586207}
epoch 18 time: 1.29e+02s, train loss: 24.06, metrics: {'f1': 0.22844437124269126, 'f1_macro': 0.8114636792981609, 'prec_macro': 0.5686285273196844, 'rec_macro': 0.6091073041496748, 'f1_micro': 0.9798081896551725, 'prec_micro': 0.9798081896551725, 'rec_micro': 0.9798081896551725}
epoch 19 time: 1.31e+02s, train loss: 24.05, metrics: {'f1': 0.23027401782766593, 'f1_macro': 0.8174029684302806, 'prec_macro': 0.569067833408838, 'rec_macro': 0.6100457528158991, 'f1_micro': 0.9799008620689655, 'prec_micro': 0.9799008620689655, 'rec_micro': 0.9799008620689655}
epoch 20 time: 1.3e+02s, train loss: 24.05, metrics: {'f1': 0.23333333333333334, 'f1_macro': 0.8212538488629004, 'prec_macro': 0.5700361609773257, 'rec_macro': 0.6115939497168479, 'f1_micro': 0.9799741379310345, 'prec_micro': 0.9799741379310345, 'rec_micro': 0.9799741379310345}
epoch 21 time: 1.3e+02s, train loss: 24.04, metrics: {'f1': 0.22705114434437745, 'f1_macro': 0.8144337826311275, 'prec_macro': 0.5680070244071441, 'rec_macro': 0.6084185568636988, 'f1_micro': 0.9798383620689655, 'prec_micro': 0.9798383620689655, 'rec_micro': 0.9798383620689655}
epoch 22 time: 1.3e+02s, train loss: 24.03, metrics: {'f1': 0.23954560421468557, 'f1_macro': 0.8264869725776645, 'prec_macro': 0.572104379973378, 'rec_macro': 0.6147294108170469, 'f1_micro': 0.9800905172413793, 'prec_micro': 0.9800905172413793, 'rec_micro': 0.9800905172413793}
epoch 23 time: 1.3e+02s, train loss: 24.02, metrics: {'f1': 0.24889831891627223, 'f1_macro': 0.8263028187682502, 'prec_macro': 0.5755713967145282, 'rec_macro': 0.61942374848173, 'f1_micro': 0.9801637931034483, 'prec_micro': 0.9801637931034483, 'rec_micro': 0.9801637931034484}
epoch 24 time: 1.31e+02s, train loss: 24.02, metrics: {'f1': 0.25673713086977573, 'f1_macro': 0.820584395823813, 'prec_macro': 0.5787961842634072, 'rec_macro': 0.6233380173607163, 'f1_micro': 0.9801465517241379, 'prec_micro': 0.9801465517241379, 'rec_micro': 0.9801465517241379}
epoch 25 time: 1.31e+02s, train loss: 24.01, metrics: {'f1': 0.24414688244475477, 'f1_macro': 0.8297623087143873, 'prec_macro': 0.5736639382325135, 'rec_macro': 0.6170501125806143, 'f1_micro': 0.9801702586206896, 'prec_micro': 0.9801702586206896, 'rec_micro': 0.9801702586206896}
epoch 26 time: 1.3e+02s, train loss: 24.01, metrics: {'f1': 0.2497344120290921, 'f1_macro': 0.8294991418904191, 'prec_macro': 0.5757437077670046, 'rec_macro': 0.6198544461629251, 'f1_micro': 0.9802133620689655, 'prec_micro': 0.9802133620689655, 'rec_micro': 0.9802133620689655}
epoch 27 time: 1.31e+02s, train loss: 24.01, metrics: {'f1': 0.2588540400356593, 'f1_macro': 0.8295538063839157, 'prec_macro': 0.579163933153803, 'rec_macro': 0.6244333597003104, 'f1_micro': 0.980290948275862, 'prec_micro': 0.980290948275862, 'rec_micro': 0.980290948275862}
epoch 28 time: 1.31e+02s, train loss: 24.01, metrics: {'f1': 0.24790399473943778, 'f1_macro': 0.8359065047072873, 'prec_macro': 0.5747979692004939, 'rec_macro': 0.6189565505966137, 'f1_micro': 0.9802801724137931, 'prec_micro': 0.9802801724137931, 'rec_micro': 0.9802801724137931}
epoch 29 time: 1.31e+02s, train loss: 24.0, metrics: {'f1': 0.2545188080117245, 'f1_macro': 0.8305186122929733, 'prec_macro': 0.5774860263415579, 'rec_macro': 0.622260048309021, 'f1_micro': 0.9802672413793103, 'prec_micro': 0.9802672413793103, 'rec_micro': 0.9802672413793103}
epoch 30 time: 1.3e+02s, train loss: 24.0, metrics: {'f1': 0.2603896103896104, 'f1_macro': 0.833808898783689, 'prec_macro': 0.5795432325826375, 'rec_macro': 0.6252192678891961, 'f1_micro': 0.9803620689655173, 'prec_micro': 0.9803620689655173, 'rec_micro': 0.9803620689655173}
epoch 31 time: 1.3e+02s, train loss: 23.99, metrics: {'f1': 0.25135802469135804, 'f1_macro': 0.842852833788993, 'prec_macro': 0.5757883222789272, 'rec_macro': 0.6207131336537535, 'f1_micro': 0.980396551724138, 'prec_micro': 0.980396551724138, 'rec_micro': 0.980396551724138}
epoch 32 time: 1.3e+02s, train loss: 23.99, metrics: {'f1': 0.27761360913665045, 'f1_macro': 0.83319454924135, 'prec_macro': 0.5861822013573624, 'rec_macro': 0.6338667677133019, 'f1_micro': 0.9805064655172414, 'prec_micro': 0.9805064655172414, 'rec_micro': 0.9805064655172414}
epoch 33 time: 1.31e+02s, train loss: 23.99, metrics: {'f1': 0.2709438816529989, 'f1_macro': 0.8339105979390851, 'prec_macro': 0.5835601950375698, 'rec_macro': 0.6305197912178437, 'f1_micro': 0.9804568965517242, 'prec_micro': 0.9804568965517242, 'rec_micro': 0.9804568965517242}
epoch 34 time: 1.31e+02s, train loss: 23.99, metrics: {'f1': 0.2583638583638584, 'f1_macro': 0.8353106445222254, 'prec_macro': 0.5787114374672473, 'rec_macro': 0.6242071280702296, 'f1_micro': 0.980364224137931, 'prec_micro': 0.980364224137931, 'rec_micro': 0.980364224137931}
epoch 35 time: 1.31e+02s, train loss: 23.99, metrics: {'f1': 0.2510850872164442, 'f1_macro': 0.8345745620453799, 'prec_macro': 0.5760283232116383, 'rec_macro': 0.6205495812555404, 'f1_micro': 0.980290948275862, 'prec_micro': 0.980290948275862, 'rec_micro': 0.980290948275862}
epoch 36 time: 1.31e+02s, train loss: 23.99, metrics: {'f1': 0.26711777025938455, 'f1_macro': 0.8317155812270596, 'prec_macro': 0.5822043213283008, 'rec_macro': 0.6285904823799779, 'f1_micro': 0.9803922413793104, 'prec_micro': 0.9803922413793104, 'rec_micro': 0.9803922413793104}
epoch 37 time: 1.32e+02s, train loss: 23.99, metrics: {'f1': 0.27999046029096114, 'f1_macro': 0.8300069159632186, 'prec_macro': 0.5872958458743605, 'rec_macro': 0.6350483259341941, 'f1_micro': 0.9804806034482758, 'prec_micro': 0.9804806034482758, 'rec_micro': 0.9804806034482758}
epoch 38 time: 1.32e+02s, train loss: 23.99, metrics: {'f1': 0.259382886916877, 'f1_macro': 0.8369196152265337, 'prec_macro': 0.5790208187562871, 'rec_macro': 0.6247242974952206, 'f1_micro': 0.9803943965517241, 'prec_micro': 0.9803943965517241, 'rec_micro': 0.9803943965517241}
epoch 39 time: 1.32e+02s, train loss: 23.98, metrics: {'f1': 0.25463757456893027, 'f1_macro': 0.836180563593741, 'prec_macro': 0.5772796014572311, 'rec_macro': 0.6223387870005489, 'f1_micro': 0.9803426724137931, 'prec_micro': 0.9803426724137931, 'rec_micro': 0.9803426724137932}
epoch 40 time: 1.32e+02s, train loss: 23.98, metrics: {'f1': 0.25734516155286075, 'f1_macro': 0.833704453351172, 'prec_macro': 0.5784020561782074, 'rec_macro': 0.62369012448281, 'f1_micro': 0.9803340517241379, 'prec_micro': 0.9803340517241379, 'rec_micro': 0.9803340517241379}
epoch 41 time: 1.33e+02s, train loss: 23.98, metrics: {'f1': 0.2500409634605932, 'f1_macro': 0.8337664568631422, 'prec_macro': 0.5756754543947386, 'rec_macro': 0.6200226328690898, 'f1_micro': 0.9802715517241379, 'prec_micro': 0.9802715517241379, 'rec_micro': 0.9802715517241379}
epoch 42 time: 1.31e+02s, train loss: 23.98, metrics: {'f1': 0.2626987362413371, 'f1_macro': 0.8436067396886107, 'prec_macro': 0.5799621779293741, 'rec_macro': 0.6264118043058094, 'f1_micro': 0.9805107758620689, 'prec_micro': 0.9805107758620689, 'rec_micro': 0.9805107758620689}
epoch 43 time: 1.32e+02s, train loss: 23.98, metrics: {'f1': 0.2848754166005396, 'f1_macro': 0.8335553230728843, 'prec_macro': 0.589011196053513, 'rec_macro': 0.6375152592671716, 'f1_micro': 0.9805775862068965, 'prec_micro': 0.9805775862068965, 'rec_micro': 0.9805775862068965}
epoch 44 time: 1.32e+02s, train loss: 23.97, metrics: {'f1': 0.2884660929975527, 'f1_macro': 0.8312590000971392, 'prec_macro': 0.590577899749098, 'rec_macro': 0.639309701661433, 'f1_micro': 0.9805754310344827, 'prec_micro': 0.9805754310344827, 'rec_micro': 0.9805754310344827}
epoch 45 time: 1.32e+02s, train loss: 23.98, metrics: {'f1': 0.25198656508560663, 'f1_macro': 0.8363207954793475, 'prec_macro': 0.5762887105953318, 'rec_macro': 0.6210079856471075, 'f1_micro': 0.9803211206896552, 'prec_micro': 0.9803211206896552, 'rec_micro': 0.9803211206896552}
epoch 46 time: 1.32e+02s, train loss: 24.01, metrics: {'f1': 0.24147586888486244, 'f1_macro': 0.8299762367132555, 'prec_macro': 0.5726741486461115, 'rec_macro': 0.615709862405063, 'f1_micro': 0.9801508620689655, 'prec_micro': 0.9801508620689655, 'rec_micro': 0.9801508620689655}
epoch 47 time: 1.32e+02s, train loss: 24.0, metrics: {'f1': 0.2570543141412494, 'f1_macro': 0.8363606601162898, 'prec_macro': 0.578173605783935, 'rec_macro': 0.623553026915493, 'f1_micro': 0.9803663793103449, 'prec_micro': 0.9803663793103449, 'rec_micro': 0.9803663793103449}
epoch 48 time: 1.34e+02s, train loss: 23.99, metrics: {'f1': 0.25868632056369967, 'f1_macro': 0.8284086466995105, 'prec_macro': 0.5791551229498247, 'rec_macro': 0.6243450878679551, 'f1_micro': 0.9802737068965517, 'prec_micro': 0.9802737068965517, 'rec_micro': 0.9802737068965517}
epoch 49 time: 1.33e+02s, train loss: 24.0, metrics: {'f1': 0.25288664823548546, 'f1_macro': 0.8264379193883844, 'prec_macro': 0.5770588342828744, 'rec_macro': 0.6214264081341585, 'f1_micro': 0.980198275862069, 'prec_micro': 0.980198275862069, 'rec_micro': 0.980198275862069}
epoch 50 time: 1.33e+02s, train loss: 24.0, metrics: {'f1': 0.2368573079145003, 'f1_macro': 0.8266565985246171, 'prec_macro': 0.5711145903869761, 'rec_macro': 0.6133805200798881, 'f1_micro': 0.9800711206896552, 'prec_micro': 0.9800711206896552, 'rec_micro': 0.9800711206896552}
epoch 51 time: 1.34e+02s, train loss: 24.0, metrics: {'f1': 0.23935158382267804, 'f1_macro': 0.8336528649699017, 'prec_macro': 0.571757581025996, 'rec_macro': 0.6146550966239251, 'f1_micro': 0.9801788793103449, 'prec_micro': 0.9801788793103449, 'rec_micro': 0.9801788793103449}
epoch 52 time: 1.35e+02s, train loss: 23.99, metrics: {'f1': 0.24736196319018403, 'f1_macro': 0.8277279680501678, 'prec_macro': 0.5749377797715178, 'rec_macro': 0.618657367716137, 'f1_micro': 0.9801702586206896, 'prec_micro': 0.9801702586206896, 'rec_micro': 0.9801702586206896}
epoch 53 time: 1.35e+02s, train loss: 24.0, metrics: {'f1': 0.25925625860811796, 'f1_macro': 0.8296185613604106, 'prec_macro': 0.5793131174208365, 'rec_macro': 0.6246355392839968, 'f1_micro': 0.9802952586206897, 'prec_micro': 0.9802952586206897, 'rec_micro': 0.9802952586206897}
epoch 54 time: 1.34e+02s, train loss: 24.01, metrics: {'f1': 0.2599172548065223, 'f1_macro': 0.832357246833489, 'prec_macro': 0.5794331307414747, 'rec_macro': 0.6249770455503507, 'f1_micro': 0.9803383620689655, 'prec_micro': 0.9803383620689655, 'rec_micro': 0.9803383620689655}
epoch 55 time: 1.35e+02s, train loss: 24.0, metrics: {'f1': 0.25926227505903426, 'f1_macro': 0.8370020529046718, 'prec_macro': 0.5789718248509408, 'rec_macro': 0.6246640024149241, 'f1_micro': 0.9803943965517241, 'prec_micro': 0.9803943965517241, 'rec_micro': 0.9803943965517241}
epoch 56 time: 1.35e+02s, train loss: 23.98, metrics: {'f1': 0.2523938129143138, 'f1_macro': 0.8353661972005982, 'prec_macro': 0.576480281114728, 'rec_macro': 0.621209360308023, 'f1_micro': 0.9803125, 'prec_micro': 0.9803125, 'rec_micro': 0.9803125}
epoch 57 time: 1.35e+02s, train loss: 23.99, metrics: {'f1': 0.24869195552648787, 'f1_macro': 0.8286890233747923, 'prec_macro': 0.5753908389501048, 'rec_macro': 0.619328331372455, 'f1_micro': 0.9801939655172414, 'prec_micro': 0.9801939655172414, 'rec_micro': 0.9801939655172414}
epoch 58 time: 1.34e+02s, train loss: 24.0, metrics: {'f1': 0.24645013873021052, 'f1_macro': 0.8229869713561503, 'prec_macro': 0.5748034498694149, 'rec_macro': 0.6181832783007709, 'f1_micro': 0.9800991379310345, 'prec_micro': 0.9800991379310345, 'rec_micro': 0.9800991379310345}
epoch 59 time: 1.37e+02s, train loss: 23.99, metrics: {'f1': 0.25862068965517243, 'f1_macro': 0.834325162236152, 'prec_macro': 0.5788529128057998, 'rec_macro': 0.6243327538156435, 'f1_micro': 0.980353448275862, 'prec_micro': 0.980353448275862, 'rec_micro': 0.980353448275862}
epoch 60 time: 1.38e+02s, train loss: 23.98, metrics: {'f1': 0.24604799737898272, 'f1_macro': 0.827892670838777, 'prec_macro': 0.5744434356160655, 'rec_macro': 0.61799828867487, 'f1_micro': 0.9801616379310345, 'prec_micro': 0.9801616379310345, 'rec_micro': 0.9801616379310345}
epoch 61 time: 1.37e+02s, train loss: 24.0, metrics: {'f1': 0.24123422159887795, 'f1_macro': 0.8323662933825884, 'prec_macro': 0.5724924896061909, 'rec_macro': 0.6155962510570494, 'f1_micro': 0.9801788793103449, 'prec_micro': 0.9801788793103449, 'rec_micro': 0.9801788793103449}
epoch 62 time: 1.37e+02s, train loss: 24.0, metrics: {'f1': 0.23594668432817287, 'f1_macro': 0.8303474467091243, 'prec_macro': 0.5706444742924639, 'rec_macro': 0.6129352439001532, 'f1_micro': 0.9801099137931034, 'prec_micro': 0.9801099137931034, 'rec_micro': 0.9801099137931034}
epoch 63 time: 1.38e+02s, train loss: 24.0, metrics: {'f1': 0.24708968683390722, 'f1_macro': 0.8306983979184422, 'prec_macro': 0.5747115319282401, 'rec_macro': 0.61853065912821, 'f1_micro': 0.9802068965517241, 'prec_micro': 0.9802068965517241, 'rec_micro': 0.9802068965517241}
epoch 64 time: 1.37e+02s, train loss: 24.0, metrics: {'f1': 0.24531237206255627, 'f1_macro': 0.826388128215823, 'prec_macro': 0.5742342446887129, 'rec_macro': 0.6176239023233854, 'f1_micro': 0.980135775862069, 'prec_micro': 0.980135775862069, 'rec_micro': 0.980135775862069}
epoch 65 time: 1.37e+02s, train loss: 24.0, metrics: {'f1': 0.23965856861457646, 'f1_macro': 0.8221404033732554, 'prec_macro': 0.5723207163371804, 'rec_macro': 0.6147714997741506, 'f1_micro': 0.9800344827586207, 'prec_micro': 0.9800344827586207, 'rec_micro': 0.9800344827586207}
epoch 66 time: 1.36e+02s, train loss: 24.01, metrics: {'f1': 0.23168513312386302, 'f1_macro': 0.8222311810384952, 'prec_macro': 0.5693992402078235, 'rec_macro': 0.6107699936123057, 'f1_micro': 0.9799741379310345, 'prec_micro': 0.9799741379310345, 'rec_micro': 0.9799741379310345}
epoch 67 time: 1.35e+02s, train loss: 24.01, metrics: {'f1': 0.23205245248568346, 'f1_macro': 0.8287174084972959, 'prec_macro': 0.5692952082361786, 'rec_macro': 0.6109751918534476, 'f1_micro': 0.9800581896551724, 'prec_micro': 0.9800581896551724, 'rec_micro': 0.9800581896551724}
epoch 68 time: 1.35e+02s, train loss: 24.02, metrics: {'f1': 0.23347653668208854, 'f1_macro': 0.8235085998711043, 'prec_macro': 0.5700025849289414, 'rec_macro': 0.611673282796834, 'f1_micro': 0.9800043103448276, 'prec_micro': 0.9800043103448276, 'rec_micro': 0.9800043103448276}
epoch 69 time: 1.35e+02s, train loss: 24.02, metrics: {'f1': 0.24221566699442806, 'f1_macro': 0.8232268232838114, 'prec_macro': 0.5732202270413707, 'rec_macro': 0.6160586740774305, 'f1_micro': 0.9800689655172414, 'prec_micro': 0.9800689655172414, 'rec_micro': 0.9800689655172414}
epoch 70 time: 1.37e+02s, train loss: 24.01, metrics: {'f1': 0.25908833292850786, 'f1_macro': 0.8284751263432611, 'prec_macro': 0.5793043072168582, 'rec_macro': 0.6245471643378933, 'f1_micro': 0.9802780172413793, 'prec_micro': 0.9802780172413793, 'rec_micro': 0.9802780172413793}
epoch 71 time: 1.34e+02s, train loss: 24.0, metrics: {'f1': 0.2724507763726589, 'f1_macro': 0.8296691599882455, 'prec_macro': 0.5843688633675171, 'rec_macro': 0.6312609204493622, 'f1_micro': 0.9804094827586207, 'prec_micro': 0.9804094827586207, 'rec_micro': 0.9804094827586207}
epoch 72 time: 1.32e+02s, train loss: 23.99, metrics: {'f1': 0.2681413112667091, 'f1_macro': 0.8166770184616459, 'prec_macro': 0.5834170292229234, 'rec_macro': 0.6290467980448062, 'f1_micro': 0.980176724137931, 'prec_micro': 0.980176724137931, 'rec_micro': 0.980176724137931}
epoch 73 time: 1.32e+02s, train loss: 24.0, metrics: {'f1': 0.25720979077469913, 'f1_macro': 0.8228564536923173, 'prec_macro': 0.5788638998522073, 'rec_macro': 0.6235837130422527, 'f1_micro': 0.9801831896551724, 'prec_micro': 0.9801831896551724, 'rec_micro': 0.9801831896551724}
epoch 74 time: 1.32e+02s, train loss: 24.01, metrics: {'f1': 0.2373716632443532, 'f1_macro': 0.8200652253906506, 'prec_macro': 0.5715626809715427, 'rec_macro': 0.6136166317204487, 'f1_micro': 0.979989224137931, 'prec_micro': 0.979989224137931, 'rec_micro': 0.979989224137931}
epoch 75 time: 1.33e+02s, train loss: 24.01, metrics: {'f1': 0.23432206890853505, 'f1_macro': 0.824848992013628, 'prec_macro': 0.5702596684861431, 'rec_macro': 0.612102059482191, 'f1_micro': 0.9800280172413793, 'prec_micro': 0.9800280172413793, 'rec_micro': 0.9800280172413793}
epoch 76 time: 1.32e+02s, train loss: 24.0, metrics: {'f1': 0.23723773335536097, 'f1_macro': 0.8286320146461832, 'prec_macro': 0.5711779008737871, 'rec_macro': 0.6135778903201543, 'f1_micro': 0.9800991379310345, 'prec_micro': 0.9800991379310345, 'rec_micro': 0.9800991379310345}
epoch 77 time: 1.33e+02s, train loss: 24.0, metrics: {'f1': 0.23832315563624362, 'f1_macro': 0.828614890552249, 'prec_macro': 0.5715742572185468, 'rec_macro': 0.6141227191005141, 'f1_micro': 0.9801077586206897, 'prec_micro': 0.9801077586206897, 'rec_micro': 0.9801077586206897}
epoch 78 time: 1.34e+02s, train loss: 24.0, metrics: {'f1': 0.25018395879323035, 'f1_macro': 0.8308489442338929, 'prec_macro': 0.5758527083326701, 'rec_macro': 0.6200847122801262, 'f1_micro': 0.9802349137931035, 'prec_micro': 0.9802349137931035, 'rec_micro': 0.9802349137931035}
epoch 79 time: 1.34e+02s, train loss: 24.0, metrics: {'f1': 0.24222423892418118, 'f1_macro': 0.833774658016286, 'prec_macro': 0.5727996683442362, 'rec_macro': 0.6160978108034141, 'f1_micro': 0.9802047413793104, 'prec_micro': 0.9802047413793104, 'rec_micro': 0.9802047413793104}
epoch 80 time: 1.34e+02s, train loss: 24.04, metrics: {'f1': 0.24723519292209387, 'f1_macro': 0.8297754685122278, 'prec_macro': 0.5748040133614463, 'rec_macro': 0.6186006330206189, 'f1_micro': 0.9801961206896552, 'prec_micro': 0.9801961206896552, 'rec_micro': 0.9801961206896552}
epoch 81 time: 1.34e+02s, train loss: 24.03, metrics: {'f1': 0.2603645749314406, 'f1_macro': 0.824821605997603, 'prec_macro': 0.5799692976572584, 'rec_macro': 0.6251746531442575, 'f1_micro': 0.9802370689655172, 'prec_micro': 0.9802370689655172, 'rec_micro': 0.9802370689655172}
epoch 82 time: 1.33e+02s, train loss: 24.03, metrics: {'f1': 0.2658418589896106, 'f1_macro': 0.809873338736581, 'prec_macro': 0.5829111088204669, 'rec_macro': 0.6278646202236852, 'f1_micro': 0.9800495689655172, 'prec_micro': 0.9800495689655172, 'rec_micro': 0.9800495689655172}
epoch 83 time: 1.33e+02s, train loss: 24.06, metrics: {'f1': 0.26084898216821845, 'f1_macro': 0.7978802685922779, 'prec_macro': 0.5816620074173033, 'rec_macro': 0.625307188614825, 'f1_micro': 0.9798103448275862, 'prec_micro': 0.9798103448275862, 'rec_micro': 0.9798103448275862}
epoch 84 time: 1.32e+02s, train loss: 24.08, metrics: {'f1': 0.24910465578989258, 'f1_macro': 0.7937053242915562, 'prec_macro': 0.5772767582885092, 'rec_macro': 0.6193990401137275, 'f1_micro': 0.9796659482758621, 'prec_micro': 0.9796659482758621, 'rec_micro': 0.9796659482758621}
epoch 85 time: 1.35e+02s, train loss: 24.08, metrics: {'f1': 0.2341694582890759, 'f1_macro': 0.8080599577080455, 'prec_macro': 0.5708778418636261, 'rec_macro': 0.6119671274995673, 'f1_micro': 0.9797995689655172, 'prec_micro': 0.9797995689655172, 'rec_micro': 0.9797995689655172}
epoch 86 time: 1.32e+02s, train loss: 24.06, metrics: {'f1': 0.21555297628917264, 'f1_macro': 0.8029531626986459, 'prec_macro': 0.5642636389333073, 'rec_macro': 0.6026112913736258, 'f1_micro': 0.9796077586206896, 'prec_micro': 0.9796077586206896, 'rec_micro': 0.9796077586206896}
epoch 87 time: 1.32e+02s, train loss: 24.12, metrics: {'f1': 0.20697655149556718, 'f1_macro': 0.7896380214798009, 'prec_macro': 0.5616449107314412, 'rec_macro': 0.5982635372030679, 'f1_micro': 0.9793728448275862, 'prec_micro': 0.9793728448275862, 'rec_micro': 0.9793728448275862}
epoch 88 time: 1.32e+02s, train loss: 24.11, metrics: {'f1': 0.21524218879153575, 'f1_macro': 0.7981153917915345, 'prec_macro': 0.5643263859280869, 'rec_macro': 0.6024382254862121, 'f1_micro': 0.9795387931034483, 'prec_micro': 0.9795387931034483, 'rec_micro': 0.9795387931034483}
epoch 89 time: 1.32e+02s, train loss: 24.11, metrics: {'f1': 0.21166377959251012, 'f1_macro': 0.7900701471459659, 'prec_macro': 0.5633261213701781, 'rec_macro': 0.6006144861492588, 'f1_micro': 0.9794030172413793, 'prec_micro': 0.9794030172413793, 'rec_micro': 0.9794030172413793}
epoch 90 time: 1.32e+02s, train loss: 24.1, metrics: {'f1': 0.22099991790493392, 'f1_macro': 0.7965598055041537, 'prec_macro': 0.5664876241408114, 'rec_macro': 0.6053193501203724, 'f1_micro': 0.9795495689655173, 'prec_micro': 0.9795495689655173, 'rec_micro': 0.9795495689655173}
epoch 91 time: 1.32e+02s, train loss: 24.09, metrics: {'f1': 0.22050480966866723, 'f1_macro': 0.7979325583674666, 'prec_macro': 0.5662514648180581, 'rec_macro': 0.6050762654121439, 'f1_micro': 0.9795668103448276, 'prec_micro': 0.9795668103448276, 'rec_micro': 0.9795668103448276}
epoch 92 time: 1.32e+02s, train loss: 24.06, metrics: {'f1': 0.21848321591380024, 'f1_macro': 0.8068415639014324, 'prec_macro': 0.5651818713209513, 'rec_macro': 0.6040944086469054, 'f1_micro': 0.9796788793103448, 'prec_micro': 0.9796788793103448, 'rec_micro': 0.9796788793103448}
epoch 93 time: 1.32e+02s, train loss: 24.08, metrics: {'f1': 0.21184472461844725, 'f1_macro': 0.7982894004985683, 'prec_macro': 0.5630927280904506, 'rec_macro': 0.6007353639774479, 'f1_micro': 0.9795215517241379, 'prec_micro': 0.9795215517241379, 'rec_micro': 0.9795215517241379}
epoch 94 time: 1.31e+02s, train loss: 24.08, metrics: {'f1': 0.21886917592439065, 'f1_macro': 0.8077801935437341, 'prec_macro': 0.565287568060125, 'rec_macro': 0.6042912267303215, 'f1_micro': 0.9796939655172414, 'prec_micro': 0.9796939655172414, 'rec_micro': 0.9796939655172414}
epoch 95 time: 1.32e+02s, train loss: 24.06, metrics: {'f1': 0.223457199734572, 'f1_macro': 0.8152326402541485, 'prec_macro': 0.5666764800343125, 'rec_macro': 0.6066180254216866, 'f1_micro': 0.979823275862069, 'prec_micro': 0.979823275862069, 'rec_micro': 0.979823275862069}
epoch 96 time: 1.32e+02s, train loss: 24.06, metrics: {'f1': 0.22071475843812047, 'f1_macro': 0.8072034418448097, 'prec_macro': 0.5659756852859681, 'rec_macro': 0.6052149637905038, 'f1_micro': 0.9796982758620689, 'prec_micro': 0.9796982758620689, 'rec_micro': 0.9796982758620689}
epoch 97 time: 1.32e+02s, train loss: 24.06, metrics: {'f1': 0.22659284356664738, 'f1_macro': 0.8140284538498115, 'prec_macro': 0.5678556375891161, 'rec_macro': 0.6081872339798651, 'f1_micro': 0.9798297413793103, 'prec_micro': 0.9798297413793103, 'rec_micro': 0.9798297413793103}
epoch 98 time: 1.32e+02s, train loss: 24.06, metrics: {'f1': 0.22314049586776857, 'f1_macro': 0.8092031684881265, 'prec_macro': 0.5667816132814548, 'rec_macro': 0.6064386833525981, 'f1_micro': 0.9797413793103448, 'prec_micro': 0.9797413793103448, 'rec_micro': 0.9797413793103448}
epoch 99 time: 1.32e+02s, train loss: 24.06, metrics: {'f1': 0.2242665340626554, 'f1_macro': 0.8151210510327003, 'prec_macro': 0.566972646017385, 'rec_macro': 0.6070237285711331, 'f1_micro': 0.9798275862068966, 'prec_micro': 0.9798275862068966, 'rec_micro': 0.9798275862068966}
epoch 100 time: 1.32e+02s, train loss: 24.05, metrics: {'f1': 0.2292149718449818, 'f1_macro': 0.8210042363989185, 'prec_macro': 0.5685487234089796, 'rec_macro': 0.6095262783113791, 'f1_micro': 0.9799396551724138, 'prec_micro': 0.9799396551724138, 'rec_micro': 0.9799396551724138}
post-training summary -- best {'f1': 0.2884660929975527, 'f1_macro': 0.8312590000971392, 'prec_macro': 0.590577899749098, 'rec_macro': 0.639309701661433, 'f1_micro': 0.9805754310344827, 'prec_micro': 0.9805754310344827, 'rec_micro': 0.9805754310344827}
run 3 start -- seed=2
initialized continuityBERT with 547661 parameters.
/home/azureuser/.local/lib/python3.8/site-packages/sklearn/metrics/_classification.py:1344: UndefinedMetricWarning: Precision and F-score are ill-defined and being set to 0.0 in labels with no predicted samples. Use `zero_division` parameter to control this behavior.
  _warn_prf(average, modifier, msg_start, len(result))
epoch 1 time: 1.31e+02s, train loss: 24.7, metrics: {'f1': 0.0, 'f1_macro': 0.4892446120689655, 'prec_macro': 0.5, 'rec_macro': 0.49456383800335285, 'f1_micro': 0.978489224137931, 'prec_micro': 0.978489224137931, 'rec_micro': 0.978489224137931}
epoch 2 time: 1.3e+02s, train loss: 24.58, metrics: {'f1': 0.09051998907203351, 'f1_macro': 0.7382580993520518, 'prec_macro': 0.5243433633041383, 'rec_macro': 0.5398146329895275, 'f1_micro': 0.9784762931034483, 'prec_micro': 0.9784762931034483, 'rec_micro': 0.9784762931034483}
epoch 3 time: 1.32e+02s, train loss: 24.37, metrics: {'f1': 0.19922380336351875, 'f1_macro': 0.7485879632589874, 'prec_macro': 0.5604452895999592, 'rec_macro': 0.5942036153833338, 'f1_micro': 0.9786551724137931, 'prec_micro': 0.9786551724137931, 'rec_micro': 0.9786551724137931}
epoch 4 time: 1.32e+02s, train loss: 24.27, metrics: {'f1': 0.23727193052346424, 'f1_macro': 0.7804868868568031, 'prec_macro': 0.573401245463564, 'rec_macro': 0.6134073834401342, 'f1_micro': 0.9793685344827586, 'prec_micro': 0.9793685344827586, 'rec_micro': 0.9793685344827586}
epoch 5 time: 1.31e+02s, train loss: 24.23, metrics: {'f1': 0.18372294372294373, 'f1_macro': 0.8284687659305372, 'prec_macro': 0.552591538922444, 'rec_macro': 0.5867177106088122, 'f1_micro': 0.9796810344827587, 'prec_micro': 0.9796810344827587, 'rec_micro': 0.9796810344827587}
epoch 6 time: 1.32e+02s, train loss: 24.22, metrics: {'f1': 0.23083197389885807, 'f1_macro': 0.8011670122217138, 'prec_macro': 0.5699331788640473, 'rec_macro': 0.6102671455752399, 'f1_micro': 0.979676724137931, 'prec_micro': 0.979676724137931, 'rec_micro': 0.979676724137931}
epoch 7 time: 1.32e+02s, train loss: 24.14, metrics: {'f1': 0.22247800707062398, 'f1_macro': 0.8006953213509947, 'prec_macro': 0.5668658222941487, 'rec_macro': 0.6060759668814096, 'f1_micro': 0.9796185344827586, 'prec_micro': 0.9796185344827586, 'rec_micro': 0.9796185344827586}
epoch 8 time: 1.42e+02s, train loss: 24.12, metrics: {'f1': 0.2679799874921826, 'f1_macro': 0.795911007496771, 'prec_macro': 0.5846550407454181, 'rec_macro': 0.6288742167860997, 'f1_micro': 0.9798189655172413, 'prec_micro': 0.9798189655172413, 'rec_micro': 0.9798189655172413}
epoch 9 time: 1.3e+02s, train loss: 24.12, metrics: {'f1': 0.22894521668029436, 'f1_macro': 0.8019576397400403, 'prec_macro': 0.5691982702838525, 'rec_macro': 0.6093239356384863, 'f1_micro': 0.979676724137931, 'prec_micro': 0.979676724137931, 'rec_micro': 0.979676724137931}
epoch 10 time: 1.31e+02s, train loss: 24.1, metrics: {'f1': 0.2325047173681188, 'f1_macro': 0.8116060502551372, 'prec_macro': 0.570113762337036, 'rec_macro': 0.6111448637970139, 'f1_micro': 0.9798383620689655, 'prec_micro': 0.9798383620689655, 'rec_micro': 0.9798383620689655}
epoch 11 time: 1.3e+02s, train loss: 24.1, metrics: {'f1': 0.22933595994418451, 'f1_macro': 0.8079175188475387, 'prec_macro': 0.569096440863202, 'rec_macro': 0.6095419558864944, 'f1_micro': 0.9797650862068965, 'prec_micro': 0.9797650862068965, 'rec_micro': 0.9797650862068965}
epoch 12 time: 1.3e+02s, train loss: 24.08, metrics: {'f1': 0.24185068349106204, 'f1_macro': 0.8046203401033983, 'prec_macro': 0.5739154639950981, 'rec_macro': 0.6158070470501441, 'f1_micro': 0.9797995689655172, 'prec_micro': 0.9797995689655172, 'rec_micro': 0.9797995689655172}
epoch 13 time: 1.31e+02s, train loss: 24.07, metrics: {'f1': 0.23739066459576558, 'f1_macro': 0.8131445495148399, 'prec_macro': 0.5718571821870866, 'rec_macro': 0.613601787760899, 'f1_micro': 0.9798943965517242, 'prec_micro': 0.9798943965517242, 'rec_micro': 0.9798943965517242}
epoch 14 time: 1.32e+02s, train loss: 24.08, metrics: {'f1': 0.2339554682383759, 'f1_macro': 0.8104266794044861, 'prec_macro': 0.5706983853747001, 'rec_macro': 0.611868450707379, 'f1_micro': 0.9798318965517241, 'prec_micro': 0.9798318965517241, 'rec_micro': 0.9798318965517241}
epoch 15 time: 1.32e+02s, train loss: 24.07, metrics: {'f1': 0.24685382381413362, 'f1_macro': 0.8076158593967033, 'prec_macro': 0.5756709978756187, 'rec_macro': 0.6183286379807843, 'f1_micro': 0.9798793103448276, 'prec_micro': 0.9798793103448276, 'rec_micro': 0.9798793103448276}
epoch 16 time: 1.31e+02s, train loss: 24.07, metrics: {'f1': 0.251169543474754, 'f1_macro': 0.812968384918253, 'prec_macro': 0.577051099645828, 'rec_macro': 0.6205148832923977, 'f1_micro': 0.9799913793103449, 'prec_micro': 0.9799913793103449, 'rec_micro': 0.9799913793103449}
epoch 17 time: 1.32e+02s, train loss: 24.07, metrics: {'f1': 0.23676422229529756, 'f1_macro': 0.820574177437192, 'prec_macro': 0.5713188127203084, 'rec_macro': 0.6133135180807678, 'f1_micro': 0.9799913793103449, 'prec_micro': 0.9799913793103449, 'rec_micro': 0.9799913793103449}
epoch 18 time: 1.33e+02s, train loss: 24.07, metrics: {'f1': 0.244148244473342, 'f1_macro': 0.8141060236694171, 'prec_macro': 0.5743388144438238, 'rec_macro': 0.6169960177128989, 'f1_micro': 0.9799568965517241, 'prec_micro': 0.9799568965517241, 'rec_micro': 0.9799568965517241}
epoch 19 time: 1.31e+02s, train loss: 24.07, metrics: {'f1': 0.26450043167726234, 'f1_macro': 0.7962604742854485, 'prec_macro': 0.5832265085618937, 'rec_macro': 0.6271308998854419, 'f1_micro': 0.9798038793103448, 'prec_micro': 0.9798038793103448, 'rec_micro': 0.9798038793103448}
epoch 20 time: 1.32e+02s, train loss: 24.06, metrics: {'f1': 0.22975767099495492, 'f1_macro': 0.8198460036288158, 'prec_macro': 0.5687881865582247, 'rec_macro': 0.6097948151417434, 'f1_micro': 0.9799288793103448, 'prec_micro': 0.9799288793103448, 'rec_micro': 0.9799288793103448}
epoch 21 time: 1.32e+02s, train loss: 24.06, metrics: {'f1': 0.24622626197045933, 'f1_macro': 0.8148398954516616, 'prec_macro': 0.575086938329986, 'rec_macro': 0.6180414791600247, 'f1_micro': 0.9799827586206896, 'prec_micro': 0.9799827586206896, 'rec_micro': 0.9799827586206896}
epoch 22 time: 1.31e+02s, train loss: 24.05, metrics: {'f1': 0.25536015417971575, 'f1_macro': 0.8125114856972357, 'prec_macro': 0.5786800125527267, 'rec_macro': 0.622615891417249, 'f1_micro': 0.9800150862068966, 'prec_micro': 0.9800150862068966, 'rec_micro': 0.9800150862068966}
epoch 23 time: 1.32e+02s, train loss: 24.06, metrics: {'f1': 0.25537698888622373, 'f1_macro': 0.807028495330864, 'prec_macro': 0.5789789188702598, 'rec_macro': 0.6226021639086348, 'f1_micro': 0.9799288793103448, 'prec_micro': 0.9799288793103448, 'rec_micro': 0.9799288793103448}
epoch 24 time: 1.31e+02s, train loss: 24.05, metrics: {'f1': 0.23117656792983618, 'f1_macro': 0.8225368234788428, 'prec_macro': 0.5692032645864382, 'rec_macro': 0.6105157553213991, 'f1_micro': 0.9799741379310345, 'prec_micro': 0.9799741379310345, 'rec_micro': 0.9799741379310345}
epoch 25 time: 1.31e+02s, train loss: 24.05, metrics: {'f1': 0.23665436654366542, 'f1_macro': 0.8166362169635304, 'prec_macro': 0.5714382625489153, 'rec_macro': 0.6132447694391936, 'f1_micro': 0.9799375, 'prec_micro': 0.9799375, 'rec_micro': 0.9799375}
epoch 26 time: 1.31e+02s, train loss: 24.04, metrics: {'f1': 0.24927489526264904, 'f1_macro': 0.8090455893622918, 'prec_macro': 0.5765237172254573, 'rec_macro': 0.6195489143609016, 'f1_micro': 0.9799181034482759, 'prec_micro': 0.9799181034482759, 'rec_micro': 0.9799181034482759}
epoch 27 time: 1.33e+02s, train loss: 24.05, metrics: {'f1': 0.23879866155227286, 'f1_macro': 0.8127389828436277, 'prec_macro': 0.5723983176968906, 'rec_macro': 0.6143067670003337, 'f1_micro': 0.9798987068965517, 'prec_micro': 0.9798987068965517, 'rec_micro': 0.9798987068965517}
epoch 28 time: 1.31e+02s, train loss: 24.04, metrics: {'f1': 0.2395968790637191, 'f1_macro': 0.8080490098129228, 'prec_macro': 0.5729053136662791, 'rec_macro': 0.6146897571743959, 'f1_micro': 0.9798362068965517, 'prec_micro': 0.9798362068965517, 'rec_micro': 0.9798362068965517}
epoch 29 time: 1.32e+02s, train loss: 24.04, metrics: {'f1': 0.23484972901954346, 'f1_macro': 0.8161855101845663, 'prec_macro': 0.5707914302999376, 'rec_macro': 0.6123376314011545, 'f1_micro': 0.9799181034482759, 'prec_micro': 0.9799181034482759, 'rec_micro': 0.9799181034482759}
epoch 30 time: 1.33e+02s, train loss: 24.03, metrics: {'f1': 0.24542868752539618, 'f1_macro': 0.8156967294601056, 'prec_macro': 0.5747472848190536, 'rec_macro': 0.6176444241934091, 'f1_micro': 0.979989224137931, 'prec_micro': 0.979989224137931, 'rec_micro': 0.979989224137931}
epoch 31 time: 1.38e+02s, train loss: 24.04, metrics: {'f1': 0.25350072428778364, 'f1_macro': 0.8129797158751095, 'prec_macro': 0.57794180014604, 'rec_macro': 0.6216846874960753, 'f1_micro': 0.9800086206896552, 'prec_micro': 0.9800086206896552, 'rec_micro': 0.9800086206896552}
epoch 32 time: 1.34e+02s, train loss: 24.03, metrics: {'f1': 0.24338018960444588, 'f1_macro': 0.8209596589857155, 'prec_macro': 0.5737481472452074, 'rec_macro': 0.616635299025145, 'f1_micro': 0.9800474137931035, 'prec_micro': 0.9800474137931035, 'rec_micro': 0.9800474137931035}
epoch 33 time: 1.33e+02s, train loss: 24.03, metrics: {'f1': 0.23626960019702817, 'f1_macro': 0.8177968620811843, 'prec_macro': 0.5712488945805138, 'rec_macro': 0.6130557397164954, 'f1_micro': 0.9799504310344828, 'prec_micro': 0.9799504310344828, 'rec_micro': 0.9799504310344828}
epoch 34 time: 1.34e+02s, train loss: 24.03, metrics: {'f1': 0.23422090729783035, 'f1_macro': 0.8165252619471743, 'prec_macro': 0.570546460773206, 'rec_macro': 0.6120232760879651, 'f1_micro': 0.9799181034482759, 'prec_micro': 0.9799181034482759, 'rec_micro': 0.9799181034482759}
epoch 35 time: 1.34e+02s, train loss: 24.03, metrics: {'f1': 0.24195248520230275, 'f1_macro': 0.8079826361799702, 'prec_macro': 0.5737949128909938, 'rec_macro': 0.6158712207973734, 'f1_micro': 0.9798512931034483, 'prec_micro': 0.9798512931034483, 'rec_micro': 0.9798512931034483}
epoch 36 time: 1.34e+02s, train loss: 24.04, metrics: {'f1': 0.24634858812074006, 'f1_macro': 0.814777766079426, 'prec_macro': 0.5751359322353323, 'rec_macro': 0.6181026311577713, 'f1_micro': 0.9799827586206896, 'prec_micro': 0.9799827586206896, 'rec_micro': 0.9799827586206896}
epoch 37 time: 1.34e+02s, train loss: 24.02, metrics: {'f1': 0.2416052416052416, 'f1_macro': 0.8216556661985264, 'prec_macro': 0.5730600300193643, 'rec_macro': 0.6157468765817842, 'f1_micro': 0.9800431034482758, 'prec_micro': 0.9800431034482758, 'rec_micro': 0.9800431034482758}
epoch 38 time: 1.34e+02s, train loss: 24.03, metrics: {'f1': 0.23914823914823913, 'f1_macro': 0.8182746868312241, 'prec_macro': 0.5722920831742511, 'rec_macro': 0.6145019960523515, 'f1_micro': 0.9799784482758621, 'prec_micro': 0.9799784482758621, 'rec_micro': 0.9799784482758621}
epoch 39 time: 1.33e+02s, train loss: 24.03, metrics: {'f1': 0.23606772973861578, 'f1_macro': 0.8193525788742562, 'prec_macro': 0.5711118243439502, 'rec_macro': 0.6129598012289539, 'f1_micro': 0.9799698275862069, 'prec_micro': 0.9799698275862069, 'rec_micro': 0.9799698275862069}
epoch 40 time: 1.33e+02s, train loss: 24.03, metrics: {'f1': 0.23807957908582703, 'f1_macro': 0.8224151796920716, 'prec_macro': 0.5717283843710355, 'rec_macro': 0.6139799316644288, 'f1_micro': 0.9800258620689655, 'prec_micro': 0.9800258620689655, 'rec_micro': 0.9800258620689655}
epoch 41 time: 1.33e+02s, train loss: 24.02, metrics: {'f1': 0.24022988505747125, 'f1_macro': 0.8234286178749202, 'prec_macro': 0.5724787108081921, 'rec_macro': 0.615062639674463, 'f1_micro': 0.9800560344827586, 'prec_micro': 0.9800560344827586, 'rec_micro': 0.9800560344827586}
epoch 42 time: 1.33e+02s, train loss: 24.02, metrics: {'f1': 0.24213552361396304, 'f1_macro': 0.82670555731155, 'prec_macro': 0.5730473782054283, 'rec_macro': 0.6160302273435196, 'f1_micro': 0.980114224137931, 'prec_micro': 0.980114224137931, 'rec_micro': 0.980114224137931}
epoch 43 time: 1.33e+02s, train loss: 24.02, metrics: {'f1': 0.25453955901426717, 'f1_macro': 0.8242235195153562, 'prec_macro': 0.5777849326590909, 'rec_macro': 0.6222482869072279, 'f1_micro': 0.9801810344827586, 'prec_micro': 0.9801810344827586, 'rec_micro': 0.9801810344827586}
epoch 44 time: 1.33e+02s, train loss: 24.02, metrics: {'f1': 0.25635661409719984, 'f1_macro': 0.8164138992269885, 'prec_macro': 0.5788611338091814, 'rec_macro': 0.6231311889628568, 'f1_micro': 0.9800818965517242, 'prec_micro': 0.9800818965517242, 'rec_micro': 0.9800818965517242}
epoch 45 time: 1.34e+02s, train loss: 24.02, metrics: {'f1': 0.2478507704785077, 'f1_macro': 0.8160896006873452, 'prec_macro': 0.5756412891457575, 'rec_macro': 0.6188613337796669, 'f1_micro': 0.9800129310344827, 'prec_micro': 0.9800129310344827, 'rec_micro': 0.9800129310344827}
epoch 46 time: 1.34e+02s, train loss: 24.01, metrics: {'f1': 0.24180127263827708, 'f1_macro': 0.8162246248875265, 'prec_macro': 0.573365543989881, 'rec_macro': 0.6158260629130918, 'f1_micro': 0.9799698275862069, 'prec_micro': 0.9799698275862069, 'rec_micro': 0.9799698275862069}
epoch 47 time: 1.33e+02s, train loss: 24.02, metrics: {'f1': 0.24245406824146984, 'f1_macro': 0.8250313157103468, 'prec_macro': 0.5732334423473381, 'rec_macro': 0.6161844924526123, 'f1_micro': 0.9800948275862069, 'prec_micro': 0.9800948275862069, 'rec_micro': 0.9800948275862069}
epoch 48 time: 1.33e+02s, train loss: 24.01, metrics: {'f1': 0.23686377861966726, 'f1_macro': 0.8234674409349503, 'prec_macro': 0.5712406478685668, 'rec_macro': 0.6133732448474825, 'f1_micro': 0.9800301724137931, 'prec_micro': 0.9800301724137931, 'rec_micro': 0.9800301724137931}
epoch 49 time: 1.33e+02s, train loss: 24.02, metrics: {'f1': 0.24042640426404263, 'f1_macro': 0.8218553388825744, 'prec_macro': 0.5726157810447556, 'rec_macro': 0.615155902816119, 'f1_micro': 0.9800366379310345, 'prec_micro': 0.9800366379310345, 'rec_micro': 0.9800366379310345}
epoch 50 time: 1.34e+02s, train loss: 24.01, metrics: {'f1': 0.24633527147653755, 'f1_macro': 0.8280409189790386, 'prec_macro': 0.5745436259777528, 'rec_macro': 0.6181430067025411, 'f1_micro': 0.9801659482758621, 'prec_micro': 0.9801659482758621, 'rec_micro': 0.9801659482758621}
epoch 51 time: 1.34e+02s, train loss: 24.01, metrics: {'f1': 0.24623937213865274, 'f1_macro': 0.8253409282741252, 'prec_macro': 0.5746228921049915, 'rec_macro': 0.618085659984117, 'f1_micro': 0.9801293103448275, 'prec_micro': 0.9801293103448275, 'rec_micro': 0.9801293103448275}
epoch 52 time: 1.33e+02s, train loss: 24.01, metrics: {'f1': 0.2510759236703207, 'f1_macro': 0.822055696007223, 'prec_macro': 0.5765793444923526, 'rec_macro': 0.6205018413352068, 'f1_micro': 0.9801228448275862, 'prec_micro': 0.9801228448275862, 'rec_micro': 0.9801228448275862}
epoch 53 time: 1.33e+02s, train loss: 24.01, metrics: {'f1': 0.24580003262110586, 'f1_macro': 0.8211609941450911, 'prec_macro': 0.5746410502964141, 'rec_macro': 0.6178505370926981, 'f1_micro': 0.9800689655172414, 'prec_micro': 0.9800689655172414, 'rec_micro': 0.9800689655172414}
epoch 54 time: 1.34e+02s, train loss: 24.0, metrics: {'f1': 0.23041398647534225, 'f1_macro': 0.8163480657293651, 'prec_macro': 0.569159213566547, 'rec_macro': 0.6101124059909537, 'f1_micro': 0.9798879310344828, 'prec_micro': 0.9798879310344828, 'rec_micro': 0.9798879310344828}
epoch 55 time: 1.33e+02s, train loss: 24.0, metrics: {'f1': 0.23887240356083086, 'f1_macro': 0.8275832984989724, 'prec_macro': 0.5718148216432893, 'rec_macro': 0.6143950823177855, 'f1_micro': 0.9800991379310345, 'prec_micro': 0.9800991379310345, 'rec_micro': 0.9800991379310345}
epoch 56 time: 1.35e+02s, train loss: 24.01, metrics: {'f1': 0.23492431135743239, 'f1_macro': 0.8275448263113694, 'prec_macro': 0.5703774792557867, 'rec_macro': 0.612413084316979, 'f1_micro': 0.9800668103448276, 'prec_micro': 0.9800668103448276, 'rec_micro': 0.9800668103448276}
epoch 57 time: 1.34e+02s, train loss: 24.02, metrics: {'f1': 0.23272727272727275, 'f1_macro': 0.8229516560255032, 'prec_macro': 0.569751007749226, 'rec_macro': 0.6112953974729278, 'f1_micro': 0.9799913793103449, 'prec_micro': 0.9799913793103449, 'rec_micro': 0.9799913793103449}
epoch 58 time: 1.34e+02s, train loss: 24.02, metrics: {'f1': 0.23560381704508063, 'f1_macro': 0.8199397318609141, 'prec_macro': 0.5709180512735595, 'rec_macro': 0.6127289921743413, 'f1_micro': 0.9799741379310345, 'prec_micro': 0.9799741379310345, 'rec_micro': 0.9799741379310345}
epoch 59 time: 1.34e+02s, train loss: 24.03, metrics: {'f1': 0.23372999589659416, 'f1_macro': 0.8137840883032882, 'prec_macro': 0.5704765426334113, 'rec_macro': 0.6117673526815128, 'f1_micro': 0.9798771551724138, 'prec_micro': 0.9798771551724138, 'rec_micro': 0.9798771551724138}
epoch 60 time: 1.33e+02s, train loss: 24.03, metrics: {'f1': 0.233423935425418, 'f1_macro': 0.8187376500439466, 'prec_macro': 0.5701666235609055, 'rec_macro': 0.6116309454156087, 'f1_micro': 0.9799418103448276, 'prec_micro': 0.9799418103448276, 'rec_micro': 0.9799418103448276}
epoch 61 time: 1.33e+02s, train loss: 24.02, metrics: {'f1': 0.24074833839336998, 'f1_macro': 0.8232838704644146, 'prec_macro': 0.5726757877050748, 'rec_macro': 0.6153223736882133, 'f1_micro': 0.9800581896551724, 'prec_micro': 0.9800581896551724, 'rec_micro': 0.9800581896551724}
epoch 62 time: 1.33e+02s, train loss: 24.02, metrics: {'f1': 0.25137674117265957, 'f1_macro': 0.8187116025027265, 'prec_macro': 0.5768501811389877, 'rec_macro': 0.6206406013464876, 'f1_micro': 0.9800775862068966, 'prec_micro': 0.9800775862068966, 'rec_micro': 0.9800775862068966}
epoch 63 time: 1.33e+02s, train loss: 24.03, metrics: {'f1': 0.257556270096463, 'f1_macro': 0.8166649715390779, 'prec_macro': 0.579308686610282, 'rec_macro': 0.6237342274943847, 'f1_micro': 0.9800948275862069, 'prec_micro': 0.9800948275862069, 'rec_micro': 0.9800948275862069}
epoch 64 time: 1.34e+02s, train loss: 24.03, metrics: {'f1': 0.2543831168831169, 'f1_macro': 0.8258594631140252, 'prec_macro': 0.5776489636980248, 'rec_macro': 0.6221756140068213, 'f1_micro': 0.9802025862068966, 'prec_micro': 0.9802025862068966, 'rec_micro': 0.9802025862068966}
epoch 65 time: 1.34e+02s, train loss: 24.03, metrics: {'f1': 0.2423895253682488, 'f1_macro': 0.8215241080513144, 'prec_macro': 0.5733561960024369, 'rec_macro': 0.6161400552216334, 'f1_micro': 0.9800474137931035, 'prec_micro': 0.9800474137931035, 'rec_micro': 0.9800474137931035}
epoch 66 time: 1.34e+02s, train loss: 24.02, metrics: {'f1': 0.2355463917525773, 'f1_macro': 0.8237630085128298, 'prec_macro': 0.5707474049886117, 'rec_macro': 0.6127130075318094, 'f1_micro': 0.9800237068965517, 'prec_micro': 0.9800237068965517, 'rec_micro': 0.9800237068965517}
epoch 67 time: 1.34e+02s, train loss: 24.02, metrics: {'f1': 0.23240832507433104, 'f1_macro': 0.8214657594727657, 'prec_macro': 0.5696910010889069, 'rec_macro': 0.6111304202182022, 'f1_micro': 0.9799698275862069, 'prec_micro': 0.9799698275862069, 'rec_micro': 0.9799698275862069}
epoch 68 time: 1.34e+02s, train loss: 24.01, metrics: {'f1': 0.23102964247378413, 'f1_macro': 0.8191132628726799, 'prec_macro': 0.569278125611688, 'rec_macro': 0.6104306898628937, 'f1_micro': 0.9799288793103448, 'prec_micro': 0.9799288793103448, 'rec_micro': 0.9799288793103448}
epoch 69 time: 1.33e+02s, train loss: 24.02, metrics: {'f1': 0.22761409589832468, 'f1_macro': 0.8134873603858029, 'prec_macro': 0.5682475888318866, 'rec_macro': 0.6086977708908481, 'f1_micro': 0.9798297413793103, 'prec_micro': 0.9798297413793103, 'rec_micro': 0.9798297413793103}
epoch 70 time: 1.32e+02s, train loss: 24.03, metrics: {'f1': 0.22196531791907514, 'f1_macro': 0.8062911327625646, 'prec_macro': 0.5664634217884367, 'rec_macro': 0.6058390281741812, 'f1_micro': 0.9796939655172414, 'prec_micro': 0.9796939655172414, 'rec_micro': 0.9796939655172414}
epoch 71 time: 1.33e+02s, train loss: 24.04, metrics: {'f1': 0.22326888117666502, 'f1_macro': 0.8091395745590421, 'prec_macro': 0.5668306071868011, 'rec_macro': 0.6065028648015092, 'f1_micro': 0.9797413793103448, 'prec_micro': 0.9797413793103448, 'rec_micro': 0.9797413793103448}
epoch 72 time: 1.33e+02s, train loss: 24.03, metrics: {'f1': 0.2246688741721854, 'f1_macro': 0.8139138325076556, 'prec_macro': 0.5671620139857866, 'rec_macro': 0.6072215451304634, 'f1_micro': 0.9798146551724138, 'prec_micro': 0.9798146551724138, 'rec_micro': 0.9798146551724138}
epoch 73 time: 1.33e+02s, train loss: 24.04, metrics: {'f1': 0.22803676409704396, 'f1_macro': 0.8191692008173801, 'prec_macro': 0.5681892469390961, 'rec_macro': 0.6089289804285167, 'f1_micro': 0.9799073275862069, 'prec_micro': 0.9799073275862069, 'rec_micro': 0.9799073275862069}
epoch 74 time: 1.33e+02s, train loss: 24.07, metrics: {'f1': 0.22549181682922795, 'f1_macro': 0.8128258716055679, 'prec_macro': 0.5675005662212218, 'rec_macro': 0.6076307323368241, 'f1_micro': 0.9798060344827586, 'prec_micro': 0.9798060344827586, 'rec_micro': 0.9798060344827586}
epoch 75 time: 1.33e+02s, train loss: 24.07, metrics: {'f1': 0.23016851623510068, 'f1_macro': 0.8112223238648049, 'prec_macro': 0.5692698531911757, 'rec_macro': 0.6099714375767323, 'f1_micro': 0.9798168103448276, 'prec_micro': 0.9798168103448276, 'rec_micro': 0.9798168103448276}
epoch 76 time: 1.33e+02s, train loss: 24.07, metrics: {'f1': 0.22639344262295083, 'f1_macro': 0.8018644321681901, 'prec_macro': 0.5682585758782941, 'rec_macro': 0.6080438495054042, 'f1_micro': 0.9796594827586207, 'prec_micro': 0.9796594827586207, 'rec_micro': 0.9796594827586207}
epoch 77 time: 1.33e+02s, train loss: 24.07, metrics: {'f1': 0.22095615556106019, 'f1_macro': 0.804727978148842, 'prec_macro': 0.566155141774894, 'rec_macro': 0.6053273444493077, 'f1_micro': 0.9796659482758621, 'prec_micro': 0.9796659482758621, 'rec_micro': 0.9796659482758621}
epoch 78 time: 1.33e+02s, train loss: 24.08, metrics: {'f1': 0.21624751819986765, 'f1_macro': 0.800767000248028, 'prec_macro': 0.5645933809647641, 'rec_macro': 0.6029518648568187, 'f1_micro': 0.9795818965517241, 'prec_micro': 0.9795818965517241, 'rec_micro': 0.9795818965517241}
epoch 79 time: 1.33e+02s, train loss: 24.09, metrics: {'f1': 0.21413381318501554, 'f1_macro': 0.7821464872604397, 'prec_macro': 0.5645437978588211, 'rec_macro': 0.6018210708295356, 'f1_micro': 0.9792931034482759, 'prec_micro': 0.9792931034482759, 'rec_micro': 0.9792931034482759}
epoch 80 time: 1.33e+02s, train loss: 24.1, metrics: {'f1': 0.21030253475061328, 'f1_macro': 0.77648959898668, 'prec_macro': 0.5633618742609917, 'rec_macro': 0.5998781092679216, 'f1_micro': 0.9791853448275862, 'prec_micro': 0.9791853448275862, 'rec_micro': 0.9791853448275862}
epoch 81 time: 1.34e+02s, train loss: 24.1, metrics: {'f1': 0.2117434804001968, 'f1_macro': 0.7822763949370457, 'prec_macro': 0.5636575024605982, 'rec_macro': 0.6006239038679495, 'f1_micro': 0.9792844827586207, 'prec_micro': 0.9792844827586207, 'rec_micro': 0.9792844827586207}
epoch 82 time: 1.33e+02s, train loss: 24.09, metrics: {'f1': 0.21705426356589147, 'f1_macro': 0.7973792569888747, 'prec_macro': 0.5650123006029355, 'rec_macro': 0.6033441044232871, 'f1_micro': 0.9795387931034483, 'prec_micro': 0.9795387931034483, 'rec_micro': 0.9795387931034483}
epoch 83 time: 1.33e+02s, train loss: 24.08, metrics: {'f1': 0.21897448600445873, 'f1_macro': 0.8018980860720213, 'prec_macro': 0.5655407842988035, 'rec_macro': 0.604323407646635, 'f1_micro': 0.9796142241379311, 'prec_micro': 0.9796142241379311, 'rec_micro': 0.9796142241379311}
epoch 84 time: 1.34e+02s, train loss: 24.07, metrics: {'f1': 0.22014400397252337, 'f1_macro': 0.8070007446913728, 'prec_macro': 0.5657764058380909, 'rec_macro': 0.6049279769272224, 'f1_micro': 0.9796918103448276, 'prec_micro': 0.9796918103448276, 'rec_micro': 0.9796918103448276}
epoch 85 time: 1.34e+02s, train loss: 24.08, metrics: {'f1': 0.22282833292007606, 'f1_macro': 0.8088792797921779, 'prec_macro': 0.5666803216442703, 'rec_macro': 0.6062809697499132, 'f1_micro': 0.9797349137931034, 'prec_micro': 0.9797349137931034, 'rec_micro': 0.9797349137931034}
epoch 86 time: 1.34e+02s, train loss: 24.09, metrics: {'f1': 0.22200165425971877, 'f1_macro': 0.8088084920583224, 'prec_macro': 0.5663830543857005, 'rec_macro': 0.6058660431445333, 'f1_micro': 0.979728448275862, 'prec_micro': 0.979728448275862, 'rec_micro': 0.979728448275862}
epoch 87 time: 1.34e+02s, train loss: 24.07, metrics: {'f1': 0.22854792266556972, 'f1_macro': 0.8101550169846761, 'prec_macro': 0.5687177049263988, 'rec_macro': 0.6091546452913149, 'f1_micro': 0.9797909482758621, 'prec_micro': 0.9797909482758621, 'rec_micro': 0.9797909482758621}
epoch 88 time: 1.35e+02s, train loss: 24.07, metrics: {'f1': 0.23354077956108743, 'f1_macro': 0.8103243392124946, 'prec_macro': 0.5705492011076665, 'rec_macro': 0.6116600367294008, 'f1_micro': 0.9798275862068966, 'prec_micro': 0.9798275862068966, 'rec_micro': 0.9798275862068966}
epoch 89 time: 1.35e+02s, train loss: 24.07, metrics: {'f1': 0.2293778895287533, 'f1_macro': 0.7918286912606325, 'prec_macro': 0.569805994398394, 'rec_macro': 0.609500946018102, 'f1_micro': 0.9795237068965518, 'prec_micro': 0.9795237068965518, 'rec_micro': 0.9795237068965518}
epoch 90 time: 1.36e+02s, train loss: 24.12, metrics: {'f1': 0.22291666666666668, 'f1_macro': 0.7690047358116943, 'prec_macro': 0.5684621833024642, 'rec_macro': 0.6061618897821275, 'f1_micro': 0.9790991379310345, 'prec_micro': 0.9790991379310345, 'rec_micro': 0.9790991379310345}
epoch 91 time: 1.34e+02s, train loss: 24.18, metrics: {'f1': 0.2225449850722182, 'f1_macro': 0.7765445216729712, 'prec_macro': 0.5679436367946371, 'rec_macro': 0.6060109556540189, 'f1_micro': 0.9792349137931035, 'prec_micro': 0.9792349137931035, 'rec_micro': 0.9792349137931035}
epoch 92 time: 1.33e+02s, train loss: 24.15, metrics: {'f1': 0.21981424148606812, 'f1_macro': 0.7848082075594653, 'prec_macro': 0.566538794888587, 'rec_macro': 0.6046784824822443, 'f1_micro': 0.9793620689655173, 'prec_micro': 0.9793620689655173, 'rec_micro': 0.9793620689655173}
epoch 93 time: 1.33e+02s, train loss: 24.15, metrics: {'f1': 0.21095072977985646, 'f1_macro': 0.7608530294256988, 'prec_macro': 0.5642998781904561, 'rec_macro': 0.6001318684466163, 'f1_micro': 0.9789116379310345, 'prec_micro': 0.9789116379310345, 'rec_micro': 0.9789116379310345}
epoch 94 time: 1.34e+02s, train loss: 24.21, metrics: {'f1': 0.19699042407660738, 'f1_macro': 0.7407179847485337, 'prec_macro': 0.5599707426948926, 'rec_macro': 0.5930456192696223, 'f1_micro': 0.9784935344827587, 'prec_micro': 0.9784935344827587, 'rec_micro': 0.9784935344827587}
epoch 95 time: 1.34e+02s, train loss: 24.22, metrics: {'f1': 0.20823244552058112, 'f1_macro': 0.758331774324762, 'prec_macro': 0.5633904560067903, 'rec_macro': 0.598759138412151, 'f1_micro': 0.9788577586206897, 'prec_micro': 0.9788577586206897, 'rec_micro': 0.9788577586206898}
epoch 96 time: 1.33e+02s, train loss: 24.18, metrics: {'f1': 0.21103156524568825, 'f1_macro': 0.7712098534180201, 'prec_macro': 0.56385675619991, 'rec_macro': 0.600220426461273, 'f1_micro': 0.9790991379310345, 'prec_micro': 0.9790991379310345, 'rec_micro': 0.9790991379310345}
epoch 97 time: 1.33e+02s, train loss: 24.16, metrics: {'f1': 0.21422186103210078, 'f1_macro': 0.7741807019247793, 'prec_macro': 0.564917565201604, 'rec_macro': 0.6018313341438959, 'f1_micro': 0.9791616379310345, 'prec_micro': 0.9791616379310345, 'rec_micro': 0.9791616379310345}
epoch 98 time: 1.33e+02s, train loss: 24.17, metrics: {'f1': 0.2210730446024564, 'f1_macro': 0.7762655845508091, 'prec_macro': 0.5673991974583412, 'rec_macro': 0.6052723527294389, 'f1_micro': 0.9792241379310345, 'prec_micro': 0.9792241379310345, 'rec_micro': 0.9792241379310345}
epoch 99 time: 1.33e+02s, train loss: 24.18, metrics: {'f1': 0.2161068393363011, 'f1_macro': 0.7718062955525316, 'prec_macro': 0.5657328411845349, 'rec_macro': 0.6027647979861668, 'f1_micro': 0.9791271551724138, 'prec_micro': 0.9791271551724138, 'rec_micro': 0.9791271551724138}
epoch 100 time: 1.33e+02s, train loss: 24.16, metrics: {'f1': 0.2229668982427462, 'f1_macro': 0.793242315650087, 'prec_macro': 0.5673496914780942, 'rec_macro': 0.6062927069549876, 'f1_micro': 0.9795107758620689, 'prec_micro': 0.9795107758620689, 'rec_micro': 0.9795107758620689}
post-training summary -- best {'f1': 0.2679799874921826, 'f1_macro': 0.795911007496771, 'prec_macro': 0.5846550407454181, 'rec_macro': 0.6288742167860997, 'f1_micro': 0.9798189655172413, 'prec_micro': 0.9798189655172413, 'rec_micro': 0.9798189655172413}
run 4 start -- seed=3
initialized continuityBERT with 547661 parameters.
/home/azureuser/.local/lib/python3.8/site-packages/sklearn/metrics/_classification.py:1344: UndefinedMetricWarning: Precision and F-score are ill-defined and being set to 0.0 in labels with no predicted samples. Use `zero_division` parameter to control this behavior.
  _warn_prf(average, modifier, msg_start, len(result))
epoch 1 time: 1.32e+02s, train loss: 24.69, metrics: {'f1': 0.0, 'f1_macro': 0.4892446120689655, 'prec_macro': 0.5, 'rec_macro': 0.49456383800335285, 'f1_micro': 0.978489224137931, 'prec_micro': 0.978489224137931, 'rec_micro': 0.978489224137931}
epoch 2 time: 1.31e+02s, train loss: 24.57, metrics: {'f1': 0.09256738361012795, 'f1_macro': 0.7354360386086944, 'prec_macro': 0.5249670687676732, 'rec_macro': 0.540831561390148, 'f1_micro': 0.9784504310344827, 'prec_micro': 0.9784504310344827, 'rec_micro': 0.9784504310344827}
epoch 3 time: 1.32e+02s, train loss: 24.36, metrics: {'f1': 0.20736543909348443, 'f1_macro': 0.7603745968733917, 'prec_macro': 0.5629682325421272, 'rec_macro': 0.5983351230437307, 'f1_micro': 0.9788943965517242, 'prec_micro': 0.9788943965517242, 'rec_micro': 0.9788943965517242}
epoch 4 time: 1.32e+02s, train loss: 24.26, metrics: {'f1': 0.24745708836617927, 'f1_macro': 0.7899491889615684, 'prec_macro': 0.5768462624033338, 'rec_macro': 0.6185560324507188, 'f1_micro': 0.9795905172413794, 'prec_micro': 0.9795905172413794, 'rec_micro': 0.9795905172413794}
epoch 5 time: 1.31e+02s, train loss: 24.23, metrics: {'f1': 0.14618416338230025, 'f1_macro': 0.8349845616587198, 'prec_macro': 0.5404734994608779, 'rec_macro': 0.5678937692339604, 'f1_micro': 0.9794568965517242, 'prec_micro': 0.9794568965517242, 'rec_micro': 0.9794568965517242}
epoch 6 time: 1.32e+02s, train loss: 24.18, metrics: {'f1': 0.20850066934404282, 'f1_macro': 0.8066303366526619, 'prec_macro': 0.5616201705956004, 'rec_macro': 0.5990868497891332, 'f1_micro': 0.9796120689655172, 'prec_micro': 0.9796120689655172, 'rec_micro': 0.9796120689655172}
epoch 7 time: 1.32e+02s, train loss: 24.14, metrics: {'f1': 0.2704626334519573, 'f1_macro': 0.7878457576784801, 'prec_macro': 0.5862481493443725, 'rec_macro': 0.6300787279735935, 'f1_micro': 0.979676724137931, 'prec_micro': 0.979676724137931, 'rec_micro': 0.979676724137931}
epoch 8 time: 1.32e+02s, train loss: 24.12, metrics: {'f1': 0.22450488947325173, 'f1_macro': 0.8028298325722453, 'prec_macro': 0.5675247685735966, 'rec_macro': 0.607100293302573, 'f1_micro': 0.9796616379310344, 'prec_micro': 0.9796616379310344, 'rec_micro': 0.9796616379310344}
epoch 9 time: 1.31e+02s, train loss: 24.12, metrics: {'f1': 0.22425290195109904, 'f1_macro': 0.8050731572593081, 'prec_macro': 0.5673442108091732, 'rec_macro': 0.6069820664509589, 'f1_micro': 0.9796918103448276, 'prec_micro': 0.9796918103448276, 'rec_micro': 0.9796918103448276}
epoch 10 time: 1.32e+02s, train loss: 24.1, metrics: {'f1': 0.22910721565430087, 'f1_macro': 0.7982873365920315, 'prec_macro': 0.569415707923152, 'rec_macro': 0.6093910881025576, 'f1_micro': 0.9796228448275862, 'prec_micro': 0.9796228448275862, 'rec_micro': 0.9796228448275862}
epoch 11 time: 1.32e+02s, train loss: 24.08, metrics: {'f1': 0.25270584462438866, 'f1_macro': 0.8071058603457983, 'prec_macro': 0.5779412366540088, 'rec_macro': 0.6212624116008773, 'f1_micro': 0.9799116379310345, 'prec_micro': 0.9799116379310345, 'rec_micro': 0.9799116379310345}
epoch 12 time: 1.3e+02s, train loss: 24.08, metrics: {'f1': 0.24042379788101062, 'f1_macro': 0.8129817076136787, 'prec_macro': 0.5729939534895275, 'rec_macro': 0.6151230627114858, 'f1_micro': 0.9799137931034483, 'prec_micro': 0.9799137931034483, 'rec_micro': 0.9799137931034483}
epoch 13 time: 1.31e+02s, train loss: 24.08, metrics: {'f1': 0.24520204065106485, 'f1_macro': 0.8105083293209333, 'prec_macro': 0.5749036145225368, 'rec_macro': 0.6175111989853056, 'f1_micro': 0.9799116379310345, 'prec_micro': 0.9799116379310345, 'rec_micro': 0.9799116379310345}
epoch 14 time: 1.32e+02s, train loss: 24.07, metrics: {'f1': 0.2611755297880847, 'f1_macro': 0.814449562506931, 'prec_macro': 0.5808241938495261, 'rec_macro': 0.6255418607656746, 'f1_micro': 0.9800883620689655, 'prec_micro': 0.9800883620689655, 'rec_micro': 0.9800883620689655}
epoch 15 time: 1.33e+02s, train loss: 24.06, metrics: {'f1': 0.23769016849337476, 'f1_macro': 0.8143736835925124, 'prec_macro': 0.5719160875719084, 'rec_macro': 0.6137564925199076, 'f1_micro': 0.9799137931034483, 'prec_micro': 0.9799137931034483, 'rec_micro': 0.9799137931034483}
epoch 16 time: 1.32e+02s, train loss: 24.06, metrics: {'f1': 0.23649420597355963, 'f1_macro': 0.8095025252136108, 'prec_macro': 0.571680466032621, 'rec_macro': 0.6131386995648702, 'f1_micro': 0.9798362068965517, 'prec_micro': 0.9798362068965517, 'rec_micro': 0.9798362068965517}
epoch 17 time: 1.32e+02s, train loss: 24.05, metrics: {'f1': 0.24134278497514872, 'f1_macro': 0.8138753271844972, 'prec_macro': 0.573297828401081, 'rec_macro': 0.6155874537154293, 'f1_micro': 0.9799331896551724, 'prec_micro': 0.9799331896551724, 'rec_micro': 0.9799331896551724}
epoch 18 time: 1.32e+02s, train loss: 24.05, metrics: {'f1': 0.2755527578881108, 'f1_macro': 0.8120101013293903, 'prec_macro': 0.5866407154963051, 'rec_macro': 0.6327468309642326, 'f1_micro': 0.9801573275862069, 'prec_micro': 0.9801573275862069, 'rec_micro': 0.9801573275862069}
epoch 19 time: 1.32e+02s, train loss: 24.05, metrics: {'f1': 0.23941581883820154, 'f1_macro': 0.8213121155421194, 'prec_macro': 0.5722651147788504, 'rec_macro': 0.6146468270135416, 'f1_micro': 0.980021551724138, 'prec_micro': 0.980021551724138, 'rec_micro': 0.980021551724138}
epoch 20 time: 1.32e+02s, train loss: 24.05, metrics: {'f1': 0.26381689129914665, 'f1_macro': 0.8142766502650449, 'prec_macro': 0.5818618760657771, 'rec_macro': 0.6268667235008417, 'f1_micro': 0.9801056034482759, 'prec_micro': 0.9801056034482759, 'rec_micro': 0.9801056034482759}
epoch 21 time: 1.31e+02s, train loss: 24.04, metrics: {'f1': 0.2587288817377313, 'f1_macro': 0.8192267606048125, 'prec_macro': 0.5796268781033, 'rec_macro': 0.6243326027789325, 'f1_micro': 0.9801422413793104, 'prec_micro': 0.9801422413793104, 'rec_micro': 0.9801422413793104}
epoch 22 time: 1.33e+02s, train loss: 24.04, metrics: {'f1': 0.24851589818654957, 'f1_macro': 0.8207245719616012, 'prec_macro': 0.5756776312371678, 'rec_macro': 0.6192120990742184, 'f1_micro': 0.9800840517241379, 'prec_micro': 0.9800840517241379, 'rec_micro': 0.9800840517241379}
epoch 23 time: 1.32e+02s, train loss: 24.03, metrics: {'f1': 0.2423398328690808, 'f1_macro': 0.8231537685250916, 'prec_macro': 0.5732692209467171, 'rec_macro': 0.6161207459879116, 'f1_micro': 0.9800689655172414, 'prec_micro': 0.9800689655172414, 'rec_micro': 0.9800689655172414}
epoch 24 time: 1.32e+02s, train loss: 24.03, metrics: {'f1': 0.23750204884445167, 'f1_macro': 0.8169662270611078, 'prec_macro': 0.5717377323584796, 'rec_macro': 0.6136713016012544, 'f1_micro': 0.979948275862069, 'prec_micro': 0.979948275862069, 'rec_micro': 0.979948275862069}
epoch 25 time: 1.31e+02s, train loss: 24.03, metrics: {'f1': 0.25543258744648195, 'f1_macro': 0.8205509606843012, 'prec_macro': 0.5783007388324576, 'rec_macro': 0.6226830976737838, 'f1_micro': 0.980135775862069, 'prec_micro': 0.980135775862069, 'rec_micro': 0.980135775862069}
epoch 26 time: 1.32e+02s, train loss: 24.02, metrics: {'f1': 0.25002038652858194, 'f1_macro': 0.826741129295796, 'prec_macro': 0.5759710568857798, 'rec_macro': 0.6199885549554752, 'f1_micro': 0.9801788793103449, 'prec_micro': 0.9801788793103449, 'rec_micro': 0.9801788793103449}
epoch 27 time: 1.32e+02s, train loss: 24.02, metrics: {'f1': 0.25962081484469546, 'f1_macro': 0.8241955590449357, 'prec_macro': 0.5797166192020459, 'rec_macro': 0.6247989668994148, 'f1_micro': 0.9802219827586207, 'prec_micro': 0.9802219827586207, 'rec_micro': 0.9802219827586207}
epoch 28 time: 1.32e+02s, train loss: 24.01, metrics: {'f1': 0.26865908910261505, 'f1_macro': 0.8160153879497183, 'prec_macro': 0.5836586949231631, 'rec_macro': 0.6293039770243063, 'f1_micro': 0.9801702586206896, 'prec_micro': 0.9801702586206896, 'rec_micro': 0.9801702586206896}
epoch 29 time: 1.31e+02s, train loss: 24.01, metrics: {'f1': 0.26007296311309286, 'f1_macro': 0.8316237171595999, 'prec_macro': 0.5795267134501783, 'rec_macro': 0.6250526719755315, 'f1_micro': 0.9803297413793104, 'prec_micro': 0.9803297413793104, 'rec_micro': 0.9803297413793104}
epoch 30 time: 1.32e+02s, train loss: 24.0, metrics: {'f1': 0.2708850620744894, 'f1_macro': 0.8286780847629249, 'prec_macro': 0.583815613827243, 'rec_macro': 0.6304710122745811, 'f1_micro': 0.9803814655172414, 'prec_micro': 0.9803814655172414, 'rec_micro': 0.9803814655172414}
epoch 31 time: 1.32e+02s, train loss: 24.0, metrics: {'f1': 0.26176566049983774, 'f1_macro': 0.8351538103964201, 'prec_macro': 0.5799995955877163, 'rec_macro': 0.6259149158347763, 'f1_micro': 0.9803922413793104, 'prec_micro': 0.9803922413793104, 'rec_micro': 0.9803922413793104}
epoch 32 time: 1.32e+02s, train loss: 24.0, metrics: {'f1': 0.2576707088793033, 'f1_macro': 0.8341402706322373, 'prec_macro': 0.5785044490908892, 'rec_macro': 0.6238550822364615, 'f1_micro': 0.9803426724137931, 'prec_micro': 0.9803426724137931, 'rec_micro': 0.9803426724137932}
epoch 33 time: 1.31e+02s, train loss: 24.0, metrics: {'f1': 0.2695610687022901, 'f1_macro': 0.8176104989203308, 'prec_macro': 0.583920183582354, 'rec_macro': 0.6297631871983503, 'f1_micro': 0.9802025862068966, 'prec_micro': 0.9802025862068966, 'rec_micro': 0.9802025862068966}
epoch 34 time: 1.32e+02s, train loss: 24.0, metrics: {'f1': 0.2513491414554374, 'f1_macro': 0.8325639694173241, 'prec_macro': 0.5762121848025535, 'rec_macro': 0.6206754989083754, 'f1_micro': 0.9802672413793103, 'prec_micro': 0.9802672413793103, 'rec_micro': 0.9802672413793103}
epoch 35 time: 1.34e+02s, train loss: 24.0, metrics: {'f1': 0.2497957850024506, 'f1_macro': 0.8289723669392643, 'prec_macro': 0.575789397845859, 'rec_macro': 0.6198834672928187, 'f1_micro': 0.9802068965517241, 'prec_micro': 0.9802068965517241, 'rec_micro': 0.9802068965517241}
epoch 36 time: 1.32e+02s, train loss: 24.0, metrics: {'f1': 0.2593103448275862, 'f1_macro': 0.8317910360216205, 'prec_macro': 0.5792305474671058, 'rec_macro': 0.6246703251699566, 'f1_micro': 0.9803254310344828, 'prec_micro': 0.9803254310344828, 'rec_micro': 0.9803254310344828}
epoch 37 time: 1.32e+02s, train loss: 24.0, metrics: {'f1': 0.25853304284676837, 'f1_macro': 0.8230132764257432, 'prec_macro': 0.5793604465586542, 'rec_macro': 0.6242485388173098, 'f1_micro': 0.9801961206896552, 'prec_micro': 0.9801961206896552, 'rec_micro': 0.9801961206896552}
epoch 38 time: 1.33e+02s, train loss: 24.0, metrics: {'f1': 0.24805948198382224, 'f1_macro': 0.8269739667924249, 'prec_macro': 0.5752295406526012, 'rec_macro': 0.6190049583248178, 'f1_micro': 0.9801659482758621, 'prec_micro': 0.9801659482758621, 'rec_micro': 0.9801659482758621}
epoch 39 time: 1.33e+02s, train loss: 24.0, metrics: {'f1': 0.2374896779521057, 'f1_macro': 0.8284689848398079, 'prec_macro': 0.5712758886844798, 'rec_macro': 0.6137038406028857, 'f1_micro': 0.9800991379310345, 'prec_micro': 0.9800991379310345, 'rec_micro': 0.9800991379310345}
epoch 40 time: 1.32e+02s, train loss: 23.99, metrics: {'f1': 0.24372642283090043, 'f1_macro': 0.8265453712762965, 'prec_macro': 0.5736408114470706, 'rec_macro': 0.6168283022753048, 'f1_micro': 0.980125, 'prec_micro': 0.980125, 'rec_micro': 0.980125}
epoch 41 time: 1.32e+02s, train loss: 24.0, metrics: {'f1': 0.2476669642132598, 'f1_macro': 0.8166327115270882, 'prec_macro': 0.5755466051615566, 'rec_macro': 0.6187711074920005, 'f1_micro': 0.9800193965517241, 'prec_micro': 0.9800193965517241, 'rec_micro': 0.9800193965517241}
epoch 42 time: 1.32e+02s, train loss: 24.0, metrics: {'f1': 0.24448996312986485, 'f1_macro': 0.8262399686639934, 'prec_macro': 0.5739358761546458, 'rec_macro': 0.6172105579220866, 'f1_micro': 0.9801271551724138, 'prec_micro': 0.9801271551724138, 'rec_micro': 0.9801271551724138}
epoch 43 time: 1.33e+02s, train loss: 23.99, metrics: {'f1': 0.25209128563307076, 'f1_macro': 0.8236327235430937, 'prec_macro': 0.5768887257813925, 'rec_macro': 0.6210171778497945, 'f1_micro': 0.9801530172413793, 'prec_micro': 0.9801530172413793, 'rec_micro': 0.9801530172413793}
epoch 44 time: 1.33e+02s, train loss: 24.01, metrics: {'f1': 0.2449480487605334, 'f1_macro': 0.8246670718255171, 'prec_macro': 0.5741720354773991, 'rec_macro': 0.6174351339080228, 'f1_micro': 0.9801099137931034, 'prec_micro': 0.9801099137931034, 'rec_micro': 0.9801099137931034}
epoch 45 time: 1.33e+02s, train loss: 23.99, metrics: {'f1': 0.24579538928542125, 'f1_macro': 0.8300361433819505, 'prec_macro': 0.5742606753006476, 'rec_macro': 0.6178786459525333, 'f1_micro': 0.9801875, 'prec_micro': 0.9801875, 'rec_micro': 0.9801875}
epoch 46 time: 1.32e+02s, train loss: 23.98, metrics: {'f1': 0.24873757941032743, 'f1_macro': 0.8232348378512682, 'prec_macro': 0.5756473590152752, 'rec_macro': 0.6193323266738071, 'f1_micro': 0.9801206896551724, 'prec_micro': 0.9801206896551724, 'rec_micro': 0.9801206896551724}
epoch 47 time: 1.32e+02s, train loss: 23.99, metrics: {'f1': 0.25683767599935264, 'f1_macro': 0.8247323134068745, 'prec_macro': 0.5786310443559458, 'rec_macro': 0.6234037775284441, 'f1_micro': 0.9802068965517241, 'prec_micro': 0.9802068965517241, 'rec_micro': 0.9802068965517241}
epoch 48 time: 1.32e+02s, train loss: 23.99, metrics: {'f1': 0.26286082889856477, 'f1_macro': 0.8275916308790228, 'prec_macro': 0.5807840358567234, 'rec_macro': 0.6264380488040975, 'f1_micro': 0.9802974137931034, 'prec_micro': 0.9802974137931034, 'rec_micro': 0.9802974137931034}
epoch 49 time: 1.33e+02s, train loss: 24.0, metrics: {'f1': 0.2526829268292683, 'f1_macro': 0.8259317832939834, 'prec_macro': 0.5770054352755389, 'rec_macro': 0.6213223523520591, 'f1_micro': 0.9801896551724137, 'prec_micro': 0.9801896551724137, 'rec_micro': 0.9801896551724137}
epoch 50 time: 1.33e+02s, train loss: 23.99, metrics: {'f1': 0.2675210252302763, 'f1_macro': 0.824462041934908, 'prec_macro': 0.5827404882440844, 'rec_macro': 0.6287660559432103, 'f1_micro': 0.980290948275862, 'prec_micro': 0.980290948275862, 'rec_micro': 0.980290948275862}
epoch 51 time: 1.33e+02s, train loss: 23.99, metrics: {'f1': 0.257630961055785, 'f1_macro': 0.8265666440994125, 'prec_macro': 0.5788435391097903, 'rec_macro': 0.6238086493076322, 'f1_micro': 0.9802392241379311, 'prec_micro': 0.9802392241379311, 'rec_micro': 0.9802392241379311}
epoch 52 time: 1.33e+02s, train loss: 23.98, metrics: {'f1': 0.24323212375545133, 'f1_macro': 0.8310336024584248, 'prec_macro': 0.5732763920917321, 'rec_macro': 0.6165950267048201, 'f1_micro': 0.9801788793103449, 'prec_micro': 0.9801788793103449, 'rec_micro': 0.9801788793103449}
epoch 53 time: 1.33e+02s, train loss: 23.98, metrics: {'f1': 0.24523026315789476, 'f1_macro': 0.832937544122117, 'prec_macro': 0.5739342370956826, 'rec_macro': 0.6176044310198978, 'f1_micro': 0.9802198275862068, 'prec_micro': 0.9802198275862068, 'rec_micro': 0.9802198275862068}
epoch 54 time: 1.33e+02s, train loss: 23.97, metrics: {'f1': 0.25221562728677127, 'f1_macro': 0.8254259907481112, 'prec_macro': 0.5768529471820135, 'rec_macro': 0.6210859779131637, 'f1_micro': 0.9801788793103449, 'prec_micro': 0.9801788793103449, 'rec_micro': 0.9801788793103449}
epoch 55 time: 1.33e+02s, train loss: 23.98, metrics: {'f1': 0.24975498203201568, 'f1_macro': 0.8286734985523372, 'prec_macro': 0.5757871952948646, 'rec_macro': 0.6198619628622202, 'f1_micro': 0.9802025862068966, 'prec_micro': 0.9802025862068966, 'rec_micro': 0.9802025862068966}
epoch 56 time: 1.33e+02s, train loss: 23.98, metrics: {'f1': 0.24646962233169126, 'f1_macro': 0.8321100521793099, 'prec_macro': 0.5744241761491458, 'rec_macro': 0.6182240011813509, 'f1_micro': 0.9802198275862068, 'prec_micro': 0.9802198275862068, 'rec_micro': 0.9802198275862068}
epoch 57 time: 1.32e+02s, train loss: 23.98, metrics: {'f1': 0.2521350142334282, 'f1_macro': 0.8257872265334387, 'prec_macro': 0.5768061558276617, 'rec_macro': 0.6210467853777261, 'f1_micro': 0.9801831896551724, 'prec_micro': 0.9801831896551724, 'rec_micro': 0.9801831896551724}
epoch 58 time: 1.33e+02s, train loss: 23.99, metrics: {'f1': 0.24918566775244302, 'f1_macro': 0.8236013440697112, 'prec_macro': 0.5757987458333034, 'rec_macro': 0.6195585439185926, 'f1_micro': 0.9801293103448275, 'prec_micro': 0.9801293103448275, 'rec_micro': 0.9801293103448275}
epoch 59 time: 1.33e+02s, train loss: 23.99, metrics: {'f1': 0.2518626498218335, 'f1_macro': 0.8193485653986246, 'prec_macro': 0.5770037705080102, 'rec_macro': 0.6208868320249732, 'f1_micro': 0.9800905172413793, 'prec_micro': 0.9800905172413793, 'rec_micro': 0.9800905172413793}
epoch 60 time: 1.33e+02s, train loss: 23.99, metrics: {'f1': 0.25236134657302006, 'f1_macro': 0.8156945648288452, 'prec_macro': 0.5773703924143434, 'rec_macro': 0.6211234056417736, 'f1_micro': 0.9800409482758621, 'prec_micro': 0.9800409482758621, 'rec_micro': 0.9800409482758621}
epoch 61 time: 1.33e+02s, train loss: 23.99, metrics: {'f1': 0.24932823060011403, 'f1_macro': 0.8236751231271953, 'prec_macro': 0.5758488410141469, 'rec_macro': 0.6196303658638217, 'f1_micro': 0.9801314655172414, 'prec_micro': 0.9801314655172414, 'rec_micro': 0.9801314655172414}
epoch 62 time: 1.33e+02s, train loss: 23.98, metrics: {'f1': 0.2404885697779979, 'f1_macro': 0.8318302277934371, 'prec_macro': 0.5722409124264756, 'rec_macro': 0.6152201715470109, 'f1_micro': 0.9801659482758621, 'prec_micro': 0.9801659482758621, 'rec_micro': 0.9801659482758621}
epoch 63 time: 1.33e+02s, train loss: 24.0, metrics: {'f1': 0.2385396877839267, 'f1_macro': 0.8303631938633609, 'prec_macro': 0.5715863712490169, 'rec_macro': 0.6142370507600146, 'f1_micro': 0.9801314655172414, 'prec_micro': 0.9801314655172414, 'rec_micro': 0.9801314655172414}
epoch 64 time: 1.34e+02s, train loss: 24.0, metrics: {'f1': 0.2537083569749534, 'f1_macro': 0.8230154810712005, 'prec_macro': 0.5775278491018893, 'rec_macro': 0.6218266738269193, 'f1_micro': 0.9801573275862069, 'prec_micro': 0.9801573275862069, 'rec_micro': 0.9801573275862069}
epoch 65 time: 1.36e+02s, train loss: 23.99, metrics: {'f1': 0.25776773464611413, 'f1_macro': 0.8222461482810768, 'prec_macro': 0.5791066668279443, 'rec_macro': 0.6238615270009327, 'f1_micro': 0.9801788793103449, 'prec_micro': 0.9801788793103449, 'rec_micro': 0.9801788793103449}
epoch 66 time: 1.34e+02s, train loss: 23.98, metrics: {'f1': 0.2508116883116883, 'f1_macro': 0.8211327716347658, 'prec_macro': 0.5765226416585253, 'rec_macro': 0.6203658738605445, 'f1_micro': 0.9801077586206897, 'prec_micro': 0.9801077586206897, 'rec_micro': 0.9801077586206897}
epoch 67 time: 1.33e+02s, train loss: 23.98, metrics: {'f1': 0.2509752925877764, 'f1_macro': 0.8231915444541585, 'prec_macro': 0.5764890656101409, 'rec_macro': 0.6204554085206534, 'f1_micro': 0.9801379310344828, 'prec_micro': 0.9801379310344828, 'rec_micro': 0.9801379310344828}
epoch 68 time: 1.34e+02s, train loss: 24.0, metrics: {'f1': 0.2719318987940411, 'f1_macro': 0.8097874020576667, 'prec_macro': 0.5853338356923823, 'rec_macro': 0.6309201344681383, 'f1_micro': 0.980092672413793, 'prec_micro': 0.980092672413793, 'rec_micro': 0.980092672413793}
epoch 69 time: 1.33e+02s, train loss: 24.01, metrics: {'f1': 0.2682558601509734, 'f1_macro': 0.8151298861949695, 'prec_macro': 0.5835518969084923, 'rec_macro': 0.6290979709858935, 'f1_micro': 0.9801530172413793, 'prec_micro': 0.9801530172413793, 'rec_micro': 0.9801530172413793}
epoch 70 time: 1.34e+02s, train loss: 23.99, metrics: {'f1': 0.24903932630201947, 'f1_macro': 0.8292858088191061, 'prec_macro': 0.5754943331382839, 'rec_macro': 0.6195047521854715, 'f1_micro': 0.9802047413793104, 'prec_micro': 0.9802047413793104, 'rec_micro': 0.9802047413793104}
epoch 71 time: 1.34e+02s, train loss: 24.0, metrics: {'f1': 0.2350409666473558, 'f1_macro': 0.8285063514811527, 'prec_macro': 0.5703840869087704, 'rec_macro': 0.612474720443417, 'f1_micro': 0.9800797413793103, 'prec_micro': 0.9800797413793103, 'rec_micro': 0.9800797413793103}
epoch 72 time: 1.34e+02s, train loss: 24.0, metrics: {'f1': 0.23914837431919456, 'f1_macro': 0.8297901677085142, 'prec_macro': 0.5718302395002512, 'rec_macro': 0.6145407876605351, 'f1_micro': 0.9801293103448275, 'prec_micro': 0.9801293103448275, 'rec_micro': 0.9801293103448275}
epoch 73 time: 1.33e+02s, train loss: 23.99, metrics: {'f1': 0.2517845554834523, 'f1_macro': 0.8215057018881698, 'prec_macro': 0.5768722066489332, 'rec_macro': 0.6208555396957882, 'f1_micro': 0.9801206896551724, 'prec_micro': 0.9801206896551724, 'rec_micro': 0.9801206896551724}
epoch 74 time: 1.33e+02s, train loss: 24.0, metrics: {'f1': 0.26262950767006665, 'f1_macro': 0.821929994155156, 'prec_macro': 0.580986055639061, 'rec_macro': 0.626300822303242, 'f1_micro': 0.9802133620689655, 'prec_micro': 0.9802133620689655, 'rec_micro': 0.9802133620689655}
epoch 75 time: 1.34e+02s, train loss: 24.0, metrics: {'f1': 0.26748740906547286, 'f1_macro': 0.8218923577737811, 'prec_macro': 0.5828676470011723, 'rec_macro': 0.6287392861386725, 'f1_micro': 0.9802521551724138, 'prec_micro': 0.9802521551724138, 'rec_micro': 0.9802521551724138}
epoch 76 time: 1.34e+02s, train loss: 23.99, metrics: {'f1': 0.2566293221568469, 'f1_macro': 0.8190247351091366, 'prec_macro': 0.5788330641382834, 'rec_macro': 0.6232780345423972, 'f1_micro': 0.9801228448275862, 'prec_micro': 0.9801228448275862, 'rec_micro': 0.9801228448275862}
epoch 77 time: 1.33e+02s, train loss: 23.99, metrics: {'f1': 0.2557875991581674, 'f1_macro': 0.8238125880552434, 'prec_macro': 0.5782770742635487, 'rec_macro': 0.6228733003905327, 'f1_micro': 0.9801853448275862, 'prec_micro': 0.9801853448275862, 'rec_micro': 0.9801853448275862}
epoch 78 time: 1.33e+02s, train loss: 24.0, metrics: {'f1': 0.2594270917624211, 'f1_macro': 0.8281152304401116, 'prec_macro': 0.5794501876573999, 'rec_macro': 0.6247159594882753, 'f1_micro': 0.9802758620689656, 'prec_micro': 0.9802758620689656, 'rec_micro': 0.9802758620689656}
epoch 79 time: 1.33e+02s, train loss: 23.99, metrics: {'f1': 0.26382703052878775, 'f1_macro': 0.8349149820050884, 'prec_macro': 0.5807912070017385, 'rec_macro': 0.6269492876274448, 'f1_micro': 0.9804073275862069, 'prec_micro': 0.9804073275862069, 'rec_micro': 0.9804073275862069}
epoch 80 time: 1.33e+02s, train loss: 23.99, metrics: {'f1': 0.26129840730859405, 'f1_macro': 0.8292978192900617, 'prec_macro': 0.5801036275593613, 'rec_macro': 0.6256597482950966, 'f1_micro': 0.9803081896551724, 'prec_micro': 0.9803081896551724, 'rec_micro': 0.9803081896551724}
epoch 81 time: 1.33e+02s, train loss: 23.99, metrics: {'f1': 0.26345472123751207, 'f1_macro': 0.8272404638994657, 'prec_macro': 0.581029005383455, 'rec_macro': 0.6267349404472378, 'f1_micro': 0.9802974137931034, 'prec_micro': 0.9802974137931034, 'rec_micro': 0.9802974137931034}
epoch 82 time: 1.35e+02s, train loss: 23.99, metrics: {'f1': 0.25639779721412376, 'f1_macro': 0.825293552427008, 'prec_macro': 0.578437271285555, 'rec_macro': 0.6231849850241723, 'f1_micro': 0.9802112068965517, 'prec_micro': 0.9802112068965517, 'rec_micro': 0.9802112068965517}
epoch 83 time: 1.33e+02s, train loss: 24.0, metrics: {'f1': 0.2513687995423715, 'f1_macro': 0.831726282458193, 'prec_macro': 0.5762556723304135, 'rec_macro': 0.6206825597754664, 'f1_micro': 0.9802564655172413, 'prec_micro': 0.9802564655172413, 'rec_micro': 0.9802564655172413}
epoch 84 time: 1.32e+02s, train loss: 24.03, metrics: {'f1': 0.23627370156636437, 'f1_macro': 0.8241568219977081, 'prec_macro': 0.5709978808928298, 'rec_macro': 0.6130793644587038, 'f1_micro': 0.9800344827586207, 'prec_micro': 0.9800344827586207, 'rec_micro': 0.9800344827586207}
epoch 85 time: 1.33e+02s, train loss: 24.04, metrics: {'f1': 0.2322196493549454, 'f1_macro': 0.8232591198240266, 'prec_macro': 0.5695550321278408, 'rec_macro': 0.6110416300553054, 'f1_micro': 0.9799913793103449, 'prec_micro': 0.9799913793103449, 'rec_micro': 0.9799913793103449}
epoch 86 time: 1.33e+02s, train loss: 24.04, metrics: {'f1': 0.22522597230284436, 'f1_macro': 0.8174226697082161, 'prec_macro': 0.5672363372275704, 'rec_macro': 0.6075127668141505, 'f1_micro': 0.9798642241379311, 'prec_micro': 0.9798642241379311, 'rec_micro': 0.9798642241379311}
epoch 87 time: 1.32e+02s, train loss: 24.06, metrics: {'f1': 0.22609272621713525, 'f1_macro': 0.8189471555005112, 'prec_macro': 0.5674945220602693, 'rec_macro': 0.6079527055338059, 'f1_micro': 0.9798900862068965, 'prec_micro': 0.9798900862068965, 'rec_micro': 0.9798900862068965}
epoch 88 time: 1.33e+02s, train loss: 24.05, metrics: {'f1': 0.2280513032685147, 'f1_macro': 0.8181587804632136, 'prec_macro': 0.5682316331914588, 'rec_macro': 0.6089329301480932, 'f1_micro': 0.9798943965517242, 'prec_micro': 0.9798943965517242, 'rec_micro': 0.9798943965517242}
epoch 89 time: 1.34e+02s, train loss: 24.04, metrics: {'f1': 0.23217821782178216, 'f1_macro': 0.8196099921904763, 'prec_macro': 0.5696777857829396, 'rec_macro': 0.6110087490384186, 'f1_micro': 0.9799439655172414, 'prec_micro': 0.9799439655172414, 'rec_micro': 0.9799439655172414}
epoch 90 time: 1.32e+02s, train loss: 24.04, metrics: {'f1': 0.23473251028806585, 'f1_macro': 0.8194608677120239, 'prec_macro': 0.5706174801884979, 'rec_macro': 0.6122900963844107, 'f1_micro': 0.9799612068965518, 'prec_micro': 0.9799612068965518, 'rec_micro': 0.9799612068965518}
epoch 91 time: 1.33e+02s, train loss: 24.04, metrics: {'f1': 0.23127572016460907, 'f1_macro': 0.8145971915970105, 'prec_macro': 0.5695423546053393, 'rec_macro': 0.6105387718036563, 'f1_micro': 0.9798706896551724, 'prec_micro': 0.9798706896551724, 'rec_micro': 0.9798706896551724}
epoch 92 time: 1.32e+02s, train loss: 24.03, metrics: {'f1': 0.24167694204685572, 'f1_macro': 0.8273237526500732, 'prec_macro': 0.5728536051350376, 'rec_macro': 0.6158020834645336, 'f1_micro': 0.9801185344827587, 'prec_micro': 0.9801185344827587, 'rec_micro': 0.9801185344827587}
epoch 93 time: 1.33e+02s, train loss: 24.03, metrics: {'f1': 0.23600430000826922, 'f1_macro': 0.8285716188313788, 'prec_macro': 0.5707314493481838, 'rec_macro': 0.6129585156613465, 'f1_micro': 0.9800883620689655, 'prec_micro': 0.9800883620689655, 'rec_micro': 0.9800883620689655}
epoch 94 time: 1.33e+02s, train loss: 24.05, metrics: {'f1': 0.22659036244505268, 'f1_macro': 0.8196729461405449, 'prec_macro': 0.5676481114292921, 'rec_macro': 0.6082047989607481, 'f1_micro': 0.9799030172413793, 'prec_micro': 0.9799030172413793, 'rec_micro': 0.9799030172413793}
epoch 95 time: 1.33e+02s, train loss: 24.09, metrics: {'f1': 0.22630223477610703, 'f1_macro': 0.8218966280616424, 'prec_macro': 0.5674653511138741, 'rec_macro': 0.6080673967574167, 'f1_micro': 0.9799288793103448, 'prec_micro': 0.9799288793103448, 'rec_micro': 0.9799288793103448}
epoch 96 time: 1.33e+02s, train loss: 24.09, metrics: {'f1': 0.2253288113160725, 'f1_macro': 0.8137249253220041, 'prec_macro': 0.5674080847880155, 'rec_macro': 0.6075520093662568, 'f1_micro': 0.9798168103448276, 'prec_micro': 0.9798168103448276, 'rec_micro': 0.9798168103448276}
epoch 97 time: 1.32e+02s, train loss: 24.06, metrics: {'f1': 0.2271298593879239, 'f1_macro': 0.8161915044770409, 'prec_macro': 0.5679701445322679, 'rec_macro': 0.6084639918288879, 'f1_micro': 0.9798620689655172, 'prec_micro': 0.9798620689655172, 'rec_micro': 0.9798620689655172}
epoch 98 time: 1.34e+02s, train loss: 24.06, metrics: {'f1': 0.22954321393361815, 'f1_macro': 0.8095103134284825, 'prec_macro': 0.5691085548936721, 'rec_macro': 0.6096516499443114, 'f1_micro': 0.9797887931034482, 'prec_micro': 0.9797887931034482, 'rec_micro': 0.9797887931034482}
epoch 99 time: 1.34e+02s, train loss: 24.08, metrics: {'f1': 0.22717952923808746, 'f1_macro': 0.803757798271679, 'prec_macro': 0.5684710706321385, 'rec_macro': 0.6084451216975548, 'f1_micro': 0.9796918103448276, 'prec_micro': 0.9796918103448276, 'rec_micro': 0.9796918103448276}
epoch 100 time: 1.33e+02s, train loss: 24.09, metrics: {'f1': 0.23103984291908697, 'f1_macro': 0.8056187432446773, 'prec_macro': 0.569820336688424, 'rec_macro': 0.6103882136311092, 'f1_micro': 0.9797435344827586, 'prec_micro': 0.9797435344827586, 'rec_micro': 0.9797435344827586}
post-training summary -- best {'f1': 0.2755527578881108, 'f1_macro': 0.8120101013293903, 'prec_macro': 0.5866407154963051, 'rec_macro': 0.6327468309642326, 'f1_micro': 0.9801573275862069, 'prec_micro': 0.9801573275862069, 'rec_micro': 0.9801573275862069}
run 5 start -- seed=4
initialized continuityBERT with 547661 parameters.
/home/azureuser/.local/lib/python3.8/site-packages/sklearn/metrics/_classification.py:1344: UndefinedMetricWarning: Precision and F-score are ill-defined and being set to 0.0 in labels with no predicted samples. Use `zero_division` parameter to control this behavior.
  _warn_prf(average, modifier, msg_start, len(result))
epoch 1 time: 1.3e+02s, train loss: 24.7, metrics: {'f1': 0.0, 'f1_macro': 0.4892446120689655, 'prec_macro': 0.5, 'rec_macro': 0.49456383800335285, 'f1_micro': 0.978489224137931, 'prec_micro': 0.978489224137931, 'rec_micro': 0.978489224137931}
epoch 2 time: 1.3e+02s, train loss: 24.59, metrics: {'f1': 0.06933431679881984, 'f1_macro': 0.7069714937859728, 'prec_macro': 0.5182972642790243, 'rec_macro': 0.5291642657554264, 'f1_micro': 0.9782456896551724, 'prec_micro': 0.9782456896551724, 'rec_micro': 0.9782456896551724}
epoch 3 time: 1.31e+02s, train loss: 24.38, metrics: {'f1': 0.1963677639046538, 'f1_macro': 0.7478324671439996, 'prec_macro': 0.5594076073837082, 'rec_macro': 0.592771428066303, 'f1_micro': 0.9786379310344827, 'prec_micro': 0.9786379310344827, 'rec_micro': 0.9786379310344827}
epoch 4 time: 1.31e+02s, train loss: 24.27, metrics: {'f1': 0.22641509433962267, 'f1_macro': 0.7858894448743072, 'prec_macro': 0.5689648255869942, 'rec_macro': 0.6079910400071478, 'f1_micro': 0.9794116379310345, 'prec_micro': 0.9794116379310345, 'rec_micro': 0.9794116379310345}
epoch 5 time: 1.31e+02s, train loss: 24.23, metrics: {'f1': 0.1814582077989154, 'f1_macro': 0.8124734898587189, 'prec_macro': 0.5521593782697398, 'rec_macro': 0.5855407710735542, 'f1_micro': 0.9795064655172414, 'prec_micro': 0.9795064655172414, 'rec_micro': 0.9795064655172414}
epoch 6 time: 1.31e+02s, train loss: 24.18, metrics: {'f1': 0.20946508915180806, 'f1_macro': 0.8015426734360678, 'prec_macro': 0.5621282678404861, 'rec_macro': 0.5995534939666233, 'f1_micro': 0.979551724137931, 'prec_micro': 0.979551724137931, 'rec_micro': 0.979551724137931}
epoch 7 time: 1.3e+02s, train loss: 24.13, metrics: {'f1': 0.256483238456673, 'f1_macro': 0.795027372753804, 'prec_macro': 0.5801035504336652, 'rec_macro': 0.6231047975466228, 'f1_micro': 0.9797327586206896, 'prec_micro': 0.9797327586206896, 'rec_micro': 0.9797327586206896}
epoch 8 time: 1.32e+02s, train loss: 24.12, metrics: {'f1': 0.2348079727758872, 'f1_macro': 0.7976205123596786, 'prec_macro': 0.5715835537888603, 'rec_macro': 0.6122470391434484, 'f1_micro': 0.979646551724138, 'prec_micro': 0.979646551724138, 'rec_micro': 0.979646551724138}
epoch 9 time: 1.31e+02s, train loss: 24.1, metrics: {'f1': 0.22302870339821843, 'f1_macro': 0.806104000910015, 'prec_macro': 0.5668575755822018, 'rec_macro': 0.6063717341395269, 'f1_micro': 0.9796982758620689, 'prec_micro': 0.9796982758620689, 'rec_micro': 0.9796982758620689}
epoch 10 time: 1.31e+02s, train loss: 24.09, metrics: {'f1': 0.24089316274142286, 'f1_macro': 0.8134992626139453, 'prec_macro': 0.5731464415830528, 'rec_macro': 0.6153604696498857, 'f1_micro': 0.9799245689655173, 'prec_micro': 0.9799245689655173, 'rec_micro': 0.9799245689655173}
epoch 11 time: 1.32e+02s, train loss: 24.08, metrics: {'f1': 0.25398596938775514, 'f1_macro': 0.8016796324463786, 'prec_macro': 0.5787333858514968, 'rec_macro': 0.6218818706698284, 'f1_micro': 0.9798318965517241, 'prec_micro': 0.9798318965517241, 'rec_micro': 0.9798318965517241}
epoch 12 time: 1.32e+02s, train loss: 24.08, metrics: {'f1': 0.23644109454366705, 'f1_macro': 0.8150249008619037, 'prec_macro': 0.5714261485184452, 'rec_macro': 0.6131320666746687, 'f1_micro': 0.9799137931034483, 'prec_micro': 0.9799137931034483, 'rec_micro': 0.9799137931034483}
epoch 13 time: 1.31e+02s, train loss: 24.08, metrics: {'f1': 0.23763669006038846, 'f1_macro': 0.8110499206725907, 'prec_macro': 0.5720388412270072, 'rec_macro': 0.6137175856493178, 'f1_micro': 0.9798663793103448, 'prec_micro': 0.9798663793103448, 'rec_micro': 0.9798663793103448}
epoch 14 time: 1.31e+02s, train loss: 24.07, metrics: {'f1': 0.24192629952005207, 'f1_macro': 0.8123841920777068, 'prec_macro': 0.5735829816291806, 'rec_macro': 0.6158747317398514, 'f1_micro': 0.979915948275862, 'prec_micro': 0.979915948275862, 'rec_micro': 0.9799159482758619}
epoch 15 time: 1.32e+02s, train loss: 24.07, metrics: {'f1': 0.25102384967477714, 'f1_macro': 0.807021069985677, 'prec_macro': 0.5772977082315228, 'rec_macro': 0.6204182485979383, 'f1_micro': 0.9798987068965517, 'prec_micro': 0.9798987068965517, 'rec_micro': 0.9798987068965517}
epoch 16 time: 1.32e+02s, train loss: 24.06, metrics: {'f1': 0.23505256241787123, 'f1_macro': 0.816710955345839, 'prec_macro': 0.570844829307273, 'rec_macro': 0.6124412430356622, 'f1_micro': 0.979926724137931, 'prec_micro': 0.979926724137931, 'rec_micro': 0.979926724137931}
epoch 17 time: 1.3e+02s, train loss: 24.05, metrics: {'f1': 0.23631921824104235, 'f1_macro': 0.8063344076552732, 'prec_macro': 0.5717542257823736, 'rec_macro': 0.6130390482503862, 'f1_micro': 0.9797887931034482, 'prec_micro': 0.9797887931034482, 'rec_micro': 0.9797887931034482}
epoch 18 time: 1.32e+02s, train loss: 24.05, metrics: {'f1': 0.23762700753851193, 'f1_macro': 0.8168987098481775, 'prec_macro': 0.571786726263826, 'rec_macro': 0.6137337698547161, 'f1_micro': 0.979948275862069, 'prec_micro': 0.979948275862069, 'rec_micro': 0.979948275862069}
epoch 19 time: 1.32e+02s, train loss: 24.04, metrics: {'f1': 0.26246217550565376, 'f1_macro': 0.8107219736139911, 'prec_macro': 0.5815337730932835, 'rec_macro': 0.6261723292514692, 'f1_micro': 0.9800387931034483, 'prec_micro': 0.9800387931034483, 'rec_micro': 0.9800387931034483}
epoch 20 time: 1.31e+02s, train loss: 24.04, metrics: {'f1': 0.2402225495009, 'f1_macro': 0.818314339635468, 'prec_macro': 0.5726884395190108, 'rec_macro': 0.6150412687009489, 'f1_micro': 0.9799870689655172, 'prec_micro': 0.9799870689655172, 'rec_micro': 0.9799870689655172}
epoch 21 time: 1.3e+02s, train loss: 24.04, metrics: {'f1': 0.23551524066356133, 'f1_macro': 0.8101230189507852, 'prec_macro': 0.5712896160653477, 'rec_macro': 0.612649857733816, 'f1_micro': 0.9798383620689655, 'prec_micro': 0.9798383620689655, 'rec_micro': 0.9798383620689655}
epoch 22 time: 1.31e+02s, train loss: 24.03, metrics: {'f1': 0.22843016069221264, 'f1_macro': 0.8124219697634141, 'prec_macro': 0.5685861410673217, 'rec_macro': 0.6091035191444008, 'f1_micro': 0.9798211206896552, 'prec_micro': 0.9798211206896552, 'rec_micro': 0.9798211206896552}
epoch 23 time: 1.31e+02s, train loss: 24.03, metrics: {'f1': 0.2324546952224053, 'f1_macro': 0.8174935686612805, 'prec_macro': 0.5698605460983575, 'rec_macro': 0.6111403255772673, 'f1_micro': 0.9799181034482759, 'prec_micro': 0.9799181034482759, 'rec_micro': 0.9799181034482759}
epoch 24 time: 1.31e+02s, train loss: 24.03, metrics: {'f1': 0.25365853658536586, 'f1_macro': 0.8050880208820484, 'prec_macro': 0.5784179604015045, 'rec_macro': 0.6217320258173007, 'f1_micro': 0.9798857758620689, 'prec_micro': 0.9798857758620689, 'rec_micro': 0.9798857758620689}
epoch 25 time: 1.31e+02s, train loss: 24.02, metrics: {'f1': 0.23885742427973405, 'f1_macro': 0.8211501624623658, 'prec_macro': 0.5720658353309733, 'rec_macro': 0.6143660194840198, 'f1_micro': 0.9800150862068966, 'prec_micro': 0.9800150862068966, 'rec_micro': 0.9800150862068966}
epoch 26 time: 1.31e+02s, train loss: 24.02, metrics: {'f1': 0.2382748442112168, 'f1_macro': 0.81875723634104, 'prec_macro': 0.5719491258368269, 'rec_macro': 0.61406537612197, 'f1_micro': 0.9799784482758621, 'prec_micro': 0.9799784482758621, 'rec_micro': 0.9799784482758621}
epoch 27 time: 1.31e+02s, train loss: 24.02, metrics: {'f1': 0.24448244971088848, 'f1_macro': 0.8174049250075022, 'prec_macro': 0.5743151498749149, 'rec_macro': 0.6171758173787129, 'f1_micro': 0.9800064655172414, 'prec_micro': 0.9800064655172414, 'rec_micro': 0.9800064655172414}
epoch 28 time: 1.31e+02s, train loss: 24.01, metrics: {'f1': 0.24544110399211436, 'f1_macro': 0.8314403713762055, 'prec_macro': 0.5740724086077433, 'rec_macro': 0.6177054071978094, 'f1_micro': 0.9802025862068966, 'prec_micro': 0.9802025862068966, 'rec_micro': 0.9802025862068966}
epoch 29 time: 1.31e+02s, train loss: 24.03, metrics: {'f1': 0.25333872925940915, 'f1_macro': 0.8204968640007199, 'prec_macro': 0.5775080261429382, 'rec_macro': 0.6216319320002467, 'f1_micro': 0.9801185344827587, 'prec_micro': 0.9801185344827587, 'rec_micro': 0.9801185344827587}
epoch 30 time: 1.33e+02s, train loss: 24.02, metrics: {'f1': 0.25430163987398013, 'f1_macro': 0.8190838287701092, 'prec_macro': 0.5779423636380714, 'rec_macro': 0.6221099788029401, 'f1_micro': 0.9801056034482759, 'prec_micro': 0.9801056034482759, 'rec_micro': 0.9801056034482759}
epoch 31 time: 1.32e+02s, train loss: 24.01, metrics: {'f1': 0.2314937210839392, 'f1_macro': 0.8206694200449284, 'prec_macro': 0.5693882274528508, 'rec_macro': 0.6106687730735234, 'f1_micro': 0.9799525862068965, 'prec_micro': 0.9799525862068965, 'rec_micro': 0.9799525862068965}
epoch 32 time: 1.51e+02s, train loss: 24.02, metrics: {'f1': 0.23736915849336518, 'f1_macro': 0.8253259420582797, 'prec_macro': 0.571352952260724, 'rec_macro': 0.613633081594731, 'f1_micro': 0.9800581896551724, 'prec_micro': 0.9800581896551724, 'rec_micro': 0.9800581896551724}
epoch 33 time: 1.46e+02s, train loss: 24.02, metrics: {'f1': 0.2608487173339727, 'f1_macro': 0.8132287504739152, 'prec_macro': 0.580764187189207, 'rec_macro': 0.6253729488708888, 'f1_micro': 0.9800668103448276, 'prec_micro': 0.9800668103448276, 'rec_micro': 0.9800668103448276}
epoch 34 time: 1.31e+02s, train loss: 24.01, metrics: {'f1': 0.24090834293236796, 'f1_macro': 0.8276404964750383, 'prec_macro': 0.5725585404274623, 'rec_macro': 0.6154172984547825, 'f1_micro': 0.9801163793103448, 'prec_micro': 0.9801163793103448, 'rec_micro': 0.9801163793103448}
epoch 35 time: 1.31e+02s, train loss: 24.02, metrics: {'f1': 0.23977664641156182, 'f1_macro': 0.8230454836019132, 'prec_macro': 0.5723273239901641, 'rec_macro': 0.6148338475543988, 'f1_micro': 0.9800474137931035, 'prec_micro': 0.9800474137931035, 'rec_micro': 0.9800474137931035}
epoch 36 time: 1.32e+02s, train loss: 24.0, metrics: {'f1': 0.24561403508771928, 'f1_macro': 0.8286588831221771, 'prec_macro': 0.574250763821172, 'rec_macro': 0.6177830058033306, 'f1_micro': 0.9801681034482759, 'prec_micro': 0.9801681034482759, 'rec_micro': 0.9801681034482759}
epoch 37 time: 1.3e+02s, train loss: 23.99, metrics: {'f1': 0.25110060329365724, 'f1_macro': 0.8278393860810676, 'prec_macro': 0.576326128253674, 'rec_macro': 0.6205346529977667, 'f1_micro': 0.9802025862068966, 'prec_micro': 0.9802025862068966, 'rec_micro': 0.9802025862068966}
epoch 38 time: 1.31e+02s, train loss: 23.99, metrics: {'f1': 0.2414814814814815, 'f1_macro': 0.8289566163175262, 'prec_macro': 0.5727165348984742, 'rec_macro': 0.6157093491373122, 'f1_micro': 0.9801379310344828, 'prec_micro': 0.9801379310344828, 'rec_micro': 0.9801379310344828}
epoch 39 time: 1.31e+02s, train loss: 24.0, metrics: {'f1': 0.23695111847555925, 'f1_macro': 0.833012916135002, 'prec_macro': 0.5709103680536439, 'rec_macro': 0.6134478824502522, 'f1_micro': 0.9801508620689655, 'prec_micro': 0.9801508620689655, 'rec_micro': 0.9801508620689655}
epoch 40 time: 1.3e+02s, train loss: 24.01, metrics: {'f1': 0.23808343659644773, 'f1_macro': 0.8299735501848117, 'prec_macro': 0.5714349844309888, 'rec_macro': 0.6140067524997427, 'f1_micro': 0.9801228448275862, 'prec_micro': 0.9801228448275862, 'rec_micro': 0.9801228448275862}
epoch 41 time: 1.31e+02s, train loss: 24.0, metrics: {'f1': 0.24797143784485556, 'f1_macro': 0.816922612849636, 'prec_macro': 0.5756478967987412, 'rec_macro': 0.6189249769132456, 'f1_micro': 0.9800258620689655, 'prec_micro': 0.9800258620689655, 'rec_micro': 0.9800258620689655}
epoch 42 time: 1.31e+02s, train loss: 24.01, metrics: {'f1': 0.24981797589191815, 'f1_macro': 0.8152312790286601, 'prec_macro': 0.5764262929067959, 'rec_macro': 0.6198453111038849, 'f1_micro': 0.9800150862068966, 'prec_micro': 0.9800150862068966, 'rec_micro': 0.9800150862068966}
epoch 43 time: 1.3e+02s, train loss: 24.01, metrics: {'f1': 0.24670541049357456, 'f1_macro': 0.8278100059135444, 'prec_macro': 0.5746906076937917, 'rec_macro': 0.6183280432908436, 'f1_micro': 0.9801659482758621, 'prec_micro': 0.9801659482758621, 'rec_micro': 0.9801659482758621}
epoch 44 time: 1.3e+02s, train loss: 24.01, metrics: {'f1': 0.24629977921334534, 'f1_macro': 0.8257874087052877, 'prec_macro': 0.5746261959314835, 'rec_macro': 0.6181175179766473, 'f1_micro': 0.980135775862069, 'prec_micro': 0.980135775862069, 'rec_micro': 0.980135775862069}
epoch 45 time: 1.31e+02s, train loss: 23.99, metrics: {'f1': 0.26443352926966746, 'f1_macro': 0.8277179796425406, 'prec_macro': 0.5813796716493602, 'rec_macro': 0.6272281290034696, 'f1_micro': 0.9803125, 'prec_micro': 0.9803125, 'rec_micro': 0.9803125}
epoch 46 time: 1.32e+02s, train loss: 23.99, metrics: {'f1': 0.25285494452093626, 'f1_macro': 0.8207618779322936, 'prec_macro': 0.5773120505215529, 'rec_macro': 0.6213900836427275, 'f1_micro': 0.9801185344827587, 'prec_micro': 0.9801185344827587, 'rec_micro': 0.9801185344827587}
epoch 47 time: 1.31e+02s, train loss: 24.0, metrics: {'f1': 0.2530287015204489, 'f1_macro': 0.8265099216927545, 'prec_macro': 0.577108929463718, 'rec_macro': 0.6214979753276324, 'f1_micro': 0.9802004310344827, 'prec_micro': 0.9802004310344827, 'rec_micro': 0.9802004310344827}
epoch 48 time: 1.32e+02s, train loss: 23.99, metrics: {'f1': 0.2668375110114519, 'f1_macro': 0.8233934501239635, 'prec_macro': 0.5825334998677264, 'rec_macro': 0.6284188265041717, 'f1_micro': 0.9802693965517242, 'prec_micro': 0.9802693965517242, 'rec_micro': 0.9802693965517242}
epoch 49 time: 1.32e+02s, train loss: 23.99, metrics: {'f1': 0.26906543544021655, 'f1_macro': 0.8184082414455204, 'prec_macro': 0.5836796191576115, 'rec_macro': 0.6295176320452729, 'f1_micro': 0.9802112068965517, 'prec_micro': 0.9802112068965517, 'rec_micro': 0.9802112068965517}
epoch 50 time: 1.33e+02s, train loss: 23.99, metrics: {'f1': 0.2542966522766148, 'f1_macro': 0.8308206281883483, 'prec_macro': 0.5773891398063625, 'rec_macro': 0.6221495437554252, 'f1_micro': 0.9802693965517242, 'prec_micro': 0.9802693965517242, 'rec_micro': 0.9802693965517242}
epoch 51 time: 1.34e+02s, train loss: 23.99, metrics: {'f1': 0.24235429890363533, 'f1_macro': 0.8326464345868864, 'prec_macro': 0.5728910485019452, 'rec_macro': 0.6161595104663296, 'f1_micro': 0.9801918103448276, 'prec_micro': 0.9801918103448276, 'rec_micro': 0.9801918103448276}
epoch 52 time: 1.33e+02s, train loss: 23.99, metrics: {'f1': 0.24936386768447838, 'f1_macro': 0.8357517002442442, 'prec_macro': 0.5753424085367899, 'rec_macro': 0.6196891241433583, 'f1_micro': 0.980290948275862, 'prec_micro': 0.980290948275862, 'rec_micro': 0.980290948275862}
epoch 53 time: 1.32e+02s, train loss: 23.99, metrics: {'f1': 0.24750204750204746, 'f1_macro': 0.829770016680052, 'prec_macro': 0.5749031024476362, 'rec_macro': 0.6187345898524225, 'f1_micro': 0.980198275862069, 'prec_micro': 0.980198275862069, 'rec_micro': 0.980198275862069}
epoch 54 time: 1.34e+02s, train loss: 23.98, metrics: {'f1': 0.24959136972866952, 'f1_macro': 0.8294265278593815, 'prec_macro': 0.575693612586161, 'rec_macro': 0.6197823844943704, 'f1_micro': 0.9802112068965517, 'prec_micro': 0.9802112068965517, 'rec_micro': 0.9802112068965517}
epoch 55 time: 1.33e+02s, train loss: 23.99, metrics: {'f1': 0.25519480519480514, 'f1_macro': 0.8269337111774934, 'prec_macro': 0.5779049459797292, 'rec_macro': 0.6225869185855207, 'f1_micro': 0.9802241379310345, 'prec_micro': 0.9802241379310345, 'rec_micro': 0.9802241379310345}
epoch 56 time: 1.34e+02s, train loss: 23.99, metrics: {'f1': 0.250101568213212, 'f1_macro': 0.8216826363587673, 'prec_macro': 0.5762297795019447, 'rec_macro': 0.6200114313977833, 'f1_micro': 0.9801099137931034, 'prec_micro': 0.9801099137931034, 'rec_micro': 0.9801099137931034}
epoch 57 time: 1.35e+02s, train loss: 23.99, metrics: {'f1': 0.2663776493256262, 'f1_macro': 0.8261357521917622, 'prec_macro': 0.5822092642137559, 'rec_macro': 0.6281983490548685, 'f1_micro': 0.9803060344827587, 'prec_micro': 0.9803060344827587, 'rec_micro': 0.9803060344827587}
epoch 58 time: 1.34e+02s, train loss: 23.99, metrics: {'f1': 0.2623374525482594, 'f1_macro': 0.8292811236279607, 'prec_macro': 0.5804999839041209, 'rec_macro': 0.6261813898383415, 'f1_micro': 0.9803168103448275, 'prec_micro': 0.9803168103448275, 'rec_micro': 0.9803168103448275}
epoch 59 time: 1.32e+02s, train loss: 23.99, metrics: {'f1': 0.24419561995718753, 'f1_macro': 0.8332939708254383, 'prec_macro': 0.5735400833019174, 'rec_macro': 0.6170860941374225, 'f1_micro': 0.9802155172413793, 'prec_micro': 0.9802155172413793, 'rec_micro': 0.9802155172413793}
epoch 60 time: 1.32e+02s, train loss: 23.99, metrics: {'f1': 0.23780386968744832, 'f1_macro': 0.831026558308698, 'prec_macro': 0.5712935090924363, 'rec_macro': 0.6138697590527588, 'f1_micro': 0.9801336206896551, 'prec_micro': 0.9801336206896551, 'rec_micro': 0.9801336206896551}
epoch 61 time: 1.33e+02s, train loss: 23.99, metrics: {'f1': 0.23644179894179895, 'f1_macro': 0.8288048325764262, 'prec_macro': 0.5708817348907146, 'rec_macro': 0.6131788863341515, 'f1_micro': 0.9800948275862069, 'prec_micro': 0.9800948275862069, 'rec_micro': 0.9800948275862069}
epoch 62 time: 1.33e+02s, train loss: 24.0, metrics: {'f1': 0.24484430202941418, 'f1_macro': 0.8309894737195979, 'prec_macro': 0.5738709266088715, 'rec_macro': 0.6174042928774347, 'f1_micro': 0.9801918103448276, 'prec_micro': 0.9801918103448276, 'rec_micro': 0.9801918103448276}
epoch 63 time: 1.33e+02s, train loss: 23.99, metrics: {'f1': 0.24503528639422287, 'f1_macro': 0.8293585277345852, 'prec_macro': 0.574007996845435, 'rec_macro': 0.6174947892114768, 'f1_micro': 0.9801724137931035, 'prec_micro': 0.9801724137931035, 'rec_micro': 0.9801724137931035}
epoch 64 time: 1.34e+02s, train loss: 23.99, metrics: {'f1': 0.23625557206537887, 'f1_macro': 0.8261871266409013, 'prec_macro': 0.5709131083881045, 'rec_macro': 0.6130769390932231, 'f1_micro': 0.9800603448275862, 'prec_micro': 0.9800603448275862, 'rec_micro': 0.9800603448275862}
epoch 65 time: 1.33e+02s, train loss: 24.01, metrics: {'f1': 0.24817757392087803, 'f1_macro': 0.8308241617712713, 'prec_macro': 0.575108989548497, 'rec_macro': 0.6190772723244576, 'f1_micro': 0.9802176724137931, 'prec_micro': 0.9802176724137931, 'rec_micro': 0.9802176724137931}
epoch 66 time: 1.31e+02s, train loss: 24.0, metrics: {'f1': 0.26930154412352986, 'f1_macro': 0.8252032047567825, 'prec_macro': 0.583390624319554, 'rec_macro': 0.6296627928023212, 'f1_micro': 0.9803168103448275, 'prec_micro': 0.9803168103448275, 'rec_micro': 0.9803168103448275}
epoch 67 time: 1.32e+02s, train loss: 24.0, metrics: {'f1': 0.2562225475841874, 'f1_macro': 0.8313633559023712, 'prec_macro': 0.5780871685116812, 'rec_macro': 0.6231184049018603, 'f1_micro': 0.9802931034482759, 'prec_micro': 0.9802931034482759, 'rec_micro': 0.9802931034482759}
epoch 68 time: 1.33e+02s, train loss: 24.02, metrics: {'f1': 0.2323157110945644, 'f1_macro': 0.8240487355684782, 'prec_macro': 0.5695605385053272, 'rec_macro': 0.6110924181094469, 'f1_micro': 0.9800021551724138, 'prec_micro': 0.9800021551724138, 'rec_micro': 0.9800021551724138}
epoch 69 time: 1.32e+02s, train loss: 24.05, metrics: {'f1': 0.22320019928589224, 'f1_macro': 0.8165485300177943, 'prec_macro': 0.5665372072467545, 'rec_macro': 0.6064934188708138, 'f1_micro': 0.9798383620689655, 'prec_micro': 0.9798383620689655, 'rec_micro': 0.9798383620689655}
epoch 70 time: 1.32e+02s, train loss: 24.05, metrics: {'f1': 0.2257126236183828, 'f1_macro': 0.8215633845761161, 'prec_macro': 0.5672649703904997, 'rec_macro': 0.6077704298942316, 'f1_micro': 0.9799202586206897, 'prec_micro': 0.9799202586206897, 'rec_micro': 0.9799202586206897}
epoch 71 time: 1.32e+02s, train loss: 24.05, metrics: {'f1': 0.2257235259971805, 'f1_macro': 0.8181477649404112, 'prec_macro': 0.567389926596593, 'rec_macro': 0.6077648189814537, 'f1_micro': 0.9798771551724138, 'prec_micro': 0.9798771551724138, 'rec_micro': 0.9798771551724138}
epoch 72 time: 1.34e+02s, train loss: 24.06, metrics: {'f1': 0.22316033440940325, 'f1_macro': 0.8116072846111815, 'prec_macro': 0.5667001446032214, 'rec_macro': 0.6064568975705964, 'f1_micro': 0.9797737068965517, 'prec_micro': 0.9797737068965517, 'rec_micro': 0.9797737068965517}
epoch 73 time: 1.33e+02s, train loss: 24.06, metrics: {'f1': 0.22122942003805743, 'f1_macro': 0.8080692755318679, 'prec_macro': 0.566130375930488, 'rec_macro': 0.6054761215286372, 'f1_micro': 0.9797133620689655, 'prec_micro': 0.9797133620689655, 'rec_micro': 0.9797133620689655}
epoch 74 time: 1.32e+02s, train loss: 24.06, metrics: {'f1': 0.21678147564113204, 'f1_macro': 0.8063741130075983, 'prec_macro': 0.5645851342528172, 'rec_macro': 0.6032392613769572, 'f1_micro': 0.9796616379310344, 'prec_micro': 0.9796616379310344, 'rec_micro': 0.9796616379310344}
epoch 75 time: 1.32e+02s, train loss: 24.06, metrics: {'f1': 0.2178645616950561, 'f1_macro': 0.809749184508054, 'prec_macro': 0.5648565343914835, 'rec_macro': 0.6037939840785467, 'f1_micro': 0.9797133620689655, 'prec_micro': 0.9797133620689655, 'rec_micro': 0.9797133620689655}
epoch 76 time: 1.32e+02s, train loss: 24.05, metrics: {'f1': 0.22028407675056066, 'f1_macro': 0.8127893752087539, 'prec_macro': 0.5656200761346077, 'rec_macro': 0.6050179119113807, 'f1_micro': 0.9797693965517241, 'prec_micro': 0.9797693965517241, 'rec_micro': 0.9797693965517241}
epoch 77 time: 1.32e+02s, train loss: 24.06, metrics: {'f1': 0.21920772303595207, 'f1_macro': 0.814209889806526, 'prec_macro': 0.5651846373639773, 'rec_macro': 0.6044825930242033, 'f1_micro': 0.9797801724137931, 'prec_micro': 0.9797801724137931, 'rec_micro': 0.9797801724137931}
epoch 78 time: 1.32e+02s, train loss: 24.05, metrics: {'f1': 0.2261924547116503, 'f1_macro': 0.8221360724395574, 'prec_macro': 0.567417458484025, 'rec_macro': 0.6080130692473364, 'f1_micro': 0.9799310344827586, 'prec_micro': 0.9799310344827586, 'rec_micro': 0.9799310344827586}
epoch 79 time: 1.32e+02s, train loss: 24.06, metrics: {'f1': 0.22879390324718354, 'f1_macro': 0.8209155798996927, 'prec_macro': 0.5683995391419461, 'rec_macro': 0.6093146744140295, 'f1_micro': 0.9799353448275862, 'prec_micro': 0.9799353448275862, 'rec_micro': 0.9799353448275863}
epoch 80 time: 1.32e+02s, train loss: 24.05, metrics: {'f1': 0.2309026344041622, 'f1_macro': 0.8191859082918784, 'prec_macro': 0.5692291317063417, 'rec_macro': 0.6103671969301273, 'f1_micro': 0.9799288793103448, 'prec_micro': 0.9799288793103448, 'rec_micro': 0.9799288793103448}
epoch 81 time: 1.32e+02s, train loss: 24.03, metrics: {'f1': 0.2310415808974887, 'f1_macro': 0.8148813606110172, 'prec_macro': 0.569445468070144, 'rec_macro': 0.6104222759459028, 'f1_micro': 0.9798728448275862, 'prec_micro': 0.9798728448275862, 'rec_micro': 0.9798728448275862}
epoch 82 time: 1.33e+02s, train loss: 24.02, metrics: {'f1': 0.23536184210526315, 'f1_macro': 0.8191048005017318, 'prec_macro': 0.5708624497152295, 'rec_macro': 0.6126047068667476, 'f1_micro': 0.9799612068965518, 'prec_micro': 0.9799612068965518, 'rec_micro': 0.9799612068965518}
epoch 83 time: 1.34e+02s, train loss: 24.02, metrics: {'f1': 0.2369691514606006, 'f1_macro': 0.8139746374121375, 'prec_macro': 0.5716656116676904, 'rec_macro': 0.6133932818701004, 'f1_micro': 0.9799030172413793, 'prec_micro': 0.9799030172413793, 'rec_micro': 0.9799030172413793}
epoch 84 time: 1.33e+02s, train loss: 24.04, metrics: {'f1': 0.237491877842755, 'f1_macro': 0.8043730064398552, 'prec_macro': 0.5722821459862102, 'rec_macro': 0.6136197387309197, 'f1_micro': 0.9797672413793104, 'prec_micro': 0.9797672413793104, 'rec_micro': 0.9797672413793104}
epoch 85 time: 1.33e+02s, train loss: 24.04, metrics: {'f1': 0.23972713984083155, 'f1_macro': 0.8071197197298512, 'prec_macro': 0.572996693823988, 'rec_macro': 0.6147515555399403, 'f1_micro': 0.979823275862069, 'prec_micro': 0.979823275862069, 'rec_micro': 0.979823275862069}
epoch 86 time: 1.32e+02s, train loss: 24.04, metrics: {'f1': 0.24458909682668836, 'f1_macro': 0.8162841039849669, 'prec_macro': 0.5744054287571266, 'rec_macro': 0.6172252579174449, 'f1_micro': 0.9799913793103449, 'prec_micro': 0.9799913793103449, 'rec_micro': 0.9799913793103449}
epoch 87 time: 1.34e+02s, train loss: 24.04, metrics: {'f1': 0.246943567322484, 'f1_macro': 0.8125711076445226, 'prec_macro': 0.575464572991292, 'rec_macro': 0.618392872419052, 'f1_micro': 0.9799547413793104, 'prec_micro': 0.9799547413793104, 'rec_micro': 0.9799547413793105}
epoch 88 time: 1.34e+02s, train loss: 24.03, metrics: {'f1': 0.24836601307189543, 'f1_macro': 0.8098853322579198, 'prec_macro': 0.5761350698091785, 'rec_macro': 0.6190962171164698, 'f1_micro': 0.9799245689655173, 'prec_micro': 0.9799245689655173, 'rec_micro': 0.9799245689655173}
epoch 89 time: 1.32e+02s, train loss: 24.03, metrics: {'f1': 0.2583793296536277, 'f1_macro': 0.8113721931232982, 'prec_macro': 0.5799070627373794, 'rec_macro': 0.6241263059372902, 'f1_micro': 0.9800193965517241, 'prec_micro': 0.9800193965517241, 'rec_micro': 0.9800193965517241}
epoch 90 time: 1.34e+02s, train loss: 24.04, metrics: {'f1': 0.2560344140842826, 'f1_macro': 0.8033287943327085, 'prec_macro': 0.5794402247607936, 'rec_macro': 0.6229164202134118, 'f1_micro': 0.9798728448275862, 'prec_micro': 0.9798728448275862, 'rec_micro': 0.9798728448275862}
epoch 91 time: 1.33e+02s, train loss: 24.04, metrics: {'f1': 0.25861931682458794, 'f1_macro': 0.8059171454462797, 'prec_macro': 0.580303956865605, 'rec_macro': 0.6242241313275337, 'f1_micro': 0.9799331896551724, 'prec_micro': 0.9799331896551724, 'rec_micro': 0.9799331896551724}
epoch 92 time: 1.33e+02s, train loss: 24.04, metrics: {'f1': 0.25953102568192693, 'f1_macro': 0.8090942262244258, 'prec_macro': 0.5804806730200706, 'rec_macro': 0.6246948490668254, 'f1_micro': 0.9799913793103449, 'prec_micro': 0.9799913793103449, 'rec_micro': 0.9799913793103449}
epoch 93 time: 1.33e+02s, train loss: 24.05, metrics: {'f1': 0.2522508038585209, 'f1_macro': 0.8099191770020702, 'prec_macro': 0.5776192035510328, 'rec_macro': 0.6210454508610617, 'f1_micro': 0.9799525862068965, 'prec_micro': 0.9799525862068965, 'rec_micro': 0.9799525862068965}
epoch 94 time: 1.33e+02s, train loss: 24.03, metrics: {'f1': 0.24898621248986214, 'f1_macro': 0.8175871779149291, 'prec_macro': 0.5759996643401437, 'rec_macro': 0.6194366994608276, 'f1_micro': 0.9800431034482758, 'prec_micro': 0.9800431034482758, 'rec_micro': 0.9800431034482758}
epoch 95 time: 1.33e+02s, train loss: 24.03, metrics: {'f1': 0.24741091087009703, 'f1_macro': 0.8232181059452769, 'prec_macro': 0.5751519135843256, 'rec_macro': 0.6186663448607241, 'f1_micro': 0.9801099137931034, 'prec_micro': 0.9801099137931034, 'rec_micro': 0.9801099137931034}
epoch 96 time: 1.32e+02s, train loss: 24.05, metrics: {'f1': 0.2369435106993523, 'f1_macro': 0.8167954897693586, 'prec_macro': 0.5715384529106025, 'rec_macro': 0.6133904223555715, 'f1_micro': 0.9799418103448276, 'prec_micro': 0.9799418103448276, 'rec_micro': 0.9799418103448276}
epoch 97 time: 1.32e+02s, train loss: 24.07, metrics: {'f1': 0.23412795936757597, 'f1_macro': 0.811719394120174, 'prec_macro': 0.5707082968541756, 'rec_macro': 0.6119596602578915, 'f1_micro': 0.9798512931034483, 'prec_micro': 0.9798512931034483, 'rec_micro': 0.9798512931034483}
epoch 98 time: 1.33e+02s, train loss: 24.07, metrics: {'f1': 0.23700928489982082, 'f1_macro': 0.8074842491921113, 'prec_macro': 0.5719612141587316, 'rec_macro': 0.6133895529358439, 'f1_micro': 0.9798103448275862, 'prec_micro': 0.9798103448275862, 'rec_micro': 0.9798103448275862}
epoch 99 time: 1.32e+02s, train loss: 24.08, metrics: {'f1': 0.23838252078917332, 'f1_macro': 0.8106870846919287, 'prec_macro': 0.5723328046590851, 'rec_macro': 0.6140904341721247, 'f1_micro': 0.9798663793103448, 'prec_micro': 0.9798663793103448, 'rec_micro': 0.9798663793103448}
epoch 100 time: 1.32e+02s, train loss: 24.07, metrics: {'f1': 0.22969325153374234, 'f1_macro': 0.8035468520471931, 'prec_macro': 0.5694085624867025, 'rec_macro': 0.6097050789895514, 'f1_micro': 0.9797047413793103, 'prec_micro': 0.9797047413793103, 'rec_micro': 0.9797047413793103}
post-training summary -- best {'f1': 0.26930154412352986, 'f1_macro': 0.8252032047567825, 'prec_macro': 0.583390624319554, 'rec_macro': 0.6296627928023212, 'f1_micro': 0.9803168103448275, 'prec_micro': 0.9803168103448275, 'rec_micro': 0.9803168103448275}
run 1: {'f1': 0.26572215663124754, 'f1_macro': 0.8008492776450701, 'prec_macro': 0.5834197438488186, 'rec_macro': 0.6277649071358402, 'f1_micro': 0.9798943965517242, 'prec_micro': 0.9798943965517242, 'rec_micro': 0.9798943965517242}
run 2: {'f1': 0.2884660929975527, 'f1_macro': 0.8312590000971392, 'prec_macro': 0.590577899749098, 'rec_macro': 0.639309701661433, 'f1_micro': 0.9805754310344827, 'prec_micro': 0.9805754310344827, 'rec_micro': 0.9805754310344827}
run 3: {'f1': 0.2679799874921826, 'f1_macro': 0.795911007496771, 'prec_macro': 0.5846550407454181, 'rec_macro': 0.6288742167860997, 'f1_micro': 0.9798189655172413, 'prec_micro': 0.9798189655172413, 'rec_micro': 0.9798189655172413}
run 4: {'f1': 0.2755527578881108, 'f1_macro': 0.8120101013293903, 'prec_macro': 0.5866407154963051, 'rec_macro': 0.6327468309642326, 'f1_micro': 0.9801573275862069, 'prec_micro': 0.9801573275862069, 'rec_micro': 0.9801573275862069}
run 5: {'f1': 0.26930154412352986, 'f1_macro': 0.8252032047567825, 'prec_macro': 0.583390624319554, 'rec_macro': 0.6296627928023212, 'f1_micro': 0.9803168103448275, 'prec_micro': 0.9803168103448275, 'rec_micro': 0.9803168103448275}
done.
t,p-val for human<model: -55.22248650913181,3.2189082192411564e-07, significant: True
t,p-val for random<model: 60.29375061569707,0.999999773412451, significant: False
95% CI: 0.2734045078265247+/-0.016085011477582376
