reading data...
done.
creating training artifacts...
Using cached encoded data file: train_2_error.pkl
Using cached encoded data file: test_2_error.pkl
done.
training bert_kg model...
run 1 start -- seed=0
initialized continuityBERT with 547661 parameters.
/home/azureuser/.local/lib/python3.8/site-packages/sklearn/metrics/_classification.py:1344: UndefinedMetricWarning: Precision and F-score are ill-defined and being set to 0.0 in labels with no predicted samples. Use `zero_division` parameter to control this behavior.
  _warn_prf(average, modifier, msg_start, len(result))
epoch 1 time: 1.37e+02s, train loss: 9.879, metrics: {'f1': 0.0, 'f1_macro': 0.4956896551724138, 'prec_macro': 0.5, 'rec_macro': 0.49783549783549785, 'f1_micro': 0.9913793103448276, 'prec_micro': 0.9913793103448276, 'rec_micro': 0.9913793103448276}
epoch 2 time: 1.31e+02s, train loss: 9.817, metrics: {'f1': 0.12085398398780023, 'f1_macro': 0.6232276264420166, 'prec_macro': 0.5386152173913044, 'rec_macro': 0.5579279510794202, 'f1_micro': 0.9900603448275862, 'prec_micro': 0.9900603448275862, 'rec_micro': 0.9900603448275862}
epoch 3 time: 1.33e+02s, train loss: 9.701, metrics: {'f1': 0.18932760614571284, 'f1_macro': 0.6358425753198023, 'prec_macro': 0.5700163043478261, 'rec_macro': 0.5920025871895138, 'f1_micro': 0.9894245689655172, 'prec_micro': 0.9894245689655172, 'rec_micro': 0.9894245689655172}
epoch 4 time: 1.31e+02s, train loss: 9.664, metrics: {'f1': 0.2211690363349131, 'f1_macro': 0.6466406108593815, 'prec_macro': 0.5857282608695652, 'rec_macro': 0.6079100251276484, 'f1_micro': 0.989375, 'prec_micro': 0.989375, 'rec_micro': 0.989375}
epoch 5 time: 1.32e+02s, train loss: 9.618, metrics: {'f1': 0.25362990423231385, 'f1_macro': 0.6624816168608366, 'prec_macro': 0.6008282608695652, 'rec_macro': 0.6241932138255389, 'f1_micro': 0.9895862068965517, 'prec_micro': 0.9895862068965517, 'rec_micro': 0.9895862068965517}
epoch 6 time: 1.31e+02s, train loss: 9.588, metrics: {'f1': 0.250599328751798, 'f1_macro': 0.670199421908635, 'prec_macro': 0.5963989130434783, 'rec_macro': 0.6227561137332578, 'f1_micro': 0.9898943965517242, 'prec_micro': 0.9898943965517242, 'rec_micro': 0.9898943965517242}
epoch 7 time: 1.31e+02s, train loss: 9.547, metrics: {'f1': 0.2591016548463357, 'f1_macro': 0.6718245602828925, 'prec_macro': 0.6010945652173912, 'rec_macro': 0.627000523893105, 'f1_micro': 0.9898685344827586, 'prec_micro': 0.9898685344827586, 'rec_micro': 0.9898685344827586}
epoch 8 time: 1.31e+02s, train loss: 9.531, metrics: {'f1': 0.2644141351518909, 'f1_macro': 0.6705304615656758, 'prec_macro': 0.6048869565217392, 'rec_macro': 0.6296320524926291, 'f1_micro': 0.9897715517241379, 'prec_micro': 0.9897715517241379, 'rec_micro': 0.9897715517241379}
epoch 9 time: 1.32e+02s, train loss: 9.509, metrics: {'f1': 0.24955087375469542, 'f1_macro': 0.6764309584368131, 'prec_macro': 0.5940228260869566, 'rec_macro': 0.6222832388943196, 'f1_micro': 0.9900969827586207, 'prec_micro': 0.9900969827586207, 'rec_micro': 0.9900969827586207}
epoch 10 time: 1.32e+02s, train loss: 9.506, metrics: {'f1': 0.2605510431597388, 'f1_macro': 0.6760188736388838, 'prec_macro': 0.6006619565217391, 'rec_macro': 0.6277568635477752, 'f1_micro': 0.9899935344827586, 'prec_micro': 0.9899935344827586, 'rec_micro': 0.9899935344827586}
epoch 11 time: 1.32e+02s, train loss: 9.503, metrics: {'f1': 0.26704366949418784, 'f1_macro': 0.676216270484757, 'prec_macro': 0.6046021739130435, 'rec_macro': 0.630990461121555, 'f1_micro': 0.9899439655172414, 'prec_micro': 0.9899439655172414, 'rec_micro': 0.9899439655172414}
epoch 12 time: 1.31e+02s, train loss: 9.492, metrics: {'f1': 0.26172441579371475, 'f1_macro': 0.680675236056953, 'prec_macro': 0.5999858695652174, 'rec_macro': 0.6283773820950251, 'f1_micro': 0.9901271551724138, 'prec_micro': 0.9901271551724138, 'rec_micro': 0.9901271551724138}
epoch 13 time: 1.31e+02s, train loss: 9.481, metrics: {'f1': 0.2604726976365118, 'f1_macro': 0.6836541396376583, 'prec_macro': 0.5984228260869565, 'rec_macro': 0.6277755763624191, 'f1_micro': 0.9902219827586207, 'prec_micro': 0.9902219827586207, 'rec_micro': 0.9902219827586207}
epoch 14 time: 1.31e+02s, train loss: 9.475, metrics: {'f1': 0.2648050072219547, 'f1_macro': 0.6814567999498206, 'prec_macro': 0.6015967391304348, 'rec_macro': 0.6299176077205754, 'f1_micro': 0.9901271551724138, 'prec_micro': 0.9901271551724138, 'rec_micro': 0.9901271551724138}
epoch 15 time: 1.32e+02s, train loss: 9.474, metrics: {'f1': 0.2626582278481013, 'f1_macro': 0.6754461964997401, 'prec_macro': 0.6021304347826086, 'rec_macro': 0.6288011215622765, 'f1_micro': 0.9899568965517241, 'prec_micro': 0.9899568965517241, 'rec_micro': 0.9899568965517241}
epoch 16 time: 1.31e+02s, train loss: 9.47, metrics: {'f1': 0.25977835723598436, 'f1_macro': 0.6830961994681575, 'prec_macro': 0.5981695652173913, 'rec_macro': 0.6274256915960453, 'f1_micro': 0.9902112068965517, 'prec_micro': 0.9902112068965517, 'rec_micro': 0.9902112068965517}
epoch 17 time: 1.31e+02s, train loss: 9.458, metrics: {'f1': 0.2618158193925613, 'f1_macro': 0.6833756800979088, 'prec_macro': 0.5992815217391305, 'rec_macro': 0.6284427393798602, 'f1_micro': 0.9902047413793104, 'prec_micro': 0.9902047413793104, 'rec_micro': 0.9902047413793104}
epoch 18 time: 1.31e+02s, train loss: 9.455, metrics: {'f1': 0.26487651251450356, 'f1_macro': 0.6930430910197471, 'prec_macro': 0.598533695652174, 'rec_macro': 0.6300330725576183, 'f1_micro': 0.9904418103448276, 'prec_micro': 0.9904418103448276, 'rec_micro': 0.9904418103448276}
epoch 19 time: 1.31e+02s, train loss: 9.455, metrics: {'f1': 0.2593313859136644, 'f1_macro': 0.6813171078057297, 'prec_macro': 0.5983934782608696, 'rec_macro': 0.6271902037710968, 'f1_micro': 0.9901637931034483, 'prec_micro': 0.9901637931034483, 'rec_micro': 0.9901637931034483}
epoch 20 time: 1.32e+02s, train loss: 9.455, metrics: {'f1': 0.2669477781381771, 'f1_macro': 0.6865419852362601, 'prec_macro': 0.6014152173913043, 'rec_macro': 0.631022254609956, 'f1_micro': 0.9902586206896552, 'prec_micro': 0.9902586206896552, 'rec_micro': 0.9902586206896552}
epoch 21 time: 1.31e+02s, train loss: 9.454, metrics: {'f1': 0.26478690649813647, 'f1_macro': 0.6847160565717294, 'prec_macro': 0.6006532608695652, 'rec_macro': 0.6299325846931864, 'f1_micro': 0.9902219827586207, 'prec_micro': 0.9902219827586207, 'rec_micro': 0.9902219827586207}
epoch 22 time: 1.31e+02s, train loss: 9.445, metrics: {'f1': 0.26887481734047736, 'f1_macro': 0.6883213600420234, 'prec_macro': 0.6020532608695652, 'rec_macro': 0.6319950135066476, 'f1_micro': 0.9902952586206897, 'prec_micro': 0.9902952586206897, 'rec_micro': 0.9902952586206897}
epoch 23 time: 1.31e+02s, train loss: 9.438, metrics: {'f1': 0.2686078848355962, 'f1_macro': 0.6908322268250419, 'prec_macro': 0.6012206521739131, 'rec_macro': 0.6318790248302847, 'f1_micro': 0.990364224137931, 'prec_micro': 0.990364224137931, 'rec_micro': 0.990364224137931}
epoch 24 time: 1.31e+02s, train loss: 9.435, metrics: {'f1': 0.2666448552265664, 'f1_macro': 0.6894059494298739, 'prec_macro': 0.6004641304347826, 'rec_macro': 0.6308910016359128, 'f1_micro': 0.9903383620689655, 'prec_micro': 0.9903383620689655, 'rec_micro': 0.9903383620689655}
epoch 25 time: 1.31e+02s, train loss: 9.431, metrics: {'f1': 0.2730831973898858, 'f1_macro': 0.6930547495682737, 'prec_macro': 0.6032195652173913, 'rec_macro': 0.6341247720274085, 'f1_micro': 0.990396551724138, 'prec_micro': 0.990396551724138, 'rec_micro': 0.990396551724138}
epoch 26 time: 1.31e+02s, train loss: 9.435, metrics: {'f1': 0.2705939472406538, 'f1_macro': 0.68840554554334, 'prec_macro': 0.6030402173913043, 'rec_macro': 0.6328523558474621, 'f1_micro': 0.9902866379310344, 'prec_micro': 0.9902866379310344, 'rec_micro': 0.9902866379310344}
epoch 27 time: 1.32e+02s, train loss: 9.432, metrics: {'f1': 0.26410214966866014, 'f1_macro': 0.6833393508977659, 'prec_macro': 0.6006358695652174, 'rec_macro': 0.6295814850151368, 'f1_micro': 0.9901875, 'prec_micro': 0.9901875, 'rec_micro': 0.9901875}
epoch 28 time: 1.31e+02s, train loss: 9.431, metrics: {'f1': 0.27282833095124664, 'f1_macro': 0.6835814839802383, 'prec_macro': 0.6058119565217391, 'rec_macro': 0.6339301765985121, 'f1_micro': 0.9901314655172414, 'prec_micro': 0.9901314655172414, 'rec_micro': 0.9901314655172414}
epoch 29 time: 1.31e+02s, train loss: 9.433, metrics: {'f1': 0.26521808595622304, 'f1_macro': 0.6802769457194584, 'prec_macro': 0.6021967391304348, 'rec_macro': 0.6301143074721506, 'f1_micro': 0.9900883620689656, 'prec_micro': 0.9900883620689656, 'rec_micro': 0.9900883620689656}
epoch 30 time: 1.31e+02s, train loss: 9.417, metrics: {'f1': 0.272288381074992, 'f1_macro': 0.6876419088150465, 'prec_macro': 0.6042630434782609, 'rec_macro': 0.6336913435643374, 'f1_micro': 0.9902543103448276, 'prec_micro': 0.9902543103448276, 'rec_micro': 0.9902543103448276}
epoch 31 time: 1.31e+02s, train loss: 9.419, metrics: {'f1': 0.2674791533033996, 'f1_macro': 0.6830655807125817, 'prec_macro': 0.6027260869565217, 'rec_macro': 0.631261718978803, 'f1_micro': 0.9901551724137931, 'prec_micro': 0.9901551724137931, 'rec_micro': 0.9901551724137931}
epoch 32 time: 1.32e+02s, train loss: 9.414, metrics: {'f1': 0.2770789086750531, 'f1_macro': 0.6964935557868549, 'prec_macro': 0.6046163043478261, 'rec_macro': 0.6361394647510407, 'f1_micro': 0.9904633620689656, 'prec_micro': 0.9904633620689656, 'rec_micro': 0.9904633620689656}
epoch 33 time: 1.32e+02s, train loss: 9.419, metrics: {'f1': 0.2593734783314397, 'f1_macro': 0.6814026232264561, 'prec_macro': 0.5983945652173913, 'rec_macro': 0.6272117950594279, 'f1_micro': 0.990165948275862, 'prec_micro': 0.990165948275862, 'rec_micro': 0.990165948275862}
epoch 34 time: 1.31e+02s, train loss: 9.422, metrics: {'f1': 0.2717338117762192, 'f1_macro': 0.6920196850931826, 'prec_macro': 0.6027141304347826, 'rec_macro': 0.633445195211213, 'f1_micro': 0.9903771551724138, 'prec_micro': 0.9903771551724138, 'rec_micro': 0.9903771551724138}
epoch 35 time: 1.31e+02s, train loss: 9.409, metrics: {'f1': 0.2759063201796599, 'f1_macro': 0.689079866287812, 'prec_macro': 0.6060065217391305, 'rec_macro': 0.6355045993922126, 'f1_micro': 0.9902715517241379, 'prec_micro': 0.9902715517241379, 'rec_micro': 0.9902715517241379}
epoch 36 time: 1.32e+02s, train loss: 9.405, metrics: {'f1': 0.28598336210955894, 'f1_macro': 0.6887672721357353, 'prec_macro': 0.6122880434782609, 'rec_macro': 0.6405237682612367, 'f1_micro': 0.9901961206896551, 'prec_micro': 0.9901961206896551, 'rec_micro': 0.9901961206896551}
epoch 37 time: 1.31e+02s, train loss: 9.404, metrics: {'f1': 0.2778318727685816, 'f1_macro': 0.6945610564238721, 'prec_macro': 0.6055804347826087, 'rec_macro': 0.6365022801887337, 'f1_micro': 0.9904094827586207, 'prec_micro': 0.9904094827586207, 'rec_micro': 0.9904094827586207}
epoch 38 time: 1.31e+02s, train loss: 9.401, metrics: {'f1': 0.2780889621087315, 'f1_macro': 0.7004486322927193, 'prec_macro': 0.6041673913043478, 'rec_macro': 0.6366679448748294, 'f1_micro': 0.9905560344827586, 'prec_micro': 0.9905560344827586, 'rec_micro': 0.9905560344827586}
epoch 39 time: 1.31e+02s, train loss: 9.397, metrics: {'f1': 0.2751270700114773, 'f1_macro': 0.6964353458989059, 'prec_macro': 0.6035054347826088, 'rec_macro': 0.6351657721223054, 'f1_micro': 0.9904719827586207, 'prec_micro': 0.9904719827586207, 'rec_micro': 0.9904719827586207}
epoch 40 time: 1.31e+02s, train loss: 9.407, metrics: {'f1': 0.2676470588235294, 'f1_macro': 0.689716842241144, 'prec_macro': 0.6009608695652173, 'rec_macro': 0.631392627342081, 'f1_micro': 0.9903405172413793, 'prec_micro': 0.9903405172413793, 'rec_micro': 0.9903405172413793}
epoch 41 time: 1.3e+02s, train loss: 9.4, metrics: {'f1': 0.2681434947925277, 'f1_macro': 0.6944497505375906, 'prec_macro': 0.600029347826087, 'rec_macro': 0.6316708605812379, 'f1_micro': 0.990459051724138, 'prec_micro': 0.990459051724138, 'rec_micro': 0.990459051724138}
epoch 42 time: 1.3e+02s, train loss: 9.412, metrics: {'f1': 0.26633663366336635, 'f1_macro': 0.6924177098610294, 'prec_macro': 0.5995130434782608, 'rec_macro': 0.630757097012606, 'f1_micro': 0.9904181034482759, 'prec_micro': 0.9904181034482759, 'rec_micro': 0.9904181034482759}
epoch 43 time: 1.31e+02s, train loss: 9.422, metrics: {'f1': 0.2606865284974093, 'f1_macro': 0.6815133165066193, 'prec_macro': 0.5991347826086957, 'rec_macro': 0.6278666526612433, 'f1_micro': 0.9901594827586206, 'prec_micro': 0.9901594827586206, 'rec_micro': 0.9901594827586206}
epoch 44 time: 1.31e+02s, train loss: 9.411, metrics: {'f1': 0.26605952187347537, 'f1_macro': 0.6868762456319436, 'prec_macro': 0.6008032608695651, 'rec_macro': 0.6305819683975964, 'f1_micro': 0.9902737068965517, 'prec_micro': 0.9902737068965517, 'rec_micro': 0.9902737068965517}
epoch 45 time: 1.32e+02s, train loss: 9.424, metrics: {'f1': 0.27003257328990227, 'f1_macro': 0.6902587303430946, 'prec_macro': 0.6022, 'rec_macro': 0.6325853318361949, 'f1_micro': 0.9903405172413793, 'prec_micro': 0.9903405172413793, 'rec_micro': 0.9903405172413793}
epoch 46 time: 1.32e+02s, train loss: 9.404, metrics: {'f1': 0.28063885267275096, 'f1_macro': 0.698146757341088, 'prec_macro': 0.6062391304347826, 'rec_macro': 0.6379253638716301, 'f1_micro': 0.9904870689655172, 'prec_micro': 0.9904870689655172, 'rec_micro': 0.9904870689655172}
epoch 47 time: 1.32e+02s, train loss: 9.405, metrics: {'f1': 0.2728587497991322, 'f1_macro': 0.6875463446513406, 'prec_macro': 0.6046315217391305, 'rec_macro': 0.6339748766857899, 'f1_micro': 0.9902478448275862, 'prec_micro': 0.9902478448275862, 'rec_micro': 0.9902478448275862}
epoch 48 time: 1.31e+02s, train loss: 9.404, metrics: {'f1': 0.2709991876523152, 'f1_macro': 0.6900759234141063, 'prec_macro': 0.6028141304347826, 'rec_macro': 0.633065887508935, 'f1_micro': 0.9903297413793103, 'prec_micro': 0.9903297413793103, 'rec_micro': 0.9903297413793103}
epoch 49 time: 1.32e+02s, train loss: 9.403, metrics: {'f1': 0.26734127631793697, 'f1_macro': 0.6890810953451546, 'prec_macro': 0.6009532608695651, 'rec_macro': 0.6312359210124635, 'f1_micro': 0.9903254310344828, 'prec_micro': 0.9903254310344828, 'rec_micro': 0.9903254310344828}
epoch 50 time: 1.32e+02s, train loss: 9.415, metrics: {'f1': 0.26561988877984954, 'f1_macro': 0.6886019121199971, 'prec_macro': 0.6000847826086957, 'rec_macro': 0.6303747192102388, 'f1_micro': 0.9903232758620689, 'prec_micro': 0.9903232758620689, 'rec_micro': 0.9903232758620689}
epoch 51 time: 1.31e+02s, train loss: 9.429, metrics: {'f1': 0.2623112278397899, 'f1_macro': 0.6875006074645476, 'prec_macro': 0.5984695652173914, 'rec_macro': 0.6287182774394653, 'f1_micro': 0.9903146551724138, 'prec_micro': 0.9903146551724138, 'rec_micro': 0.9903146551724138}
epoch 52 time: 1.32e+02s, train loss: 9.413, metrics: {'f1': 0.2573118107719355, 'f1_macro': 0.6748743550078428, 'prec_macro': 0.5990467391304348, 'rec_macro': 0.6261351376665492, 'f1_micro': 0.9899849137931035, 'prec_micro': 0.9899849137931035, 'rec_micro': 0.9899849137931035}
epoch 53 time: 1.31e+02s, train loss: 9.452, metrics: {'f1': 0.24188701923076925, 'f1_macro': 0.6480809657440889, 'prec_macro': 0.5986130434782608, 'rec_macro': 0.6182051187429201, 'f1_micro': 0.989125, 'prec_micro': 0.989125, 'rec_micro': 0.989125}
epoch 54 time: 1.31e+02s, train loss: 9.502, metrics: {'f1': 0.2517439156719889, 'f1_macro': 0.6621930870168564, 'prec_macro': 0.5997184782608695, 'rec_macro': 0.6232529978023988, 'f1_micro': 0.9895969827586207, 'prec_micro': 0.9895969827586207, 'rec_micro': 0.9895969827586207}
epoch 55 time: 1.33e+02s, train loss: 9.474, metrics: {'f1': 0.24115546900357024, 'f1_macro': 0.6683055091633442, 'prec_macro': 0.5913326086956522, 'rec_macro': 0.6180414971151728, 'f1_micro': 0.9899224137931034, 'prec_micro': 0.9899224137931034, 'rec_micro': 0.9899224137931034}
epoch 56 time: 1.31e+02s, train loss: 9.463, metrics: {'f1': 0.24815646040397563, 'f1_macro': 0.6694291105222514, 'prec_macro': 0.5951586956521739, 'rec_macro': 0.6215341895494115, 'f1_micro': 0.9898922413793103, 'prec_micro': 0.9898922413793103, 'rec_micro': 0.9898922413793103}
epoch 57 time: 1.31e+02s, train loss: 9.47, metrics: {'f1': 0.2557077625570776, 'f1_macro': 0.6803834013733706, 'prec_macro': 0.5965347826086956, 'rec_macro': 0.6253784726517072, 'f1_micro': 0.9901637931034483, 'prec_micro': 0.9901637931034483, 'rec_micro': 0.9901637931034483}
epoch 58 time: 1.32e+02s, train loss: 9.469, metrics: {'f1': 0.2471614283363502, 'f1_macro': 0.6772727804822867, 'prec_macro': 0.592433695652174, 'rec_macro': 0.621099487427981, 'f1_micro': 0.9901400862068965, 'prec_micro': 0.9901400862068965, 'rec_micro': 0.9901400862068965}
epoch 59 time: 1.32e+02s, train loss: 9.471, metrics: {'f1': 0.24738903394255873, 'f1_macro': 0.6745918733856153, 'prec_macro': 0.5932608695652174, 'rec_macro': 0.6211930851022129, 'f1_micro': 0.9900603448275862, 'prec_micro': 0.9900603448275862, 'rec_micro': 0.9900603448275862}
epoch 60 time: 1.32e+02s, train loss: 9.466, metrics: {'f1': 0.24856721794661862, 'f1_macro': 0.6766055177211446, 'prec_macro': 0.5934097826086957, 'rec_macro': 0.6217947084176049, 'f1_micro': 0.9901099137931034, 'prec_micro': 0.9901099137931034, 'rec_micro': 0.9901099137931034}
epoch 61 time: 1.32e+02s, train loss: 9.45, metrics: {'f1': 0.2544861337683524, 'f1_macro': 0.679612762203376, 'prec_macro': 0.5960326086956522, 'rec_macro': 0.6247644093728134, 'f1_micro': 0.9901508620689655, 'prec_micro': 0.9901508620689655, 'rec_micro': 0.9901508620689655}
epoch 62 time: 1.32e+02s, train loss: 9.451, metrics: {'f1': 0.25780365518356785, 'f1_macro': 0.6790791298984122, 'prec_macro': 0.5981184782608695, 'rec_macro': 0.6264127218365201, 'f1_micro': 0.9901099137931034, 'prec_micro': 0.9901099137931034, 'rec_micro': 0.9901099137931034}
epoch 63 time: 1.32e+02s, train loss: 9.47, metrics: {'f1': 0.25197867872718466, 'f1_macro': 0.6745146230387238, 'prec_macro': 0.595966304347826, 'rec_macro': 0.6234774307144036, 'f1_micro': 0.9900193965517241, 'prec_micro': 0.9900193965517241, 'rec_micro': 0.9900193965517241}
epoch 64 time: 1.32e+02s, train loss: 9.475, metrics: {'f1': 0.24845528455284552, 'f1_macro': 0.6741711166667925, 'prec_macro': 0.5939934782608696, 'rec_macro': 0.6217207268346481, 'f1_micro': 0.9900387931034482, 'prec_micro': 0.9900387931034482, 'rec_micro': 0.9900387931034482}
epoch 65 time: 1.32e+02s, train loss: 9.477, metrics: {'f1': 0.2565588282633189, 'f1_macro': 0.6766042509229732, 'prec_macro': 0.5980858695652174, 'rec_macro': 0.6257739546274572, 'f1_micro': 0.9900452586206897, 'prec_micro': 0.9900452586206897, 'rec_micro': 0.9900452586206897}
epoch 66 time: 1.31e+02s, train loss: 9.477, metrics: {'f1': 0.257501190665185, 'f1_macro': 0.6729275014521896, 'prec_macro': 0.5997576086956522, 'rec_macro': 0.6262134384888872, 'f1_micro': 0.9899202586206897, 'prec_micro': 0.9899202586206897, 'rec_micro': 0.9899202586206897}
epoch 67 time: 1.32e+02s, train loss: 9.498, metrics: {'f1': 0.2411590590434647, 'f1_macro': 0.6564889529855429, 'prec_macro': 0.5949619565217391, 'rec_macro': 0.6179367884061929, 'f1_micro': 0.9895021551724138, 'prec_micro': 0.9895021551724138, 'rec_micro': 0.9895021551724138}
epoch 68 time: 1.32e+02s, train loss: 9.519, metrics: {'f1': 0.24780701754385964, 'f1_macro': 0.6624218182799428, 'prec_macro': 0.5971434782608696, 'rec_macro': 0.6212983022650984, 'f1_micro': 0.9896508620689655, 'prec_micro': 0.9896508620689655, 'rec_micro': 0.9896508620689655}
epoch 69 time: 1.32e+02s, train loss: 9.471, metrics: {'f1': 0.25971930956605904, 'f1_macro': 0.6795784621843364, 'prec_macro': 0.5991097826086956, 'rec_macro': 0.6273705058235469, 'f1_micro': 0.9901099137931034, 'prec_micro': 0.9901099137931034, 'rec_micro': 0.9901099137931034}
epoch 70 time: 1.31e+02s, train loss: 9.466, metrics: {'f1': 0.2547123422389772, 'f1_macro': 0.6814230887382563, 'prec_macro': 0.5956858695652174, 'rec_macro': 0.6248900658302975, 'f1_micro': 0.9902004310344827, 'prec_micro': 0.9902004310344827, 'rec_micro': 0.9902004310344827}
epoch 71 time: 1.31e+02s, train loss: 9.471, metrics: {'f1': 0.24930110179246837, 'f1_macro': 0.6786147055854642, 'prec_macro': 0.5933119565217391, 'rec_macro': 0.622174736860511, 'f1_micro': 0.9901616379310345, 'prec_micro': 0.9901616379310345, 'rec_micro': 0.9901616379310345}
epoch 72 time: 1.3e+02s, train loss: 9.493, metrics: {'f1': 0.2490440565253533, 'f1_macro': 0.6823375668986492, 'prec_macro': 0.5922489130434783, 'rec_macro': 0.6220724222495636, 'f1_micro': 0.9902650862068966, 'prec_micro': 0.9902650862068966, 'rec_micro': 0.9902650862068966}
epoch 73 time: 1.3e+02s, train loss: 9.478, metrics: {'f1': 0.2578825091271158, 'f1_macro': 0.6882688654106511, 'prec_macro': 0.5957673913043479, 'rec_macro': 0.6265160234832888, 'f1_micro': 0.9903620689655173, 'prec_micro': 0.9903620689655173, 'rec_micro': 0.9903620689655173}
epoch 74 time: 1.33e+02s, train loss: 9.458, metrics: {'f1': 0.2633825944170772, 'f1_macro': 0.6884043153873571, 'prec_macro': 0.59885, 'rec_macro': 0.6292583048340118, 'f1_micro': 0.9903318965517242, 'prec_micro': 0.9903318965517242, 'rec_micro': 0.9903318965517242}
epoch 75 time: 1.33e+02s, train loss: 9.455, metrics: {'f1': 0.264297253634895, 'f1_macro': 0.6833128510914815, 'prec_macro': 0.6007586956521739, 'rec_macro': 0.6296784865499303, 'f1_micro': 0.9901853448275862, 'prec_micro': 0.9901853448275862, 'rec_micro': 0.9901853448275862}
epoch 76 time: 1.33e+02s, train loss: 9.455, metrics: {'f1': 0.26826538768984814, 'f1_macro': 0.6826081572029407, 'prec_macro': 0.6033358695652173, 'rec_macro': 0.6316499030513749, 'f1_micro': 0.9901357758620689, 'prec_micro': 0.9901357758620689, 'rec_micro': 0.9901357758620689}
epoch 77 time: 1.33e+02s, train loss: 9.456, metrics: {'f1': 0.26423027166882274, 'f1_macro': 0.6835959468436472, 'prec_macro': 0.6006391304347826, 'rec_macro': 0.6296471812751501, 'f1_micro': 0.9901939655172414, 'prec_micro': 0.9901939655172414, 'rec_micro': 0.9901939655172414}
epoch 78 time: 1.32e+02s, train loss: 9.462, metrics: {'f1': 0.2641261498028909, 'f1_macro': 0.6890692022145632, 'prec_macro': 0.599104347826087, 'rec_macro': 0.6296333419117458, 'f1_micro': 0.9903448275862069, 'prec_micro': 0.9903448275862069, 'rec_micro': 0.9903448275862069}
epoch 79 time: 1.33e+02s, train loss: 9.455, metrics: {'f1': 0.2570491803278689, 'f1_macro': 0.6831853936638522, 'prec_macro': 0.5965695652173914, 'rec_macro': 0.6260666229223681, 'f1_micro': 0.9902327586206896, 'prec_micro': 0.9902327586206896, 'rec_micro': 0.9902327586206896}
epoch 80 time: 1.32e+02s, train loss: 9.456, metrics: {'f1': 0.2617870095614903, 'f1_macro': 0.688688568179097, 'prec_macro': 0.5978673913043479, 'rec_macro': 0.6284649144478146, 'f1_micro': 0.9903491379310345, 'prec_micro': 0.9903491379310345, 'rec_micro': 0.9903491379310345}
epoch 81 time: 1.32e+02s, train loss: 9.451, metrics: {'f1': 0.25032722513089006, 'f1_macro': 0.6776060233413531, 'prec_macro': 0.5941608695652174, 'rec_macro': 0.6226784950674409, 'f1_micro': 0.990125, 'prec_micro': 0.990125, 'rec_micro': 0.990125}
epoch 82 time: 1.32e+02s, train loss: 9.462, metrics: {'f1': 0.26378974691758594, 'f1_macro': 0.6843962214047575, 'prec_macro': 0.6001565217391305, 'rec_macro': 0.6294334811937914, 'f1_micro': 0.9902198275862069, 'prec_micro': 0.9902198275862069, 'rec_micro': 0.9902198275862069}
epoch 83 time: 1.33e+02s, train loss: 9.474, metrics: {'f1': 0.2622533418204965, 'f1_macro': 0.6769459453009218, 'prec_macro': 0.6014130434782609, 'rec_macro': 0.6286117964803805, 'f1_micro': 0.9900086206896552, 'prec_micro': 0.9900086206896552, 'rec_micro': 0.9900086206896552}
epoch 84 time: 1.33e+02s, train loss: 9.486, metrics: {'f1': 0.25905912269548637, 'f1_macro': 0.6743431714379106, 'prec_macro': 0.6002695652173913, 'rec_macro': 0.6270005608399901, 'f1_micro': 0.9899525862068965, 'prec_micro': 0.9899525862068965, 'rec_micro': 0.9899525862068965}
epoch 85 time: 1.33e+02s, train loss: 9.482, metrics: {'f1': 0.25538112963262666, 'f1_macro': 0.6775698963740383, 'prec_macro': 0.5971141304347826, 'rec_macro': 0.6251949610060291, 'f1_micro': 0.9900840517241379, 'prec_micro': 0.9900840517241379, 'rec_micro': 0.9900840517241379}
epoch 86 time: 1.33e+02s, train loss: 9.487, metrics: {'f1': 0.26190860649119974, 'f1_macro': 0.6814537796676858, 'prec_macro': 0.5998728260869566, 'rec_macro': 0.6284749339199167, 'f1_micro': 0.9901487068965518, 'prec_micro': 0.9901487068965518, 'rec_micro': 0.9901487068965518}
epoch 87 time: 1.33e+02s, train loss: 9.484, metrics: {'f1': 0.25246109876151157, 'f1_macro': 0.6695056478112378, 'prec_macro': 0.5977413043478261, 'rec_macro': 0.6236765785745733, 'f1_micro': 0.9898534482758621, 'prec_micro': 0.9898534482758621, 'rec_micro': 0.9898534482758621}
epoch 88 time: 1.34e+02s, train loss: 9.483, metrics: {'f1': 0.2521711161145063, 'f1_macro': 0.6732536354373516, 'prec_macro': 0.596441304347826, 'rec_macro': 0.6235632697070792, 'f1_micro': 0.9899784482758621, 'prec_micro': 0.9899784482758621, 'rec_micro': 0.9899784482758621}
epoch 89 time: 1.33e+02s, train loss: 9.497, metrics: {'f1': 0.25170954086616737, 'f1_macro': 0.6769453442019978, 'prec_macro': 0.5951369565217391, 'rec_macro': 0.6233619787016023, 'f1_micro': 0.9900948275862069, 'prec_micro': 0.9900948275862069, 'rec_micro': 0.9900948275862069}
epoch 90 time: 1.34e+02s, train loss: 9.501, metrics: {'f1': 0.24395782643957825, 'f1_macro': 0.6701556480523234, 'prec_macro': 0.5924641304347826, 'rec_macro': 0.619450803525538, 'f1_micro': 0.9899547413793104, 'prec_micro': 0.9899547413793104, 'rec_micro': 0.9899547413793104}
epoch 91 time: 1.33e+02s, train loss: 9.508, metrics: {'f1': 0.240545366012011, 'f1_macro': 0.6679201176856808, 'prec_macro': 0.5910815217391304, 'rec_macro': 0.6177348211884864, 'f1_micro': 0.989915948275862, 'prec_micro': 0.989915948275862, 'rec_micro': 0.989915948275862}
epoch 92 time: 1.34e+02s, train loss: 9.516, metrics: {'f1': 0.24088541666666669, 'f1_macro': 0.6690453883151277, 'prec_macro': 0.5909739130434782, 'rec_macro': 0.6179130290775711, 'f1_micro': 0.989948275862069, 'prec_micro': 0.989948275862069, 'rec_micro': 0.989948275862069}
epoch 93 time: 1.33e+02s, train loss: 9.519, metrics: {'f1': 0.23859191655801823, 'f1_macro': 0.6678104766284623, 'prec_macro': 0.5899739130434782, 'rec_macro': 0.6167619619411545, 'f1_micro': 0.9899310344827587, 'prec_micro': 0.9899310344827587, 'rec_micro': 0.9899310344827587}
epoch 94 time: 1.33e+02s, train loss: 9.512, metrics: {'f1': 0.25060787810017837, 'f1_macro': 0.6746990132953847, 'prec_macro': 0.5951076086956522, 'rec_macro': 0.6227964295391268, 'f1_micro': 0.9900366379310345, 'prec_micro': 0.9900366379310345, 'rec_micro': 0.9900366379310345}
epoch 95 time: 1.35e+02s, train loss: 9.513, metrics: {'f1': 0.23225184709283647, 'f1_macro': 0.6588506493012993, 'prec_macro': 0.5887413043478261, 'rec_macro': 0.6135330971052299, 'f1_micro': 0.9896982758620689, 'prec_micro': 0.9896982758620689, 'rec_micro': 0.9896982758620689}
epoch 96 time: 1.34e+02s, train loss: 9.509, metrics: {'f1': 0.24754546917753095, 'f1_macro': 0.6702476799614397, 'prec_macro': 0.5945554347826086, 'rec_macro': 0.6212368993036075, 'f1_micro': 0.9899245689655173, 'prec_micro': 0.9899245689655173, 'rec_micro': 0.9899245689655173}
epoch 97 time: 1.34e+02s, train loss: 9.508, metrics: {'f1': 0.24467736652472977, 'f1_macro': 0.6738290566463264, 'prec_macro': 0.5918978260869565, 'rec_macro': 0.6198373110872558, 'f1_micro': 0.9900603448275862, 'prec_micro': 0.9900603448275862, 'rec_micro': 0.9900603448275862}
epoch 98 time: 1.34e+02s, train loss: 9.514, metrics: {'f1': 0.233800494641385, 'f1_macro': 0.6681085126936431, 'prec_macro': 0.5871510869565217, 'rec_macro': 0.6143800045703902, 'f1_micro': 0.9899849137931035, 'prec_micro': 0.9899849137931035, 'rec_micro': 0.9899849137931035}
epoch 99 time: 1.33e+02s, train loss: 9.526, metrics: {'f1': 0.223760092272203, 'f1_macro': 0.660494239137289, 'prec_macro': 0.5833641304347826, 'rec_macro': 0.6093250826952367, 'f1_micro': 0.9898469827586207, 'prec_micro': 0.9898469827586207, 'rec_micro': 0.9898469827586207}
epoch 100 time: 1.33e+02s, train loss: 9.529, metrics: {'f1': 0.2264957264957265, 'f1_macro': 0.6617231167604836, 'prec_macro': 0.5846086956521739, 'rec_macro': 0.6106955699803638, 'f1_micro': 0.9898577586206897, 'prec_micro': 0.9898577586206897, 'rec_micro': 0.9898577586206897}
post-training summary -- best {'f1': 0.28598336210955894, 'f1_macro': 0.6887672721357353, 'prec_macro': 0.6122880434782609, 'rec_macro': 0.6405237682612367, 'f1_micro': 0.9901961206896551, 'prec_micro': 0.9901961206896551, 'rec_micro': 0.9901961206896551}
run 2 start -- seed=1
initialized continuityBERT with 547661 parameters.
/home/azureuser/.local/lib/python3.8/site-packages/sklearn/metrics/_classification.py:1344: UndefinedMetricWarning: Precision and F-score are ill-defined and being set to 0.0 in labels with no predicted samples. Use `zero_division` parameter to control this behavior.
  _warn_prf(average, modifier, msg_start, len(result))
epoch 1 time: 1.31e+02s, train loss: 9.885, metrics: {'f1': 0.0, 'f1_macro': 0.4956896551724138, 'prec_macro': 0.5, 'rec_macro': 0.49783549783549785, 'f1_micro': 0.9913793103448276, 'prec_micro': 0.9913793103448276, 'rec_micro': 0.9913793103448276}
epoch 2 time: 1.31e+02s, train loss: 9.84, metrics: {'f1': 0.07993268826251577, 'f1_macro': 0.6218824090473278, 'prec_macro': 0.5231369565217392, 'rec_macro': 0.537597528019409, 'f1_micro': 0.990573275862069, 'prec_micro': 0.990573275862069, 'rec_micro': 0.990573275862069}
epoch 3 time: 1.32e+02s, train loss: 9.72, metrics: {'f1': 0.1703655352480418, 'f1_macro': 0.6188852635277527, 'prec_macro': 0.5635043478260869, 'rec_macro': 0.582425334921867, 'f1_micro': 0.9890431034482758, 'prec_micro': 0.9890431034482758, 'rec_micro': 0.9890431034482758}
epoch 4 time: 1.31e+02s, train loss: 9.66, metrics: {'f1': 0.15440893338467462, 'f1_macro': 0.6640347098053994, 'prec_macro': 0.5492630434782608, 'rec_macro': 0.5748247682508447, 'f1_micro': 0.9905344827586207, 'prec_micro': 0.9905344827586207, 'rec_micro': 0.9905344827586207}
epoch 5 time: 1.31e+02s, train loss: 9.63, metrics: {'f1': 0.23206547905633126, 'f1_macro': 0.6584866509484802, 'prec_macro': 0.5887358695652174, 'rec_macro': 0.6134371868463115, 'f1_micro': 0.9896875, 'prec_micro': 0.9896875, 'rec_micro': 0.9896875}
epoch 6 time: 1.31e+02s, train loss: 9.591, metrics: {'f1': 0.2552736166309997, 'f1_macro': 0.6608114074611371, 'prec_macro': 0.6025195652173914, 'rec_macro': 0.6249931718176888, 'f1_micro': 0.9895, 'prec_micro': 0.9895, 'rec_micro': 0.9895}
epoch 7 time: 1.31e+02s, train loss: 9.542, metrics: {'f1': 0.24898025779083044, 'f1_macro': 0.6756878837656087, 'prec_macro': 0.5938902173913043, 'rec_macro': 0.6219935756900319, 'f1_micro': 0.9900797413793103, 'prec_micro': 0.9900797413793103, 'rec_micro': 0.9900797413793103}
epoch 8 time: 1.31e+02s, train loss: 9.525, metrics: {'f1': 0.25640239227112405, 'f1_macro': 0.6623791110361091, 'prec_macro': 0.6026684782608696, 'rec_macro': 0.6255700998219185, 'f1_micro': 0.9895495689655173, 'prec_micro': 0.9895495689655173, 'rec_micro': 0.9895495689655173}
epoch 9 time: 1.31e+02s, train loss: 9.517, metrics: {'f1': 0.2528295871194006, 'f1_macro': 0.6709662359635284, 'prec_macro': 0.5975163043478261, 'rec_macro': 0.6238722836842165, 'f1_micro': 0.9898987068965517, 'prec_micro': 0.9898987068965517, 'rec_micro': 0.9898987068965517}
epoch 10 time: 1.3e+02s, train loss: 9.502, metrics: {'f1': 0.2511430437622469, 'f1_macro': 0.6775286733271642, 'prec_macro': 0.5946521739130435, 'rec_macro': 0.6230842025453343, 'f1_micro': 0.9901163793103448, 'prec_micro': 0.9901163793103448, 'rec_micro': 0.9901163793103448}
epoch 11 time: 1.31e+02s, train loss: 9.491, metrics: {'f1': 0.2567116759332804, 'f1_macro': 0.6725781056993946, 'prec_macro': 0.5993836956521739, 'rec_macro': 0.6258176071878119, 'f1_micro': 0.989915948275862, 'prec_micro': 0.989915948275862, 'rec_micro': 0.989915948275862}
epoch 12 time: 1.31e+02s, train loss: 9.5, metrics: {'f1': 0.2496255616575137, 'f1_macro': 0.6831426453278108, 'prec_macro': 0.5923815217391304, 'rec_macro': 0.6223675291939795, 'f1_micro': 0.9902823275862069, 'prec_micro': 0.9902823275862069, 'rec_micro': 0.9902823275862069}
epoch 13 time: 1.3e+02s, train loss: 9.478, metrics: {'f1': 0.2582070707070707, 'f1_macro': 0.671639387146057, 'prec_macro': 0.6006, 'rec_macro': 0.6265537992240999, 'f1_micro': 0.9898706896551724, 'prec_micro': 0.9898706896551724, 'rec_micro': 0.9898706896551724}
epoch 14 time: 1.31e+02s, train loss: 9.48, metrics: {'f1': 0.2689128061144907, 'f1_macro': 0.6753648705454309, 'prec_macro': 0.606066304347826, 'rec_macro': 0.6319135124628481, 'f1_micro': 0.9898987068965517, 'prec_micro': 0.9898987068965517, 'rec_micro': 0.9898987068965517}
epoch 15 time: 1.31e+02s, train loss: 9.472, metrics: {'f1': 0.26130329847144007, 'f1_macro': 0.67984388824297, 'prec_macro': 0.599975, 'rec_macro': 0.6281613722188452, 'f1_micro': 0.9901056034482759, 'prec_micro': 0.9901056034482759, 'rec_micro': 0.9901056034482759}
epoch 16 time: 1.31e+02s, train loss: 9.463, metrics: {'f1': 0.2667311723915497, 'f1_macro': 0.6844336730464797, 'prec_macro': 0.6018815217391305, 'rec_macro': 0.6308992133748019, 'f1_micro': 0.9902004310344827, 'prec_micro': 0.9902004310344827, 'rec_micro': 0.9902004310344827}
epoch 17 time: 1.3e+02s, train loss: 9.459, metrics: {'f1': 0.2739460507187853, 'f1_macro': 0.6901062748473235, 'prec_macro': 0.6045402173913044, 'rec_macro': 0.6345348847033565, 'f1_micro': 0.9903125, 'prec_micro': 0.9903125, 'rec_micro': 0.9903125}
epoch 18 time: 1.3e+02s, train loss: 9.455, metrics: {'f1': 0.272170267655595, 'f1_macro': 0.6882268815734529, 'prec_macro': 0.6040239130434782, 'rec_macro': 0.6336366581313868, 'f1_micro': 0.9902715517241379, 'prec_micro': 0.9902715517241379, 'rec_micro': 0.9902715517241379}
epoch 19 time: 1.31e+02s, train loss: 9.453, metrics: {'f1': 0.2661197703035275, 'f1_macro': 0.690104077388962, 'prec_macro': 0.599979347826087, 'rec_macro': 0.6306339301997892, 'f1_micro': 0.9903599137931034, 'prec_micro': 0.9903599137931034, 'rec_micro': 0.9903599137931034}
epoch 20 time: 1.3e+02s, train loss: 9.454, metrics: {'f1': 0.27237604636188023, 'f1_macro': 0.6878146694558149, 'prec_macro': 0.6042652173913043, 'rec_macro': 0.6337362663778574, 'f1_micro': 0.9902586206896552, 'prec_micro': 0.9902586206896552, 'rec_micro': 0.9902586206896552}
epoch 21 time: 1.31e+02s, train loss: 9.447, metrics: {'f1': 0.2750651041666667, 'f1_macro': 0.6936460004074411, 'prec_macro': 0.6042130434782609, 'rec_macro': 0.6351167734801675, 'f1_micro': 0.9904008620689655, 'prec_micro': 0.9904008620689655, 'rec_micro': 0.9904008620689655}
epoch 22 time: 1.31e+02s, train loss: 9.45, metrics: {'f1': 0.2692307692307692, 'f1_macro': 0.6869276054640245, 'prec_macro': 0.6026521739130435, 'rec_macro': 0.6321626068255533, 'f1_micro': 0.9902543103448276, 'prec_micro': 0.9902543103448276, 'rec_micro': 0.9902543103448276}
epoch 23 time: 1.31e+02s, train loss: 9.446, metrics: {'f1': 0.25979515525930746, 'f1_macro': 0.6822621502217374, 'prec_macro': 0.5984054347826088, 'rec_macro': 0.6274280842527558, 'f1_micro': 0.9901875, 'prec_micro': 0.9901875, 'rec_micro': 0.9901875}
epoch 24 time: 1.31e+02s, train loss: 9.446, metrics: {'f1': 0.27233902759526935, 'f1_macro': 0.6950828536844921, 'prec_macro': 0.6022565217391305, 'rec_macro': 0.6337668983636237, 'f1_micro': 0.9904525862068966, 'prec_micro': 0.9904525862068966, 'rec_micro': 0.9904525862068966}
epoch 25 time: 1.31e+02s, train loss: 9.439, metrics: {'f1': 0.271356783919598, 'f1_macro': 0.6895216452649494, 'prec_macro': 0.6031771739130435, 'rec_macro': 0.6332403094913205, 'f1_micro': 0.9903125, 'prec_micro': 0.9903125, 'rec_micro': 0.9903125}
epoch 26 time: 1.31e+02s, train loss: 9.445, metrics: {'f1': 0.2774438468838975, 'f1_macro': 0.6854635951268488, 'prec_macro': 0.6080543478260869, 'rec_macro': 0.6362438345649223, 'f1_micro': 0.9901551724137931, 'prec_micro': 0.9901551724137931, 'rec_micro': 0.9901551724137931}
epoch 27 time: 1.31e+02s, train loss: 9.445, metrics: {'f1': 0.26612377850162866, 'f1_macro': 0.6874420010756992, 'prec_macro': 0.6006869565217391, 'rec_macro': 0.6306179172811008, 'f1_micro': 0.9902887931034483, 'prec_micro': 0.9902887931034483, 'rec_micro': 0.9902887931034483}
epoch 28 time: 1.31e+02s, train loss: 9.45, metrics: {'f1': 0.26750972762645914, 'f1_macro': 0.68683013052653, 'prec_macro': 0.6016652173913043, 'rec_macro': 0.6313043088314108, 'f1_micro': 0.9902629310344827, 'prec_micro': 0.9902629310344827, 'rec_micro': 0.9902629310344827}
epoch 29 time: 1.31e+02s, train loss: 9.453, metrics: {'f1': 0.2645761881430671, 'f1_macro': 0.6873144811038208, 'prec_macro': 0.5998228260869565, 'rec_macro': 0.6298457942853365, 'f1_micro': 0.9902952586206897, 'prec_micro': 0.9902952586206897, 'rec_micro': 0.9902952586206897}
epoch 30 time: 1.35e+02s, train loss: 9.438, metrics: {'f1': 0.2705709144446262, 'f1_macro': 0.6922585042202098, 'prec_macro': 0.6019771739130435, 'rec_macro': 0.6328670480246565, 'f1_micro': 0.9903900862068965, 'prec_micro': 0.9903900862068965, 'rec_micro': 0.9903900862068965}
epoch 31 time: 1.33e+02s, train loss: 9.434, metrics: {'f1': 0.2762214983713355, 'f1_macro': 0.6947185516831373, 'prec_macro': 0.6045956521739131, 'rec_macro': 0.6357004048817605, 'f1_micro': 0.9904224137931035, 'prec_micro': 0.9904224137931035, 'rec_micro': 0.9904224137931035}
epoch 32 time: 1.33e+02s, train loss: 9.428, metrics: {'f1': 0.2764279967819791, 'f1_macro': 0.6905042585388121, 'prec_macro': 0.6059010869565218, 'rec_macro': 0.6357747094027765, 'f1_micro': 0.9903081896551724, 'prec_micro': 0.9903081896551724, 'rec_micro': 0.9903081896551724}
epoch 33 time: 1.33e+02s, train loss: 9.427, metrics: {'f1': 0.283560545308741, 'f1_macro': 0.6943888529448734, 'prec_macro': 0.6090315217391304, 'rec_macro': 0.6393572038678577, 'f1_micro': 0.9903728448275863, 'prec_micro': 0.9903728448275863, 'rec_micro': 0.9903728448275863}
epoch 34 time: 1.33e+02s, train loss: 9.435, metrics: {'f1': 0.2770137524557957, 'f1_macro': 0.697249918580078, 'prec_macro': 0.6043782608695653, 'rec_macro': 0.6361118017506272, 'f1_micro': 0.9904827586206897, 'prec_micro': 0.9904827586206897, 'rec_micro': 0.9904827586206897}
epoch 35 time: 1.33e+02s, train loss: 9.439, metrics: {'f1': 0.2673396287854119, 'f1_macro': 0.6882017900182893, 'prec_macro': 0.6011891304347826, 'rec_macro': 0.6312290914180179, 'f1_micro': 0.990301724137931, 'prec_micro': 0.990301724137931, 'rec_micro': 0.990301724137931}
epoch 36 time: 1.32e+02s, train loss: 9.443, metrics: {'f1': 0.27987575608958637, 'f1_macro': 0.6987694268420406, 'prec_macro': 0.605629347826087, 'rec_macro': 0.6375487462352252, 'f1_micro': 0.9905064655172414, 'prec_micro': 0.9905064655172414, 'rec_micro': 0.9905064655172414}
epoch 37 time: 1.32e+02s, train loss: 9.434, metrics: {'f1': 0.2788195010598402, 'f1_macro': 0.6970172811452588, 'prec_macro': 0.6054858695652174, 'rec_macro': 0.6370108144577968, 'f1_micro': 0.9904676724137931, 'prec_micro': 0.9904676724137931, 'rec_micro': 0.9904676724137931}
epoch 38 time: 1.32e+02s, train loss: 9.427, metrics: {'f1': 0.27903979378121474, 'f1_macro': 0.6928006331452774, 'prec_macro': 0.6067923913043478, 'rec_macro': 0.6370925623371881, 'f1_micro': 0.9903556034482759, 'prec_micro': 0.9903556034482759, 'rec_micro': 0.9903556034482759}
epoch 39 time: 1.32e+02s, train loss: 9.429, metrics: {'f1': 0.2853057982525814, 'f1_macro': 0.6922834136680895, 'prec_macro': 0.6107315217391305, 'rec_macro': 0.6402123134725295, 'f1_micro': 0.9903038793103448, 'prec_micro': 0.9903038793103448, 'rec_micro': 0.9903038793103448}
epoch 40 time: 1.32e+02s, train loss: 9.435, metrics: {'f1': 0.2812254516889238, 'f1_macro': 0.6858547124224402, 'prec_macro': 0.6102771739130435, 'rec_macro': 0.6381307237503574, 'f1_micro': 0.9901400862068965, 'prec_micro': 0.9901400862068965, 'rec_micro': 0.9901400862068965}
epoch 41 time: 1.32e+02s, train loss: 9.432, metrics: {'f1': 0.2835018963337547, 'f1_macro': 0.6892940281787061, 'prec_macro': 0.6105695652173913, 'rec_macro': 0.6392912878972804, 'f1_micro': 0.9902284482758621, 'prec_micro': 0.9902284482758621, 'rec_micro': 0.9902284482758621}
epoch 42 time: 1.32e+02s, train loss: 9.431, metrics: {'f1': 0.28233791121047586, 'f1_macro': 0.69202809096645, 'prec_macro': 0.6090021739130435, 'rec_macro': 0.6387311695966325, 'f1_micro': 0.9903146551724138, 'prec_micro': 0.9903146551724138, 'rec_micro': 0.9903146551724138}
epoch 43 time: 1.33e+02s, train loss: 9.431, metrics: {'f1': 0.2710371819960861, 'f1_macro': 0.6914567957827704, 'prec_macro': 0.6024608695652174, 'rec_macro': 0.6330941658091873, 'f1_micro': 0.9903663793103449, 'prec_micro': 0.9903663793103449, 'rec_micro': 0.9903663793103449}
epoch 44 time: 1.33e+02s, train loss: 9.436, metrics: {'f1': 0.264341590612777, 'f1_macro': 0.686388509002861, 'prec_macro': 0.5999347826086957, 'rec_macro': 0.6297224949063295, 'f1_micro': 0.9902715517241379, 'prec_micro': 0.9902715517241379, 'rec_micro': 0.9902715517241379}
epoch 45 time: 1.33e+02s, train loss: 9.435, metrics: {'f1': 0.2702437428431212, 'f1_macro': 0.6920207913210151, 'prec_macro': 0.6018510869565217, 'rec_macro': 0.6327023774922612, 'f1_micro': 0.990385775862069, 'prec_micro': 0.990385775862069, 'rec_micro': 0.990385775862069}
epoch 46 time: 1.33e+02s, train loss: 9.431, metrics: {'f1': 0.2742650681556905, 'f1_macro': 0.6964304059581379, 'prec_macro': 0.6030119565217391, 'rec_macro': 0.6347358819064317, 'f1_micro': 0.9904762931034483, 'prec_micro': 0.9904762931034483, 'rec_micro': 0.9904762931034483}
epoch 47 time: 1.32e+02s, train loss: 9.428, metrics: {'f1': 0.27843915343915343, 'f1_macro': 0.702148302204558, 'prec_macro': 0.6039391304347826, 'rec_macro': 0.6368528591464275, 'f1_micro': 0.9905948275862069, 'prec_micro': 0.9905948275862069, 'rec_micro': 0.9905948275862069}
epoch 48 time: 1.32e+02s, train loss: 9.434, metrics: {'f1': 0.26727509778357234, 'f1_macro': 0.6885049937037419, 'prec_macro': 0.6010695652173913, 'rec_macro': 0.6311990113200836, 'f1_micro': 0.9903103448275862, 'prec_micro': 0.9903103448275862, 'rec_micro': 0.9903103448275862}
epoch 49 time: 1.33e+02s, train loss: 9.434, metrics: {'f1': 0.2683602019215111, 'f1_macro': 0.6889951635346219, 'prec_macro': 0.6015684782608696, 'rec_macro': 0.6317431773097416, 'f1_micro': 0.9903168103448275, 'prec_micro': 0.9903168103448275, 'rec_micro': 0.9903168103448275}
epoch 50 time: 1.32e+02s, train loss: 9.423, metrics: {'f1': 0.28104575163398693, 'f1_macro': 0.6994310373845367, 'prec_macro': 0.6061304347826088, 'rec_macro': 0.6381364480823642, 'f1_micro': 0.9905172413793103, 'prec_micro': 0.9905172413793103, 'rec_micro': 0.9905172413793103}
epoch 51 time: 1.32e+02s, train loss: 9.422, metrics: {'f1': 0.2697250691394176, 'f1_macro': 0.6896271733663997, 'prec_macro': 0.6021923913043479, 'rec_macro': 0.6324277646009611, 'f1_micro': 0.9903254310344828, 'prec_micro': 0.9903254310344828, 'rec_micro': 0.9903254310344828}
epoch 52 time: 1.32e+02s, train loss: 9.431, metrics: {'f1': 0.2674076495586793, 'f1_macro': 0.6896621017041176, 'prec_macro': 0.6008369565217391, 'rec_macro': 0.6312729279834374, 'f1_micro': 0.9903405172413793, 'prec_micro': 0.9903405172413793, 'rec_micro': 0.9903405172413793}
epoch 53 time: 1.33e+02s, train loss: 9.437, metrics: {'f1': 0.27009222661396576, 'f1_macro': 0.6944343530045198, 'prec_macro': 0.6011391304347826, 'rec_macro': 0.6326424548868025, 'f1_micro': 0.990448275862069, 'prec_micro': 0.990448275862069, 'rec_micro': 0.990448275862069}
epoch 54 time: 1.33e+02s, train loss: 9.435, metrics: {'f1': 0.2654137817342565, 'f1_macro': 0.6913626237222735, 'prec_macro': 0.599254347826087, 'rec_macro': 0.6302902319739754, 'f1_micro': 0.990396551724138, 'prec_micro': 0.990396551724138, 'rec_micro': 0.990396551724138}
epoch 55 time: 1.33e+02s, train loss: 9.442, metrics: {'f1': 0.27227885563959225, 'f1_macro': 0.6954137524041001, 'prec_macro': 0.6021369565217392, 'rec_macro': 0.6337389974127534, 'f1_micro': 0.9904612068965517, 'prec_micro': 0.9904612068965517, 'rec_micro': 0.9904612068965517}
epoch 56 time: 1.33e+02s, train loss: 9.433, metrics: {'f1': 0.27309760469284666, 'f1_macro': 0.692646162971199, 'prec_macro': 0.6033380434782608, 'rec_macro': 0.6341292454274451, 'f1_micro': 0.990385775862069, 'prec_micro': 0.990385775862069, 'rec_micro': 0.990385775862069}
epoch 57 time: 1.33e+02s, train loss: 9.43, metrics: {'f1': 0.27182571939522027, 'f1_macro': 0.6909028574638667, 'prec_macro': 0.6030706521739131, 'rec_macro': 0.6334835030459243, 'f1_micro': 0.9903469827586207, 'prec_micro': 0.9903469827586207, 'rec_micro': 0.9903469827586207}
epoch 58 time: 1.32e+02s, train loss: 9.432, metrics: {'f1': 0.2722258273848151, 'f1_macro': 0.6904317636403535, 'prec_macro': 0.6034347826086957, 'rec_macro': 0.6336797260104338, 'f1_micro': 0.9903318965517242, 'prec_micro': 0.9903318965517242, 'rec_micro': 0.9903318965517242}
epoch 59 time: 1.32e+02s, train loss: 9.437, metrics: {'f1': 0.2725380304243395, 'f1_macro': 0.6861224770923965, 'prec_macro': 0.6048597826086957, 'rec_macro': 0.633804694432787, 'f1_micro': 0.990209051724138, 'prec_micro': 0.990209051724138, 'rec_micro': 0.990209051724138}
epoch 60 time: 1.33e+02s, train loss: 9.44, metrics: {'f1': 0.2715619560056971, 'f1_macro': 0.6815907492540064, 'prec_macro': 0.6056619565217392, 'rec_macro': 0.6332839101453143, 'f1_micro': 0.9900797413793103, 'prec_micro': 0.9900797413793103, 'rec_micro': 0.9900797413793103}
epoch 61 time: 1.34e+02s, train loss: 9.436, metrics: {'f1': 0.2655878153260352, 'f1_macro': 0.6782940896030322, 'prec_macro': 0.6030315217391304, 'rec_macro': 0.6302827787345303, 'f1_micro': 0.9900237068965517, 'prec_micro': 0.9900237068965517, 'rec_micro': 0.9900237068965517}
epoch 62 time: 1.34e+02s, train loss: 9.44, metrics: {'f1': 0.27236357817250756, 'f1_macro': 0.6857853514333335, 'prec_macro': 0.6048554347826087, 'rec_macro': 0.6337152878294068, 'f1_micro': 0.9902004310344827, 'prec_micro': 0.9902004310344827, 'rec_micro': 0.9902004310344827}
epoch 63 time: 1.34e+02s, train loss: 9.442, metrics: {'f1': 0.26474358974358975, 'f1_macro': 0.6809381496881497, 'prec_macro': 0.6017130434782608, 'rec_macro': 0.6298830776352039, 'f1_micro': 0.9901120689655173, 'prec_micro': 0.9901120689655173, 'rec_micro': 0.9901120689655173}
epoch 64 time: 1.34e+02s, train loss: 9.455, metrics: {'f1': 0.2709656407751181, 'f1_macro': 0.6908721100342006, 'prec_macro': 0.6025771739130434, 'rec_macro': 0.6330545748532637, 'f1_micro': 0.9903512931034483, 'prec_micro': 0.9903512931034483, 'rec_micro': 0.9903512931034483}
epoch 65 time: 1.33e+02s, train loss: 9.465, metrics: {'f1': 0.26842539159109646, 'f1_macro': 0.6936458938608885, 'prec_macro': 0.6003902173913044, 'rec_macro': 0.6318063439377708, 'f1_micro': 0.9904375, 'prec_micro': 0.9904375, 'rec_micro': 0.9904375}
epoch 66 time: 1.33e+02s, train loss: 9.463, metrics: {'f1': 0.2669296515450362, 'f1_macro': 0.6913668144729525, 'prec_macro': 0.6001173913043478, 'rec_macro': 0.6310459503001323, 'f1_micro': 0.9903879310344827, 'prec_micro': 0.9903879310344827, 'rec_micro': 0.9903879310344827}
epoch 67 time: 1.32e+02s, train loss: 9.451, metrics: {'f1': 0.26804791194561345, 'f1_macro': 0.6866484210527822, 'prec_macro': 0.6020326086956522, 'rec_macro': 0.6315712047909083, 'f1_micro': 0.9902543103448276, 'prec_micro': 0.9902543103448276, 'rec_micro': 0.9902543103448276}
epoch 68 time: 1.32e+02s, train loss: 9.467, metrics: {'f1': 0.2659524184654167, 'f1_macro': 0.6763858533842307, 'prec_macro': 0.6038663043478261, 'rec_macro': 0.6304486853164405, 'f1_micro': 0.9899590517241379, 'prec_micro': 0.9899590517241379, 'rec_micro': 0.9899590517241379}
epoch 69 time: 1.33e+02s, train loss: 9.471, metrics: {'f1': 0.2635338942689316, 'f1_macro': 0.6770803089442696, 'prec_macro': 0.6021532608695652, 'rec_macro': 0.6292504043510685, 'f1_micro': 0.9900021551724137, 'prec_micro': 0.9900021551724137, 'rec_micro': 0.9900021551724137}
epoch 70 time: 1.33e+02s, train loss: 9.464, metrics: {'f1': 0.2634382566585956, 'f1_macro': 0.6824296506732433, 'prec_macro': 0.6005010869565217, 'rec_macro': 0.6292440929367799, 'f1_micro': 0.990165948275862, 'prec_micro': 0.990165948275862, 'rec_micro': 0.990165948275862}
epoch 71 time: 1.33e+02s, train loss: 9.464, metrics: {'f1': 0.2676375404530744, 'f1_macro': 0.6862435779617858, 'prec_macro': 0.6019043478260869, 'rec_macro': 0.6313638441021312, 'f1_micro': 0.9902456896551725, 'prec_micro': 0.9902456896551725, 'rec_micro': 0.9902456896551725}
epoch 72 time: 1.33e+02s, train loss: 9.461, metrics: {'f1': 0.2639043824701195, 'f1_macro': 0.678543076934977, 'prec_macro': 0.6019271739130435, 'rec_macro': 0.6294465632006677, 'f1_micro': 0.9900452586206897, 'prec_micro': 0.9900452586206897, 'rec_micro': 0.9900452586206897}
epoch 73 time: 1.33e+02s, train loss: 9.456, metrics: {'f1': 0.2686230248306997, 'f1_macro': 0.6857172422671926, 'prec_macro': 0.6026369565217391, 'rec_macro': 0.6318511035188238, 'f1_micro': 0.9902241379310345, 'prec_micro': 0.9902241379310345, 'rec_micro': 0.9902241379310345}
epoch 74 time: 1.33e+02s, train loss: 9.456, metrics: {'f1': 0.27022600720602685, 'f1_macro': 0.6924320101217831, 'prec_macro': 0.6017326086956521, 'rec_macro': 0.6326962398536018, 'f1_micro': 0.990396551724138, 'prec_micro': 0.990396551724138, 'rec_micro': 0.990396551724138}
epoch 75 time: 1.33e+02s, train loss: 9.459, metrics: {'f1': 0.2664714494875549, 'f1_macro': 0.6872875164840803, 'prec_macro': 0.6009315217391304, 'rec_macro': 0.6307901070585282, 'f1_micro': 0.9902823275862069, 'prec_micro': 0.9902823275862069, 'rec_micro': 0.9902823275862069}
epoch 76 time: 1.33e+02s, train loss: 9.455, metrics: {'f1': 0.2681652683235713, 'f1_macro': 0.679364775557506, 'prec_macro': 0.6042771739130435, 'rec_macro': 0.6315747220054369, 'f1_micro': 0.9900366379310345, 'prec_micro': 0.9900366379310345, 'rec_micro': 0.9900366379310345}
epoch 77 time: 1.32e+02s, train loss: 9.462, metrics: {'f1': 0.27342549923195086, 'f1_macro': 0.6739213161870709, 'prec_macro': 0.6094891304347826, 'rec_macro': 0.6341462540490133, 'f1_micro': 0.9898060344827586, 'prec_micro': 0.9898060344827586, 'rec_micro': 0.9898060344827586}
epoch 78 time: 1.32e+02s, train loss: 9.464, metrics: {'f1': 0.27997508564310186, 'f1_macro': 0.6822312922382633, 'prec_macro': 0.6107195652173913, 'rec_macro': 0.6374788023785282, 'f1_micro': 0.9900344827586207, 'prec_micro': 0.9900344827586207, 'rec_micro': 0.9900344827586207}
epoch 79 time: 1.32e+02s, train loss: 9.451, metrics: {'f1': 0.2748264169223316, 'f1_macro': 0.6906170148434861, 'prec_macro': 0.6049163043478261, 'rec_macro': 0.6349772321667788, 'f1_micro': 0.9903211206896552, 'prec_micro': 0.9903211206896552, 'rec_micro': 0.9903211206896552}
epoch 80 time: 1.33e+02s, train loss: 9.455, metrics: {'f1': 0.27095930707631966, 'f1_macro': 0.6921784349661989, 'prec_macro': 0.6022228260869565, 'rec_macro': 0.6330601438617482, 'f1_micro': 0.990385775862069, 'prec_micro': 0.990385775862069, 'rec_micro': 0.990385775862069}
epoch 81 time: 1.32e+02s, train loss: 9.468, metrics: {'f1': 0.25810678021618083, 'f1_macro': 0.6836075321911178, 'prec_macro': 0.5970673913043478, 'rec_macro': 0.626596491592643, 'f1_micro': 0.9902370689655172, 'prec_micro': 0.9902370689655172, 'rec_micro': 0.9902370689655172}
epoch 82 time: 1.32e+02s, train loss: 9.486, metrics: {'f1': 0.2678081085446616, 'f1_macro': 0.685749783900803, 'prec_macro': 0.6021445652173913, 'rec_macro': 0.631445301971149, 'f1_micro': 0.9902306034482758, 'prec_micro': 0.9902306034482758, 'rec_micro': 0.9902306034482758}
epoch 83 time: 1.32e+02s, train loss: 9.486, metrics: {'f1': 0.26626081384171746, 'f1_macro': 0.6818941510345219, 'prec_macro': 0.6023413043478261, 'rec_macro': 0.6306460238181354, 'f1_micro': 0.9901293103448275, 'prec_micro': 0.9901293103448275, 'rec_micro': 0.9901293103448275}
epoch 84 time: 1.31e+02s, train loss: 9.471, metrics: {'f1': 0.2703917790622993, 'f1_macro': 0.6855392709290296, 'prec_macro': 0.6037434782608695, 'rec_macro': 0.6327310717671037, 'f1_micro': 0.9902068965517241, 'prec_micro': 0.9902068965517241, 'rec_micro': 0.9902068965517241}
epoch 85 time: 1.32e+02s, train loss: 9.482, metrics: {'f1': 0.25915032679738564, 'f1_macro': 0.6835566209306999, 'prec_macro': 0.5976826086956522, 'rec_macro': 0.6271160580921454, 'f1_micro': 0.9902284482758621, 'prec_micro': 0.9902284482758621, 'rec_micro': 0.9902284482758621}
epoch 86 time: 1.31e+02s, train loss: 9.508, metrics: {'f1': 0.2505399568034557, 'f1_macro': 0.6832129705382877, 'prec_macro': 0.592875, 'rec_macro': 0.6228236156241869, 'f1_micro': 0.9902780172413793, 'prec_micro': 0.9902780172413793, 'rec_micro': 0.9902780172413793}
epoch 87 time: 1.32e+02s, train loss: 9.523, metrics: {'f1': 0.2472941948179731, 'f1_macro': 0.6761812152189612, 'prec_macro': 0.5927891304347825, 'rec_macro': 0.6211576787939928, 'f1_micro': 0.9901077586206897, 'prec_micro': 0.9901077586206897, 'rec_micro': 0.9901077586206897}
epoch 88 time: 1.32e+02s, train loss: 9.509, metrics: {'f1': 0.2530944625407166, 'f1_macro': 0.6780529035177145, 'prec_macro': 0.5956434782608696, 'rec_macro': 0.624059868764121, 'f1_micro': 0.9901163793103448, 'prec_micro': 0.9901163793103448, 'rec_micro': 0.9901163793103448}
epoch 89 time: 1.32e+02s, train loss: 9.515, metrics: {'f1': 0.24837239583333337, 'f1_macro': 0.6744340938210631, 'prec_macro': 0.5938739130434783, 'rec_macro': 0.6216814683276636, 'f1_micro': 0.9900474137931035, 'prec_micro': 0.9900474137931035, 'rec_micro': 0.9900474137931035}
epoch 90 time: 1.32e+02s, train loss: 9.539, metrics: {'f1': 0.23717739300882063, 'f1_macro': 0.6675208070233153, 'prec_macro': 0.5892326086956522, 'rec_macro': 0.6160558233910483, 'f1_micro': 0.9899353448275862, 'prec_micro': 0.9899353448275862, 'rec_micro': 0.9899353448275862}
epoch 91 time: 1.32e+02s, train loss: 9.551, metrics: {'f1': 0.23409165842400262, 'f1_macro': 0.6682685076675672, 'prec_macro': 0.5872760869565217, 'rec_macro': 0.614526126066223, 'f1_micro': 0.9899870689655172, 'prec_micro': 0.9899870689655172, 'rec_micro': 0.9899870689655172}
epoch 92 time: 1.32e+02s, train loss: 9.544, metrics: {'f1': 0.2383231556362436, 'f1_macro': 0.671779756886824, 'prec_macro': 0.5887967391304347, 'rec_macro': 0.6166587061593064, 'f1_micro': 0.9900538793103448, 'prec_micro': 0.9900538793103448, 'rec_micro': 0.9900538793103448}
epoch 93 time: 1.32e+02s, train loss: 9.511, metrics: {'f1': 0.2511520737327189, 'f1_macro': 0.6802630362051567, 'prec_macro': 0.5939478260869565, 'rec_macro': 0.6231083714188822, 'f1_micro': 0.9901939655172414, 'prec_micro': 0.9901939655172414, 'rec_micro': 0.9901939655172414}
epoch 94 time: 1.32e+02s, train loss: 9.5, metrics: {'f1': 0.2570162481536189, 'f1_macro': 0.6835697756418104, 'prec_macro': 0.5964510869565217, 'rec_macro': 0.6260528872687583, 'f1_micro': 0.9902435344827586, 'prec_micro': 0.9902435344827586, 'rec_micro': 0.9902435344827586}
epoch 95 time: 1.32e+02s, train loss: 9.492, metrics: {'f1': 0.25844539193178095, 'f1_macro': 0.684320974758164, 'prec_macro': 0.5970760869565217, 'rec_macro': 0.6267701576266743, 'f1_micro': 0.9902543103448276, 'prec_micro': 0.9902543103448276, 'rec_micro': 0.9902543103448276}
epoch 96 time: 1.32e+02s, train loss: 9.485, metrics: {'f1': 0.25425950196592395, 'f1_macro': 0.6809206832792541, 'prec_macro': 0.5955565217391304, 'rec_macro': 0.6246609258660292, 'f1_micro': 0.9901896551724138, 'prec_micro': 0.9901896551724138, 'rec_micro': 0.9901896551724138}
epoch 97 time: 1.32e+02s, train loss: 9.479, metrics: {'f1': 0.2542650918635171, 'f1_macro': 0.6813849690587039, 'prec_macro': 0.5954391304347826, 'rec_macro': 0.6246669963734531, 'f1_micro': 0.9902025862068966, 'prec_micro': 0.9902025862068966, 'rec_micro': 0.9902025862068966}
epoch 98 time: 1.32e+02s, train loss: 9.483, metrics: {'f1': 0.25802226588081206, 'f1_macro': 0.6834300175907128, 'prec_macro': 0.5970652173913044, 'rec_macro': 0.6265531443690766, 'f1_micro': 0.9902327586206896, 'prec_micro': 0.9902327586206896, 'rec_micro': 0.9902327586206896}
epoch 99 time: 1.32e+02s, train loss: 9.481, metrics: {'f1': 0.2557720648436221, 'f1_macro': 0.6818500256888926, 'prec_macro': 0.5961836956521739, 'rec_macro': 0.6254209958069328, 'f1_micro': 0.9902047413793104, 'prec_micro': 0.9902047413793104, 'rec_micro': 0.9902047413793104}
epoch 100 time: 1.32e+02s, train loss: 9.483, metrics: {'f1': 0.24869791666666669, 'f1_macro': 0.6746683853647994, 'prec_macro': 0.594, 'rec_macro': 0.6218453135124503, 'f1_micro': 0.9900517241379311, 'prec_micro': 0.9900517241379311, 'rec_micro': 0.9900517241379311}
post-training summary -- best {'f1': 0.2853057982525814, 'f1_macro': 0.6922834136680895, 'prec_macro': 0.6107315217391305, 'rec_macro': 0.6402123134725295, 'f1_micro': 0.9903038793103448, 'prec_micro': 0.9903038793103448, 'rec_micro': 0.9903038793103448}
run 3 start -- seed=2
initialized continuityBERT with 547661 parameters.
/home/azureuser/.local/lib/python3.8/site-packages/sklearn/metrics/_classification.py:1344: UndefinedMetricWarning: Precision and F-score are ill-defined and being set to 0.0 in labels with no predicted samples. Use `zero_division` parameter to control this behavior.
  _warn_prf(average, modifier, msg_start, len(result))
epoch 1 time: 1.31e+02s, train loss: 9.885, metrics: {'f1': 0.0, 'f1_macro': 0.4956896551724138, 'prec_macro': 0.5, 'rec_macro': 0.49783549783549785, 'f1_micro': 0.9913793103448276, 'prec_micro': 0.9913793103448276, 'rec_micro': 0.9913793103448276}
epoch 2 time: 1.3e+02s, train loss: 9.827, metrics: {'f1': 0.10632014176018902, 'f1_macro': 0.6210870828401396, 'prec_macro': 0.532870652173913, 'rec_macro': 0.5507010305071915, 'f1_micro': 0.9902176724137931, 'prec_micro': 0.9902176724137931, 'rec_micro': 0.9902176724137931}
epoch 3 time: 1.31e+02s, train loss: 9.706, metrics: {'f1': 0.1864108713029576, 'f1_macro': 0.6255681984750848, 'prec_macro': 0.5710576086956521, 'rec_macro': 0.5904449107774626, 'f1_micro': 0.9890323275862068, 'prec_micro': 0.9890323275862068, 'rec_micro': 0.9890323275862068}
epoch 4 time: 1.3e+02s, train loss: 9.661, metrics: {'f1': 0.23053435114503817, 'f1_macro': 0.6445231251022459, 'prec_macro': 0.5924239130434783, 'rec_macro': 0.6125323554520568, 'f1_micro': 0.9891379310344828, 'prec_micro': 0.9891379310344828, 'rec_micro': 0.9891379310344828}
epoch 5 time: 1.3e+02s, train loss: 9.612, metrics: {'f1': 0.24493611717045813, 'f1_macro': 0.6590495124583571, 'prec_macro': 0.5964760869565218, 'rec_macro': 0.6198388839702735, 'f1_micro': 0.9895560344827586, 'prec_micro': 0.9895560344827586, 'rec_micro': 0.9895560344827586}
epoch 6 time: 1.3e+02s, train loss: 9.588, metrics: {'f1': 0.25207402680280794, 'f1_macro': 0.6706862151160287, 'prec_macro': 0.5971434782608696, 'rec_macro': 0.6234939748609172, 'f1_micro': 0.9898965517241379, 'prec_micro': 0.9898965517241379, 'rec_micro': 0.9898965517241379}
epoch 7 time: 1.32e+02s, train loss: 9.54, metrics: {'f1': 0.2517639512508018, 'f1_macro': 0.6720554571170098, 'prec_macro': 0.5965478260869566, 'rec_macro': 0.6233509590094342, 'f1_micro': 0.9899439655172414, 'prec_micro': 0.9899439655172414, 'rec_micro': 0.9899439655172414}
epoch 8 time: 1.38e+02s, train loss: 9.525, metrics: {'f1': 0.26007439553626777, 'f1_macro': 0.6676604828144046, 'prec_macro': 0.6031217391304348, 'rec_macro': 0.6274469908554174, 'f1_micro': 0.9897112068965517, 'prec_micro': 0.9897112068965517, 'rec_micro': 0.9897112068965517}
epoch 9 time: 1.3e+02s, train loss: 9.516, metrics: {'f1': 0.2556872797180391, 'f1_macro': 0.67449891758549, 'prec_macro': 0.5981804347826087, 'rec_macro': 0.6253234556024143, 'f1_micro': 0.9899870689655172, 'prec_micro': 0.9899870689655172, 'rec_micro': 0.9899870689655172}
epoch 10 time: 1.31e+02s, train loss: 9.507, metrics: {'f1': 0.2562854825628549, 'f1_macro': 0.6789727698106391, 'prec_macro': 0.5972554347826087, 'rec_macro': 0.6256558537147805, 'f1_micro': 0.9901185344827587, 'prec_micro': 0.9901185344827587, 'rec_micro': 0.9901185344827587}
epoch 11 time: 1.3e+02s, train loss: 9.501, metrics: {'f1': 0.25992438563327036, 'f1_macro': 0.6722426936011787, 'prec_macro': 0.6014695652173913, 'rec_macro': 0.627413508497608, 'f1_micro': 0.989875, 'prec_micro': 0.989875, 'rec_micro': 0.989875}
epoch 12 time: 1.3e+02s, train loss: 9.492, metrics: {'f1': 0.2549365869320918, 'f1_macro': 0.6746353566875279, 'prec_macro': 0.5976902173913043, 'rec_macro': 0.6249508569226961, 'f1_micro': 0.9899978448275862, 'prec_micro': 0.9899978448275862, 'rec_micro': 0.9899978448275862}
epoch 13 time: 1.3e+02s, train loss: 9.489, metrics: {'f1': 0.25808517451168744, 'f1_macro': 0.6759715464288092, 'prec_macro': 0.5991847826086957, 'rec_macro': 0.6265289013917195, 'f1_micro': 0.9900129310344827, 'prec_micro': 0.9900129310344827, 'rec_micro': 0.9900129310344827}
epoch 14 time: 1.3e+02s, train loss: 9.483, metrics: {'f1': 0.26130653266331655, 'f1_macro': 0.6722443710867391, 'prec_macro': 0.6023304347826087, 'rec_macro': 0.6281012716092528, 'f1_micro': 0.9898620689655172, 'prec_micro': 0.9898620689655172, 'rec_micro': 0.9898620689655172}
epoch 15 time: 1.3e+02s, train loss: 9.482, metrics: {'f1': 0.2588235294117647, 'f1_macro': 0.6833196893418367, 'prec_macro': 0.5975565217391304, 'rec_macro': 0.6269515746594554, 'f1_micro': 0.9902241379310345, 'prec_micro': 0.9902241379310345, 'rec_micro': 0.9902241379310345}
epoch 16 time: 1.29e+02s, train loss: 9.482, metrics: {'f1': 0.2628791526239769, 'f1_macro': 0.6801056147144475, 'prec_macro': 0.6008402173913043, 'rec_macro': 0.6289481711985598, 'f1_micro': 0.9901012931034483, 'prec_micro': 0.9901012931034483, 'rec_micro': 0.9901012931034483}
epoch 17 time: 1.3e+02s, train loss: 9.478, metrics: {'f1': 0.26668746101060514, 'f1_macro': 0.6738320882911801, 'prec_macro': 0.6051826086956522, 'rec_macro': 0.630792699024858, 'f1_micro': 0.9898663793103448, 'prec_micro': 0.9898663793103448, 'rec_micro': 0.9898663793103448}
epoch 18 time: 1.3e+02s, train loss: 9.476, metrics: {'f1': 0.2556660688080874, 'f1_macro': 0.680297193687508, 'prec_macro': 0.596533695652174, 'rec_macro': 0.6253570807144118, 'f1_micro': 0.9901616379310345, 'prec_micro': 0.9901616379310345, 'rec_micro': 0.9901616379310345}
epoch 19 time: 1.31e+02s, train loss: 9.475, metrics: {'f1': 0.2626325639426076, 'f1_macro': 0.6711231474311531, 'prec_macro': 0.6035434782608695, 'rec_macro': 0.6287511444044085, 'f1_micro': 0.9898103448275862, 'prec_micro': 0.9898103448275862, 'rec_micro': 0.9898103448275862}
epoch 20 time: 1.3e+02s, train loss: 9.48, metrics: {'f1': 0.2570962479608483, 'f1_macro': 0.6814993569212563, 'prec_macro': 0.5970413043478261, 'rec_macro': 0.6260781444822303, 'f1_micro': 0.9901853448275862, 'prec_micro': 0.9901853448275862, 'rec_micro': 0.9901853448275862}
epoch 21 time: 1.31e+02s, train loss: 9.477, metrics: {'f1': 0.2536949813220724, 'f1_macro': 0.6775535288560085, 'prec_macro': 0.596129347826087, 'rec_macro': 0.6243552007591766, 'f1_micro': 0.9900969827586207, 'prec_micro': 0.9900969827586207, 'rec_micro': 0.9900969827586207}
epoch 22 time: 1.3e+02s, train loss: 9.482, metrics: {'f1': 0.25919948353776634, 'f1_macro': 0.6793709973931489, 'prec_macro': 0.5988608695652174, 'rec_macro': 0.6271100584956494, 'f1_micro': 0.9901077586206897, 'prec_micro': 0.9901077586206897, 'rec_micro': 0.9901077586206897}
epoch 23 time: 1.3e+02s, train loss: 9.468, metrics: {'f1': 0.2685624012638231, 'f1_macro': 0.6789919057617935, 'prec_macro': 0.604641304347826, 'rec_macro': 0.6317694556472642, 'f1_micro': 0.990021551724138, 'prec_micro': 0.990021551724138, 'rec_micro': 0.990021551724138}
epoch 24 time: 1.3e+02s, train loss: 9.473, metrics: {'f1': 0.27114933541829556, 'f1_macro': 0.6776084935924869, 'prec_macro': 0.6067141304347826, 'rec_macro': 0.6330459270881659, 'f1_micro': 0.9899547413793104, 'prec_micro': 0.9899547413793104, 'rec_micro': 0.9899547413793104}
epoch 25 time: 1.3e+02s, train loss: 9.459, metrics: {'f1': 0.2673933953190125, 'f1_macro': 0.6828989047930905, 'prec_macro': 0.6027239130434783, 'rec_macro': 0.6312177497315161, 'f1_micro': 0.9901508620689655, 'prec_micro': 0.9901508620689655, 'rec_micro': 0.9901508620689655}
epoch 26 time: 1.3e+02s, train loss: 9.452, metrics: {'f1': 0.26187755102040816, 'f1_macro': 0.6852439067101808, 'prec_macro': 0.5988119565217391, 'rec_macro': 0.6284867077135939, 'f1_micro': 0.9902564655172413, 'prec_micro': 0.9902564655172413, 'rec_micro': 0.9902564655172413}
epoch 27 time: 1.31e+02s, train loss: 9.449, metrics: {'f1': 0.2677445432497979, 'f1_macro': 0.6860394085806746, 'prec_macro': 0.602025, 'rec_macro': 0.6314157049602211, 'f1_micro': 0.9902392241379311, 'prec_micro': 0.9902392241379311, 'rec_micro': 0.9902392241379311}
epoch 28 time: 1.31e+02s, train loss: 9.445, metrics: {'f1': 0.26686264902825413, 'f1_macro': 0.6889706693357568, 'prec_macro': 0.6007054347826087, 'rec_macro': 0.6309966179317956, 'f1_micro': 0.9903254310344828, 'prec_micro': 0.9903254310344828, 'rec_micro': 0.9903254310344828}
epoch 29 time: 1.31e+02s, train loss: 9.452, metrics: {'f1': 0.27170913812692743, 'f1_macro': 0.6902359889255846, 'prec_macro': 0.6031858695652174, 'rec_macro': 0.6334208469059069, 'f1_micro': 0.9903297413793103, 'prec_micro': 0.9903297413793103, 'rec_micro': 0.9903297413793103}
epoch 30 time: 1.32e+02s, train loss: 9.436, metrics: {'f1': 0.2649006622516556, 'f1_macro': 0.6836861829261354, 'prec_macro': 0.6010097826086956, 'rec_macro': 0.6299818154137877, 'f1_micro': 0.9901918103448276, 'prec_micro': 0.9901918103448276, 'rec_micro': 0.9901918103448276}
epoch 31 time: 1.32e+02s, train loss: 9.441, metrics: {'f1': 0.26481061832308195, 'f1_macro': 0.6843419102567747, 'prec_macro': 0.6007717391304348, 'rec_macro': 0.6299417098983426, 'f1_micro': 0.9902112068965517, 'prec_micro': 0.9902112068965517, 'rec_micro': 0.9902112068965517}
epoch 32 time: 1.31e+02s, train loss: 9.434, metrics: {'f1': 0.26714332141696456, 'f1_macro': 0.6873672586565742, 'prec_macro': 0.6013021739130434, 'rec_macro': 0.6311254820625913, 'f1_micro': 0.9902801724137931, 'prec_micro': 0.9902801724137931, 'rec_micro': 0.9902801724137931}
epoch 33 time: 1.31e+02s, train loss: 9.437, metrics: {'f1': 0.27494743651948894, 'f1_macro': 0.6912757698369895, 'prec_macro': 0.6048010869565217, 'rec_macro': 0.6350421076472259, 'f1_micro': 0.9903383620689655, 'prec_micro': 0.9903383620689655, 'rec_micro': 0.9903383620689655}
epoch 34 time: 1.32e+02s, train loss: 9.439, metrics: {'f1': 0.2828472875509564, 'f1_macro': 0.6862996131033616, 'prec_macro': 0.611145652173913, 'rec_macro': 0.6389421491931007, 'f1_micro': 0.9901422413793104, 'prec_micro': 0.9901422413793104, 'rec_micro': 0.9901422413793104}
epoch 35 time: 1.3e+02s, train loss: 9.435, metrics: {'f1': 0.2855788974885484, 'f1_macro': 0.6905551422629675, 'prec_macro': 0.6114489130434783, 'rec_macro': 0.6403357479037338, 'f1_micro': 0.9902521551724138, 'prec_micro': 0.9902521551724138, 'rec_micro': 0.9902521551724138}
epoch 36 time: 1.31e+02s, train loss: 9.434, metrics: {'f1': 0.2805269922879177, 'f1_macro': 0.6928821448575522, 'prec_macro': 0.6076565217391304, 'rec_macro': 0.6378344895306386, 'f1_micro': 0.9903491379310345, 'prec_micro': 0.9903491379310345, 'rec_micro': 0.9903491379310345}
epoch 37 time: 1.31e+02s, train loss: 9.43, metrics: {'f1': 0.2771474878444084, 'f1_macro': 0.6935996757439922, 'prec_macro': 0.6054456521739131, 'rec_macro': 0.63615464278642, 'f1_micro': 0.9903879310344827, 'prec_micro': 0.9903879310344827, 'rec_micro': 0.9903879310344827}
epoch 38 time: 1.31e+02s, train loss: 9.426, metrics: {'f1': 0.27675640183847666, 'f1_macro': 0.6980644883866935, 'prec_macro': 0.6040173913043478, 'rec_macro': 0.6359885915438993, 'f1_micro': 0.9905043103448276, 'prec_micro': 0.9905043103448276, 'rec_micro': 0.9905043103448276}
epoch 39 time: 1.3e+02s, train loss: 9.432, metrics: {'f1': 0.2661422484431334, 'f1_macro': 0.6896984031868607, 'prec_macro': 0.6000978260869565, 'rec_macro': 0.6306424390524916, 'f1_micro': 0.9903491379310345, 'prec_micro': 0.9903491379310345, 'rec_micro': 0.9903491379310345}
epoch 40 time: 1.31e+02s, train loss: 9.433, metrics: {'f1': 0.27359421243012166, 'f1_macro': 0.6963786969703847, 'prec_macro': 0.6026413043478261, 'rec_macro': 0.6344010145886906, 'f1_micro': 0.9904784482758621, 'prec_micro': 0.9904784482758621, 'rec_micro': 0.9904784482758621}
epoch 41 time: 1.31e+02s, train loss: 9.429, metrics: {'f1': 0.28246013667425973, 'f1_macro': 0.6988460375742938, 'prec_macro': 0.6071108695652174, 'rec_macro': 0.6388381494432487, 'f1_micro': 0.9904956896551724, 'prec_micro': 0.9904956896551724, 'rec_micro': 0.9904956896551724}
epoch 42 time: 1.31e+02s, train loss: 9.439, metrics: {'f1': 0.28123452714969466, 'f1_macro': 0.7034891901779664, 'prec_macro': 0.6051880434782608, 'rec_macro': 0.6382553987700497, 'f1_micro': 0.990614224137931, 'prec_micro': 0.990614224137931, 'rec_micro': 0.990614224137931}
epoch 43 time: 1.31e+02s, train loss: 9.433, metrics: {'f1': 0.28202265114053277, 'f1_macro': 0.6914252120943863, 'prec_macro': 0.6089945652173914, 'rec_macro': 0.6385697238448172, 'f1_micro': 0.9902995689655173, 'prec_micro': 0.9902995689655173, 'rec_micro': 0.9902995689655173}
epoch 44 time: 1.31e+02s, train loss: 9.429, metrics: {'f1': 0.28544834005584857, 'f1_macro': 0.6847255879370949, 'prec_macro': 0.6133413043478261, 'rec_macro': 0.640225130362316, 'f1_micro': 0.990073275862069, 'prec_micro': 0.990073275862069, 'rec_micro': 0.990073275862069}
epoch 45 time: 1.31e+02s, train loss: 9.427, metrics: {'f1': 0.2889491309201085, 'f1_macro': 0.6961211482589679, 'prec_macro': 0.6117663043478261, 'rec_macro': 0.6420557417060007, 'f1_micro': 0.9903900862068965, 'prec_micro': 0.9903900862068965, 'rec_micro': 0.9903900862068965}
epoch 46 time: 1.31e+02s, train loss: 9.434, metrics: {'f1': 0.2875964010282776, 'f1_macro': 0.6978520090964406, 'prec_macro': 0.6104304347826087, 'rec_macro': 0.641393060870668, 'f1_micro': 0.9904439655172413, 'prec_micro': 0.9904439655172413, 'rec_micro': 0.9904439655172413}
epoch 47 time: 1.32e+02s, train loss: 9.431, metrics: {'f1': 0.281474539206498, 'f1_macro': 0.6841952229960836, 'prec_macro': 0.6109934782608696, 'rec_macro': 0.6382416044650868, 'f1_micro': 0.9900862068965517, 'prec_micro': 0.9900862068965517, 'rec_micro': 0.9900862068965517}
epoch 48 time: 1.31e+02s, train loss: 9.429, metrics: {'f1': 0.2782364854338682, 'f1_macro': 0.6812147986561482, 'prec_macro': 0.6099663043478261, 'rec_macro': 0.6366046275273849, 'f1_micro': 0.9900150862068966, 'prec_micro': 0.9900150862068966, 'rec_micro': 0.9900150862068966}
epoch 49 time: 1.31e+02s, train loss: 9.44, metrics: {'f1': 0.27062390298388384, 'f1_macro': 0.6836180909326193, 'prec_macro': 0.6044576086956522, 'rec_macro': 0.6328323831136806, 'f1_micro': 0.9901487068965518, 'prec_micro': 0.9901487068965518, 'rec_micro': 0.9901487068965518}
epoch 50 time: 1.31e+02s, train loss: 9.43, metrics: {'f1': 0.27116445021083363, 'f1_macro': 0.6895569829183708, 'prec_macro': 0.6030543478260869, 'rec_macro': 0.6331446929683944, 'f1_micro': 0.9903146551724138, 'prec_micro': 0.9903146551724138, 'rec_micro': 0.9903146551724138}
epoch 51 time: 1.31e+02s, train loss: 9.425, metrics: {'f1': 0.2765676567656765, 'f1_macro': 0.69997553584692, 'prec_macro': 0.6034217391304347, 'rec_macro': 0.6359062333115755, 'f1_micro': 0.990551724137931, 'prec_micro': 0.990551724137931, 'rec_micro': 0.990551724137931}
epoch 52 time: 1.32e+02s, train loss: 9.433, metrics: {'f1': 0.2796192976698392, 'f1_macro': 0.7000307756833195, 'prec_macro': 0.60515, 'rec_macro': 0.6374287119498141, 'f1_micro': 0.9905387931034483, 'prec_micro': 0.9905387931034483, 'rec_micro': 0.9905387931034483}
epoch 53 time: 1.32e+02s, train loss: 9.427, metrics: {'f1': 0.28219042920572274, 'f1_macro': 0.7027498598109047, 'prec_macro': 0.605920652173913, 'rec_macro': 0.6387278699662935, 'f1_micro': 0.9905926724137931, 'prec_micro': 0.9905926724137931, 'rec_micro': 0.9905926724137931}
epoch 54 time: 1.32e+02s, train loss: 9.436, metrics: {'f1': 0.2798313878080415, 'f1_macro': 0.6956351086662143, 'prec_macro': 0.6064565217391304, 'rec_macro': 0.637506361183959, 'f1_micro': 0.990426724137931, 'prec_micro': 0.990426724137931, 'rec_micro': 0.990426724137931}
epoch 55 time: 1.31e+02s, train loss: 9.438, metrics: {'f1': 0.2777865863326463, 'f1_macro': 0.686473756562102, 'prec_macro': 0.6079445652173913, 'rec_macro': 0.6364222968584419, 'f1_micro': 0.9901831896551724, 'prec_micro': 0.9901831896551724, 'rec_micro': 0.9901831896551724}
epoch 56 time: 1.31e+02s, train loss: 9.458, metrics: {'f1': 0.2706931622594273, 'f1_macro': 0.6774909272828564, 'prec_macro': 0.6064663043478261, 'rec_macro': 0.6328178514840612, 'f1_micro': 0.9899547413793104, 'prec_micro': 0.9899547413793104, 'rec_micro': 0.9899547413793104}
epoch 57 time: 1.31e+02s, train loss: 9.464, metrics: {'f1': 0.25734081161332895, 'f1_macro': 0.6856514442155037, 'prec_macro': 0.5961065217391305, 'rec_macro': 0.6262288099509778, 'f1_micro': 0.9902974137931034, 'prec_micro': 0.9902974137931034, 'rec_micro': 0.9902974137931034}
epoch 58 time: 1.31e+02s, train loss: 9.498, metrics: {'f1': 0.251085141903172, 'f1_macro': 0.6854296481868227, 'prec_macro': 0.592654347826087, 'rec_macro': 0.6231098424562335, 'f1_micro': 0.9903318965517242, 'prec_micro': 0.9903318965517242, 'rec_micro': 0.9903318965517242}
epoch 59 time: 1.31e+02s, train loss: 9.513, metrics: {'f1': 0.2440879775095088, 'f1_macro': 0.6767331384737029, 'prec_macro': 0.5908271739130435, 'rec_macro': 0.6195650120607146, 'f1_micro': 0.9901487068965518, 'prec_micro': 0.9901487068965518, 'rec_micro': 0.9901487068965518}
epoch 60 time: 1.31e+02s, train loss: 9.496, metrics: {'f1': 0.2452521283562541, 'f1_macro': 0.6741373255461396, 'prec_macro': 0.5921478260869565, 'rec_macro': 0.620125771302172, 'f1_micro': 0.9900646551724138, 'prec_micro': 0.9900646551724138, 'rec_micro': 0.9900646551724138}
epoch 61 time: 1.32e+02s, train loss: 9.494, metrics: {'f1': 0.24687347734286177, 'f1_macro': 0.6726629218128122, 'prec_macro': 0.5934815217391305, 'rec_macro': 0.6209216683178023, 'f1_micro': 0.9900064655172414, 'prec_micro': 0.9900064655172414, 'rec_micro': 0.9900064655172414}
epoch 62 time: 1.32e+02s, train loss: 9.49, metrics: {'f1': 0.25524304991058366, 'f1_macro': 0.6789926934274182, 'prec_macro': 0.5966402173913044, 'rec_macro': 0.6251368447093948, 'f1_micro': 0.9901271551724138, 'prec_micro': 0.9901271551724138, 'rec_micro': 0.9901271551724138}
epoch 63 time: 1.32e+02s, train loss: 9.477, metrics: {'f1': 0.2550180980585719, 'f1_macro': 0.6829865329937771, 'prec_macro': 0.5954586956521739, 'rec_macro': 0.6250533098235831, 'f1_micro': 0.9902413793103448, 'prec_micro': 0.9902413793103448, 'rec_micro': 0.9902413793103448}
epoch 64 time: 1.31e+02s, train loss: 9.466, metrics: {'f1': 0.2601518653020799, 'f1_macro': 0.6879713808386893, 'prec_macro': 0.5971195652173913, 'rec_macro': 0.6276451940579397, 'f1_micro': 0.9903405172413793, 'prec_micro': 0.9903405172413793, 'rec_micro': 0.9903405172413793}
epoch 65 time: 1.32e+02s, train loss: 9.458, metrics: {'f1': 0.27028806584362136, 'f1_macro': 0.6943902905011832, 'prec_macro': 0.6012619565217391, 'rec_macro': 0.6327398243365135, 'f1_micro': 0.9904461206896552, 'prec_micro': 0.9904461206896552, 'rec_micro': 0.9904461206896552}
epoch 66 time: 1.32e+02s, train loss: 9.459, metrics: {'f1': 0.2650642081000988, 'f1_macro': 0.6906110849090863, 'prec_macro': 0.599245652173913, 'rec_macro': 0.6301110854433499, 'f1_micro': 0.9903793103448276, 'prec_micro': 0.9903793103448276, 'rec_micro': 0.9903793103448276}
epoch 67 time: 1.3e+02s, train loss: 9.472, metrics: {'f1': 0.2632794457274827, 'f1_macro': 0.6900356218209909, 'prec_macro': 0.5983760869565218, 'rec_macro': 0.6292176510975271, 'f1_micro': 0.990375, 'prec_micro': 0.990375, 'rec_micro': 0.990375}
epoch 68 time: 1.31e+02s, train loss: 9.476, metrics: {'f1': 0.25859516367823654, 'f1_macro': 0.6855542391694678, 'prec_macro': 0.5968445652173913, 'rec_macro': 0.6268532292318993, 'f1_micro': 0.9902866379310344, 'prec_micro': 0.9902866379310344, 'rec_micro': 0.9902866379310344}
epoch 69 time: 1.32e+02s, train loss: 9.475, metrics: {'f1': 0.26533289603148574, 'f1_macro': 0.6893484732970834, 'prec_macro': 0.5997239130434783, 'rec_macro': 0.6302366886703895, 'f1_micro': 0.9903448275862069, 'prec_micro': 0.9903448275862069, 'rec_micro': 0.9903448275862069}
epoch 70 time: 1.32e+02s, train loss: 9.467, metrics: {'f1': 0.2677063027940221, 'f1_macro': 0.6876562292138609, 'prec_macro': 0.6015521739130435, 'rec_macro': 0.6314080522262187, 'f1_micro': 0.9902844827586207, 'prec_micro': 0.9902844827586207, 'rec_micro': 0.9902844827586207}
epoch 71 time: 1.32e+02s, train loss: 9.482, metrics: {'f1': 0.277416283129662, 'f1_macro': 0.6865321047335626, 'prec_macro': 0.6076989130434782, 'rec_macro': 0.6362382462953341, 'f1_micro': 0.9901875, 'prec_micro': 0.9901875, 'rec_micro': 0.9901875}
epoch 72 time: 1.32e+02s, train loss: 9.478, metrics: {'f1': 0.269580475354921, 'f1_macro': 0.6827888853976524, 'prec_macro': 0.6040771739130435, 'rec_macro': 0.6323063242580356, 'f1_micro': 0.9901314655172414, 'prec_micro': 0.9901314655172414, 'rec_micro': 0.9901314655172414}
epoch 73 time: 1.32e+02s, train loss: 9.463, metrics: {'f1': 0.2703051832714355, 'f1_macro': 0.687409882531956, 'prec_macro': 0.6031510869565218, 'rec_macro': 0.6327014277803771, 'f1_micro': 0.990260775862069, 'prec_micro': 0.990260775862069, 'rec_micro': 0.990260775862069}
epoch 74 time: 1.32e+02s, train loss: 9.458, metrics: {'f1': 0.2718856585999675, 'f1_macro': 0.6905951476378652, 'prec_macro': 0.6031902173913043, 'rec_macro': 0.6335112872695078, 'f1_micro': 0.9903383620689655, 'prec_micro': 0.9903383620689655, 'rec_micro': 0.9903383620689655}
epoch 75 time: 1.31e+02s, train loss: 9.461, metrics: {'f1': 0.27013752455795675, 'f1_macro': 0.6922461613253078, 'prec_macro': 0.6017304347826087, 'rec_macro': 0.6326509085607555, 'f1_micro': 0.9903922413793104, 'prec_micro': 0.9903922413793104, 'rec_micro': 0.9903922413793104}
epoch 76 time: 1.32e+02s, train loss: 9.484, metrics: {'f1': 0.264305623872766, 'f1_macro': 0.6885387378222347, 'prec_macro': 0.5993445652173913, 'rec_macro': 0.6297192534523376, 'f1_micro': 0.9903297413793103, 'prec_micro': 0.9903297413793103, 'rec_micro': 0.9903297413793103}
epoch 77 time: 1.32e+02s, train loss: 9.48, metrics: {'f1': 0.26068446045521537, 'f1_macro': 0.6854258265759936, 'prec_macro': 0.598075, 'rec_macro': 0.6278934644814744, 'f1_micro': 0.9902693965517242, 'prec_micro': 0.9902693965517242, 'rec_micro': 0.9902693965517242}
epoch 78 time: 1.32e+02s, train loss: 9.477, metrics: {'f1': 0.2622950819672132, 'f1_macro': 0.683494736155197, 'prec_macro': 0.5995293478260869, 'rec_macro': 0.6286823599704362, 'f1_micro': 0.9902047413793104, 'prec_micro': 0.9902047413793104, 'rec_micro': 0.9902047413793104}
epoch 79 time: 1.32e+02s, train loss: 9.484, metrics: {'f1': 0.2508960573476703, 'f1_macro': 0.6765781208264805, 'prec_macro': 0.5947630434782609, 'rec_macro': 0.6229541629976276, 'f1_micro': 0.9900905172413793, 'prec_micro': 0.9900905172413793, 'rec_micro': 0.9900905172413793}
epoch 80 time: 1.31e+02s, train loss: 9.482, metrics: {'f1': 0.25833878351863965, 'f1_macro': 0.6831980694045408, 'prec_macro': 0.5973086956521739, 'rec_macro': 0.6267092123875116, 'f1_micro': 0.9902241379310345, 'prec_micro': 0.9902241379310345, 'rec_micro': 0.9902241379310345}
epoch 81 time: 1.32e+02s, train loss: 9.486, metrics: {'f1': 0.2576526436405304, 'f1_macro': 0.6831032248438771, 'prec_macro': 0.5969380434782608, 'rec_macro': 0.6263667034922851, 'f1_micro': 0.9902262931034482, 'prec_micro': 0.9902262931034482, 'rec_micro': 0.9902262931034482}
epoch 82 time: 1.32e+02s, train loss: 9.491, metrics: {'f1': 0.24741267787839585, 'f1_macro': 0.6716348854603051, 'prec_macro': 0.5940826086956522, 'rec_macro': 0.6211819739900106, 'f1_micro': 0.9899698275862069, 'prec_micro': 0.9899698275862069, 'rec_micro': 0.9899698275862069}
epoch 83 time: 1.32e+02s, train loss: 9.496, metrics: {'f1': 0.242806336889751, 'f1_macro': 0.6682572814185467, 'prec_macro': 0.5923152173913043, 'rec_macro': 0.6188625257555694, 'f1_micro': 0.989905172413793, 'prec_micro': 0.989905172413793, 'rec_micro': 0.989905172413793}
epoch 84 time: 1.32e+02s, train loss: 9.495, metrics: {'f1': 0.24631817446188703, 'f1_macro': 0.6711146160178586, 'prec_macro': 0.593583695652174, 'rec_macro': 0.620633108760069, 'f1_micro': 0.9899633620689655, 'prec_micro': 0.9899633620689655, 'rec_micro': 0.9899633620689655}
epoch 85 time: 1.32e+02s, train loss: 9.491, metrics: {'f1': 0.2592652532772293, 'f1_macro': 0.6803364450981153, 'prec_macro': 0.5986271739130434, 'rec_macro': 0.627150040540012, 'f1_micro': 0.9901357758620689, 'prec_micro': 0.9901357758620689, 'rec_micro': 0.9901357758620689}
epoch 86 time: 1.32e+02s, train loss: 9.495, metrics: {'f1': 0.25500732779677576, 'f1_macro': 0.6793758127242813, 'prec_macro': 0.5963989130434783, 'rec_macro': 0.6250222648991918, 'f1_micro': 0.9901400862068965, 'prec_micro': 0.9901400862068965, 'rec_micro': 0.9901400862068965}
epoch 87 time: 1.32e+02s, train loss: 9.498, metrics: {'f1': 0.2461788617886179, 'f1_macro': 0.6725356314720121, 'prec_macro': 0.5931108695652174, 'rec_macro': 0.6205749220262718, 'f1_micro': 0.9900086206896552, 'prec_micro': 0.9900086206896552, 'rec_micro': 0.9900086206896552}
epoch 88 time: 1.32e+02s, train loss: 9.502, metrics: {'f1': 0.24432922877511346, 'f1_macro': 0.6700584486493588, 'prec_macro': 0.5927086956521739, 'rec_macro': 0.6196348582942292, 'f1_micro': 0.989948275862069, 'prec_micro': 0.989948275862069, 'rec_micro': 0.989948275862069}
epoch 89 time: 1.32e+02s, train loss: 9.51, metrics: {'f1': 0.25190468471389205, 'f1_macro': 0.6756254277934826, 'prec_macro': 0.5956119565217391, 'rec_macro': 0.6234491720361388, 'f1_micro': 0.9900538793103448, 'prec_micro': 0.9900538793103448, 'rec_micro': 0.9900538793103448}
epoch 90 time: 1.33e+02s, train loss: 9.523, metrics: {'f1': 0.24184261036468332, 'f1_macro': 0.6643380607394888, 'prec_macro': 0.5928739130434783, 'rec_macro': 0.6183501035089993, 'f1_micro': 0.9897844827586207, 'prec_micro': 0.9897844827586207, 'rec_micro': 0.9897844827586207}
epoch 91 time: 1.32e+02s, train loss: 9.54, metrics: {'f1': 0.23580089342693045, 'f1_macro': 0.6593876020310979, 'prec_macro': 0.5907130434782609, 'rec_macro': 0.6153020775562699, 'f1_micro': 0.9896767241379311, 'prec_micro': 0.9896767241379311, 'rec_micro': 0.9896767241379311}
epoch 92 time: 1.32e+02s, train loss: 9.544, metrics: {'f1': 0.2349407114624506, 'f1_macro': 0.65625757308445, 'prec_macro': 0.5911554347826087, 'rec_macro': 0.6148452438425444, 'f1_micro': 0.9895711206896551, 'prec_micro': 0.9895711206896551, 'rec_micro': 0.9895711206896551}
epoch 93 time: 1.32e+02s, train loss: 9.549, metrics: {'f1': 0.22472633612363166, 'f1_macro': 0.6542005348782594, 'prec_macro': 0.585604347826087, 'rec_macro': 0.6097508537335755, 'f1_micro': 0.9896206896551724, 'prec_micro': 0.9896206896551724, 'rec_micro': 0.9896206896551724}
epoch 94 time: 1.32e+02s, train loss: 9.549, metrics: {'f1': 0.22672872340425534, 'f1_macro': 0.6655557919411212, 'prec_macro': 0.5838, 'rec_macro': 0.6108415413494969, 'f1_micro': 0.9899741379310345, 'prec_micro': 0.9899741379310345, 'rec_micro': 0.9899741379310345}
epoch 95 time: 1.31e+02s, train loss: 9.568, metrics: {'f1': 0.2181637057944546, 'f1_macro': 0.6587644546067715, 'prec_macro': 0.5806402173913043, 'rec_macro': 0.6065281015563587, 'f1_micro': 0.9898512931034483, 'prec_micro': 0.9898512931034483, 'rec_micro': 0.9898512931034483}
epoch 96 time: 1.32e+02s, train loss: 9.552, metrics: {'f1': 0.22877627505295747, 'f1_macro': 0.6606786243207836, 'prec_macro': 0.5861902173913043, 'rec_macro': 0.6118210532634157, 'f1_micro': 0.9897995689655172, 'prec_micro': 0.9897995689655172, 'rec_micro': 0.9897995689655172}
epoch 97 time: 1.33e+02s, train loss: 9.579, metrics: {'f1': 0.20370370370370372, 'f1_macro': 0.6372604515844369, 'prec_macro': 0.5779826086956522, 'rec_macro': 0.5991460879454839, 'f1_micro': 0.98925, 'prec_micro': 0.98925, 'rec_micro': 0.98925}
epoch 98 time: 1.33e+02s, train loss: 9.607, metrics: {'f1': 0.19295168234731302, 'f1_macro': 0.6295248340103891, 'prec_macro': 0.5738141304347826, 'rec_macro': 0.5937304572267481, 'f1_micro': 0.9890926724137931, 'prec_micro': 0.9890926724137931, 'rec_micro': 0.9890926724137931}
epoch 99 time: 1.33e+02s, train loss: 9.641, metrics: {'f1': 0.17082533589251442, 'f1_macro': 0.6148081494506527, 'prec_macro': 0.5648826086956522, 'rec_macro': 0.5826006195338929, 'f1_micro': 0.9888275862068966, 'prec_micro': 0.9888275862068966, 'rec_micro': 0.9888275862068966}
epoch 100 time: 1.33e+02s, train loss: 9.663, metrics: {'f1': 0.15435710896726237, 'f1_macro': 0.60123306564033, 'prec_macro': 0.5590054347826087, 'rec_macro': 0.574277863677633, 'f1_micro': 0.9884762931034483, 'prec_micro': 0.9884762931034483, 'rec_micro': 0.9884762931034483}
post-training summary -- best {'f1': 0.2889491309201085, 'f1_macro': 0.6961211482589679, 'prec_macro': 0.6117663043478261, 'rec_macro': 0.6420557417060007, 'f1_micro': 0.9903900862068965, 'prec_micro': 0.9903900862068965, 'rec_micro': 0.9903900862068965}
run 4 start -- seed=3
initialized continuityBERT with 547661 parameters.
/home/azureuser/.local/lib/python3.8/site-packages/sklearn/metrics/_classification.py:1344: UndefinedMetricWarning: Precision and F-score are ill-defined and being set to 0.0 in labels with no predicted samples. Use `zero_division` parameter to control this behavior.
  _warn_prf(average, modifier, msg_start, len(result))
epoch 1 time: 1.32e+02s, train loss: 9.88, metrics: {'f1': 0.0, 'f1_macro': 0.4956896551724138, 'prec_macro': 0.5, 'rec_macro': 0.49783549783549785, 'f1_micro': 0.9913793103448276, 'prec_micro': 0.9913793103448276, 'rec_micro': 0.9913793103448276}
epoch 2 time: 1.3e+02s, train loss: 9.823, metrics: {'f1': 0.11267605633802816, 'f1_macro': 0.6323939863184596, 'prec_macro': 0.5346771739130435, 'rec_macro': 0.5539148436071863, 'f1_micro': 0.9903599137931034, 'prec_micro': 0.9903599137931034, 'rec_micro': 0.9903599137931034}
epoch 3 time: 1.3e+02s, train loss: 9.708, metrics: {'f1': 0.1962085308056872, 'f1_macro': 0.6296022622107779, 'prec_macro': 0.5757673913043478, 'rec_macro': 0.5953440583873174, 'f1_micro': 0.9890344827586207, 'prec_micro': 0.9890344827586207, 'rec_micro': 0.9890344827586207}
epoch 4 time: 1.3e+02s, train loss: 9.656, metrics: {'f1': 0.1915414190842363, 'f1_macro': 0.655383621398528, 'prec_macro': 0.5672239130434782, 'rec_macro': 0.5932627889368343, 'f1_micro': 0.9900301724137931, 'prec_micro': 0.9900301724137931, 'rec_micro': 0.9900301724137931}
epoch 5 time: 1.31e+02s, train loss: 9.616, metrics: {'f1': 0.23781485116126921, 'f1_macro': 0.6684058299559278, 'prec_macro': 0.5893673913043478, 'rec_macro': 0.6163799981112945, 'f1_micro': 0.9899568965517241, 'prec_micro': 0.9899568965517241, 'rec_micro': 0.9899568965517241}
epoch 6 time: 1.31e+02s, train loss: 9.58, metrics: {'f1': 0.2569413177247486, 'f1_macro': 0.6573135039948881, 'prec_macro': 0.6050358695652174, 'rec_macro': 0.6257838026957382, 'f1_micro': 0.9893297413793103, 'prec_micro': 0.9893297413793103, 'rec_micro': 0.9893297413793103}
epoch 7 time: 1.29e+02s, train loss: 9.54, metrics: {'f1': 0.24515708937001468, 'f1_macro': 0.6721731301585591, 'prec_macro': 0.5926141304347826, 'rec_macro': 0.6200635125270912, 'f1_micro': 0.9900064655172414, 'prec_micro': 0.9900064655172414, 'rec_micro': 0.9900064655172414}
epoch 8 time: 1.3e+02s, train loss: 9.52, metrics: {'f1': 0.261631419939577, 'f1_macro': 0.6618708428316114, 'prec_macro': 0.6063434782608695, 'rec_macro': 0.6281631670450453, 'f1_micro': 0.9894655172413793, 'prec_micro': 0.9894655172413793, 'rec_micro': 0.9894655172413793}
epoch 9 time: 1.31e+02s, train loss: 9.512, metrics: {'f1': 0.25680190930787594, 'f1_macro': 0.6731286725205435, 'prec_macro': 0.5992684782608696, 'rec_macro': 0.6258670911494925, 'f1_micro': 0.9899331896551724, 'prec_micro': 0.9899331896551724, 'rec_micro': 0.9899331896551724}
epoch 10 time: 1.3e+02s, train loss: 9.497, metrics: {'f1': 0.2567677095153185, 'f1_macro': 0.6790994821613493, 'prec_macro': 0.5975032608695652, 'rec_macro': 0.6258969563999343, 'f1_micro': 0.9901185344827587, 'prec_micro': 0.9901185344827587, 'rec_micro': 0.9901185344827587}
epoch 11 time: 1.31e+02s, train loss: 9.486, metrics: {'f1': 0.26052295918367346, 'f1_macro': 0.6763507007113022, 'prec_macro': 0.6005434782608695, 'rec_macro': 0.6277455529844211, 'f1_micro': 0.9900043103448276, 'prec_micro': 0.9900043103448276, 'rec_micro': 0.9900043103448276}
epoch 12 time: 1.31e+02s, train loss: 9.486, metrics: {'f1': 0.26668790823641864, 'f1_macro': 0.6803692525844872, 'prec_macro': 0.6030597826086956, 'rec_macro': 0.6308470000441545, 'f1_micro': 0.9900797413793103, 'prec_micro': 0.9900797413793103, 'rec_micro': 0.9900797413793103}
epoch 13 time: 1.3e+02s, train loss: 9.477, metrics: {'f1': 0.2750533049040512, 'f1_macro': 0.6725989505804081, 'prec_macro': 0.6110673913043478, 'rec_macro': 0.6349437219328566, 'f1_micro': 0.9897413793103448, 'prec_micro': 0.9897413793103448, 'rec_micro': 0.9897413793103448}
epoch 14 time: 1.31e+02s, train loss: 9.484, metrics: {'f1': 0.2688885293641805, 'f1_macro': 0.6870779429943514, 'prec_macro': 0.6024076086956522, 'rec_macro': 0.6319931327353632, 'f1_micro': 0.990260775862069, 'prec_micro': 0.990260775862069, 'rec_micro': 0.990260775862069}
epoch 15 time: 1.31e+02s, train loss: 9.476, metrics: {'f1': 0.2632991318074191, 'f1_macro': 0.6751578305236346, 'prec_macro': 0.6026184782608696, 'rec_macro': 0.6291177349239067, 'f1_micro': 0.9899418103448275, 'prec_micro': 0.9899418103448275, 'rec_micro': 0.9899418103448275}
epoch 16 time: 1.31e+02s, train loss: 9.471, metrics: {'f1': 0.26887481734047736, 'f1_macro': 0.6883213600420234, 'prec_macro': 0.6020532608695652, 'rec_macro': 0.6319950135066476, 'f1_micro': 0.9902952586206897, 'prec_micro': 0.9902952586206897, 'rec_micro': 0.9902952586206897}
epoch 17 time: 1.31e+02s, train loss: 9.46, metrics: {'f1': 0.27550540667606954, 'f1_macro': 0.681205814836606, 'prec_macro': 0.6082423913043478, 'rec_macro': 0.6352446170247101, 'f1_micro': 0.9900366379310345, 'prec_micro': 0.9900366379310345, 'rec_micro': 0.9900366379310345}
epoch 18 time: 1.31e+02s, train loss: 9.462, metrics: {'f1': 0.27389131792629606, 'f1_macro': 0.679021497849053, 'prec_macro': 0.6079652173913044, 'rec_macro': 0.6344228615551731, 'f1_micro': 0.9899784482758621, 'prec_micro': 0.9899784482758621, 'rec_micro': 0.9899784482758621}
epoch 19 time: 1.3e+02s, train loss: 9.455, metrics: {'f1': 0.2694601128122482, 'f1_macro': 0.6861433984840629, 'prec_macro': 0.6030119565217391, 'rec_macro': 0.6322712667620058, 'f1_micro': 0.9902306034482758, 'prec_micro': 0.9902306034482758, 'rec_micro': 0.9902306034482758}
epoch 20 time: 1.31e+02s, train loss: 9.45, metrics: {'f1': 0.27172503242542156, 'f1_macro': 0.6898423598901062, 'prec_macro': 0.6033043478260869, 'rec_macro': 0.6334260635835983, 'f1_micro': 0.9903189655172414, 'prec_micro': 0.9903189655172414, 'rec_micro': 0.9903189655172414}
epoch 21 time: 1.31e+02s, train loss: 9.449, metrics: {'f1': 0.28146058611502894, 'f1_macro': 0.6852163147803703, 'prec_macro': 0.6106380434782609, 'rec_macro': 0.6382428226386103, 'f1_micro': 0.9901185344827587, 'prec_micro': 0.9901185344827587, 'rec_micro': 0.9901185344827587}
epoch 22 time: 1.3e+02s, train loss: 9.443, metrics: {'f1': 0.2782390725364249, 'f1_macro': 0.6829490052597144, 'prec_macro': 0.609375, 'rec_macro': 0.6366201249075278, 'f1_micro': 0.9900711206896552, 'prec_micro': 0.9900711206896552, 'rec_micro': 0.9900711206896552}
epoch 23 time: 1.31e+02s, train loss: 9.44, metrics: {'f1': 0.27247511829009624, 'f1_macro': 0.6926751747183909, 'prec_macro': 0.6029684782608695, 'rec_macro': 0.6338191079734634, 'f1_micro': 0.9903900862068965, 'prec_micro': 0.9903900862068965, 'rec_micro': 0.9903900862068965}
epoch 24 time: 1.32e+02s, train loss: 9.441, metrics: {'f1': 0.27670973841790103, 'f1_macro': 0.6837457045134251, 'prec_macro': 0.6081543478260869, 'rec_macro': 0.6358647807375719, 'f1_micro': 0.9901077586206897, 'prec_micro': 0.9901077586206897, 'rec_micro': 0.9901077586206897}
epoch 25 time: 1.31e+02s, train loss: 9.434, metrics: {'f1': 0.27260855370551745, 'f1_macro': 0.6929519158668543, 'prec_macro': 0.6029717391304348, 'rec_macro': 0.6338874606718056, 'f1_micro': 0.990396551724138, 'prec_micro': 0.990396551724138, 'rec_micro': 0.990396551724138}
epoch 26 time: 1.31e+02s, train loss: 9.434, metrics: {'f1': 0.2684279191128506, 'f1_macro': 0.6895719626918088, 'prec_macro': 0.6014521739130434, 'rec_macro': 0.6317808563355737, 'f1_micro': 0.9903318965517242, 'prec_micro': 0.9903318965517242, 'rec_micro': 0.9903318965517242}
epoch 27 time: 1.31e+02s, train loss: 9.429, metrics: {'f1': 0.2872257662984285, 'f1_macro': 0.6868192843516686, 'prec_macro': 0.6137402173913044, 'rec_macro': 0.641127458771547, 'f1_micro': 0.9901271551724138, 'prec_micro': 0.9901271551724138, 'rec_micro': 0.9901271551724138}
epoch 28 time: 1.31e+02s, train loss: 9.434, metrics: {'f1': 0.26632023384215653, 'f1_macro': 0.6865479963320027, 'prec_macro': 0.601045652173913, 'rec_macro': 0.6307095885225024, 'f1_micro': 0.9902629310344827, 'prec_micro': 0.9902629310344827, 'rec_micro': 0.9902629310344827}
epoch 29 time: 1.29e+02s, train loss: 9.439, metrics: {'f1': 0.2822784810126582, 'f1_macro': 0.688875411540461, 'prec_macro': 0.6099478260869565, 'rec_macro': 0.638678516610834, 'f1_micro': 0.9902241379310345, 'prec_micro': 0.9902241379310345, 'rec_micro': 0.9902241379310345}
epoch 30 time: 1.31e+02s, train loss: 9.434, metrics: {'f1': 0.2890262751159196, 'f1_macro': 0.6859507775186405, 'prec_macro': 0.6152065217391305, 'rec_macro': 0.6420172882638511, 'f1_micro': 0.9900862068965517, 'prec_micro': 0.9900862068965517, 'rec_micro': 0.9900862068965517}
epoch 31 time: 1.31e+02s, train loss: 9.435, metrics: {'f1': 0.2680747359870024, 'f1_macro': 0.6879780128320689, 'prec_macro': 0.6016793478260869, 'rec_macro': 0.631593898646702, 'f1_micro': 0.9902909482758621, 'prec_micro': 0.9902909482758621, 'rec_micro': 0.9902909482758621}
epoch 32 time: 1.3e+02s, train loss: 9.44, metrics: {'f1': 0.28182245185533117, 'f1_macro': 0.6851633652130129, 'prec_macro': 0.6108836956521739, 'rec_macro': 0.6384226542603822, 'f1_micro': 0.990114224137931, 'prec_micro': 0.990114224137931, 'rec_micro': 0.990114224137931}
epoch 33 time: 1.3e+02s, train loss: 9.434, metrics: {'f1': 0.2869093725793958, 'f1_macro': 0.6852645851943437, 'prec_macro': 0.6140880434782608, 'rec_macro': 0.6409572499192547, 'f1_micro': 0.9900797413793103, 'prec_micro': 0.9900797413793103, 'rec_micro': 0.9900797413793103}
epoch 34 time: 1.3e+02s, train loss: 9.44, metrics: {'f1': 0.27402597402597406, 'f1_macro': 0.6919536026586087, 'prec_macro': 0.6040695652173913, 'rec_macro': 0.6345874033976091, 'f1_micro': 0.9903620689655173, 'prec_micro': 0.9903620689655173, 'rec_micro': 0.9903620689655173}
epoch 35 time: 1.3e+02s, train loss: 9.425, metrics: {'f1': 0.27696793002915454, 'f1_macro': 0.6932371722726463, 'prec_macro': 0.6054413043478261, 'rec_macro': 0.6360626837749507, 'f1_micro': 0.9903793103448276, 'prec_micro': 0.9903793103448276, 'rec_micro': 0.9903793103448276}
epoch 36 time: 1.3e+02s, train loss: 9.424, metrics: {'f1': 0.2926457125419591, 'f1_macro': 0.6844496373934633, 'prec_macro': 0.6181413043478261, 'rec_macro': 0.6438072449383567, 'f1_micro': 0.9900086206896552, 'prec_micro': 0.9900086206896552, 'rec_micro': 0.9900086206896552}
epoch 37 time: 1.31e+02s, train loss: 9.425, metrics: {'f1': 0.27978944010208967, 'f1_macro': 0.6898751021744597, 'prec_macro': 0.6081119565217391, 'rec_macro': 0.6374455239189846, 'f1_micro': 0.9902693965517242, 'prec_micro': 0.9902693965517242, 'rec_micro': 0.9902693965517242}
epoch 38 time: 1.3e+02s, train loss: 9.418, metrics: {'f1': 0.27621066362302304, 'f1_macro': 0.6951333276288926, 'prec_macro': 0.6044771739130435, 'rec_macro': 0.6356977176979789, 'f1_micro': 0.9904331896551725, 'prec_micro': 0.9904331896551725, 'rec_micro': 0.9904331896551725}
epoch 39 time: 1.31e+02s, train loss: 9.422, metrics: {'f1': 0.26521808595622304, 'f1_macro': 0.6802769457194584, 'prec_macro': 0.6021967391304348, 'rec_macro': 0.6301143074721506, 'f1_micro': 0.9900883620689656, 'prec_micro': 0.9900883620689656, 'rec_micro': 0.9900883620689656}
epoch 40 time: 1.31e+02s, train loss: 9.424, metrics: {'f1': 0.269833729216152, 'f1_macro': 0.6806080277215368, 'prec_macro': 0.6049097826086957, 'rec_macro': 0.6324154677100035, 'f1_micro': 0.9900625, 'prec_micro': 0.9900625, 'rec_micro': 0.9900625}
epoch 41 time: 1.31e+02s, train loss: 9.417, metrics: {'f1': 0.2729760180267181, 'f1_macro': 0.6881822908886234, 'prec_macro': 0.6045163043478261, 'rec_macro': 0.6340378768244694, 'f1_micro': 0.9902650862068966, 'prec_micro': 0.9902650862068966, 'rec_micro': 0.9902650862068966}
epoch 42 time: 1.31e+02s, train loss: 9.421, metrics: {'f1': 0.27588424437299036, 'f1_macro': 0.6898411903176077, 'prec_macro': 0.6057695652173913, 'rec_macro': 0.6354990229654229, 'f1_micro': 0.9902931034482758, 'prec_micro': 0.9902931034482758, 'rec_micro': 0.9902931034482759}
epoch 43 time: 1.32e+02s, train loss: 9.411, metrics: {'f1': 0.2768298516982937, 'f1_macro': 0.6877136401478516, 'prec_macro': 0.606975, 'rec_macro': 0.6359548752268924, 'f1_micro': 0.9902262931034482, 'prec_micro': 0.9902262931034482, 'rec_micro': 0.9902262931034482}
epoch 44 time: 1.31e+02s, train loss: 9.409, metrics: {'f1': 0.2804663791726561, 'f1_macro': 0.6907811775229336, 'prec_macro': 0.6082467391304348, 'rec_macro': 0.6377894392405143, 'f1_micro': 0.9902909482758621, 'prec_micro': 0.9902909482758621, 'rec_micro': 0.9902909482758621}
epoch 45 time: 1.32e+02s, train loss: 9.408, metrics: {'f1': 0.27596294490492446, 'f1_macro': 0.6937554412006708, 'prec_macro': 0.6047076086956522, 'rec_macro': 0.6355651278746743, 'f1_micro': 0.9903987068965517, 'prec_micro': 0.9903987068965517, 'rec_micro': 0.9903987068965517}
epoch 46 time: 1.32e+02s, train loss: 9.42, metrics: {'f1': 0.2818286088808783, 'f1_macro': 0.701070778850597, 'prec_macro': 0.6061489130434783, 'rec_macro': 0.6385371408310554, 'f1_micro': 0.9905538793103448, 'prec_micro': 0.9905538793103448, 'rec_micro': 0.9905538793103448}
epoch 47 time: 1.32e+02s, train loss: 9.435, metrics: {'f1': 0.2797542043984476, 'f1_macro': 0.6946369265821168, 'prec_macro': 0.606691304347826, 'rec_macro': 0.637461218769125, 'f1_micro': 0.9904008620689655, 'prec_micro': 0.9904008620689655, 'rec_micro': 0.9904008620689655}
epoch 48 time: 1.33e+02s, train loss: 9.414, metrics: {'f1': 0.2716288061865636, 'f1_macro': 0.6875650369638242, 'prec_macro': 0.6038923913043478, 'rec_macro': 0.6333621171679168, 'f1_micro': 0.9902564655172413, 'prec_micro': 0.9902564655172413, 'rec_micro': 0.9902564655172413}
epoch 49 time: 1.32e+02s, train loss: 9.426, metrics: {'f1': 0.26502510934715695, 'f1_macro': 0.6847740390424426, 'prec_macro': 0.6007771739130434, 'rec_macro': 0.6300516807785851, 'f1_micro': 0.9902219827586207, 'prec_micro': 0.9902219827586207, 'rec_micro': 0.9902219827586207}
epoch 50 time: 1.32e+02s, train loss: 9.423, metrics: {'f1': 0.2780022628091159, 'f1_macro': 0.6932167250110463, 'prec_macro': 0.6060576086956522, 'rec_macro': 0.6365781887903835, 'f1_micro': 0.9903728448275863, 'prec_micro': 0.9903728448275863, 'rec_micro': 0.9903728448275863}
epoch 51 time: 1.32e+02s, train loss: 9.41, metrics: {'f1': 0.28497743391360414, 'f1_macro': 0.6971706805146588, 'prec_macro': 0.6090652173913044, 'rec_macro': 0.6400825446583759, 'f1_micro': 0.9904396551724138, 'prec_micro': 0.9904396551724138, 'rec_micro': 0.9904396551724138}
epoch 52 time: 1.32e+02s, train loss: 9.404, metrics: {'f1': 0.2706399609184172, 'f1_macro': 0.6906374917217533, 'prec_macro': 0.6024510869565217, 'rec_macro': 0.6328906501603234, 'f1_micro': 0.9903469827586207, 'prec_micro': 0.9903469827586207, 'rec_micro': 0.9903469827586207}
epoch 53 time: 1.32e+02s, train loss: 9.421, metrics: {'f1': 0.27139124755062044, 'f1_macro': 0.6921908944866607, 'prec_macro': 0.6024695652173913, 'rec_macro': 0.6332755586038555, 'f1_micro': 0.9903836206896551, 'prec_micro': 0.9903836206896551, 'rec_micro': 0.9903836206896551}
epoch 54 time: 1.31e+02s, train loss: 9.422, metrics: {'f1': 0.26990641930717457, 'f1_macro': 0.6931165999198269, 'prec_macro': 0.6013706521739131, 'rec_macro': 0.6325413664022469, 'f1_micro': 0.9904159482758621, 'prec_micro': 0.9904159482758621, 'rec_micro': 0.9904159482758621}
epoch 55 time: 1.32e+02s, train loss: 9.424, metrics: {'f1': 0.27570694087403597, 'f1_macro': 0.68949360105831, 'prec_macro': 0.6057652173913043, 'rec_macro': 0.6354081908897093, 'f1_micro': 0.9902844827586207, 'prec_micro': 0.9902844827586207, 'rec_micro': 0.9902844827586207}
epoch 56 time: 1.33e+02s, train loss: 9.433, metrics: {'f1': 0.26725357648168524, 'f1_macro': 0.6765967141812275, 'prec_macro': 0.6046076086956521, 'rec_macro': 0.6310981409071252, 'f1_micro': 0.9899547413793104, 'prec_micro': 0.9899547413793104, 'rec_micro': 0.9899547413793104}
epoch 57 time: 1.33e+02s, train loss: 9.449, metrics: {'f1': 0.2805083448170265, 'f1_macro': 0.6776146409204873, 'prec_macro': 0.6127445652173913, 'rec_macro': 0.6377044393192829, 'f1_micro': 0.9898728448275862, 'prec_micro': 0.9898728448275862, 'rec_micro': 0.9898728448275862}
epoch 58 time: 1.33e+02s, train loss: 9.466, metrics: {'f1': 0.2776735459662289, 'f1_macro': 0.6819379934081636, 'prec_macro': 0.6093608695652174, 'rec_macro': 0.636330273445352, 'f1_micro': 0.9900431034482758, 'prec_micro': 0.9900431034482758, 'rec_micro': 0.9900431034482758}
epoch 59 time: 1.33e+02s, train loss: 9.438, metrics: {'f1': 0.27272727272727276, 'f1_macro': 0.6897533892264367, 'prec_macro': 0.6039195652173913, 'rec_macro': 0.6339249771055182, 'f1_micro': 0.9903103448275862, 'prec_micro': 0.9903103448275862, 'rec_micro': 0.9903103448275862}
epoch 60 time: 1.31e+02s, train loss: 9.433, metrics: {'f1': 0.2681123706259241, 'f1_macro': 0.6920493906991952, 'prec_macro': 0.6006184782608696, 'rec_macro': 0.6316400137219333, 'f1_micro': 0.9903987068965517, 'prec_micro': 0.9903987068965517, 'rec_micro': 0.9903987068965517}
epoch 61 time: 1.33e+02s, train loss: 9.436, metrics: {'f1': 0.2724448078495502, 'f1_macro': 0.6934983713951905, 'prec_macro': 0.6027315217391305, 'rec_macro': 0.6338094131504377, 'f1_micro': 0.9904116379310345, 'prec_micro': 0.9904116379310345, 'rec_micro': 0.9904116379310345}
epoch 62 time: 1.33e+02s, train loss: 9.434, metrics: {'f1': 0.2621981271562346, 'f1_macro': 0.6877174963524926, 'prec_macro': 0.5983489130434783, 'rec_macro': 0.6286633673681712, 'f1_micro': 0.9903211206896552, 'prec_micro': 0.9903211206896552, 'rec_micro': 0.9903211206896552}
epoch 63 time: 1.32e+02s, train loss: 9.447, metrics: {'f1': 0.2549277266754271, 'f1_macro': 0.6823339125682429, 'prec_macro': 0.5955739130434783, 'rec_macro': 0.6250037586856426, 'f1_micro': 0.9902241379310345, 'prec_micro': 0.9902241379310345, 'rec_micro': 0.9902241379310345}
epoch 64 time: 1.32e+02s, train loss: 9.447, metrics: {'f1': 0.25971930956605904, 'f1_macro': 0.6795784621843364, 'prec_macro': 0.5991097826086956, 'rec_macro': 0.6273705058235469, 'f1_micro': 0.9901099137931034, 'prec_micro': 0.9901099137931034, 'rec_micro': 0.9901099137931034}
epoch 65 time: 1.33e+02s, train loss: 9.446, metrics: {'f1': 0.2645739910313902, 'f1_macro': 0.6806094657271979, 'prec_macro': 0.6017086956521739, 'rec_macro': 0.6297960977075984, 'f1_micro': 0.990103448275862, 'prec_micro': 0.990103448275862, 'rec_micro': 0.990103448275862}
epoch 66 time: 1.31e+02s, train loss: 9.468, metrics: {'f1': 0.27275600505689, 'f1_macro': 0.6819548000011195, 'prec_macro': 0.6062826086956521, 'rec_macro': 0.6338814527797274, 'f1_micro': 0.9900818965517242, 'prec_micro': 0.9900818965517242, 'rec_micro': 0.9900818965517242}
epoch 67 time: 1.32e+02s, train loss: 9.462, metrics: {'f1': 0.2697256239342738, 'f1_macro': 0.6740878242602852, 'prec_macro': 0.6070315217391304, 'rec_macro': 0.6323067894441892, 'f1_micro': 0.9898469827586207, 'prec_micro': 0.9898469827586207, 'rec_micro': 0.9898469827586207}
epoch 68 time: 1.32e+02s, train loss: 9.458, metrics: {'f1': 0.2811987475771582, 'f1_macro': 0.6708645446532879, 'prec_macro': 0.6159576086956522, 'rec_macro': 0.6379829423167238, 'f1_micro': 0.9896099137931035, 'prec_micro': 0.9896099137931035, 'rec_micro': 0.9896099137931035}
epoch 69 time: 1.33e+02s, train loss: 9.448, metrics: {'f1': 0.2765889492175024, 'f1_macro': 0.6880298195524579, 'prec_macro': 0.6067326086956522, 'rec_macro': 0.635837160274309, 'f1_micro': 0.9902370689655172, 'prec_micro': 0.9902370689655172, 'rec_micro': 0.9902370689655172}
epoch 70 time: 1.32e+02s, train loss: 9.498, metrics: {'f1': 0.22686469724171696, 'f1_macro': 0.6597978231093513, 'prec_macro': 0.5853184782608696, 'rec_macro': 0.6108631227079615, 'f1_micro': 0.9897909482758621, 'prec_micro': 0.9897909482758621, 'rec_micro': 0.9897909482758621}
epoch 71 time: 1.32e+02s, train loss: 9.483, metrics: {'f1': 0.26195090439276486, 'f1_macro': 0.6815381423088333, 'prec_macro': 0.5998739130434783, 'rec_macro': 0.6284966279726829, 'f1_micro': 0.9901508620689655, 'prec_micro': 0.9901508620689655, 'rec_micro': 0.9901508620689655}
epoch 72 time: 1.32e+02s, train loss: 9.466, metrics: {'f1': 0.25966145001596935, 'f1_macro': 0.6762571315001481, 'prec_macro': 0.60005, 'rec_macro': 0.6273159106030236, 'f1_micro': 0.9900086206896552, 'prec_micro': 0.9900086206896552, 'rec_micro': 0.9900086206896552}
epoch 73 time: 1.32e+02s, train loss: 9.472, metrics: {'f1': 0.26730615507593924, 'f1_macro': 0.6819397201865987, 'prec_macro': 0.6029576086956522, 'rec_macro': 0.631167032048165, 'f1_micro': 0.9901228448275862, 'prec_micro': 0.9901228448275862, 'rec_micro': 0.9901228448275862}
epoch 74 time: 1.32e+02s, train loss: 9.464, metrics: {'f1': 0.256426735218509, 'f1_macro': 0.6759394258613414, 'prec_macro': 0.5982000000000001, 'rec_macro': 0.6257029963259926, 'f1_micro': 0.9900258620689655, 'prec_micro': 0.9900258620689655, 'rec_micro': 0.9900258620689655}
epoch 75 time: 1.32e+02s, train loss: 9.468, metrics: {'f1': 0.2523577235772358, 'f1_macro': 0.6769748055721303, 'prec_macro': 0.5955065217391304, 'rec_macro': 0.6236849636490074, 'f1_micro': 0.9900905172413793, 'prec_micro': 0.9900905172413793, 'rec_micro': 0.9900905172413793}
epoch 76 time: 1.32e+02s, train loss: 9.46, metrics: {'f1': 0.2631664764389369, 'f1_macro': 0.6857135600470611, 'prec_macro': 0.599433695652174, 'rec_macro': 0.6291322338988886, 'f1_micro': 0.990260775862069, 'prec_micro': 0.990260775862069, 'rec_micro': 0.990260775862069}
epoch 77 time: 1.32e+02s, train loss: 9.463, metrics: {'f1': 0.26714565643370347, 'f1_macro': 0.6891165577919276, 'prec_macro': 0.6008304347826087, 'rec_macro': 0.6311386613657786, 'f1_micro': 0.9903275862068965, 'prec_micro': 0.9903275862068965, 'rec_micro': 0.9903275862068965}
epoch 78 time: 1.32e+02s, train loss: 9.449, metrics: {'f1': 0.25471085120207926, 'f1_macro': 0.6783364867003498, 'prec_macro': 0.5965086956521739, 'rec_macro': 0.6248669351406146, 'f1_micro': 0.9901120689655173, 'prec_micro': 0.9901120689655173, 'rec_micro': 0.9901120689655173}
epoch 79 time: 1.33e+02s, train loss: 9.464, metrics: {'f1': 0.2510460251046025, 'f1_macro': 0.6726652980908331, 'prec_macro': 0.5959413043478261, 'rec_macro': 0.6229985654463569, 'f1_micro': 0.9899698275862069, 'prec_micro': 0.9899698275862069, 'rec_micro': 0.9899698275862069}
epoch 80 time: 1.32e+02s, train loss: 9.476, metrics: {'f1': 0.23840847104123217, 'f1_macro': 0.662841444266925, 'prec_macro': 0.5912554347826087, 'rec_macro': 0.6166292897913808, 'f1_micro': 0.9897693965517241, 'prec_micro': 0.9897693965517241, 'rec_micro': 0.9897693965517241}
epoch 81 time: 1.32e+02s, train loss: 9.48, metrics: {'f1': 0.25611930620846163, 'f1_macro': 0.6786362749123004, 'prec_macro': 0.5972510869565217, 'rec_macro': 0.6255705851514282, 'f1_micro': 0.9901099137931034, 'prec_micro': 0.9901099137931034, 'rec_micro': 0.9901099137931034}
epoch 82 time: 1.32e+02s, train loss: 9.475, metrics: {'f1': 0.24776167996093115, 'f1_macro': 0.6740483330784246, 'prec_macro': 0.5936228260869565, 'rec_macro': 0.6213744859580955, 'f1_micro': 0.9900409482758621, 'prec_micro': 0.9900409482758621, 'rec_micro': 0.9900409482758621}
epoch 83 time: 1.32e+02s, train loss: 9.476, metrics: {'f1': 0.2618039726473461, 'f1_macro': 0.6842151321250194, 'prec_macro': 0.599045652173913, 'rec_macro': 0.6284428223309539, 'f1_micro': 0.9902284482758621, 'prec_micro': 0.9902284482758621, 'rec_micro': 0.9902284482758621}
epoch 84 time: 1.32e+02s, train loss: 9.48, metrics: {'f1': 0.2554792280013085, 'f1_macro': 0.6812362821542777, 'prec_macro': 0.5961760869565217, 'rec_macro': 0.625270762103565, 'f1_micro': 0.9901896551724138, 'prec_micro': 0.9901896551724138, 'rec_micro': 0.9901896551724138}
epoch 85 time: 1.32e+02s, train loss: 9.485, metrics: {'f1': 0.2568297071814167, 'f1_macro': 0.6822745624540338, 'prec_macro': 0.5966815217391305, 'rec_macro': 0.6259508856640535, 'f1_micro': 0.990209051724138, 'prec_micro': 0.990209051724138, 'rec_micro': 0.990209051724138}
epoch 86 time: 1.32e+02s, train loss: 9.482, metrics: {'f1': 0.2665573770491803, 'f1_macro': 0.690121547644821, 'prec_macro': 0.6002260869565217, 'rec_macro': 0.6308521780570774, 'f1_micro': 0.9903577586206896, 'prec_micro': 0.9903577586206896, 'rec_micro': 0.9903577586206896}
epoch 87 time: 1.31e+02s, train loss: 9.48, metrics: {'f1': 0.2624671916010499, 'f1_macro': 0.6873757714170275, 'prec_macro': 0.5985913043478261, 'rec_macro': 0.628795164033226, 'f1_micro': 0.9903103448275862, 'prec_micro': 0.9903103448275862, 'rec_micro': 0.9903103448275862}
epoch 88 time: 1.32e+02s, train loss: 9.477, metrics: {'f1': 0.26158127353085614, 'f1_macro': 0.6859611651349939, 'prec_macro': 0.5984510869565217, 'rec_macro': 0.628344035160683, 'f1_micro': 0.9902780172413793, 'prec_micro': 0.9902780172413793, 'rec_micro': 0.9902780172413793}
epoch 89 time: 1.32e+02s, train loss: 9.478, metrics: {'f1': 0.25792811839323465, 'f1_macro': 0.6810325217150086, 'prec_macro': 0.5976510869565217, 'rec_macro': 0.6264891473073858, 'f1_micro': 0.990165948275862, 'prec_micro': 0.990165948275862, 'rec_micro': 0.990165948275862}
epoch 90 time: 1.32e+02s, train loss: 9.495, metrics: {'f1': 0.23585810162991366, 'f1_macro': 0.659886679227487, 'prec_macro': 0.5905978260869565, 'rec_macro': 0.6153350494566592, 'f1_micro': 0.9896939655172414, 'prec_micro': 0.9896939655172414, 'rec_micro': 0.9896939655172414}
epoch 91 time: 1.33e+02s, train loss: 9.532, metrics: {'f1': 0.22901488755147292, 'f1_macro': 0.65267404163997, 'prec_macro': 0.5886456521739131, 'rec_macro': 0.6118666311779537, 'f1_micro': 0.9895086206896552, 'prec_micro': 0.9895086206896552, 'rec_micro': 0.9895086206896552}
epoch 92 time: 1.32e+02s, train loss: 9.539, metrics: {'f1': 0.2358745822059526, 'f1_macro': 0.658757247063272, 'prec_macro': 0.5909489130434783, 'rec_macro': 0.6153329125355853, 'f1_micro': 0.9896530172413793, 'prec_micro': 0.9896530172413793, 'rec_micro': 0.9896530172413793}
epoch 93 time: 1.31e+02s, train loss: 9.532, metrics: {'f1': 0.2466830466830467, 'f1_macro': 0.6753449893844574, 'prec_macro': 0.5926554347826087, 'rec_macro': 0.6208472045742017, 'f1_micro': 0.9900883620689656, 'prec_micro': 0.9900883620689656, 'rec_micro': 0.9900883620689656}
epoch 94 time: 1.3e+02s, train loss: 9.601, metrics: {'f1': 0.24130542277896816, 'f1_macro': 0.6735309052808214, 'prec_macro': 0.5900489130434783, 'rec_macro': 0.6181563260773193, 'f1_micro': 0.9900797413793103, 'prec_micro': 0.9900797413793103, 'rec_micro': 0.9900797413793103}
epoch 95 time: 1.31e+02s, train loss: 9.53, metrics: {'f1': 0.24483255888479413, 'f1_macro': 0.6669556239004231, 'prec_macro': 0.5938945652173913, 'rec_macro': 0.619859754363716, 'f1_micro': 0.9898426724137931, 'prec_micro': 0.9898426724137931, 'rec_micro': 0.9898426724137931}
epoch 96 time: 1.32e+02s, train loss: 9.516, metrics: {'f1': 0.2446570972886762, 'f1_macro': 0.6654417675108295, 'prec_macro': 0.5942413043478261, 'rec_macro': 0.6197594665921102, 'f1_micro': 0.9897931034482759, 'prec_micro': 0.9897931034482759, 'rec_micro': 0.9897931034482759}
epoch 97 time: 1.34e+02s, train loss: 9.51, metrics: {'f1': 0.24613402061855671, 'f1_macro': 0.6695035044323864, 'prec_macro': 0.5939304347826087, 'rec_macro': 0.6205284766704531, 'f1_micro': 0.9899137931034483, 'prec_micro': 0.9899137931034483, 'rec_micro': 0.9899137931034483}
epoch 98 time: 1.33e+02s, train loss: 9.51, metrics: {'f1': 0.2401683120245994, 'f1_macro': 0.6667342472047366, 'prec_macro': 0.5911880434782608, 'rec_macro': 0.6175375661645961, 'f1_micro': 0.9898814655172414, 'prec_micro': 0.9898814655172414, 'rec_micro': 0.9898814655172414}
epoch 99 time: 1.33e+02s, train loss: 9.511, metrics: {'f1': 0.23666560204407536, 'f1_macro': 0.66026404584418, 'prec_macro': 0.5909717391304348, 'rec_macro': 0.61573987331373, 'f1_micro': 0.9896982758620689, 'prec_micro': 0.9896982758620689, 'rec_micro': 0.9896982758620689}
epoch 100 time: 1.33e+02s, train loss: 9.529, metrics: {'f1': 0.217398094643136, 'f1_macro': 0.6412400968675225, 'prec_macro': 0.5851445652173913, 'rec_macro': 0.6059803969787392, 'f1_micro': 0.9892004310344827, 'prec_micro': 0.9892004310344827, 'rec_micro': 0.9892004310344827}
post-training summary -- best {'f1': 0.2926457125419591, 'f1_macro': 0.6844496373934633, 'prec_macro': 0.6181413043478261, 'rec_macro': 0.6438072449383567, 'f1_micro': 0.9900086206896552, 'prec_micro': 0.9900086206896552, 'rec_micro': 0.9900086206896552}
run 5 start -- seed=4
initialized continuityBERT with 547661 parameters.
/home/azureuser/.local/lib/python3.8/site-packages/sklearn/metrics/_classification.py:1344: UndefinedMetricWarning: Precision and F-score are ill-defined and being set to 0.0 in labels with no predicted samples. Use `zero_division` parameter to control this behavior.
  _warn_prf(average, modifier, msg_start, len(result))
epoch 1 time: 1.3e+02s, train loss: 9.882, metrics: {'f1': 0.0, 'f1_macro': 0.4956896551724138, 'prec_macro': 0.5, 'rec_macro': 0.49783549783549785, 'f1_micro': 0.9913793103448276, 'prec_micro': 0.9913793103448276, 'rec_micro': 0.9913793103448276}
epoch 2 time: 1.3e+02s, train loss: 9.83, metrics: {'f1': 0.08881711748082358, 'f1_macro': 0.6112223153164682, 'prec_macro': 0.5267021739130435, 'rec_macro': 0.5419633934940428, 'f1_micro': 0.9902715517241379, 'prec_micro': 0.9902715517241379, 'rec_micro': 0.9902715517241379}
epoch 3 time: 1.31e+02s, train loss: 9.719, metrics: {'f1': 0.17913385826771652, 'f1_macro': 0.6265092194564602, 'prec_macro': 0.5665652173913044, 'rec_macro': 0.5868529806099338, 'f1_micro': 0.9892155172413793, 'prec_micro': 0.9892155172413793, 'rec_micro': 0.9892155172413793}
epoch 4 time: 1.31e+02s, train loss: 9.671, metrics: {'f1': 0.22558286074354128, 'f1_macro': 0.648913395697617, 'prec_macro': 0.5877260869565217, 'rec_macro': 0.6101244801562881, 'f1_micro': 0.9894051724137931, 'prec_micro': 0.9894051724137931, 'rec_micro': 0.9894051724137931}
epoch 5 time: 1.31e+02s, train loss: 9.613, metrics: {'f1': 0.23845667299177736, 'f1_macro': 0.658704857415485, 'prec_macro': 0.5925434782608696, 'rec_macro': 0.6166157047250712, 'f1_micro': 0.9896206896551724, 'prec_micro': 0.9896206896551724, 'rec_micro': 0.9896206896551724}
epoch 6 time: 1.3e+02s, train loss: 9.58, metrics: {'f1': 0.25833593019632284, 'f1_macro': 0.6679877373861639, 'prec_macro': 0.6018978260869565, 'rec_macro': 0.6265854493806235, 'f1_micro': 0.9897413793103448, 'prec_micro': 0.9897413793103448, 'rec_micro': 0.9897413793103448}
epoch 7 time: 1.31e+02s, train loss: 9.54, metrics: {'f1': 0.2479714378448556, 'f1_macro': 0.6731848586542388, 'prec_macro': 0.5939804347826086, 'rec_macro': 0.6214722621111443, 'f1_micro': 0.9900129310344827, 'prec_micro': 0.9900129310344827, 'rec_micro': 0.9900129310344827}
epoch 8 time: 1.31e+02s, train loss: 9.521, metrics: {'f1': 0.26212558917439566, 'f1_macro': 0.6638483881892279, 'prec_macro': 0.6058858695652174, 'rec_macro': 0.628429367811439, 'f1_micro': 0.989540948275862, 'prec_micro': 0.989540948275862, 'rec_micro': 0.989540948275862}
epoch 9 time: 1.31e+02s, train loss: 9.516, metrics: {'f1': 0.25957108816521046, 'f1_macro': 0.6745486364962641, 'prec_macro': 0.6005184782608696, 'rec_macro': 0.6272570778162836, 'f1_micro': 0.9899547413793104, 'prec_micro': 0.9899547413793104, 'rec_micro': 0.9899547413793104}
epoch 10 time: 1.3e+02s, train loss: 9.506, metrics: {'f1': 0.2513089005235602, 'f1_macro': 0.6783194981546097, 'prec_macro': 0.5945391304347826, 'rec_macro': 0.6231725869551745, 'f1_micro': 0.9901379310344828, 'prec_micro': 0.9901379310344828, 'rec_micro': 0.9901379310344828}
epoch 11 time: 1.3e+02s, train loss: 9.495, metrics: {'f1': 0.25952725518572123, 'f1_macro': 0.6783813995260287, 'prec_macro': 0.5993402173913044, 'rec_macro': 0.6272657457749451, 'f1_micro': 0.9900754310344828, 'prec_micro': 0.9900754310344828, 'rec_micro': 0.9900754310344828}
epoch 12 time: 1.3e+02s, train loss: 9.491, metrics: {'f1': 0.25320149132760583, 'f1_macro': 0.6765518422915804, 'prec_macro': 0.596116304347826, 'rec_macro': 0.624101914533151, 'f1_micro': 0.9900711206896552, 'prec_micro': 0.9900711206896552, 'rec_micro': 0.9900711206896552}
epoch 13 time: 1.31e+02s, train loss: 9.489, metrics: {'f1': 0.25336141260327233, 'f1_macro': 0.6764515843475039, 'prec_macro': 0.5962380434782608, 'rec_macro': 0.6241807795257878, 'f1_micro': 0.9900668103448276, 'prec_micro': 0.9900668103448276, 'rec_micro': 0.9900668103448276}
epoch 14 time: 1.31e+02s, train loss: 9.496, metrics: {'f1': 0.25080906148867316, 'f1_macro': 0.6742606734662498, 'prec_macro': 0.5953478260869566, 'rec_macro': 0.6228931944747829, 'f1_micro': 0.990021551724138, 'prec_micro': 0.990021551724138, 'rec_micro': 0.990021551724138}
epoch 15 time: 1.3e+02s, train loss: 9.496, metrics: {'f1': 0.2474292042398355, 'f1_macro': 0.6649767644316144, 'prec_macro': 0.5960771739130435, 'rec_macro': 0.6211339856580043, 'f1_micro': 0.9897478448275862, 'prec_micro': 0.9897478448275862, 'rec_micro': 0.9897478448275862}
epoch 16 time: 1.31e+02s, train loss: 9.493, metrics: {'f1': 0.25852725533949633, 'f1_macro': 0.6748667939311085, 'prec_macro': 0.5997847826086957, 'rec_macro': 0.626740101155361, 'f1_micro': 0.9899741379310345, 'prec_micro': 0.9899741379310345, 'rec_micro': 0.9899741379310345}
epoch 17 time: 1.31e+02s, train loss: 9.477, metrics: {'f1': 0.27107591988821617, 'f1_macro': 0.6754327230813212, 'prec_macro': 0.6074206521739131, 'rec_macro': 0.6329906460987655, 'f1_micro': 0.9898814655172414, 'prec_micro': 0.9898814655172414, 'rec_micro': 0.9898814655172414}
epoch 18 time: 1.31e+02s, train loss: 9.481, metrics: {'f1': 0.25781122198593165, 'f1_macro': 0.6829877011516179, 'prec_macro': 0.5970597826086956, 'rec_macro': 0.6264448972612395, 'f1_micro': 0.9902219827586207, 'prec_micro': 0.9902219827586207, 'rec_micro': 0.9902219827586207}
epoch 19 time: 1.31e+02s, train loss: 9.467, metrics: {'f1': 0.2609942638623327, 'f1_macro': 0.6764762153194966, 'prec_macro': 0.6007913043478261, 'rec_macro': 0.6279811944053995, 'f1_micro': 0.9900043103448276, 'prec_micro': 0.9900043103448276, 'rec_micro': 0.9900043103448276}
epoch 20 time: 1.31e+02s, train loss: 9.465, metrics: {'f1': 0.26846703733121524, 'f1_macro': 0.6806791767531915, 'prec_macro': 0.6040489130434783, 'rec_macro': 0.6317354308826402, 'f1_micro': 0.9900754310344828, 'prec_micro': 0.9900754310344828, 'rec_micro': 0.9900754310344828}
epoch 21 time: 1.31e+02s, train loss: 9.459, metrics: {'f1': 0.26383673469387753, 'f1_macro': 0.6866621666799332, 'prec_macro': 0.5995684782608696, 'rec_macro': 0.6294728080249049, 'f1_micro': 0.9902823275862069, 'prec_micro': 0.9902823275862069, 'rec_micro': 0.9902823275862069}
epoch 22 time: 1.31e+02s, train loss: 9.453, metrics: {'f1': 0.2694385333115076, 'f1_macro': 0.6916770457172277, 'prec_macro': 0.6014771739130435, 'rec_macro': 0.6322986984974791, 'f1_micro': 0.9903814655172414, 'prec_micro': 0.9903814655172414, 'rec_micro': 0.9903814655172414}
epoch 23 time: 1.3e+02s, train loss: 9.451, metrics: {'f1': 0.28383458646616544, 'f1_macro': 0.6866655082035703, 'prec_macro': 0.6116434782608695, 'rec_macro': 0.6394368675460287, 'f1_micro': 0.9901465517241379, 'prec_micro': 0.9901465517241379, 'rec_micro': 0.9901465517241379}
epoch 24 time: 1.31e+02s, train loss: 9.448, metrics: {'f1': 0.2709367493995196, 'f1_macro': 0.6850034772197551, 'prec_macro': 0.604229347826087, 'rec_macro': 0.6329986294854675, 'f1_micro': 0.9901875, 'prec_micro': 0.9901875, 'rec_micro': 0.9901875}
epoch 25 time: 1.3e+02s, train loss: 9.442, metrics: {'f1': 0.28253719655442444, 'f1_macro': 0.6857429223001162, 'prec_macro': 0.6111380434782608, 'rec_macro': 0.6387832871657394, 'f1_micro': 0.9901271551724138, 'prec_micro': 0.9901271551724138, 'rec_micro': 0.9901271551724138}
epoch 26 time: 1.31e+02s, train loss: 9.447, metrics: {'f1': 0.2781919111816019, 'f1_macro': 0.686856508810234, 'prec_macro': 0.6080728260869566, 'rec_macro': 0.6366271345599828, 'f1_micro': 0.9901918103448276, 'prec_micro': 0.9901918103448276, 'rec_micro': 0.9901918103448276}
epoch 27 time: 1.31e+02s, train loss: 9.443, metrics: {'f1': 0.2759059122695486, 'f1_macro': 0.6859625216460481, 'prec_macro': 0.6069521739130435, 'rec_macro': 0.635481457569068, 'f1_micro': 0.9901810344827586, 'prec_micro': 0.9901810344827586, 'rec_micro': 0.9901810344827586}
epoch 28 time: 1.31e+02s, train loss: 9.444, metrics: {'f1': 0.266447908121411, 'f1_macro': 0.6903438233471176, 'prec_macro': 0.6001054347826087, 'rec_macro': 0.6307990838191947, 'f1_micro': 0.990364224137931, 'prec_micro': 0.990364224137931, 'rec_micro': 0.990364224137931}
epoch 29 time: 1.31e+02s, train loss: 9.448, metrics: {'f1': 0.26778380154427467, 'f1_macro': 0.6918087299021562, 'prec_macro': 0.6004923913043478, 'rec_macro': 0.6314746444800577, 'f1_micro': 0.9903943965517241, 'prec_micro': 0.9903943965517241, 'rec_micro': 0.9903943965517241}
epoch 30 time: 1.31e+02s, train loss: 9.447, metrics: {'f1': 0.27546862265688676, 'f1_macro': 0.6944767714624884, 'prec_macro': 0.6042228260869565, 'rec_macro': 0.6353234377189669, 'f1_micro': 0.9904202586206896, 'prec_micro': 0.9904202586206896, 'rec_micro': 0.9904202586206896}
epoch 31 time: 1.31e+02s, train loss: 9.443, metrics: {'f1': 0.26341150016061676, 'f1_macro': 0.6807436395016646, 'prec_macro': 0.6009717391304348, 'rec_macro': 0.6292181555072351, 'f1_micro': 0.9901163793103448, 'prec_micro': 0.9901163793103448, 'rec_micro': 0.9901163793103448}
epoch 32 time: 1.31e+02s, train loss: 9.448, metrics: {'f1': 0.28732652127497327, 'f1_macro': 0.6808867159705336, 'prec_macro': 0.6159945652173913, 'rec_macro': 0.641127563909637, 'f1_micro': 0.9899288793103448, 'prec_micro': 0.9899288793103448, 'rec_micro': 0.9899288793103448}
epoch 33 time: 1.31e+02s, train loss: 9.434, metrics: {'f1': 0.28135648223267884, 'f1_macro': 0.6970241994193621, 'prec_macro': 0.6069663043478262, 'rec_macro': 0.6382759726024916, 'f1_micro': 0.9904547413793103, 'prec_micro': 0.9904547413793103, 'rec_micro': 0.9904547413793103}
epoch 34 time: 1.31e+02s, train loss: 9.433, metrics: {'f1': 0.2835178351783518, 'f1_macro': 0.6807706245076783, 'prec_macro': 0.6135304347826087, 'rec_macro': 0.6392304204497418, 'f1_micro': 0.9899568965517241, 'prec_micro': 0.9899568965517241, 'rec_micro': 0.9899568965517241}
epoch 35 time: 1.31e+02s, train loss: 9.439, metrics: {'f1': 0.27791164658634543, 'f1_macro': 0.6909875121584458, 'prec_macro': 0.6066467391304348, 'rec_macro': 0.6365175927054479, 'f1_micro': 0.9903125, 'prec_micro': 0.9903125, 'rec_micro': 0.9903125}
epoch 36 time: 1.31e+02s, train loss: 9.435, metrics: {'f1': 0.28007066002890635, 'f1_macro': 0.6923921294549296, 'prec_macro': 0.6075271739130435, 'rec_macro': 0.6376036033312025, 'f1_micro': 0.9903383620689655, 'prec_micro': 0.9903383620689655, 'rec_micro': 0.9903383620689655}
epoch 37 time: 1.31e+02s, train loss: 9.431, metrics: {'f1': 0.2805269922879177, 'f1_macro': 0.6928821448575522, 'prec_macro': 0.6076565217391304, 'rec_macro': 0.6378344895306386, 'f1_micro': 0.9903491379310345, 'prec_micro': 0.9903491379310345, 'rec_micro': 0.9903491379310345}
epoch 38 time: 1.31e+02s, train loss: 9.435, metrics: {'f1': 0.27586206896551724, 'f1_macro': 0.6957340782948309, 'prec_macro': 0.6041141304347826, 'rec_macro': 0.6355277958868878, 'f1_micro': 0.9904504310344827, 'prec_micro': 0.9904504310344827, 'rec_micro': 0.9904504310344827}
epoch 39 time: 1.32e+02s, train loss: 9.427, metrics: {'f1': 0.28343897285876807, 'f1_macro': 0.6991217253368616, 'prec_macro': 0.6076076086956522, 'rec_macro': 0.6393280917619393, 'f1_micro': 0.9904978448275862, 'prec_micro': 0.9904978448275862, 'rec_micro': 0.9904978448275862}
epoch 40 time: 1.31e+02s, train loss: 9.419, metrics: {'f1': 0.28539788008226546, 'f1_macro': 0.6909576511835243, 'prec_macro': 0.6112076086956522, 'rec_macro': 0.6402485207519877, 'f1_micro': 0.9902650862068966, 'prec_micro': 0.9902650862068966, 'rec_micro': 0.9902650862068966}
epoch 41 time: 1.32e+02s, train loss: 9.428, metrics: {'f1': 0.29046665639919916, 'f1_macro': 0.6858175870094241, 'prec_macro': 0.6161902173913043, 'rec_macro': 0.642733618484969, 'f1_micro': 0.9900711206896552, 'prec_micro': 0.9900711206896552, 'rec_micro': 0.9900711206896552}
epoch 42 time: 1.32e+02s, train loss: 9.429, metrics: {'f1': 0.2835410260559961, 'f1_macro': 0.6976273746235967, 'prec_macro': 0.6080836956521739, 'rec_macro': 0.6393692876274051, 'f1_micro': 0.990459051724138, 'prec_micro': 0.990459051724138, 'rec_micro': 0.990459051724138}
epoch 43 time: 1.32e+02s, train loss: 9.418, metrics: {'f1': 0.28264306038570974, 'f1_macro': 0.6888115629424404, 'prec_macro': 0.6101934782608696, 'rec_macro': 0.6388597052959825, 'f1_micro': 0.9902198275862069, 'prec_micro': 0.9902198275862069, 'rec_micro': 0.9902198275862069}
epoch 44 time: 1.31e+02s, train loss: 9.419, metrics: {'f1': 0.2822477650063857, 'f1_macro': 0.6918554594793617, 'prec_macro': 0.609, 'rec_macro': 0.6386850062956888, 'f1_micro': 0.9903103448275862, 'prec_micro': 0.9903103448275862, 'rec_micro': 0.9903103448275862}
epoch 45 time: 1.31e+02s, train loss: 9.419, metrics: {'f1': 0.2760975609756097, 'f1_macro': 0.6940305797462681, 'prec_macro': 0.6047108695652174, 'rec_macro': 0.6356340709363594, 'f1_micro': 0.9904051724137931, 'prec_micro': 0.9904051724137931, 'rec_micro': 0.9904051724137931}
epoch 46 time: 1.31e+02s, train loss: 9.418, metrics: {'f1': 0.2906274206041828, 'f1_macro': 0.6877215768635403, 'prec_macro': 0.6156010869565217, 'rec_macro': 0.642829295542096, 'f1_micro': 0.9901314655172414, 'prec_micro': 0.9901314655172414, 'rec_micro': 0.9901314655172414}
epoch 47 time: 1.31e+02s, train loss: 9.415, metrics: {'f1': 0.28399879915941156, 'f1_macro': 0.6743760127969851, 'prec_macro': 0.6163847826086957, 'rec_macro': 0.6394107730387403, 'f1_micro': 0.9897198275862069, 'prec_micro': 0.9897198275862069, 'rec_micro': 0.9897198275862069}
epoch 48 time: 1.33e+02s, train loss: 9.414, metrics: {'f1': 0.2794952681388012, 'f1_macro': 0.6859436274373674, 'prec_macro': 0.6091695652173913, 'rec_macro': 0.6372694967953516, 'f1_micro': 0.9901551724137931, 'prec_micro': 0.9901551724137931, 'rec_micro': 0.9901551724137931}
epoch 49 time: 1.31e+02s, train loss: 9.417, metrics: {'f1': 0.2618110236220472, 'f1_macro': 0.6868965072283616, 'prec_macro': 0.5983391304347826, 'rec_macro': 0.6284649106204441, 'f1_micro': 0.990301724137931, 'prec_micro': 0.990301724137931, 'rec_micro': 0.990301724137931}
epoch 50 time: 1.32e+02s, train loss: 9.437, metrics: {'f1': 0.2621120052553786, 'f1_macro': 0.6875344430330624, 'prec_macro': 0.5983467391304348, 'rec_macro': 0.628619216430323, 'f1_micro': 0.9903168103448275, 'prec_micro': 0.9903168103448275, 'rec_micro': 0.9903168103448275}
epoch 51 time: 1.32e+02s, train loss: 9.413, metrics: {'f1': 0.27382902063544057, 'f1_macro': 0.6950555035606296, 'prec_macro': 0.6031195652173913, 'rec_macro': 0.6345096785257789, 'f1_micro': 0.9904439655172413, 'prec_micro': 0.9904439655172413, 'rec_micro': 0.9904439655172413}
epoch 52 time: 1.32e+02s, train loss: 9.404, metrics: {'f1': 0.27512382169675664, 'f1_macro': 0.6871719574381933, 'prec_macro': 0.6061054347826087, 'rec_macro': 0.6351008073496731, 'f1_micro': 0.9902219827586207, 'prec_micro': 0.9902219827586207, 'rec_micro': 0.9902219827586207}
epoch 53 time: 1.32e+02s, train loss: 9.421, metrics: {'f1': 0.2671644213601688, 'f1_macro': 0.686981591036432, 'prec_macro': 0.601420652173913, 'rec_macro': 0.6311333014887831, 'f1_micro': 0.9902693965517242, 'prec_micro': 0.9902693965517242, 'rec_micro': 0.9902693965517242}
epoch 54 time: 1.32e+02s, train loss: 9.418, metrics: {'f1': 0.2606837606837607, 'f1_macro': 0.6867877066962296, 'prec_macro': 0.5977217391304348, 'rec_macro': 0.6279023956165908, 'f1_micro': 0.9903060344827587, 'prec_micro': 0.9903060344827587, 'rec_micro': 0.9903060344827587}
epoch 55 time: 1.31e+02s, train loss: 9.411, metrics: {'f1': 0.26351020408163267, 'f1_macro': 0.6864257900183077, 'prec_macro': 0.5994423913043478, 'rec_macro': 0.6293084579730197, 'f1_micro': 0.9902780172413793, 'prec_micro': 0.9902780172413793, 'rec_micro': 0.9902780172413793}
epoch 56 time: 1.32e+02s, train loss: 9.418, metrics: {'f1': 0.26505630814427944, 'f1_macro': 0.6874280073963593, 'prec_macro': 0.6000706521739131, 'rec_macro': 0.6300858436888223, 'f1_micro': 0.9902952586206897, 'prec_micro': 0.9902952586206897, 'rec_micro': 0.9902952586206897}
epoch 57 time: 1.32e+02s, train loss: 9.424, metrics: {'f1': 0.25800130633572826, 'f1_macro': 0.6824949095263484, 'prec_macro': 0.5972999999999999, 'rec_macro': 0.6265361134683818, 'f1_micro': 0.9902068965517241, 'prec_micro': 0.9902068965517241, 'rec_micro': 0.9902068965517241}
epoch 58 time: 1.32e+02s, train loss: 9.424, metrics: {'f1': 0.26818181818181813, 'f1_macro': 0.687767448723624, 'prec_macro': 0.6018, 'rec_macro': 0.6316457993104699, 'f1_micro': 0.9902844827586207, 'prec_micro': 0.9902844827586207, 'rec_micro': 0.9902844827586207}
epoch 59 time: 1.32e+02s, train loss: 9.413, metrics: {'f1': 0.28114912846998064, 'f1_macro': 0.6949273175118615, 'prec_macro': 0.6074347826086957, 'rec_macro': 0.6381586493550375, 'f1_micro': 0.9904008620689655, 'prec_micro': 0.9904008620689655, 'rec_micro': 0.9904008620689655}
epoch 60 time: 1.32e+02s, train loss: 9.416, metrics: {'f1': 0.2858513189448441, 'f1_macro': 0.6948628358358785, 'prec_macro': 0.6102706521739131, 'rec_macro': 0.6405025381102232, 'f1_micro': 0.9903728448275863, 'prec_micro': 0.9903728448275863, 'rec_micro': 0.9903728448275863}
epoch 61 time: 1.32e+02s, train loss: 9.411, metrics: {'f1': 0.28669581511555275, 'f1_macro': 0.6875933632220605, 'prec_macro': 0.6131347826086957, 'rec_macro': 0.6408695981901142, 'f1_micro': 0.9901551724137931, 'prec_micro': 0.9901551724137931, 'rec_micro': 0.9901551724137931}
epoch 62 time: 1.31e+02s, train loss: 9.419, metrics: {'f1': 0.26785714285714285, 'f1_macro': 0.670887759619385, 'prec_macro': 0.6069826086956521, 'rec_macro': 0.631348007480938, 'f1_micro': 0.98975, 'prec_micro': 0.98975, 'rec_micro': 0.98975}
epoch 63 time: 1.32e+02s, train loss: 9.423, metrics: {'f1': 0.2807889423823575, 'f1_macro': 0.6819680169975343, 'prec_macro': 0.6113315217391304, 'rec_macro': 0.6378818865657443, 'f1_micro': 0.9900193965517241, 'prec_micro': 0.9900193965517241, 'rec_micro': 0.9900193965517241}
epoch 64 time: 1.31e+02s, train loss: 9.424, metrics: {'f1': 0.2728430436166826, 'f1_macro': 0.6843702898900402, 'prec_macro': 0.6055760869565218, 'rec_macro': 0.6339435404734862, 'f1_micro': 0.9901551724137931, 'prec_micro': 0.9901551724137931, 'rec_micro': 0.9901551724137931}
epoch 65 time: 1.32e+02s, train loss: 9.427, metrics: {'f1': 0.2685593082068853, 'f1_macro': 0.6898439595595939, 'prec_macro': 0.6014554347826087, 'rec_macro': 0.6318481859262248, 'f1_micro': 0.9903383620689655, 'prec_micro': 0.9903383620689655, 'rec_micro': 0.9903383620689655}
epoch 66 time: 1.32e+02s, train loss: 9.432, metrics: {'f1': 0.27168199737187915, 'f1_macro': 0.6946017615668978, 'prec_macro': 0.602004347826087, 'rec_macro': 0.6334362138474734, 'f1_micro': 0.9904439655172413, 'prec_micro': 0.9904439655172413, 'rec_micro': 0.9904439655172413}
epoch 67 time: 1.32e+02s, train loss: 9.428, metrics: {'f1': 0.26572275271649654, 'f1_macro': 0.6910954098351471, 'prec_macro': 0.5994978260869566, 'rec_macro': 0.6304425271230601, 'f1_micro': 0.9903879310344827, 'prec_micro': 0.9903879310344827, 'rec_micro': 0.9903879310344827}
epoch 68 time: 1.32e+02s, train loss: 9.43, metrics: {'f1': 0.2656147271531887, 'f1_macro': 0.690402791783116, 'prec_macro': 0.5996130434782608, 'rec_macro': 0.6303841493141236, 'f1_micro': 0.9903706896551724, 'prec_micro': 0.9903706896551724, 'rec_micro': 0.9903706896551724}
epoch 69 time: 1.32e+02s, train loss: 9.428, metrics: {'f1': 0.2642369020501139, 'f1_macro': 0.685737882066159, 'prec_macro': 0.60005, 'rec_macro': 0.6296657849846644, 'f1_micro': 0.9902543103448276, 'prec_micro': 0.9902543103448276, 'rec_micro': 0.9902543103448276}
epoch 70 time: 1.33e+02s, train loss: 9.433, metrics: {'f1': 0.2631747045672309, 'f1_macro': 0.6787005195864766, 'prec_macro': 0.6014369565217391, 'rec_macro': 0.6290844718555546, 'f1_micro': 0.9900560344827586, 'prec_micro': 0.9900560344827586, 'rec_micro': 0.9900560344827586}
epoch 71 time: 1.33e+02s, train loss: 9.448, metrics: {'f1': 0.2686008423022929, 'f1_macro': 0.6751564045020079, 'prec_macro': 0.6059402173913043, 'rec_macro': 0.6317564454743535, 'f1_micro': 0.9898943965517242, 'prec_micro': 0.9898943965517242, 'rec_micro': 0.9898943965517242}
epoch 72 time: 1.32e+02s, train loss: 9.451, metrics: {'f1': 0.26566735767820127, 'f1_macro': 0.6799698826770867, 'prec_macro': 0.6025619565217392, 'rec_macro': 0.630335656101398, 'f1_micro': 0.9900754310344828, 'prec_micro': 0.9900754310344828, 'rec_micro': 0.9900754310344828}
epoch 73 time: 1.32e+02s, train loss: 9.438, metrics: {'f1': 0.2689621568945915, 'f1_macro': 0.6884991731907811, 'prec_macro': 0.6020554347826087, 'rec_macro': 0.6320397733660618, 'f1_micro': 0.9902995689655173, 'prec_micro': 0.9902995689655173, 'rec_micro': 0.9902995689655173}
epoch 74 time: 1.33e+02s, train loss: 9.444, metrics: {'f1': 0.26621160409556316, 'f1_macro': 0.6867559401534655, 'prec_macro': 0.6009249999999999, 'rec_macro': 0.6306569141086767, 'f1_micro': 0.9902693965517242, 'prec_micro': 0.9902693965517242, 'rec_micro': 0.9902693965517242}
epoch 75 time: 1.32e+02s, train loss: 9.436, metrics: {'f1': 0.26953313011390984, 'f1_macro': 0.6846661352429413, 'prec_macro': 0.6034858695652174, 'rec_macro': 0.6322968519949773, 'f1_micro': 0.9901875, 'prec_micro': 0.9901875, 'rec_micro': 0.9901875}
epoch 76 time: 1.32e+02s, train loss: 9.426, metrics: {'f1': 0.26524777636594665, 'f1_macro': 0.6784104584314876, 'prec_macro': 0.6027869565217392, 'rec_macro': 0.6301144057460956, 'f1_micro': 0.9900301724137931, 'prec_micro': 0.9900301724137931, 'rec_micro': 0.9900301724137931}
epoch 77 time: 1.32e+02s, train loss: 9.437, metrics: {'f1': 0.25680190930787594, 'f1_macro': 0.6731286725205435, 'prec_macro': 0.5992684782608696, 'rec_macro': 0.6258670911494925, 'f1_micro': 0.9899331896551724, 'prec_micro': 0.9899331896551724, 'rec_micro': 0.9899331896551724}
epoch 78 time: 1.32e+02s, train loss: 9.445, metrics: {'f1': 0.26386662391792237, 'f1_macro': 0.6804294425101033, 'prec_macro': 0.6013369565217391, 'rec_macro': 0.629442430364797, 'f1_micro': 0.990103448275862, 'prec_micro': 0.990103448275862, 'rec_micro': 0.990103448275862}
epoch 79 time: 1.33e+02s, train loss: 9.436, metrics: {'f1': 0.26479146459747815, 'f1_macro': 0.6838844265478237, 'prec_macro': 0.6008891304347825, 'rec_macro': 0.6299288572024615, 'f1_micro': 0.990198275862069, 'prec_micro': 0.990198275862069, 'rec_micro': 0.990198275862069}
epoch 80 time: 1.34e+02s, train loss: 9.428, metrics: {'f1': 0.2675596210388762, 'f1_macro': 0.689534772309055, 'prec_macro': 0.600958695652174, 'rec_macro': 0.6313478184337175, 'f1_micro': 0.9903362068965518, 'prec_micro': 0.9903362068965518, 'rec_micro': 0.9903362068965518}
epoch 81 time: 1.31e+02s, train loss: 9.425, metrics: {'f1': 0.26813258943222845, 'f1_macro': 0.6916356781076587, 'prec_macro': 0.6007369565217391, 'rec_macro': 0.6316473930059615, 'f1_micro': 0.9903879310344827, 'prec_micro': 0.9903879310344827, 'rec_micro': 0.9903879310344827}
epoch 82 time: 1.32e+02s, train loss: 9.425, metrics: {'f1': 0.26785137318255253, 'f1_macro': 0.6858361762764125, 'prec_macro': 0.602145652173913, 'rec_macro': 0.6314674793685296, 'f1_micro': 0.9902327586206896, 'prec_micro': 0.9902327586206896, 'rec_micro': 0.9902327586206896}
epoch 83 time: 1.32e+02s, train loss: 9.421, metrics: {'f1': 0.26881387426447817, 'f1_macro': 0.6731733400892855, 'prec_macro': 0.6067717391304348, 'rec_macro': 0.6318449269362849, 'f1_micro': 0.989823275862069, 'prec_micro': 0.989823275862069, 'rec_micro': 0.989823275862069}
epoch 84 time: 1.33e+02s, train loss: 9.428, metrics: {'f1': 0.26579586877278255, 'f1_macro': 0.6659248303418778, 'prec_macro': 0.6075173913043479, 'rec_macro': 0.6302747978226676, 'f1_micro': 0.9895818965517241, 'prec_micro': 0.9895818965517241, 'rec_micro': 0.9895818965517241}
epoch 85 time: 1.33e+02s, train loss: 9.436, metrics: {'f1': 0.26298850574712646, 'f1_macro': 0.6664966886742306, 'prec_macro': 0.6054380434782608, 'rec_macro': 0.6288848494714091, 'f1_micro': 0.989635775862069, 'prec_micro': 0.989635775862069, 'rec_micro': 0.989635775862069}
epoch 86 time: 1.32e+02s, train loss: 9.429, metrics: {'f1': 0.2619687154368779, 'f1_macro': 0.6745391153387611, 'prec_macro': 0.6019945652173913, 'rec_macro': 0.6284503732489265, 'f1_micro': 0.9899331896551724, 'prec_micro': 0.9899331896551724, 'rec_micro': 0.9899331896551724}
epoch 87 time: 1.31e+02s, train loss: 9.425, metrics: {'f1': 0.2673986759244308, 'f1_macro': 0.685348154617401, 'prec_macro': 0.602016304347826, 'rec_macro': 0.6312384106748332, 'f1_micro': 0.9902219827586207, 'prec_micro': 0.9902219827586207, 'rec_micro': 0.9902219827586207}
epoch 88 time: 1.32e+02s, train loss: 9.433, metrics: {'f1': 0.26202429149797574, 'f1_macro': 0.6825222396650968, 'prec_macro': 0.5996402173913044, 'rec_macro': 0.6285404184688642, 'f1_micro': 0.9901788793103449, 'prec_micro': 0.9901788793103449, 'rec_micro': 0.9901788793103449}
epoch 89 time: 1.33e+02s, train loss: 9.434, metrics: {'f1': 0.2746726285531779, 'f1_macro': 0.6866970624144606, 'prec_macro': 0.6059760869565217, 'rec_macro': 0.6348724905002013, 'f1_micro': 0.9902112068965517, 'prec_micro': 0.9902112068965517, 'rec_micro': 0.9902112068965517}
epoch 90 time: 1.33e+02s, train loss: 9.441, metrics: {'f1': 0.2618517340120904, 'f1_macro': 0.676568307420965, 'prec_macro': 0.6012847826086957, 'rec_macro': 0.6284088172487452, 'f1_micro': 0.99, 'prec_micro': 0.99, 'rec_micro': 0.99}
epoch 91 time: 1.33e+02s, train loss: 9.45, metrics: {'f1': 0.25998083679335676, 'f1_macro': 0.6764792576898143, 'prec_macro': 0.6001760869565217, 'rec_macro': 0.6274766888987082, 'f1_micro': 0.9900129310344827, 'prec_micro': 0.9900129310344827, 'rec_micro': 0.9900129310344827}
epoch 92 time: 1.32e+02s, train loss: 9.449, metrics: {'f1': 0.2582382762991128, 'f1_macro': 0.6728050261657552, 'prec_macro': 0.6002478260869566, 'rec_macro': 0.6265792331057672, 'f1_micro': 0.9899094827586207, 'prec_micro': 0.9899094827586207, 'rec_micro': 0.9899094827586207}
epoch 93 time: 1.33e+02s, train loss: 9.448, metrics: {'f1': 0.2598101265822785, 'f1_macro': 0.6734967943164096, 'prec_macro': 0.600995652173913, 'rec_macro': 0.627367306152002, 'f1_micro': 0.9899181034482759, 'prec_micro': 0.9899181034482759, 'rec_micro': 0.9899181034482759}
epoch 94 time: 1.32e+02s, train loss: 9.443, metrics: {'f1': 0.26525974025974025, 'f1_macro': 0.6856743717561317, 'prec_macro': 0.6006652173913043, 'rec_macro': 0.6301749972669004, 'f1_micro': 0.9902456896551725, 'prec_micro': 0.9902456896551725, 'rec_micro': 0.9902456896551725}
epoch 95 time: 1.33e+02s, train loss: 9.432, metrics: {'f1': 0.2647010647010647, 'f1_macro': 0.6884686597418221, 'prec_macro': 0.5995902173913044, 'rec_macro': 0.6299158733058472, 'f1_micro': 0.9903254310344828, 'prec_micro': 0.9903254310344828, 'rec_micro': 0.9903254310344828}
epoch 96 time: 1.33e+02s, train loss: 9.433, metrics: {'f1': 0.25985545335085414, 'f1_macro': 0.6859421034502002, 'prec_macro': 0.5974652173913043, 'rec_macro': 0.6274838925567693, 'f1_micro': 0.9902887931034483, 'prec_micro': 0.9902887931034483, 'rec_micro': 0.9902887931034483}
epoch 97 time: 1.32e+02s, train loss: 9.45, metrics: {'f1': 0.25250890255746195, 'f1_macro': 0.6755771692319461, 'prec_macro': 0.5959804347826086, 'rec_macro': 0.6237496293065932, 'f1_micro': 0.9900474137931035, 'prec_micro': 0.9900474137931035, 'rec_micro': 0.9900474137931035}
epoch 98 time: 1.32e+02s, train loss: 9.487, metrics: {'f1': 0.2409561752988048, 'f1_macro': 0.6626409326230649, 'prec_macro': 0.5928489130434783, 'rec_macro': 0.6178943452099547, 'f1_micro': 0.9897349137931034, 'prec_micro': 0.9897349137931034, 'rec_micro': 0.9897349137931034}
epoch 99 time: 1.32e+02s, train loss: 9.524, metrics: {'f1': 0.22545106179147373, 'f1_macro': 0.652420661433454, 'prec_macro': 0.5865576086956521, 'rec_macro': 0.6100940861343787, 'f1_micro': 0.9895452586206896, 'prec_micro': 0.9895452586206896, 'rec_micro': 0.9895452586206896}
epoch 100 time: 1.33e+02s, train loss: 9.546, metrics: {'f1': 0.2202101859337106, 'f1_macro': 0.6522418100049028, 'prec_macro': 0.5834902173913044, 'rec_macro': 0.6074890582961242, 'f1_micro': 0.9896056034482759, 'prec_micro': 0.9896056034482759, 'rec_micro': 0.9896056034482759}
post-training summary -- best {'f1': 0.2906274206041828, 'f1_macro': 0.6877215768635403, 'prec_macro': 0.6156010869565217, 'rec_macro': 0.642829295542096, 'f1_micro': 0.9901314655172414, 'prec_micro': 0.9901314655172414, 'rec_micro': 0.9901314655172414}
run 1: {'f1': 0.28598336210955894, 'f1_macro': 0.6887672721357353, 'prec_macro': 0.6122880434782609, 'rec_macro': 0.6405237682612367, 'f1_micro': 0.9901961206896551, 'prec_micro': 0.9901961206896551, 'rec_micro': 0.9901961206896551}
run 2: {'f1': 0.2853057982525814, 'f1_macro': 0.6922834136680895, 'prec_macro': 0.6107315217391305, 'rec_macro': 0.6402123134725295, 'f1_micro': 0.9903038793103448, 'prec_micro': 0.9903038793103448, 'rec_micro': 0.9903038793103448}
run 3: {'f1': 0.2889491309201085, 'f1_macro': 0.6961211482589679, 'prec_macro': 0.6117663043478261, 'rec_macro': 0.6420557417060007, 'f1_micro': 0.9903900862068965, 'prec_micro': 0.9903900862068965, 'rec_micro': 0.9903900862068965}
run 4: {'f1': 0.2926457125419591, 'f1_macro': 0.6844496373934633, 'prec_macro': 0.6181413043478261, 'rec_macro': 0.6438072449383567, 'f1_micro': 0.9900086206896552, 'prec_micro': 0.9900086206896552, 'rec_micro': 0.9900086206896552}
run 5: {'f1': 0.2906274206041828, 'f1_macro': 0.6877215768635403, 'prec_macro': 0.6156010869565217, 'rec_macro': 0.642829295542096, 'f1_micro': 0.9901314655172414, 'prec_micro': 0.9901314655172414, 'rec_micro': 0.9901314655172414}
done.
t,p-val for human<model: -152.79696139467327,5.502225459713953e-09, significant: True
t,p-val for random<model: 189.96945073566815,0.9999999976969363, significant: False
95% CI: 0.2887022848856781+/-0.005420834522413592
